transaction_id,transaction_date,customer_id,loan_id,age,gender,city,state,employment_type,monthly_income,customer_segment,credit_score,bureau_accounts,active_accounts,overdue_accounts,total_bureau_loan_amount,credit_utilization,loan_type,loan_amount,tenure_months,interest_rate,loan_status,disbursement_date,emi_amount,days_past_due,emi_paid,emi_missed,late_payment_count,principal_outstanding,interest_paid,penalty_amount,recovery_amount,profit_amount,transaction_type,transaction_amount,payment_channel,merchant_category,transaction_status
T300102,2025-07-01,C100018,L201369,34.0,Male,New Delhi,Delhi,Salaried,49200.0,Mass Affluent,649.0,8,3,1,301900.0,0.49,Home,820777.1,300.0,9.32,Closed,2026-05-26,7068.67,6.0,1.0,0.0,0.0,816182.46,4541.62,0.0,165.71,-58268.39,Debit,2934.87,UPI,Groceries,Successful
T302162,2025-07-01,C100791,L200804,36.0,Female,Ahmedabad,Gujarat,Salaried,68500.0,Mass,694.0,5,3,0,828400.0,0.482,Personal,174688.4,12.0,13.52,Delinquent,2026-01-04,15645.34,4.0,5.0,0.0,0.0,123841.04,50260.66,0.0,488.68,39669.48,Debit,1132.88,Card,Healthcare,Successful
T301168,2025-07-01,C100453,L200564,47.0,Female,Coimbatore,Tamil Nadu,Business Owner,61500.0,Mass,667.0,7,4,0,631300.0,0.245,Auto,240871.91,36.0,10.46,Delinquent,2026-05-19,7824.38,9.0,1.0,0.0,0.0,235786.06,5027.17,0.0,908.94,-8765.06,Debit,696.12,IMPS,Education,Successful
T300930,2025-07-01,C100535,L201780,38.0,Female,Chennai,Tamil Nadu,Salaried,40500.0,SME,703.0,3,3,0,311600.0,0.099,Business,383598.89,36.0,16.73,Delinquent,2026-01-04,13624.86,31.0,4.0,1.0,1.0,348174.26,35015.88,707.75,139.01,7989.12,Credit,1094.26,Card,Utilities,Successful
T302113,2025-07-02,C100170,L202012,21.0,Male,Nagpur,Maharashtra,Retired,59500.0,Mass,673.0,6,1,1,347800.0,0.204,Auto,160542.3,60.0,11.72,Closed,2025-09-13,3548.5,8.0,9.0,0.0,0.0,139783.57,20519.21,0.0,94.61,5005.05,Debit,6453.61,IMPS,Education,Failed
T301646,2025-07-02,C100686,L200453,43.0,Male,Madurai,Tamil Nadu,Salaried,73800.0,Mass,644.0,5,5,0,428200.0,0.152,Auto,231993.73,48.0,11.92,Active,2026-02-20,6100.18,8.0,4.0,0.0,0.0,216133.27,15677.45,0.0,373.51,974.55,Debit,497.17,Net Banking,Healthcare,Successful
T301947,2025-07-02,C100460,L201415,24.0,Male,Dwarka,Delhi,Self-employed,78600.0,SME,626.0,2,2,0,838000.0,0.167,Personal,187718.81,36.0,16.85,Active,2026-05-02,6678.68,7.0,1.0,0.0,0.0,183377.67,4291.05,0.0,734.78,-17296.96,Debit,1164.1,IMPS,Utilities,Successful
T300859,2025-07-02,C100411,L200237,31.0,Female,New Delhi,Delhi,Self-employed,110500.0,Affluent,738.0,3,3,0,1208200.0,0.103,Auto,398054.59,60.0,9.38,Written Off,2025-08-16,8336.56,15.0,9.0,1.0,2.0,422254.02,88338.76,333.52,99598.13,-131463.75,Debit,220.65,UPI,Travel,Successful
T300938,2025-07-02,C100185,L200906,36.0,Male,Ahmedabad,Gujarat,Business Owner,117900.0,Mass,665.0,6,2,0,405700.0,0.222,Home,1740455.96,120.0,8.13,Active,2025-07-23,21236.28,0.0,11.0,0.0,0.0,1588616.57,150087.4,0.0,116.83,26671.03,Debit,6713.45,IMPS,Utilities,Successful
T300467,2025-07-02,C100249,L201662,21.0,Male,Nizamabad,Telangana,Salaried,28200.0,Affluent,597.0,7,2,0,232500.0,0.169,Home,162027.61,180.0,11.65,Delinquent,2025-08-09,1908.27,37.0,7.0,3.0,3.0,153344.98,8582.44,706.4,489.53,-5281.92,Debit,1472.86,NEFT,Travel,Successful
T302065,2025-07-02,C100338,,36.0,Female,Mumbai,Maharashtra,Business Owner,129600.0,Mass Affluent,,4,3,0,1794300.0,0.473,,,,,,,,,,,,,,,,,Debit,907.78,NEFT,Healthcare,Failed
T300348,2025-07-02,C100280,L200318,38.0,Female,Vadodara,Gujarat,Contract,68600.0,Mass,754.0,5,2,0,428100.0,0.173,Business,313091.02,48.0,15.19,Delinquent,2025-12-16,8743.74,19.0,4.0,2.0,2.0,290357.29,22471.42,1189.37,372.76,849.12,Debit,323.28,Card,Groceries,Successful
T301436,2025-07-03,C100015,L202017,63.0,Female,New Delhi,Delhi,Salaried,48600.0,Mass,681.0,6,3,0,542900.0,0.112,Consumer Durable,48659.47,12.0,16.68,Active,2026-05-12,4430.59,3.0,1.0,0.0,0.0,45779.59,2846.65,0.0,408.81,-849.68,Credit,5765.76,Net Banking,Groceries,Successful
T301110,2025-07-03,C100793,L201022,36.0,Female,Nagpur,Maharashtra,Salaried,44600.0,SME,696.0,4,3,1,550000.0,0.094,Personal,60581.9,12.0,13.18,Closed,2025-07-21,5416.13,4.0,11.0,0.0,1.0,21856.59,38278.48,0.0,804.02,35661.25,Debit,2857.89,UPI,Utilities,Failed
T301701,2025-07-03,C100034,L201817,33.0,Female,Mumbai,Maharashtra,Salaried,83800.0,Mass Affluent,642.0,3,3,0,694500.0,0.262,Auto,416157.82,36.0,11.06,Delinquent,2026-01-24,13636.3,19.0,4.0,1.0,1.0,380703.44,35045.29,204.98,819.23,3992.33,Debit,2691.61,NEFT,Education,Successful
T300155,2025-07-03,C100079,L200853,38.0,Male,Kolkata,West Bengal,Self-employed,105500.0,Mass Affluent,708.0,6,5,1,1421900.0,0.169,Personal,129270.08,18.0,13.33,Active,2026-03-22,7963.25,1.0,3.0,0.0,0.0,113741.74,15349.17,0.0,898.9,9268.28,Credit,1088.75,Card,Healthcare,Reversed
T300869,2025-07-03,C100792,L201363,68.0,Male,Vadodara,Gujarat,Salaried,56700.0,Mass,688.0,1,1,1,781900.0,0.162,Business,253042.42,48.0,16.52,Closed,2025-11-08,7238.86,8.0,7.0,0.0,0.0,220105.6,32556.78,0.0,215.7,13945.95,Credit,1347.35,UPI,Utilities,Reversed
T300275,2025-07-03,C100136,L201551,37.0,Female,Mangaluru,Karnataka,Salaried,102400.0,Mass,715.0,3,3,0,486500.0,0.373,Personal,116698.62,24.0,14.44,Closed,2025-09-09,5627.32,1.0,9.0,0.0,0.0,83778.77,32540.01,0.0,429.02,23547.04,Debit,2006.84,Card,Travel,Successful
T301967,2025-07-04,C100247,L201929,50.0,Female,Chennai,Tamil Nadu,Self-employed,53300.0,Mass,714.0,4,2,0,387700.0,0.03,Home,409714.77,180.0,7.0,Active,2025-10-06,3682.63,36.0,5.0,3.0,3.0,397746.22,11830.46,1302.86,761.17,-17063.74,Debit,1791.36,Card,Shopping,Successful
T300942,2025-07-04,C100633,L201035,36.0,Male,Ahmedabad,Gujarat,Salaried,42500.0,Mass,709.0,5,3,1,403500.0,0.217,Business,493706.81,48.0,16.09,Default,2026-01-01,14014.56,14.0,5.0,1.0,2.0,523631.07,86531.13,553.8,347511.86,79398.3,Debit,325.74,UPI,Utilities,Successful
T300359,2025-07-04,C100424,L202057,36.0,Female,Dwarka,Delhi,Salaried,62900.0,Mass Affluent,799.0,9,4,2,867600.0,0.465,Personal,88225.08,18.0,12.74,Active,2025-07-12,5410.52,17.0,10.0,1.0,1.0,53056.68,34762.61,566.7,17.44,33052.03,Credit,1970.6,UPI,Healthcare,Successful
T301512,2025-07-04,C100178,L200636,34.0,Male,Nizamabad,Telangana,Retired,43200.0,Mass,686.0,4,2,0,367600.0,0.38,Personal,61101.65,18.0,16.31,Closed,2025-10-16,3849.59,5.0,8.0,0.0,0.0,41083.78,19786.89,0.0,432.91,13010.17,Debit,1467.39,Net Banking,Travel,Failed
T300610,2025-07-04,C100636,L201585,34.0,Female,Vadodara,Gujarat,Salaried,37600.0,SME,725.0,4,3,1,343400.0,0.317,Home,462580.72,300.0,7.0,Active,2026-03-24,3269.42,5.0,3.0,0.0,0.0,456205.34,6301.82,0.0,911.64,-32820.88,Debit,2803.46,IMPS,Travel,Successful
T300115,2025-07-05,C100569,L201801,28.0,Female,Ahmedabad,Gujarat,Salaried,79800.0,Mass,698.0,4,4,0,955600.0,0.052,Home,1243950.79,120.0,8.81,Delinquent,2025-08-04,15630.22,42.0,9.0,2.0,2.0,1152514.03,90381.72,1362.96,576.3,-5267.52,Debit,794.82,NEFT,Travel,Failed
T301398,2025-07-05,C100309,L200353,36.0,Male,Nagpur,Maharashtra,Salaried,58700.0,SME,784.0,5,2,0,354200.0,0.194,Auto,391777.18,36.0,8.77,Active,2026-01-10,12416.51,2.0,5.0,0.0,0.0,351423.51,39888.05,0.0,166.38,10282.9,Debit,4648.35,IMPS,Healthcare,Successful
T302009,2025-07-05,C100219,L202034,21.0,Female,Pune,Maharashtra,Contract,55000.0,Mass,705.0,4,4,0,376500.0,0.132,Auto,269007.4,60.0,10.2,Active,2026-01-06,5742.12,24.0,4.0,1.0,3.0,254077.89,14757.25,447.65,23.96,-4945.44,Debit,1994.99,IMPS,Healthcare,Successful
T300966,2025-07-06,C100211,L200582,42.0,Male,Mumbai,Maharashtra,Business Owner,112100.0,Mass Affluent,647.0,6,2,0,1128500.0,0.219,Home,1487779.56,120.0,9.86,Delinquent,2026-01-26,19545.96,8.0,4.0,1.0,1.0,1436960.07,50233.11,618.88,205.62,-63978.81,Credit,1231.16,NEFT,Restaurants,Successful
T300064,2025-07-06,C100034,L201817,33.0,Female,Mumbai,Maharashtra,Salaried,83800.0,Mass Affluent,642.0,3,3,0,694500.0,0.262,Auto,416157.82,36.0,11.06,Delinquent,2026-01-24,13636.3,19.0,4.0,1.0,1.0,380703.44,35045.29,204.98,819.23,3992.33,Debit,2153.39,IMPS,Restaurants,Successful
T301023,2025-07-06,C100540,L201165,35.0,Male,Vadodara,Gujarat,Contract,88100.0,Mass,696.0,2,2,1,630900.0,0.141,Home,1145705.12,300.0,9.46,Active,2026-05-06,9978.15,0.0,1.0,0.0,1.0,1139219.32,6410.96,0.0,911.43,-82774.3,Credit,3036.54,NEFT,Utilities,Successful
T301692,2025-07-06,C100526,L200749,21.0,Male,Howrah,West Bengal,Salaried,158000.0,Affluent,762.0,5,4,0,2132600.0,0.326,Personal,314982.82,12.0,13.78,Closed,2026-03-25,28248.8,0.0,3.0,0.0,1.0,259897.65,54449.57,0.0,279.66,35738.86,Debit,888.95,UPI,Education,Successful
T301525,2025-07-06,C100292,L200565,37.0,Other,Nizamabad,Telangana,Salaried,66400.0,Mass Affluent,663.0,2,2,0,349000.0,0.458,Personal,162481.22,12.0,15.71,Closed,2025-09-14,14719.77,2.0,9.0,0.0,0.0,76370.56,85117.08,0.0,768.76,80998.79,Credit,7788.39,IMPS,Healthcare,Successful
T300817,2025-07-06,C100109,L200008,21.0,Female,Pune,Maharashtra,Salaried,43800.0,Mass,738.0,5,4,1,537000.0,0.243,Personal,92104.5,36.0,14.28,Closed,2025-09-19,3160.45,6.0,9.0,0.0,0.0,73615.85,18275.32,0.0,494.45,17454.01,Debit,2144.56,UPI,Restaurants,Successful
T301572,2025-07-06,C100481,L201610,29.0,Female,Warangal,Telangana,Salaried,90200.0,Mass,713.0,5,3,0,629900.0,0.06,Education,230661.14,24.0,11.18,Active,2026-03-21,10769.9,2.0,3.0,0.0,0.0,209659.83,20758.99,0.0,183.47,7573.97,Debit,1633.96,NEFT,Groceries,Successful
T300134,2025-07-06,C100604,L201598,21.0,Male,Nagpur,Maharashtra,Business Owner,161700.0,Mass,755.0,5,3,0,2131000.0,0.384,Business,684188.65,36.0,15.82,Active,2026-03-16,23993.29,2.0,3.0,0.0,0.0,637401.74,46247.06,0.0,123.77,-7884.68,Debit,3851.76,Net Banking,Utilities,Successful
T301770,2025-07-07,C100743,L201236,47.0,Female,Howrah,West Bengal,Contract,18000.0,Mass,705.0,2,2,0,224400.0,0.368,Business,173347.55,36.0,16.15,Closed,2025-07-27,6107.23,0.0,11.0,0.0,0.0,129680.85,43162.85,0.0,338.43,28957.34,Debit,7527.3,NEFT,Utilities,Failed
T300594,2025-07-07,C100085,L201091,36.0,Other,Coimbatore,Tamil Nadu,Salaried,52300.0,Mass,666.0,5,3,0,350700.0,0.273,Auto,230301.42,72.0,10.69,Closed,2026-02-21,4347.1,5.0,4.0,0.0,0.0,218998.97,11172.04,0.0,125.44,-6081.75,Credit,14221.26,UPI,Restaurants,Successful
T300773,2025-07-07,C100329,L201191,21.0,Male,Bengaluru,Karnataka,Self-employed,133500.0,Mass Affluent,710.0,6,3,2,951900.0,0.178,Auto,378675.38,60.0,10.52,Default,2025-08-19,8142.96,22.0,8.0,2.0,3.0,424116.43,90136.28,932.02,103797.77,68821.74,Credit,1587.79,Card,Utilities,Successful
T301053,2025-07-07,C100628,L200970,37.0,Male,New Delhi,Delhi,Salaried,79900.0,Mass,584.0,4,4,1,893300.0,0.631,Auto,191313.55,36.0,14.23,Active,2025-10-22,6560.04,17.0,7.0,1.0,1.0,161465.39,29503.76,694.04,306.8,21345.66,Debit,,Net Banking,Utilities,Successful
T302170,2025-07-07,C100637,L200930,40.0,Male,Mangaluru,Karnataka,Self-employed,69000.0,Mass,733.0,5,3,0,538000.0,0.243,Personal,163591.09,36.0,12.9,Active,2026-05-31,5504.15,6.0,1.0,0.0,0.0,160013.39,3536.42,0.0,914.26,-9419.83,Debit,3423.8,NEFT,Travel,Successful
T301702,2025-07-08,C100407,L200724,44.0,Female,Chennai,Tamil Nadu,Salaried,59100.0,Mass Affluent,747.0,3,3,0,511600.0,0.247,Personal,74862.34,24.0,13.91,Active,2026-02-26,3591.17,7.0,4.0,0.0,0.0,65525.29,9229.32,0.0,766.0,4452.27,Debit,7292.52,UPI,Utilities,Successful
T300858,2025-07-08,C100742,L202025,31.0,Female,Coimbatore,Tamil Nadu,Salaried,34400.0,Mass,716.0,9,2,0,304300.0,0.589,Home,228341.49,240.0,7.49,Active,2026-01-19,1838.11,2.0,5.0,0.0,0.0,222367.64,5904.92,0.0,183.24,-16749.67,Debit,4318.45,Net Banking,Education,Successful
T301212,2025-07-08,C100349,L201126,42.0,Male,Madurai,Tamil Nadu,Self-employed,72100.0,Mass Affluent,794.0,6,2,0,307800.0,0.461,Business,628798.96,12.0,12.74,Active,2025-09-08,56085.94,5.0,9.0,0.0,0.0,300696.23,324316.93,0.0,587.54,301081.43,Debit,33623.12,Card,Restaurants,Successful
T300312,2025-07-08,C100348,L201429,39.0,Male,Kolkata,West Bengal,Salaried,105600.0,Affluent,682.0,7,6,1,954300.0,0.153,Home,1034006.21,120.0,9.99,Active,2025-08-04,13658.74,7.0,11.0,0.0,0.0,936346.2,96533.17,0.0,488.56,24198.3,Debit,1293.25,Card,Travel,Successful
T300473,2025-07-08,C100672,L201455,53.0,Female,Nagpur,Maharashtra,Self-employed,139300.0,Mass,717.0,1,1,1,618500.0,0.511,Home,685279.48,240.0,7.23,Active,2025-08-03,5407.98,2.0,11.0,0.0,0.0,646612.4,38220.92,0.0,399.34,-13829.28,Credit,12587.05,UPI,Education,Successful
T300648,2025-07-09,C100612,L200643,38.0,Male,New Delhi,Delhi,Self-employed,112600.0,SME,680.0,1,1,0,1554900.0,0.195,Consumer Durable,126988.78,9.0,18.49,Active,2025-08-10,15219.07,2.0,10.0,0.0,0.0,28064.84,97782.51,0.0,337.12,93991.52,Debit,3085.88,UPI,Healthcare,Successful
T301224,2025-07-09,C100052,,48.0,Male,Surat,Gujarat,Salaried,109700.0,Mass,760.0,4,1,0,580600.0,0.444,,,,,,,,,,,,,,,,,Debit,738.82,UPI,Groceries,Successful
T301227,2025-07-09,C100635,L201482,25.0,Female,Mumbai,Maharashtra,Salaried,147800.0,Mass,716.0,7,5,0,1373800.0,0.548,Consumer Durable,97400.62,6.0,16.99,Active,2025-07-16,17047.29,1.0,11.0,0.0,0.0,0.0,133949.9,0.0,0.0,131867.06,Debit,17230.2,NEFT,Healthcare,Successful
T301115,2025-07-09,C100125,L200871,29.0,Female,Rohini,Delhi,Salaried,27400.0,Mass,637.0,3,3,0,286000.0,0.33,Personal,35408.86,36.0,17.27,Active,2025-08-15,1267.19,56.0,8.0,2.0,2.0,28819.49,6513.33,459.69,905.67,3317.01,Credit,1704.57,NEFT,Utilities,Successful
T302172,2025-07-10,C100462,L201401,34.0,Female,Dwarka,Delhi,Salaried,46100.0,Mass,696.0,6,3,1,487500.0,0.357,Personal,96268.69,36.0,14.29,Closed,2026-01-24,3303.81,8.0,5.0,0.0,0.0,85531.3,10613.49,0.0,217.34,7338.31,Debit,1834.68,Net Banking,Education,Successful
T300333,2025-07-10,C100627,L201782,30.0,Female,Chennai,Tamil Nadu,Business Owner,76500.0,Mass,665.0,5,3,0,253000.0,0.275,Auto,313555.62,60.0,11.65,Delinquent,2025-12-11,6919.54,26.0,5.0,1.0,1.0,291067.11,22229.03,290.54,116.93,-3867.96,Debit,779.73,NEFT,Healthcare,Successful
T302135,2025-07-10,C100518,L200354,53.0,Male,Bengaluru,Karnataka,Business Owner,70100.0,Mass,686.0,5,2,0,893700.0,0.126,Auto,476330.81,72.0,11.5,Delinquent,2025-12-02,9188.97,74.0,4.0,3.0,3.0,452439.48,23615.66,1087.57,844.6,-13365.76,Debit,3670.16,Net Banking,Travel,Successful
T302000,2025-07-10,C100396,L200350,50.0,Male,Coimbatore,Tamil Nadu,Salaried,48500.0,Mass,717.0,3,2,0,258300.0,0.526,Business,401289.48,60.0,16.55,Active,2025-07-09,9876.24,26.0,10.0,1.0,2.0,337093.93,63454.83,662.2,5.95,38211.26,Debit,1159.89,UPI,Healthcare,Successful
T300185,2025-07-10,C100198,L200623,58.0,Male,Kolkata,West Bengal,Contract,52000.0,Mass,800.0,9,3,0,454400.0,0.445,Business,131362.04,48.0,14.53,Closed,2025-12-28,3624.68,5.0,6.0,0.0,0.0,117225.77,13973.16,0.0,674.68,2699.47,Debit,1719.4,Net Banking,Restaurants,Successful
T301222,2025-07-10,C100209,,52.0,Female,Hyderabad,Telangana,Salaried,41100.0,Affluent,750.0,4,3,1,248700.0,0.144,,,,,,,,,,,,,,,,,Debit,10377.32,UPI,Restaurants,Successful
T300437,2025-07-11,C100241,L202006,30.0,Female,Howrah,West Bengal,Business Owner,70900.0,Mass,763.0,5,4,0,429200.0,0.418,Personal,133539.6,36.0,13.41,Active,2026-06-23,4525.89,9.0,1.0,0.0,0.0,130597.77,2907.89,0.0,889.9,-9441.43,Debit,2122.46,IMPS,Travel,Successful
T300763,2025-07-11,C100260,L201615,25.0,Male,Chennai,Tamil Nadu,Self-employed,78600.0,Mass Affluent,696.0,4,4,0,1088900.0,0.129,Education,202480.54,60.0,11.53,Active,2025-07-15,4456.13,1.0,11.0,0.0,1.0,170619.25,31493.66,0.0,532.95,18828.47,Debit,268.13,UPI,Restaurants,Successful
T300906,2025-07-11,C100199,L201639,21.0,Male,Nagpur,Maharashtra,Salaried,82900.0,SME,711.0,5,2,0,1090200.0,0.357,Personal,140582.69,12.0,13.74,Active,2026-06-16,12605.32,0.0,1.0,0.0,0.0,132389.23,8098.92,0.0,493.46,-3673.59,Debit,273.83,UPI,Healthcare,Successful
T300244,2025-07-12,C100248,L200416,41.0,Male,New Delhi,Delhi,Salaried,57800.0,Affluent,618.0,4,3,1,658800.0,0.322,Personal,100307.02,18.0,16.84,Closed,2025-11-07,6344.84,62.0,4.0,3.0,4.0,83810.44,16306.23,750.55,232.12,13945.1,Debit,4369.87,UPI,Groceries,Successful
T301580,2025-07-12,C100776,L200787,,Female,Hyderabad,Telangana,Contract,71600.0,Mass,765.0,5,4,0,834200.0,0.57,Home,1230507.89,180.0,7.0,Closed,2025-08-09,11060.15,4.0,10.0,0.0,0.0,1158616.9,71061.48,0.0,343.26,-24299.04,Debit,892.97,UPI,Healthcare,Successful
T300914,2025-07-12,C100156,L202128,47.0,Female,New Delhi,Delhi,Self-employed,100900.0,Affluent,752.0,4,4,1,1083000.0,0.507,Auto,357991.45,72.0,8.25,Active,2026-02-09,6320.54,3.0,4.0,0.0,0.0,341558.05,16243.79,0.0,277.37,-12610.67,Debit,1212.49,Net Banking,Education,Successful
T302090,2025-07-12,C100336,L200656,39.0,Female,Pune,Maharashtra,Self-employed,130100.0,Mass,810.0,10,2,0,1422400.0,0.354,Personal,199268.83,36.0,12.92,Active,2026-05-14,6706.48,8.0,1.0,0.0,0.0,194909.62,4308.91,0.0,815.67,-9728.94,Debit,7930.14,UPI,Education,Successful
T301540,2025-07-12,C100041,L201359,21.0,Female,Bengaluru,Karnataka,Salaried,34300.0,Mass,719.0,5,3,0,313300.0,0.154,Consumer Durable,41098.34,12.0,17.76,Closed,2025-10-23,3763.2,0.0,8.0,0.0,0.0,21529.68,19342.86,0.0,30.47,23779.16,Debit,6462.84,IMPS,Education,Successful
T300468,2025-07-12,C100278,L201313,53.0,Female,Rohini,Delhi,Self-employed,,Mass Affluent,811.0,3,3,0,843700.0,0.125,Home,954498.19,120.0,7.25,Active,2025-10-28,11205.91,5.0,8.0,0.0,0.0,896227.47,57598.37,0.0,711.0,-9411.15,Debit,7902.94,Net Banking,Healthcare,Successful
T301675,2025-07-12,C100215,L201311,49.0,Female,Nizamabad,Telangana,Business Owner,143100.0,Mass,710.0,4,2,0,1715100.0,0.391,Consumer Durable,111418.52,12.0,17.6,Closed,2025-12-30,10193.65,5.0,6.0,0.0,0.0,71663.28,39296.52,0.0,799.15,37046.46,Debit,669.51,IMPS,Groceries,Successful
T301870,2025-07-12,C100468,L200903,46.0,Male,Mangaluru,Karnataka,Contract,35000.0,SME,712.0,5,3,0,147900.0,0.166,Business,290537.29,60.0,15.82,Closed,2026-02-20,7037.55,3.0,4.0,0.0,1.0,272239.67,18086.49,0.0,532.44,-3446.69,Credit,720.14,Net Banking,Groceries,Successful
T301980,2025-07-12,C100120,L201937,38.0,Male,Mumbai,Maharashtra,Self-employed,55400.0,Mass Affluent,589.0,6,3,3,766000.0,0.494,Personal,107889.93,24.0,16.86,Active,2026-03-02,5327.07,2.0,4.0,0.0,0.0,94039.55,13690.56,0.0,194.01,5590.78,Debit,2132.55,UPI,Restaurants,Successful
T300047,2025-07-12,C100133,L202183,40.0,Female,Mangaluru,Karnataka,Self-employed,62300.0,Mass,709.0,2,2,0,631600.0,0.351,Personal,95001.5,24.0,14.49,Active,2026-01-24,4583.32,0.0,5.0,0.0,0.0,80105.72,14723.91,0.0,967.97,7901.63,Debit,3708.67,NEFT,Restaurants,Successful
T301662,2025-07-12,C100064,L200592,24.0,Female,Howrah,West Bengal,Business Owner,72500.0,Mass Affluent,803.0,7,4,0,563200.0,0.171,Education,272020.48,60.0,8.64,Active,2026-01-30,5599.29,3.0,5.0,0.0,0.0,253822.79,17987.72,0.0,309.86,-4392.27,Debit,1116.94,UPI,Healthcare,Successful
T300156,2025-07-13,C100330,L201909,43.0,Male,Nagpur,Maharashtra,Salaried,65500.0,SME,655.0,5,4,0,528300.0,0.527,Business,348844.93,60.0,16.5,Closed,2025-07-31,8576.19,1.0,11.0,0.0,1.0,287525.2,60612.19,0.0,89.31,36752.66,Debit,545.1,UPI,Healthcare,Successful
T301291,2025-07-13,C100788,L201304,49.0,Male,Mumbai,Maharashtra,Salaried,80300.0,Mass Affluent,753.0,3,2,0,442100.0,0.334,Auto,281221.42,48.0,9.52,Closed,2025-12-05,7067.85,,6.0,0.0,0.0,253656.8,27246.56,0.0,101.84,6055.13,Credit,2216.44,NEFT,Healthcare,Successful
T301310,2025-07-13,C100289,L200486,45.0,Male,Rohini,Delhi,Self-employed,70400.0,Mass Affluent,701.0,4,4,0,429200.0,0.346,Business,450986.93,48.0,16.55,Closed,2026-01-12,12908.49,7.0,5.0,0.0,0.0,409034.34,41468.52,0.0,193.11,9743.97,Debit,3496.66,UPI,Groceries,Successful
T300352,2025-07-13,C100473,,45.0,Female,Warangal,Telangana,Salaried,43700.0,Mass,625.0,4,2,1,194700.0,0.435,,,,,,,,,,,,,,,,,Debit,9367.5,IMPS,Groceries,Successful
T300599,2025-07-13,C100019,L201830,29.0,Male,Kolkata,West Bengal,Business Owner,76100.0,Mass Affluent,680.0,7,1,0,1009800.0,0.131,Consumer Durable,161715.83,12.0,18.59,Active,2026-06-30,14871.55,5.0,1.0,0.0,1.0,152049.32,9554.97,0.0,229.1,-3677.83,Credit,1271.62,IMPS,Restaurants,Successful
T300613,2025-07-13,C100008,L201809,41.0,Female,Surat,Gujarat,Business Owner,102100.0,Mass,766.0,5,2,0,597100.0,0.111,Home,685494.22,300.0,7.88,Closed,2025-09-16,5236.38,8.0,9.0,0.0,0.0,654861.4,30279.36,0.0,124.88,-20346.42,Debit,166.44,Net Banking,Restaurants,Successful
T300960,2025-07-13,C100414,L200669,47.0,Female,Nagpur,Maharashtra,Contract,44500.0,Mass,667.0,5,1,0,577600.0,0.075,Education,142055.74,24.0,12.46,Active,2025-07-19,6717.61,7.0,11.0,0.0,0.0,94024.8,47476.73,0.0,240.3,37455.38,Credit,10530.94,UPI,Healthcare,Successful
T300023,2025-07-13,C100086,L201065,28.0,Female,Dwarka,Delhi,Salaried,83100.0,Mass,723.0,1,1,0,738200.0,0.498,Auto,441711.56,48.0,8.02,Active,2025-07-17,10787.62,2.0,11.0,0.0,0.0,364580.1,76241.49,0.0,959.11,50572.87,Debit,876.96,UPI,Travel,Failed
T301052,2025-07-13,C100523,L200183,27.0,Male,Surat,Gujarat,Salaried,83900.0,Mass,808.0,3,3,2,826100.0,0.459,Home,1278854.85,240.0,7.0,Active,2025-12-22,9914.95,6.0,6.0,0.0,0.0,1240186.55,38222.12,0.0,619.31,-61451.26,Debit,1895.09,UPI,Utilities,Successful
T301031,2025-07-14,C100783,L201068,39.0,Male,Warangal,Telangana,Salaried,76100.0,Mass,825.0,5,2,0,1046800.0,0.081,Auto,571355.52,60.0,7.7,Active,2025-10-03,11503.17,2.0,9.0,0.0,0.0,504061.97,66517.09,0.0,658.83,24498.69,Debit,3842.16,IMPS,Groceries,Successful
T301040,2025-07-14,C100001,L200550,45.0,Male,Kolkata,West Bengal,Business Owner,,Affluent,682.0,2,2,1,740900.0,0.362,Business,766649.59,36.0,17.07,Active,2026-03-24,27359.86,4.0,3.0,0.0,0.0,713297.85,52736.14,0.0,172.7,-7576.98,Credit,6271.88,UPI,Travel,Successful
T300116,2025-07-14,C100196,L201953,33.0,Male,Surat,Gujarat,Salaried,58500.0,Mass Affluent,611.0,6,4,0,665900.0,0.499,Home,202110.87,120.0,10.33,Active,2026-03-28,2707.98,0.0,3.0,0.0,1.0,196830.31,5219.63,0.0,894.29,-11090.34,Debit,3620.47,NEFT,Travel,Successful
T300259,2025-07-15,C100784,L200149,32.0,Male,Nizamabad,Telangana,Self-employed,131200.0,Mass,608.0,5,3,0,1749800.0,0.389,Education,439846.11,60.0,13.08,Active,2026-02-12,10025.87,5.0,3.0,1.0,1.0,420295.66,19324.87,624.54,886.24,-14801.45,Credit,4260.81,UPI,Shopping,Successful
T301511,2025-07-15,C100586,L200302,21.0,Female,Dwarka,Delhi,Self-employed,65400.0,Mass,731.0,4,2,0,270200.0,0.133,Personal,122766.89,18.0,14.57,Active,2025-11-26,7633.96,0.0,7.0,0.0,0.0,88032.35,34333.76,0.0,89.4,25420.96,Debit,2191.36,Card,Shopping,Successful
T301964,2025-07-15,C100214,L201312,55.0,Female,Nagpur,Maharashtra,Business Owner,75700.0,SME,,5,3,0,765200.0,0.197,Education,144184.95,24.0,12.56,Active,2025-11-16,6825.05,8.0,7.0,0.0,0.0,113130.95,30695.68,0.0,747.68,22769.17,Credit,5431.22,UPI,Travel,Successful
T302070,2025-07-16,C100140,L200327,38.0,Female,Howrah,West Bengal,Salaried,40900.0,Mass,739.0,5,5,0,208300.0,0.491,Business,252173.38,24.0,14.8,Active,2025-10-23,12203.09,1.0,8.0,0.0,0.0,188717.29,62723.9,0.0,912.12,45872.25,Debit,7493.89,Card,Healthcare,Successful
T300974,2025-07-16,C100286,L201796,50.0,Female,Nagpur,Maharashtra,Salaried,82400.0,Affluent,738.0,5,5,1,656000.0,0.364,Business,447154.61,36.0,14.92,Active,2025-07-09,15483.25,7.0,11.0,0.0,0.0,336449.38,109427.86,0.0,760.07,78470.34,Debit,958.54,UPI,Utilities,Successful
T301361,2025-07-16,C100189,L200193,44.0,Female,Chennai,Tamil Nadu,Business Owner,70800.0,Mass,653.0,6,2,1,500800.0,0.452,Education,92965.64,60.0,11.54,Active,2026-01-29,2046.42,8.0,5.0,0.0,0.0,86314.76,6574.14,0.0,211.85,2900.26,Debit,411.48,Net Banking,Groceries,Successful
T301039,2025-07-16,C100169,L201093,44.0,Female,Coimbatore,Tamil Nadu,Salaried,108300.0,Mass Affluent,678.0,6,4,1,438800.0,0.18,Consumer Durable,203830.05,18.0,18.74,Active,2025-09-03,13077.55,8.0,10.0,0.0,0.0,118825.97,84023.26,0.0,954.25,73031.26,Debit,13356.54,UPI,Restaurants,Successful
T300962,2025-07-16,C100366,L200154,39.0,Male,Mangaluru,Karnataka,Salaried,56700.0,Affluent,701.0,7,1,1,293300.0,0.137,Personal,107152.74,36.0,14.35,Delinquent,2026-01-11,3680.47,24.0,4.0,1.0,2.0,97583.52,9458.8,741.82,618.79,3116.45,Credit,8910.41,Net Banking,Healthcare,Successful
T301347,2025-07-16,C100366,L200154,39.0,Male,Mangaluru,Karnataka,Salaried,56700.0,Affluent,701.0,7,1,1,293300.0,0.137,Personal,107152.74,36.0,14.35,Delinquent,2026-01-11,3680.47,24.0,4.0,1.0,2.0,97583.52,9458.8,741.82,618.79,3116.45,Debit,7562.25,UPI,Utilities,Successful
T300288,2025-07-16,C100475,L202028,38.0,Male,Nizamabad,Telangana,Salaried,63200.0,Mass,654.0,4,2,0,467900.0,0.111,Home,651590.78,240.0,10.21,Delinquent,2026-04-23,6378.92,5.0,2.0,0.0,0.0,643298.19,8196.91,0.0,375.0,-39364.94,Credit,978.85,Card,Groceries,Successful
T301508,2025-07-16,C100447,L201345,44.0,Female,Hyderabad,Telangana,Retired,,Mass Affluent,700.0,4,4,0,210000.0,0.164,Business,355307.11,60.0,16.29,Active,2025-08-29,8695.22,2.0,10.0,0.0,1.0,298788.17,55866.8,0.0,54.62,30536.61,Credit,4012.2,UPI,Education,Successful
T300700,2025-07-17,C100335,L201167,23.0,Male,Nagpur,Maharashtra,Salaried,96300.0,SME,698.0,2,2,0,559700.0,0.243,Personal,143141.42,12.0,13.99,Closed,2026-01-02,12851.58,0.0,5.0,0.0,2.0,101373.78,41285.71,0.0,732.35,30879.44,Debit,1679.66,UPI,Restaurants,Successful
T301026,2025-07-17,C100051,L201668,34.0,Female,Chennai,Tamil Nadu,Salaried,50200.0,Mass,717.0,5,4,0,428100.0,0.463,Home,707460.36,180.0,9.25,Active,2026-06-20,7281.13,1.0,1.0,0.0,1.0,702727.63,4678.12,0.0,534.95,-51495.41,Debit,2701.52,UPI,Restaurants,Successful
T300956,2025-07-17,C100747,L200407,51.0,Female,Nagpur,Maharashtra,Salaried,35100.0,Mass,731.0,5,2,0,450300.0,0.327,Home,456815.9,180.0,7.86,Active,2025-09-24,4328.73,20.0,8.0,1.0,1.0,434306.5,22249.67,221.89,183.06,-15151.67,Credit,641.85,Net Banking,Healthcare,Successful
T300785,2025-07-17,C100354,L200960,50.0,Male,Warangal,Telangana,Self-employed,,Mass,667.0,2,2,1,202600.0,0.178,Consumer Durable,43711.96,12.0,20.31,Closed,2026-05-12,4055.72,9.0,1.0,0.0,0.0,41075.74,2605.8,0.0,441.78,-65.11,Debit,1853.57,IMPS,Utilities,Successful
T301515,2025-07-17,C100325,L200124,36.0,Female,Madurai,Tamil Nadu,Contract,26600.0,Mass Affluent,718.0,4,2,0,356900.0,0.499,Business,259885.08,60.0,15.69,Delinquent,2026-02-16,6277.17,5.0,4.0,0.0,0.0,243564.43,16132.34,0.0,486.7,-2004.07,Debit,1661.18,UPI,Healthcare,Successful
T302020,2025-07-17,C100057,L201139,41.0,Male,Mangaluru,Karnataka,Salaried,80700.0,Affluent,693.0,6,4,0,630400.0,0.209,Personal,130634.1,24.0,16.56,Active,2025-08-20,6431.26,6.0,10.0,0.0,0.0,88830.9,41320.85,0.0,831.55,38085.86,Debit,674.72,IMPS,Utilities,Successful
T301798,2025-07-17,C100581,L201601,31.0,Female,Mumbai,Maharashtra,Self-employed,57500.0,Mass Affluent,754.0,5,4,0,581100.0,0.603,Auto,366982.64,48.0,9.63,Active,2025-12-22,9242.55,15.0,5.0,1.0,1.0,336944.34,29691.71,571.09,2.25,2504.53,Debit,1994.25,Card,Groceries,Successful
T301288,2025-07-17,C100363,L200441,37.0,Female,Coimbatore,Tamil Nadu,Salaried,49100.0,Affluent,705.0,3,1,1,180500.0,0.105,Consumer Durable,35848.61,9.0,17.7,Closed,2026-04-13,4282.67,2.0,2.0,0.0,0.0,30281.14,5503.23,0.0,959.33,4133.41,Credit,1366.39,UPI,Utilities,Successful
T301659,2025-07-17,C100100,L200375,46.0,Other,Surat,Gujarat,Retired,45700.0,Mass Affluent,702.0,6,4,1,177300.0,0.516,Personal,67838.76,24.0,16.18,Active,2026-05-03,3327.43,9.0,1.0,0.0,0.0,65675.93,2137.88,0.0,51.14,-6783.67,Credit,2984.58,IMPS,Healthcare,Failed
T301748,2025-07-18,C100307,L200680,41.0,Female,Vadodara,Gujarat,Salaried,72300.0,Mass,617.0,3,3,1,1001900.0,0.286,Personal,149225.98,18.0,16.85,Closed,2026-04-30,9439.87,6.0,2.0,0.0,1.0,136954.14,12130.24,0.0,55.82,3164.81,Debit,2548.46,NEFT,Groceries,Successful
T301363,2025-07-18,C100705,L200378,33.0,Female,Siliguri,West Bengal,Salaried,67700.0,Affluent,716.0,6,2,0,557000.0,0.375,Home,1530513.06,300.0,7.97,Active,2025-12-25,11782.35,3.0,6.0,0.0,0.0,1484561.9,45420.95,0.0,409.27,-73237.02,Debit,801.77,UPI,Shopping,Successful
T301492,2025-07-18,C100563,L200718,38.0,Female,Hyderabad,Telangana,Contract,44900.0,Mass Affluent,767.0,4,2,1,212500.0,0.132,Personal,35628.17,18.0,14.71,Active,2026-01-10,2217.8,7.0,5.0,0.0,1.0,28420.33,7124.67,0.0,842.1,6132.58,Credit,1761.7,IMPS,Groceries,Successful
T300622,2025-07-18,C100337,L202088,21.0,Female,Nagpur,Maharashtra,Salaried,90400.0,Mass Affluent,681.0,3,3,0,1060300.0,0.265,Personal,119148.58,12.0,13.57,Active,2025-08-30,10673.92,4.0,10.0,0.0,0.0,49768.13,68579.91,0.0,177.41,64519.73,Credit,364.29,Card,Healthcare,Failed
T301589,2025-07-18,C100792,L201363,68.0,Male,Vadodara,Gujarat,Salaried,56700.0,Mass,688.0,1,1,1,781900.0,0.162,Business,253042.42,48.0,16.52,Closed,2025-11-08,7238.86,8.0,7.0,0.0,0.0,220105.6,32556.78,0.0,215.7,13945.95,Debit,2353.01,IMPS,Travel,Reversed
T301853,2025-07-18,C100217,L201265,40.0,Male,Warangal,Telangana,Salaried,65900.0,Mass Affluent,647.0,5,4,0,416000.0,0.507,Consumer Durable,46491.02,12.0,18.54,Active,2026-05-13,4274.25,0.0,1.0,0.0,0.0,43712.76,2746.21,0.0,610.96,2314.49,Credit,3445.27,Net Banking,Utilities,Successful
T302004,2025-07-18,C100518,L200354,53.0,Male,Bengaluru,Karnataka,Business Owner,70100.0,Mass,686.0,5,2,0,893700.0,0.126,Auto,476330.81,72.0,11.5,Delinquent,2025-12-02,9188.97,74.0,4.0,3.0,3.0,452439.48,23615.66,1087.57,844.6,-13365.76,Credit,653.15,IMPS,Travel,Successful
T300221,2025-07-19,C100132,L202113,29.0,Male,Vadodara,Gujarat,Contract,67800.0,Mass,755.0,6,3,0,404500.0,0.253,Home,631934.14,120.0,8.92,Closed,2025-12-24,7977.74,2.0,6.0,0.0,0.0,600820.95,30754.19,0.0,789.29,-20452.29,Credit,1778.94,NEFT,Utilities,Successful
T301265,2025-07-19,C100549,L200068,29.0,Female,Howrah,West Bengal,Business Owner,71300.0,Mass,723.0,5,2,0,638300.0,0.195,Business,348044.68,48.0,16.95,Closed,2025-11-02,10033.84,11.0,7.0,1.0,1.0,302390.69,45127.21,506.26,116.75,14481.56,Credit,6413.39,NEFT,Utilities,Successful
T301887,2025-07-19,C100771,L200841,41.0,Female,New Delhi,Delhi,Salaried,75200.0,Mass,565.0,5,3,1,310300.0,0.692,Education,179069.45,36.0,13.96,Closed,2026-01-31,6116.69,51.0,3.0,2.0,2.0,167141.9,11789.92,643.79,58.14,-1764.24,Debit,1217.93,Net Banking,Travel,Successful
T300097,2025-07-19,C100653,L202073,58.0,Male,Mumbai,Maharashtra,Self-employed,72400.0,Affluent,698.0,5,2,1,669400.0,0.148,Consumer Durable,67956.29,18.0,18.69,Active,2025-09-08,4358.39,29.0,8.0,1.0,1.0,45292.67,22402.12,231.32,381.04,15786.38,Debit,1144.83,NEFT,Utilities,Successful
T301815,2025-07-19,C100038,L201283,45.0,Female,Howrah,West Bengal,Salaried,46900.0,SME,722.0,5,4,1,236300.0,0.346,Business,403314.94,24.0,15.93,Closed,2026-06-24,19734.07,8.0,1.0,0.0,1.0,390487.8,12679.14,0.0,224.32,-17293.73,Debit,743.74,Card,Travel,Successful
T301243,2025-07-19,C100183,L201894,40.0,Female,Kolkata,West Bengal,Self-employed,34200.0,Affluent,716.0,7,3,0,106100.0,0.429,Auto,86195.73,60.0,11.07,Closed,2025-10-11,1877.11,6.0,8.0,0.0,0.0,76434.73,9648.37,0.0,300.72,6482.12,Debit,4328.24,Net Banking,Shopping,Successful
T301742,2025-07-19,C100364,L201294,27.0,Female,Vadodara,Gujarat,Salaried,105500.0,Mass,733.0,4,1,1,876000.0,0.314,Education,486955.56,24.0,10.84,Delinquent,2025-09-18,22659.79,38.0,5.0,4.0,4.0,413311.24,72794.58,2017.92,795.54,36746.67,Debit,2582.99,UPI,Restaurants,Successful
T300193,2025-07-20,C100016,L200586,53.0,Female,Bengaluru,Karnataka,Salaried,75800.0,Affluent,662.0,3,2,1,799800.0,0.199,Personal,81672.23,18.0,15.71,Delinquent,2026-05-05,5122.44,7.0,1.0,0.0,0.0,78342.65,3291.17,0.0,931.97,-3315.21,Credit,8037.6,UPI,Education,Successful
T301750,2025-07-20,C100775,L200812,40.0,Other,Mumbai,Maharashtra,Salaried,65400.0,Mass,718.0,5,3,0,624800.0,0.179,Consumer Durable,70772.86,18.0,18.58,Active,2026-03-17,4535.31,9.0,3.0,0.0,1.0,61929.01,8741.81,0.0,670.66,7265.11,Debit,2921.23,UPI,Restaurants,Successful
T301516,2025-07-20,C100219,L202034,21.0,Female,Pune,Maharashtra,Contract,55000.0,Mass,705.0,4,4,0,376500.0,0.132,Auto,269007.4,60.0,10.2,Active,2026-01-06,5742.12,24.0,4.0,1.0,3.0,254077.89,14757.25,447.65,23.96,-4945.44,Debit,2182.23,UPI,Education,Successful
T302053,2025-07-20,C100121,L201481,33.0,Female,Nagpur,Maharashtra,Self-employed,130100.0,Mass,713.0,3,2,0,1546400.0,0.423,Business,600153.52,60.0,17.59,Active,2025-10-27,15106.41,6.0,8.0,0.0,0.0,521600.17,77646.97,0.0,840.31,35244.22,Debit,1303.02,Net Banking,Utilities,Successful
T301045,2025-07-20,C100346,L202022,48.0,Female,Warangal,Telangana,Business Owner,112900.0,Mass,738.0,2,2,0,689600.0,0.196,Business,327401.4,60.0,14.49,Active,2026-04-18,7701.48,8.0,2.0,0.0,0.0,317389.47,9896.41,0.0,325.2,-20385.83,Debit,3248.31,Card,Utilities,Successful
T300107,2025-07-20,C100307,L200680,41.0,Female,Vadodara,Gujarat,Salaried,72300.0,Mass,617.0,3,3,1,1001900.0,0.286,Personal,149225.98,18.0,16.85,Closed,2026-04-30,9439.87,6.0,2.0,0.0,1.0,136954.14,12130.24,0.0,55.82,3164.81,Credit,3153.95,Card,Shopping,Successful
T301605,2025-07-20,C100046,L200710,26.0,Male,Ahmedabad,Gujarat,Business Owner,185200.0,Affluent,705.0,7,1,2,2493600.0,0.238,Consumer Durable,206969.86,12.0,17.2,Active,2025-09-07,18896.28,20.0,8.0,1.0,1.0,108709.18,97126.9,520.28,409.56,83567.53,Debit,2402.88,NEFT,Travel,Successful
T300189,2025-07-20,C100611,L201422,25.0,Female,Bengaluru,Karnataka,Self-employed,65500.0,Affluent,744.0,3,2,0,868900.0,0.095,Education,223695.24,60.0,10.97,Delinquent,2026-03-24,4860.33,9.0,3.0,0.0,0.0,214217.6,9368.29,0.0,223.99,-3447.88,Credit,326.08,IMPS,Travel,Successful
T300416,2025-07-20,C100561,L201791,33.0,Male,Mysuru,Karnataka,Salaried,80300.0,Mass Affluent,698.0,5,3,1,820700.0,0.193,Home,1053818.34,180.0,7.4,Closed,2025-10-18,9709.24,6.0,8.0,0.0,0.0,1003330.3,49905.48,0.0,286.2,-27874.31,Debit,3876.56,UPI,Healthcare,Successful
T302187,2025-07-20,C100300,,62.0,Male,New Delhi,Delhi,Self-employed,78700.0,Mass,777.0,5,5,0,456400.0,0.272,,,,,,,,,,,,,,,,,Debit,1696.83,IMPS,Shopping,Successful
T300605,2025-07-21,C100298,,33.0,Female,Rohini,Delhi,Business Owner,178600.0,Affluent,762.0,5,3,0,2275900.0,0.14,,,,,,,,,,,,,,,,,Debit,1068.07,IMPS,Groceries,Successful
T301360,2025-07-21,C100588,L200099,52.0,Male,Mumbai,Maharashtra,Salaried,130200.0,Mass,733.0,6,3,2,1316800.0,0.073,Home,2420089.31,180.0,7.0,Active,2025-08-01,21752.45,3.0,11.0,0.0,0.0,2264559.31,153735.42,0.0,170.23,-21767.77,Debit,964.37,Card,Healthcare,Successful
T300769,2025-07-21,C100761,L200859,40.0,Female,Siliguri,West Bengal,Business Owner,211400.0,SME,764.0,3,2,1,2238600.0,0.227,Home,3550357.11,300.0,7.07,Closed,2025-10-30,25251.95,9.0,8.0,0.0,0.0,3419046.98,129795.02,0.0,920.66,-140639.18,Debit,4471.34,Card,Healthcare,Failed
T300024,2025-07-21,C100281,L201062,39.0,Male,Surat,Gujarat,Salaried,31600.0,Mass,758.0,6,2,1,408900.0,0.221,Business,208416.01,36.0,14.91,Default,2025-08-23,7215.63,81.0,6.0,4.0,4.0,233425.93,57049.22,1782.12,159016.29,57224.32,Credit,863.0,Net Banking,Education,Reversed
T301457,2025-07-22,C100778,L201349,42.0,Male,Siliguri,West Bengal,Salaried,34300.0,Affluent,642.0,4,3,0,424000.0,0.178,Auto,183683.46,48.0,12.28,Closed,2026-06-19,4862.38,2.0,1.0,0.0,0.0,180522.91,3124.08,0.0,909.64,-13533.49,Debit,1207.99,UPI,Travel,Successful
T300748,2025-07-22,C100141,L200275,46.0,Male,Rohini,Delhi,Self-employed,72600.0,Mass,824.0,5,4,0,779300.0,0.606,Business,642946.79,24.0,13.22,Active,2025-11-23,30633.34,9.0,7.0,0.0,1.0,503565.08,137773.46,0.0,659.7,97901.37,Debit,1004.28,UPI,Shopping,Successful
T300248,2025-07-22,C100225,L201815,37.0,Male,Nizamabad,Telangana,Salaried,64800.0,Mass Affluent,651.0,4,4,0,444900.0,0.283,Education,186307.48,48.0,10.94,Active,2025-07-09,4809.79,21.0,10.0,1.0,1.0,155043.86,30902.88,583.95,692.68,20860.25,Debit,684.16,UPI,Healthcare,Successful
T301064,2025-07-22,C100586,L200302,21.0,Female,Dwarka,Delhi,Self-employed,65400.0,Mass,731.0,4,2,0,270200.0,0.133,Personal,122766.89,18.0,14.57,Active,2025-11-26,7633.96,0.0,7.0,0.0,0.0,88032.35,34333.76,0.0,89.4,25420.96,Debit,1238.52,UPI,Restaurants,Failed
T301394,2025-07-23,C100037,L200962,22.0,Male,Madurai,Tamil Nadu,Salaried,41800.0,Affluent,648.0,4,4,0,242400.0,0.193,Personal,126751.07,24.0,17.25,Closed,2026-04-04,6282.1,2.0,2.0,0.0,0.0,118584.34,8072.49,0.0,267.32,-3100.53,Debit,1042.81,Card,Utilities,Successful
T302161,2025-07-23,C100036,L201204,32.0,Male,New Delhi,Delhi,Salaried,35100.0,Mass Affluent,669.0,8,3,0,322400.0,0.215,Home,314900.73,300.0,8.39,Active,2026-06-30,2512.37,9.0,1.0,0.0,0.0,313267.69,1614.19,0.0,8.59,-26255.87,Debit,3035.5,NEFT,Education,Successful
T300186,2025-07-23,C100500,L200576,48.0,Male,Surat,Gujarat,Self-employed,81900.0,Mass,707.0,8,2,1,324600.0,0.226,Auto,559881.65,36.0,10.13,Default,2026-03-07,18100.0,28.0,2.0,1.0,2.0,627067.45,73152.18,687.43,260500.24,51188.91,Debit,3087.96,UPI,Restaurants,Successful
T301059,2025-07-23,C100193,L200376,35.0,Female,Vadodara,Gujarat,Salaried,138900.0,Affluent,741.0,8,3,0,1780800.0,0.22,Education,392172.36,24.0,10.31,Active,2025-09-22,18152.93,6.0,9.0,0.0,0.0,285977.73,104969.31,0.0,836.72,80743.67,Debit,1672.88,UPI,Healthcare,Successful
T301562,2025-07-23,C100109,L200008,21.0,Female,Pune,Maharashtra,Salaried,43800.0,Mass,738.0,5,4,1,537000.0,0.243,Personal,92104.5,36.0,14.28,Closed,2025-09-19,3160.45,6.0,9.0,0.0,0.0,73615.85,18275.32,0.0,494.45,17454.01,Credit,1306.41,UPI,Healthcare,Successful
T300611,2025-07-23,C100328,L200515,43.0,Female,Pune,Maharashtra,Self-employed,72400.0,Mass Affluent,694.0,3,3,1,617600.0,0.199,Auto,422729.38,72.0,11.37,Closed,2025-08-23,8126.6,4.0,10.0,0.0,0.0,369906.46,52213.43,0.0,363.75,23890.74,Debit,2839.09,IMPS,Shopping,Successful
T301068,2025-07-24,C100182,L201594,43.0,Male,Surat,Gujarat,Contract,47300.0,Affluent,660.0,7,2,0,308300.0,0.205,Personal,211670.03,18.0,17.72,Written Off,2025-10-07,13477.54,12.0,7.0,1.0,2.0,236898.87,108218.61,676.58,153294.26,-12732.76,Credit,4200.78,UPI,Restaurants,Successful
T301668,2025-07-24,C100003,L200246,38.0,Male,Ahmedabad,Gujarat,Contract,57900.0,Affluent,701.0,3,1,0,263400.0,0.139,Education,524047.6179985117,24.0,9.91,Closed,2025-11-29,8282.29,4.0,7.0,0.0,1.0,141961.58,37249.6,0.0,963.45,23660.36,Debit,685.62,UPI,Education,Successful
T300139,2025-07-24,C100296,L200118,36.0,Male,Rohini,Delhi,Contract,41400.0,Mass,700.0,5,5,0,485500.0,0.222,Personal,68913.17,36.0,15.86,Active,2026-03-15,2418.02,5.0,3.0,0.0,0.0,64198.03,4660.74,0.0,751.42,-1595.36,Debit,6165.44,UPI,Shopping,Successful
T300683,2025-07-24,C100732,L201354,27.0,Male,Nagpur,Maharashtra,Salaried,122400.0,Mass,730.0,2,2,0,848400.0,0.615,Business,641498.54,48.0,17.23,Closed,2025-07-03,18586.89,6.0,12.0,0.0,0.0,496520.8,143304.92,0.0,927.13,104352.07,Credit,4164.0,IMPS,Restaurants,Successful
T300072,2025-07-24,C100538,L200920,39.0,Female,Rohini,Delhi,Salaried,78800.0,Mass Affluent,655.0,10,2,0,917300.0,0.223,Business,741651.89,24.0,18.23,Closed,2026-03-13,37108.78,1.0,3.0,0.0,0.0,669289.77,71527.17,0.0,252.39,14555.07,Debit,3171.3,IMPS,Utilities,Successful
T301157,2025-07-24,C100739,L201948,40.0,Male,Surat,Gujarat,Salaried,57800.0,Affluent,694.0,3,3,0,449700.0,0.108,Personal,146807.17,36.0,14.51,Closed,2026-03-19,5053.96,8.0,3.0,0.0,0.0,136951.94,9741.51,0.0,829.82,-2653.04,Credit,6210.99,Net Banking,Groceries,Successful
T301105,2025-07-24,C100797,L201646,46.0,Male,Pune,Maharashtra,Salaried,117100.0,Mass,756.0,5,1,0,961500.0,0.496,Personal,208238.6,12.0,16.15,Active,2025-09-01,18908.45,0.0,10.0,0.0,1.0,85333.67,121486.8,0.0,119.26,112872.25,Debit,8864.03,UPI,Utilities,Successful
T301046,2025-07-24,C100135,L201684,37.0,Male,Nagpur,Maharashtra,Self-employed,57300.0,Affluent,758.0,1,1,1,440300.0,0.442,Personal,108315.08,18.0,14.1,Active,2026-03-24,6711.42,3.0,3.0,0.0,1.0,95227.8,12936.27,0.0,148.5,3178.59,Debit,469.42,Card,Shopping,Successful
T301473,2025-07-25,C100681,L200637,37.0,Male,Kolkata,West Bengal,Salaried,42100.0,Mass Affluent,609.0,6,2,1,312900.0,0.715,Business,237074.4,24.0,17.04,Default,2025-07-12,11726.05,165.0,3.0,8.0,8.0,265523.33,50825.07,2939.35,74125.54,37384.46,Debit,11906.64,Card,Restaurants,Reversed
T300768,2025-07-25,C100130,L201584,35.0,Female,Howrah,West Bengal,Self-employed,66800.0,Affluent,681.0,8,3,0,450400.0,0.28,Personal,100465.74,36.0,16.12,Active,2025-11-13,3538.03,6.0,7.0,0.0,1.0,84367.69,15912.3,0.0,686.44,5314.16,Debit,2403.95,UPI,Healthcare,Successful
T302038,2025-07-25,C100498,L202053,32.0,Male,Coimbatore,Tamil Nadu,Self-employed,67000.0,Mass,710.0,4,4,1,662800.0,0.148,Business,750140.03,24.0,15.75,Closed,2025-10-15,36639.65,5.0,8.0,0.0,0.0,559613.87,188327.78,0.0,988.57,142515.85,Credit,6488.42,UPI,Groceries,Successful
T302141,2025-07-25,C100715,L200042,35.0,Female,Ahmedabad,Gujarat,Business Owner,53100.0,Affluent,835.0,4,2,2,192600.0,0.27,Personal,117148.03,18.0,11.22,Active,2025-10-23,7101.55,0.0,8.0,0.0,0.0,80219.95,36501.98,0.0,984.43,30314.17,Debit,1094.44,Card,Education,Successful
T301339,2025-07-25,C100130,L201584,35.0,Female,Howrah,West Bengal,Self-employed,66800.0,Affluent,681.0,8,3,0,450400.0,0.28,Personal,100465.74,36.0,16.12,Active,2025-11-13,3538.03,6.0,7.0,0.0,1.0,84367.69,15912.3,0.0,686.44,5314.16,Debit,5846.91,UPI,Healthcare,Successful
T301225,2025-07-25,C100523,L200183,27.0,Male,Surat,Gujarat,Salaried,83900.0,Mass,808.0,3,3,2,826100.0,0.459,Home,1278854.85,240.0,7.0,Active,2025-12-22,9914.95,6.0,6.0,0.0,0.0,1240186.55,38222.12,0.0,619.31,-61451.26,Credit,389.33,UPI,Shopping,Successful
T300380,2025-07-25,C100508,L201149,39.0,Male,Surat,Gujarat,Contract,113700.0,Mass Affluent,704.0,6,1,1,958600.0,0.603,Personal,244438.64,12.0,15.37,Closed,2025-12-29,22105.32,1.0,6.0,0.0,0.0,158227.9,85216.0,0.0,252.46,75786.59,Debit,9169.16,UPI,Utilities,Failed
T300061,2025-07-25,C100131,L200191,56.0,Male,Hyderabad,Telangana,Salaried,142500.0,Mass,777.0,6,5,0,874300.0,0.311,Personal,395324.91,24.0,12.03,Active,2025-09-28,18614.86,0.0,9.0,0.0,1.0,286428.01,107640.4,0.0,127.38,86009.61,Credit,1260.46,IMPS,Utilities,Successful
T300046,2025-07-26,C100185,L200906,36.0,Male,Ahmedabad,Gujarat,Business Owner,117900.0,Mass,665.0,6,2,0,405700.0,0.222,Home,1740455.96,120.0,8.13,Active,2025-07-23,21236.28,0.0,11.0,0.0,0.0,1588616.57,150087.4,0.0,116.83,26671.03,Debit,4885.16,IMPS,Shopping,Successful
T301769,2025-07-26,C100628,L200970,37.0,Male,New Delhi,Delhi,Salaried,79900.0,Mass,584.0,4,4,1,893300.0,0.631,Auto,191313.55,36.0,14.23,Active,2025-10-22,6560.04,17.0,7.0,1.0,1.0,161465.39,29503.76,694.04,306.8,21345.66,Debit,3901.72,UPI,Travel,Successful
T301799,2025-07-26,C100677,,45.0,Female,Warangal,Telangana,Contract,70500.0,Mass Affluent,677.0,8,2,0,523300.0,0.293,,,,,,,,,,,,,,,,,Debit,1776.49,IMPS,,Successful
T301425,2025-07-26,C100334,L200310,31.0,Female,Siliguri,West Bengal,Contract,86500.0,Affluent,690.0,6,5,1,363700.0,0.47,Business,793645.17,60.0,16.93,Closed,2026-03-10,19694.27,9.0,3.0,0.0,0.0,755241.35,37960.7,0.0,716.24,-22541.2,Credit,1320.04,Card,Utilities,Successful
T301795,2025-07-26,C100527,,25.0,Female,Mumbai,Maharashtra,Retired,26200.0,Mass,715.0,6,3,0,156500.0,0.066,,,,,,,,,,,,,,,,,Debit,3500.29,UPI,Healthcare,Successful
T301592,2025-07-26,C100026,L201161,21.0,Female,Ahmedabad,Gujarat,Salaried,29400.0,Mass,719.0,5,5,0,280900.0,0.204,Business,199587.0,60.0,16.0,Closed,2026-03-02,4853.57,5.0,4.0,0.0,0.0,186967.72,12473.67,0.0,581.08,-2674.16,Debit,2829.98,Card,Utilities,Failed
T300278,2025-07-27,C100005,L200111,26.0,Male,Madurai,Tamil Nadu,Salaried,49400.0,Mass,708.0,4,3,0,188200.0,0.278,Personal,108116.13,18.0,14.2,Active,2026-04-17,6704.17,4.0,2.0,0.0,0.0,99400.71,8614.85,0.0,805.07,434.7,Credit,1920.88,UPI,Healthcare,Successful
T300493,2025-07-27,C100059,L202013,21.0,Female,New Delhi,Delhi,Salaried,102900.0,Mass,678.0,4,2,0,955400.0,0.144,Personal,271788.52,36.0,16.59,Active,2026-04-10,9634.63,5.0,2.0,0.0,0.0,259263.5,12380.51,0.0,914.96,-7121.13,Debit,12362.14,Net Banking,Healthcare,Successful
T300465,2025-07-27,C100256,L202038,29.0,Female,Kolkata,West Bengal,Business Owner,65600.0,Mass Affluent,696.0,9,4,0,542700.0,0.223,Auto,262398.51,36.0,12.44,Delinquent,2026-01-20,8770.63,7.0,5.0,0.0,0.0,233893.96,28175.66,0.0,561.97,13986.98,Credit,2946.67,Net Banking,Restaurants,Successful
T301927,2025-07-27,C100151,L201771,,Male,Bengaluru,Karnataka,Business Owner,147300.0,Mass Affluent,754.0,2,2,0,1673600.0,0.427,Auto,1348791.51,48.0,9.4,Closed,2025-11-15,33821.5,3.0,7.0,0.0,0.0,1194903.69,152112.19,0.0,931.08,57725.6,Credit,3095.04,UPI,Education,Successful
T301004,2025-07-27,C100621,L200485,48.0,Male,Pune,Maharashtra,Business Owner,94400.0,Mass Affluent,705.0,4,1,0,1175900.0,0.124,Home,769061.42,240.0,7.68,Active,2025-07-29,6280.43,,10.0,1.0,1.0,728238.65,40351.74,301.05,80.5,-17773.96,Debit,2098.24,IMPS,Healthcare,Successful
T300508,2025-07-27,C100205,L200611,42.0,Male,Chennai,Tamil Nadu,Salaried,55600.0,Mass Affluent,667.0,4,3,0,189600.0,0.444,Business,712520.65,36.0,16.54,Closed,2026-01-01,25240.48,15.0,5.0,1.0,1.0,630489.08,81085.05,329.75,934.52,30865.52,Debit,825.81,NEFT,Utilities,Successful
T300214,2025-07-27,C100736,L201984,45.0,Female,Surat,Gujarat,Business Owner,117900.0,Mass Affluent,680.0,2,2,0,1383000.0,0.39,Home,1545525.64,240.0,9.42,Delinquent,2026-03-14,14325.68,9.0,3.0,0.0,0.0,1517590.56,27612.75,0.0,607.63,-98576.65,Debit,442.74,UPI,Travel,Successful
T301655,2025-07-28,C100415,L202154,33.0,Male,Surat,Gujarat,Salaried,121000.0,Mass,608.0,6,6,1,791900.0,0.433,Consumer Durable,246826.29,6.0,21.59,Closed,2026-01-06,43766.68,2.0,5.0,0.0,0.0,104584.59,140600.45,0.0,357.22,131303.6,Debit,7091.78,UPI,Shopping,Successful
T300154,2025-07-28,C100676,,38.0,Female,Warangal,Telangana,Salaried,57900.0,Mass Affluent,725.0,5,5,1,496900.0,0.401,,,,,,,,,,,,,,,,,Debit,1039.66,IMPS,Education,Successful
T301935,2025-07-28,C100756,L200525,38.0,Male,Howrah,West Bengal,Salaried,195400.0,Affluent,769.0,4,4,1,1161400.0,0.12,Consumer Durable,237629.28,9.0,16.84,Closed,2025-12-27,28290.3,8.0,6.0,0.0,1.0,127297.12,109059.09,0.0,896.82,99811.91,Debit,1935.5,IMPS,Restaurants,Successful
T301342,2025-07-28,C100313,L200356,35.0,Male,Pune,Maharashtra,Salaried,36000.0,Mass Affluent,676.0,5,3,0,483300.0,0.295,Consumer Durable,40231.41,18.0,16.8,Closed,2025-11-10,2544.04,7.0,7.0,0.0,0.0,28656.02,11441.83,0.0,98.55,11373.86,Debit,1361.6,UPI,Travel,Successful
T301197,2025-07-28,C100010,L201627,54.0,Male,Bengaluru,Karnataka,Salaried,47500.0,SME,653.0,2,2,0,556300.0,0.087,Personal,53790.25,36.0,17.61,Active,2025-11-18,1934.14,3.0,7.0,0.0,1.0,44989.92,8698.79,0.0,723.34,1200.99,Debit,2609.51,NEFT,Shopping,Successful
T301711,2025-07-28,C100047,,34.0,Male,Surat,Gujarat,Salaried,36200.0,Mass,753.0,5,4,0,237000.0,0.209,,,,,,,,,,,,,,,,,Debit,4098.14,Card,Travel,Successful
T300581,2025-07-28,C100593,L200641,38.0,Female,Bengaluru,Karnataka,,30100.0,Mass,601.0,2,2,1,313900.0,0.398,Personal,60730.62,18.0,17.65,Active,2026-04-23,3864.84,6.0,2.0,0.0,1.0,55706.33,4966.32,0.0,12.8,-1779.85,Credit,2466.16,UPI,Utilities,Successful
T301623,2025-07-29,C100748,L201603,31.0,Male,Chennai,Tamil Nadu,Salaried,145500.0,Affluent,724.0,5,5,0,1159400.0,0.204,Home,1829912.27,180.0,8.36,Closed,2026-06-19,17870.02,1.0,1.0,0.0,0.0,1818296.76,11481.49,0.0,126.14,-131271.75,Credit,1241.37,UPI,Travel,Successful
T300821,2025-07-29,C100462,L201401,34.0,Female,Dwarka,Delhi,Salaried,46100.0,Mass,696.0,6,3,1,487500.0,0.357,Personal,96268.69,36.0,14.29,Closed,2026-01-24,3303.81,8.0,5.0,0.0,0.0,85531.3,10613.49,0.0,217.34,7338.31,Credit,13153.87,NEFT,Shopping,Failed
T302158,2025-07-29,C100181,L200499,49.0,Female,Surat,Gujarat,Contract,48400.0,SME,751.0,5,5,0,504800.0,0.367,Auto,379234.44,36.0,8.96,Closed,2025-08-29,12052.5,6.0,10.0,0.0,0.0,300893.22,77437.28,0.0,439.43,54240.21,Debit,2499.43,NEFT,Groceries,Successful
T301767,2025-07-29,C100412,L200851,22.0,Male,Warangal,Telangana,Self-employed,84200.0,Affluent,734.0,1,1,1,904700.0,0.388,Personal,131369.6,36.0,14.78,Delinquent,2026-01-15,4539.83,0.0,5.0,0.0,0.0,116615.15,14584.2,0.0,170.15,6550.63,Credit,3241.34,IMPS,Travel,Successful
T301370,2025-07-29,C100043,L202156,21.0,Male,Siliguri,West Bengal,Business Owner,119600.0,Mass Affluent,710.0,7,2,1,1317800.0,0.364,Home,1382162.39,240.0,8.28,Closed,2025-09-23,11802.97,3.0,9.0,0.0,0.0,1313115.01,68250.68,0.0,782.79,-37753.55,Credit,1748.11,Net Banking,Groceries,Successful
T301652,2025-07-29,C100066,L200470,52.0,Male,Warangal,Telangana,Self-employed,98700.0,Affluent,704.0,3,2,0,1364900.0,0.585,Education,268256.73,48.0,9.24,Active,2026-03-09,6706.19,4.0,3.0,0.0,0.0,255179.65,12926.19,0.0,455.92,-10771.05,Debit,2081.51,Net Banking,Shopping,Successful
T302025,2025-07-29,C100070,L201327,21.0,Male,Kolkata,West Bengal,Salaried,102000.0,Mass,722.0,6,5,1,460800.0,0.497,Home,402770.99,120.0,7.6,Active,2025-10-05,4802.01,2.0,8.0,0.0,0.0,377800.54,24682.33,0.0,669.01,-7498.15,Debit,1642.91,IMPS,Utilities,Successful
T300310,2025-07-30,C100139,L200092,52.0,Male,Siliguri,West Bengal,Business Owner,95800.0,Affluent,686.0,4,4,0,715400.0,0.123,Consumer Durable,90099.76,12.0,16.85,Active,2025-08-18,8211.11,9.0,10.0,0.0,0.0,36727.52,52756.41,0.0,891.42,54126.35,Credit,10563.01,IMPS,Utilities,Successful
T300866,2025-07-30,C100251,L200685,33.0,Male,Dwarka,Delhi,Self-employed,95700.0,Mass Affluent,674.0,7,1,0,1087000.0,0.09,Consumer Durable,117687.93,12.0,19.86,Closed,2025-08-01,10894.08,1.0,11.0,0.0,0.0,39795.26,76993.91,0.0,283.81,69370.54,Debit,3762.64,NEFT,Travel,Successful
T301579,2025-07-30,C100390,L201868,52.0,Female,Howrah,West Bengal,Contract,33300.0,Mass Affluent,680.0,4,3,1,183900.0,0.042,Consumer Durable,42203.02,12.0,18.46,Delinquent,2025-11-26,3878.42,1.0,7.0,0.0,0.0,24556.22,17443.18,0.0,802.07,17966.55,Debit,12289.28,UPI,Shopping,Successful
T301790,2025-07-30,C100066,L200470,52.0,Male,Warangal,Telangana,Self-employed,98700.0,Affluent,704.0,3,2,0,1364900.0,0.585,Education,268256.73,48.0,9.24,Active,2026-03-09,6706.19,4.0,3.0,0.0,0.0,255179.65,12926.19,0.0,455.92,-10771.05,Debit,2389.01,UPI,Groceries,Successful
T300701,2025-07-30,C100461,L200153,32.0,Male,New Delhi,Delhi,Self-employed,106900.0,Mass,793.0,7,3,1,864700.0,0.477,Auto,426185.08,36.0,7.95,Delinquent,2026-02-28,13345.26,9.0,4.0,0.0,0.0,391487.4,34297.33,0.0,253.9,4136.76,Debit,2158.64,UPI,Shopping,Failed
T301034,2025-07-30,C100070,L201327,21.0,Male,Kolkata,West Bengal,Salaried,102000.0,Mass,722.0,6,5,1,460800.0,0.497,Home,402770.99,120.0,7.6,Active,2025-10-05,4802.01,2.0,8.0,0.0,0.0,377800.54,24682.33,0.0,669.01,-7498.15,Debit,1689.83,Net Banking,Groceries,Successful
T300705,2025-07-30,C100274,L200372,40.0,Male,Kolkata,West Bengal,Self-employed,51500.0,SME,640.0,8,5,2,250000.0,0.341,Auto,113879.59,72.0,11.49,Active,2025-11-23,2196.28,4.0,7.0,0.0,1.0,103886.51,9877.77,0.0,151.75,5120.73,Credit,1505.05,IMPS,Education,Successful
T300153,2025-07-30,C100368,L200037,40.0,Female,Bengaluru,Karnataka,Self-employed,77900.0,Mass Affluent,681.0,8,2,1,297900.0,0.281,Consumer Durable,84620.06,6.0,19.56,Active,2025-11-17,14918.78,6.0,7.0,0.0,0.0,16739.62,67097.21,0.0,72.31,67016.5,Debit,1994.27,IMPS,Education,Successful
T300109,2025-07-31,C100629,L200800,32.0,Female,Nizamabad,Telangana,Self-employed,77500.0,Affluent,687.0,6,2,0,439600.0,0.29,Home,1009691.1,120.0,8.06,Active,2026-04-09,12282.37,7.0,2.0,0.0,0.0,993724.01,15782.85,0.0,545.59,-59266.87,Debit,835.85,UPI,Utilities,Successful
T301490,2025-07-31,C100600,L200188,50.0,Female,Nagpur,Maharashtra,Self-employed,143600.0,Mass,679.0,4,3,0,1843500.0,0.292,Home,936328.34,180.0,7.81,Active,2025-11-14,8845.64,1.0,7.0,0.0,1.0,896080.67,39783.27,0.0,127.94,-29130.72,Debit,4400.56,Card,Education,Successful
T300178,2025-07-31,C100221,,61.0,Female,New Delhi,Delhi,Salaried,57900.0,Affluent,752.0,3,3,0,383400.0,0.258,,,,,,,,,,,,,,,,,Credit,1545.77,Card,Education,Successful
T302083,2025-07-31,C100539,L200464,34.0,Female,Nizamabad,Telangana,Salaried,211900.0,Affluent,767.0,4,3,1,2816800.0,0.251,Consumer Durable,103357.03,6.0,15.89,Closed,2026-02-14,18033.28,5.0,4.0,0.0,0.0,56470.49,46345.54,0.0,402.33,42921.3,Debit,1331.03,UPI,Travel,Successful
T300369,2025-07-31,C100751,L200394,28.0,Male,Chennai,Tamil Nadu,Salaried,86800.0,Mass,756.0,6,1,0,616500.0,0.576,Personal,167469.71,24.0,14.69,Delinquent,2026-06-06,8095.4,2.0,1.0,0.0,0.0,162207.7,5201.29,0.0,421.53,-9738.65,Debit,3686.76,UPI,Utilities,Reversed
T300971,2025-07-31,C100775,L200812,40.0,Other,Mumbai,Maharashtra,Salaried,65400.0,Mass,718.0,5,3,0,624800.0,0.179,Consumer Durable,70772.86,18.0,18.58,Active,2026-03-17,4535.31,9.0,3.0,0.0,1.0,61929.01,8741.81,0.0,670.66,7265.11,Debit,859.71,UPI,Utilities,Successful
T300295,2025-07-31,C100244,L200990,45.0,Female,Bengaluru,Karnataka,Self-employed,49900.0,Mass Affluent,648.0,5,4,0,418900.0,0.423,Auto,463186.65,48.0,10.58,Active,2025-12-05,11877.05,8.0,6.0,0.0,1.0,416866.17,45786.02,0.0,547.92,11518.63,Debit,1123.95,NEFT,Groceries,Successful
T302019,2025-07-31,C100663,L200370,34.0,Male,Bengaluru,Karnataka,Salaried,51300.0,Mass,682.0,4,4,0,666500.0,0.622,Education,161568.58,24.0,10.66,Delinquent,2025-09-07,7504.88,3.0,9.0,0.0,0.0,117665.01,43396.99,0.0,398.13,37072.98,Debit,2879.55,NEFT,Travel,Successful
T300822,2025-07-31,C100459,L201500,41.0,Male,Chennai,Tamil Nadu,Business Owner,163800.0,Mass Affluent,727.0,6,1,0,1895500.0,0.2,Personal,318729.84,36.0,16.38,Closed,2025-09-23,11265.48,0.0,9.0,0.0,2.0,252826.76,65142.66,0.0,567.58,43919.71,Debit,1148.45,NEFT,Travel,Successful
T301488,2025-08-01,C100345,L201664,52.0,Male,Pune,Maharashtra,Business Owner,219900.0,Mass,744.0,2,2,1,2580100.0,0.282,Home,2814398.42,120.0,7.35,Closed,2025-08-15,33187.49,4.0,10.0,0.0,0.0,2598679.76,213229.6,0.0,783.54,3775.98,Debit,1634.71,UPI,Restaurants,Successful
T302066,2025-08-01,C100397,L201037,48.0,Male,Chennai,Tamil Nadu,Business Owner,236800.0,Mass,699.0,4,4,0,2095400.0,0.069,Auto,881314.49,36.0,11.2,Active,2026-06-13,28936.65,6.0,1.0,0.0,0.0,862505.67,18591.8,0.0,637.49,-48684.57,Debit,2926.09,UPI,Utilities,Successful
T300331,2025-08-01,C100728,L201163,21.0,Male,Mangaluru,Karnataka,Salaried,75100.0,Mass Affluent,756.0,7,3,0,296800.0,0.531,Personal,142313.54,12.0,13.82,Active,2026-06-23,12765.87,0.0,1.0,0.0,0.0,134015.72,8202.07,0.0,389.68,738.71,Debit,5132.8,Net Banking,Utilities,Successful
T300708,2025-08-01,C100113,L200260,36.0,Female,Kolkata,West Bengal,Salaried,75400.0,Affluent,676.0,4,4,0,771900.0,0.139,Home,954520.67,240.0,8.33,Written Off,2026-02-17,8181.14,6.0,4.0,0.0,1.0,1069063.15,95722.91,0.0,233680.77,-472584.0,Debit,5818.47,Card,Healthcare,Failed
T301969,2025-08-01,C100075,L202106,39.0,Male,Bengaluru,Karnataka,Salaried,72900.0,Mass Affluent,662.0,4,3,1,296500.0,0.146,Auto,271524.05,60.0,10.04,Active,2025-12-14,5774.43,6.0,6.0,0.0,0.0,249003.78,22260.42,0.0,354.41,-4752.5,Debit,4175.51,Card,Travel,Failed
T301338,2025-08-02,C100133,L202183,40.0,Female,Mangaluru,Karnataka,Self-employed,62300.0,Mass,709.0,2,2,0,631600.0,0.351,Personal,95001.5,24.0,14.49,Active,2026-01-24,4583.32,0.0,5.0,0.0,0.0,80105.72,14723.91,0.0,967.97,7901.63,Credit,2052.49,IMPS,Shopping,Successful
T300871,2025-08-02,C100651,L200816,50.0,Male,Surat,Gujarat,Salaried,56300.0,Affluent,738.0,3,3,0,748600.0,0.413,Auto,244791.14,60.0,9.27,Active,2025-09-29,5113.6,6.0,9.0,0.0,0.0,214876.59,29569.38,0.0,599.02,9204.88,Debit,4143.45,UPI,Shopping,Reversed
T301367,2025-08-02,C100584,L201003,49.0,Male,Vadodara,Gujarat,Salaried,54900.0,SME,622.0,4,1,1,210200.0,0.338,Consumer Durable,90767.25,12.0,19.69,Default,2026-03-15,8394.72,0.0,3.0,0.0,0.0,92822.58,26314.59,0.0,24662.61,20629.55,Debit,7881.04,UPI,Healthcare,Successful
T300583,2025-08-03,C100393,L200992,30.0,Female,Kolkata,West Bengal,Self-employed,74600.0,Affluent,707.0,5,1,0,1019300.0,0.276,Home,736055.12,240.0,7.98,Closed,2026-03-27,6147.5,1.0,3.0,0.0,0.0,724067.49,11849.31,0.0,354.81,-44187.79,Debit,926.53,UPI,Utilities,Successful
T300666,2025-08-03,C100497,L200083,32.0,Male,Chennai,Tamil Nadu,Salaried,123300.0,Mass,745.0,8,3,0,652100.0,0.612,Auto,1238803.21,48.0,8.75,Delinquent,2026-02-28,30680.82,18.0,3.0,1.0,1.0,1178975.6,59137.29,226.99,974.24,-38134.36,Credit,2051.35,UPI,Groceries,Reversed
T301163,2025-08-03,C100530,L200563,42.0,Male,Warangal,Telangana,Salaried,67400.0,Mass,726.0,4,2,3,319700.0,0.281,Consumer Durable,45095.3,18.0,16.14,Closed,2026-03-04,2837.51,6.0,3.0,0.0,0.0,39562.15,5469.31,0.0,864.23,4218.34,Credit,2102.48,IMPS,Groceries,Successful
T301313,2025-08-03,C100583,,50.0,Female,Mumbai,Maharashtra,Salaried,233900.0,Mass Affluent,838.0,7,2,0,2279900.0,0.35,,,,,,,,,,,,,,,,,Debit,475.68,IMPS,Shopping,Reversed
T300026,2025-08-03,C100787,,51.0,Male,Coimbatore,Tamil Nadu,Business Owner,197300.0,Mass,694.0,9,6,0,1421300.0,0.161,,,,,,,,,,,,,,,,,Debit,3176.3,Net Banking,Shopping,Successful
T302176,2025-08-03,C100422,L202010,44.0,Male,Mangaluru,Karnataka,Salaried,92500.0,Mass,680.0,3,2,0,291100.0,0.256,Home,1276825.85,240.0,9.14,Active,2026-06-09,11603.15,6.0,1.0,0.0,1.0,1269283.8,7455.02,0.0,178.35,-97265.77,Debit,3318.8,NEFT,Groceries,Successful
T300204,2025-08-04,C100737,L200172,26.0,Male,New Delhi,Delhi,Salaried,41800.0,Affluent,638.0,5,3,0,583700.0,0.281,Education,171075.72,36.0,13.46,Written Off,2026-04-24,5802.19,6.0,2.0,0.0,0.0,191604.81,22895.39,0.0,143552.17,-67043.46,Debit,8783.75,NEFT,Healthcare,Successful
T300860,2025-08-04,C100471,L202132,23.0,Female,Mysuru,Karnataka,Salaried,75300.0,SME,774.0,6,1,0,356900.0,0.213,Personal,204173.76,12.0,14.28,Active,2025-09-04,18359.08,3.0,9.0,0.0,1.0,96773.12,106161.4,0.0,130.64,95975.17,Debit,5151.47,UPI,Education,Successful
T301312,2025-08-04,C100400,,45.0,Male,Warangal,Telangana,Salaried,83900.0,Affluent,736.0,2,2,0,948300.0,0.279,,,,,,,,,,,,,,,,,Debit,3429.64,UPI,Groceries,Reversed
T302069,2025-08-04,C100752,L200072,33.0,Male,Bengaluru,Karnataka,Salaried,87600.0,Mass Affluent,688.0,3,3,0,687700.0,0.127,Auto,315531.61,60.0,9.83,Active,2025-07-30,6677.75,8.0,11.0,0.0,0.0,267785.69,47195.01,0.0,598.97,22969.33,Debit,2248.61,NEFT,Healthcare,Successful
T302163,2025-08-04,C100063,L202147,21.0,Male,Surat,Gujarat,Self-employed,109800.0,Affluent,759.0,8,3,1,1324200.0,0.319,Consumer Durable,179802.51,18.0,16.09,Active,2025-10-03,11309.39,0.0,9.0,0.0,1.0,113642.56,65396.57,0.0,621.6,59553.97,Debit,2809.24,UPI,Travel,Successful
T300377,2025-08-05,C100274,L200372,40.0,Male,Kolkata,West Bengal,Self-employed,51500.0,SME,640.0,8,5,2,250000.0,0.341,Auto,113879.59,72.0,11.49,Active,2025-11-23,2196.28,4.0,7.0,0.0,1.0,103886.51,9877.77,0.0,151.75,5120.73,Debit,4560.19,NEFT,Groceries,Successful
T301575,2025-08-05,C100728,L201163,21.0,Male,Mangaluru,Karnataka,Salaried,75100.0,Mass Affluent,756.0,7,3,0,296800.0,0.531,Personal,142313.54,12.0,13.82,Active,2026-06-23,12765.87,0.0,1.0,0.0,0.0,134015.72,8202.07,0.0,389.68,738.71,Debit,1616.19,Card,Shopping,Successful
T301966,2025-08-05,C100542,,42.0,Female,Coimbatore,Tamil Nadu,Self-employed,77000.0,Affluent,661.0,7,7,0,316400.0,0.089,,,,,,,,,,,,,,,,,Credit,2133.94,NEFT,Utilities,Successful
T300413,2025-08-05,C100488,L201790,40.0,Male,Kolkata,West Bengal,Salaried,118600.0,Mass,761.0,4,3,0,1445800.0,0.296,Personal,229415.85,12.0,12.99,Active,2026-03-28,20489.72,4.0,3.0,0.0,0.0,189460.89,39493.94,0.0,634.7,23776.74,Credit,8307.01,Net Banking,Groceries,Successful
T301527,2025-08-05,C100423,L200178,36.0,Male,Madurai,Tamil Nadu,Salaried,76500.0,Affluent,651.0,7,4,0,911100.0,0.341,Auto,461810.08,36.0,10.65,Active,2026-04-25,15042.64,0.0,2.0,0.0,0.0,442254.65,19329.79,0.0,558.47,-17946.87,Debit,3190.71,Card,Restaurants,Successful
T301069,2025-08-05,C100598,L200539,42.0,Female,Mumbai,Maharashtra,Self-employed,119900.0,Affluent,783.0,5,5,1,968600.0,0.321,Home,1573616.1,300.0,7.0,Active,2025-11-27,11121.99,8.0,7.0,0.0,0.0,1523011.04,50021.16,0.0,653.31,-73918.66,Debit,3130.3,UPI,Healthcare,Successful
T300269,2025-08-05,C100471,L202132,23.0,Female,Mysuru,Karnataka,Salaried,75300.0,SME,774.0,6,1,0,356900.0,0.213,Personal,204173.76,12.0,14.28,Active,2025-09-04,18359.08,3.0,9.0,0.0,1.0,96773.12,106161.4,0.0,130.64,95975.17,Credit,2184.15,IMPS,Shopping,Successful
T300184,2025-08-05,C100438,L201892,37.0,Male,Rohini,Delhi,Self-employed,87700.0,Mass Affluent,744.0,5,2,0,1078500.0,0.244,Personal,202240.28,24.0,14.82,Delinquent,2025-11-19,9788.67,28.0,6.0,1.0,1.0,164064.48,37735.31,544.47,576.16,26657.93,Debit,6176.53,Net Banking,Shopping,Successful
T300796,2025-08-05,C100162,L201577,55.0,Male,Surat,Gujarat,Contract,64200.0,Mass Affluent,729.0,5,2,0,334300.0,0.174,Business,167349.63,48.0,16.09,Closed,2026-06-21,4750.45,7.0,1.0,0.0,0.0,164261.84,3052.17,0.0,62.21,-10417.97,Debit,16495.7,IMPS,Travel,Successful
T302142,2025-08-06,C100220,L201197,43.0,Male,Bengaluru,Karnataka,Salaried,68800.0,Mass Affluent,732.0,6,1,0,962300.0,0.442,Consumer Durable,58120.78,6.0,17.6,Active,2025-12-02,10190.08,1.0,7.0,0.0,0.0,11755.89,45829.91,0.0,256.93,46777.58,Credit,7018.09,UPI,Restaurants,Successful
T300388,2025-08-06,C100123,L201651,41.0,Male,Vadodara,Gujarat,Salaried,60000.0,Mass Affluent,696.0,5,2,0,490800.0,0.356,Personal,108998.95,36.0,14.82,Active,2025-08-14,3768.88,2.0,10.0,0.0,0.0,84501.21,24215.08,0.0,38.65,18650.18,Debit,3816.99,UPI,Groceries,Successful
T301819,2025-08-07,C100165,L201084,39.0,Male,Mangaluru,Karnataka,Self-employed,130500.0,SME,680.0,6,4,0,1104800.0,0.1,Personal,267194.06,18.0,15.17,Active,2026-05-19,16690.23,8.0,1.0,0.0,1.0,256345.41,10723.47,0.0,860.08,-11835.26,Debit,9281.49,IMPS,Utilities,Successful
T301266,2025-08-07,C100113,L200260,36.0,Female,Kolkata,West Bengal,Salaried,75400.0,Affluent,676.0,4,4,0,771900.0,0.139,Home,954520.67,240.0,8.33,Written Off,2026-02-17,8181.14,6.0,4.0,0.0,1.0,1069063.15,95722.91,0.0,233680.77,-472584.0,Debit,2417.06,IMPS,Education,Successful
T301974,2025-08-07,C100790,L201504,58.0,Male,Dwarka,Delhi,Self-employed,155700.0,Mass,719.0,6,2,0,1963600.0,0.207,Personal,238178.41,12.0,14.99,Closed,2026-02-28,21496.46,5.0,4.0,0.0,0.0,182287.62,55245.9,0.0,759.28,36961.99,Debit,6217.63,NEFT,Education,Successful
T302139,2025-08-07,C100516,L200585,25.0,Male,Madurai,Tamil Nadu,Salaried,31900.0,Mass Affluent,731.0,3,3,0,382200.0,0.27,Auto,142272.15,48.0,9.76,Active,2026-03-09,3592.01,2.0,3.0,0.0,0.0,135267.72,6923.61,0.0,222.24,-9732.94,Credit,2068.88,UPI,Travel,Reversed
T300707,2025-08-07,C100200,L201031,43.0,Male,Ahmedabad,Gujarat,Salaried,43000.0,Mass,609.0,4,1,2,223700.0,0.504,Business,310789.33,24.0,18.65,Active,2025-11-29,15613.66,7.0,7.0,0.0,0.0,239747.17,70222.45,0.0,427.85,48251.3,Debit,5199.28,UPI,Utilities,Failed
T300706,2025-08-08,C100183,L201894,40.0,Female,Kolkata,West Bengal,Self-employed,34200.0,Affluent,716.0,7,3,0,106100.0,0.429,Auto,86195.73,60.0,11.07,Closed,2025-10-11,1877.11,6.0,8.0,0.0,0.0,76434.73,9648.37,0.0,300.72,6482.12,Credit,10754.52,NEFT,Shopping,Successful
T300113,2025-08-08,C100013,L201724,34.0,Female,Madurai,Tamil Nadu,Self-employed,102700.0,SME,744.0,3,2,0,384900.0,0.463,Education,439294.38,60.0,11.02,Active,2025-11-25,9555.71,4.0,7.0,0.0,0.0,395815.92,42976.79,0.0,742.53,9496.68,Debit,815.07,UPI,Healthcare,Successful
T300652,2025-08-08,C100111,L201799,25.0,Female,New Delhi,Delhi,Salaried,68200.0,Affluent,724.0,9,6,1,949200.0,0.116,Education,332197.99,48.0,9.56,Active,2026-01-14,8355.38,3.0,5.0,0.0,0.0,305043.01,26841.65,0.0,906.99,337.15,Debit,2532.49,UPI,Travel,Successful
T302093,2025-08-08,C100275,,32.0,Female,Chennai,Tamil Nadu,Business Owner,408100.0,Affluent,758.0,3,2,1,4406500.0,0.179,,,,,,,,,,,,,,,,,Debit,2656.11,UPI,Shopping,Failed
T301723,2025-08-08,C100354,L200960,50.0,Male,Warangal,Telangana,Self-employed,46800.0,Mass,667.0,2,2,1,202600.0,0.178,Consumer Durable,43711.96,12.0,20.31,Closed,2026-05-12,4055.72,9.0,1.0,0.0,0.0,41075.74,2605.8,0.0,441.78,-65.11,Credit,4810.35,UPI,Restaurants,Successful
T300173,2025-08-08,C100087,L200291,28.0,Male,Mumbai,Maharashtra,Business Owner,188400.0,Mass,850.0,3,3,0,714100.0,0.264,Business,1766655.34,60.0,13.3,Closed,2026-04-03,40468.67,5.0,2.0,0.0,0.0,1714046.07,52002.24,0.0,496.2,-83052.22,Credit,1188.4,UPI,Restaurants,Successful
T302108,2025-08-08,C100672,L201455,53.0,Female,Nagpur,Maharashtra,Self-employed,139300.0,Mass,717.0,1,1,1,618500.0,0.511,Home,685279.48,240.0,7.23,Active,2025-08-03,5407.98,2.0,11.0,0.0,0.0,646612.4,38220.92,0.0,399.34,-13829.28,Debit,559.89,UPI,Utilities,Successful
T302097,2025-08-08,C100010,L201627,54.0,Male,Bengaluru,Karnataka,Salaried,47500.0,SME,653.0,2,2,0,556300.0,0.087,Personal,53790.25,36.0,17.61,Active,2025-11-18,1934.14,3.0,7.0,0.0,1.0,44989.92,8698.79,0.0,723.34,1200.99,Debit,2427.6,NEFT,Groceries,Successful
T301545,2025-08-08,C100635,L201482,25.0,Female,Mumbai,Maharashtra,Salaried,147800.0,Mass,716.0,7,5,0,1373800.0,0.548,Consumer Durable,97400.62,6.0,16.99,Active,2025-07-16,17047.29,1.0,11.0,0.0,0.0,0.0,133949.9,0.0,0.0,131867.06,Debit,4595.57,Card,Education,Reversed
T301416,2025-08-08,C100673,L200461,42.0,Male,Kolkata,West Bengal,Retired,40800.0,Mass,702.0,5,3,0,492200.0,0.088,Home,851114.53,240.0,9.17,Closed,2026-05-20,7751.0,7.0,1.0,0.0,1.0,846076.38,4980.02,0.0,927.36,-60178.62,Credit,744.37,UPI,Education,Successful
T300784,2025-08-08,C100595,L201675,37.0,Female,Howrah,West Bengal,Salaried,229100.0,Affluent,777.0,6,3,0,1945600.0,0.197,Home,1658187.89,240.0,7.0,Active,2026-04-15,12855.91,6.0,2.0,0.0,0.0,1641475.2,16519.85,0.0,799.63,-112291.52,Debit,4680.24,NEFT,Shopping,Successful
T301273,2025-08-08,C100140,L200327,38.0,Female,Howrah,West Bengal,Salaried,40900.0,Mass,739.0,5,5,0,208300.0,0.491,Business,252173.38,24.0,14.8,Active,2025-10-23,12203.09,1.0,8.0,0.0,0.0,188717.29,62723.9,0.0,912.12,45872.25,Debit,1505.03,IMPS,Shopping,Successful
T300776,2025-08-09,C100215,L201311,49.0,Female,Nizamabad,Telangana,Business Owner,143100.0,Mass,710.0,4,2,0,1715100.0,0.391,Consumer Durable,111418.52,12.0,17.6,Closed,2025-12-30,10193.65,5.0,6.0,0.0,0.0,71663.28,39296.52,0.0,799.15,37046.46,Credit,3621.36,IMPS,Utilities,Successful
T302191,2025-08-09,C100595,L201675,37.0,Female,Howrah,West Bengal,Salaried,229100.0,Affluent,777.0,6,3,0,1945600.0,0.197,Home,1658187.89,240.0,7.0,Active,2026-04-15,12855.91,6.0,2.0,0.0,0.0,1641475.2,16519.85,0.0,799.63,-112291.52,Credit,1541.12,IMPS,Travel,Successful
T301463,2025-08-09,C100086,L201065,28.0,Female,Dwarka,Delhi,Salaried,83100.0,Mass,723.0,1,1,0,738200.0,0.498,Auto,441711.56,48.0,8.02,Active,2025-07-17,10787.62,2.0,11.0,0.0,0.0,364580.1,76241.49,0.0,959.11,50572.87,Debit,1342.64,Net Banking,Groceries,Successful
T300675,2025-08-09,C100211,L200582,42.0,Male,Mumbai,Maharashtra,Business Owner,112100.0,Mass Affluent,647.0,6,2,0,1128500.0,0.219,Home,1487779.56,120.0,9.86,Delinquent,2026-01-26,19545.96,8.0,4.0,1.0,1.0,1436960.07,50233.11,618.88,205.62,-63978.81,Debit,1822.32,NEFT,Groceries,Successful
T301902,2025-08-10,C100585,,30.0,Female,Howrah,West Bengal,Contract,49600.0,SME,705.0,3,1,0,466600.0,0.489,,,,,,,,,,,,,,,,,Credit,1844.76,UPI,Travel,Successful
T300376,2025-08-10,C100200,L201031,43.0,Male,Ahmedabad,Gujarat,Salaried,43000.0,Mass,609.0,4,1,2,223700.0,0.504,Business,310789.33,24.0,18.65,Active,2025-11-29,15613.66,7.0,7.0,0.0,0.0,239747.17,70222.45,0.0,427.85,48251.3,Credit,907.23,NEFT,Healthcare,Successful
T301542,2025-08-10,C100055,L200677,29.0,Female,Bengaluru,Karnataka,Business Owner,139500.0,Mass,802.0,3,3,0,1435400.0,0.255,Personal,148124.68,36.0,13.06,Active,2026-02-03,4995.19,7.0,4.0,0.0,0.0,135137.19,12837.63,0.0,519.07,492.93,Debit,5111.05,UPI,Education,Successful
T300203,2025-08-10,C100169,L201093,44.0,Female,Coimbatore,Tamil Nadu,Salaried,,Mass Affluent,678.0,6,4,1,438800.0,0.18,Consumer Durable,203830.05,18.0,18.74,Active,2025-09-03,13077.55,8.0,10.0,0.0,0.0,118825.97,84023.26,0.0,954.25,73031.26,Debit,883.05,Net Banking,Shopping,Successful
T301877,2025-08-10,C100672,L201455,53.0,Female,Nagpur,Maharashtra,Self-employed,139300.0,Mass,717.0,1,1,1,618500.0,0.511,Home,685279.48,240.0,7.23,Active,2025-08-03,5407.98,2.0,11.0,0.0,0.0,646612.4,38220.92,0.0,399.34,-13829.28,Debit,6196.38,IMPS,Utilities,Failed
T300569,2025-08-10,C100502,L201592,52.0,Male,Mysuru,Karnataka,Contract,53900.0,Mass Affluent,686.0,7,1,0,306800.0,0.121,Personal,136565.22,18.0,16.46,Closed,2025-08-14,8613.72,1.0,10.0,0.0,0.0,80576.02,55343.17,0.0,220.2,49506.27,Debit,962.84,Card,Education,Successful
T301484,2025-08-11,C100506,L201428,54.0,Female,Dwarka,Delhi,Business Owner,134500.0,SME,846.0,3,2,0,1497500.0,0.426,Business,1445022.69,24.0,13.51,Active,2026-06-25,69045.68,0.0,1.0,0.0,0.0,1400143.0,44361.85,0.0,804.33,-68975.1,Debit,1698.38,NEFT,Shopping,Successful
T302006,2025-08-11,C100282,L201983,28.0,Female,Mangaluru,Karnataka,Salaried,122200.0,Affluent,761.0,8,1,0,670600.0,0.337,Education,223097.37,24.0,8.72,Closed,2026-06-24,10163.51,0.0,1.0,0.0,0.0,216491.09,6530.05,0.0,607.59,-10015.78,Debit,2690.63,IMPS,Utilities,Successful
T301924,2025-08-11,C100250,L201735,48.0,Male,Dwarka,Delhi,Salaried,52000.0,Mass,716.0,8,4,0,244000.0,0.321,Auto,274845.37,72.0,10.3,Default,2025-07-21,5133.42,30.0,8.0,3.0,3.0,307826.81,59207.14,669.21,92225.92,42447.39,Debit,2914.5,Card,Groceries,Successful
T301420,2025-08-11,C100357,L200116,42.0,Female,Nizamabad,Telangana,Business Owner,106000.0,Mass,729.0,4,1,0,945500.0,0.624,Personal,122135.65,36.0,13.64,Active,2025-10-18,4152.98,9.0,8.0,0.0,0.0,100540.14,21346.34,0.0,723.35,11233.4,Debit,8524.53,IMPS,Groceries,Successful
T301037,2025-08-11,C100325,L200124,36.0,Female,Madurai,Tamil Nadu,Contract,26600.0,Mass Affluent,718.0,4,2,0,356900.0,0.499,Business,259885.08,60.0,15.69,Delinquent,2026-02-16,6277.17,5.0,4.0,0.0,0.0,243564.43,16132.34,0.0,486.7,-2004.07,Credit,3638.94,UPI,Healthcare,Successful
T301607,2025-08-12,C100216,L201170,29.0,Male,Madurai,Tamil Nadu,Business Owner,64600.0,Mass,725.0,4,4,0,311200.0,0.234,Personal,113445.26,12.0,15.46,Active,2025-10-26,10264.02,6.0,8.0,0.0,0.0,60072.36,52757.05,0.0,735.74,52213.38,Debit,2331.47,UPI,Education,Successful
T300987,2025-08-12,C100059,L202013,21.0,Female,New Delhi,Delhi,Salaried,102900.0,Mass,678.0,4,2,0,955400.0,0.144,Personal,271788.52,36.0,16.59,Active,2026-04-10,9634.63,5.0,2.0,0.0,0.0,259263.5,12380.51,0.0,914.96,-7121.13,Debit,7725.45,Net Banking,Healthcare,Successful
T301951,2025-08-12,C100288,L200701,36.0,Female,Siliguri,West Bengal,Salaried,68000.0,Affluent,719.0,3,3,0,298200.0,0.24,Business,355117.87,24.0,16.16,Active,2025-07-12,17414.84,13.0,10.0,1.0,1.0,241921.43,111890.32,711.35,437.45,89094.03,Debit,613.53,UPI,Education,Successful
T301453,2025-08-12,C100273,L200786,53.0,Male,Vadodara,Gujarat,Salaried,104900.0,Mass Affluent,850.0,4,2,1,1358300.0,0.19,Consumer Durable,128666.1,12.0,15.03,Closed,2026-04-29,11615.01,3.0,2.0,0.0,0.0,113566.59,14925.28,0.0,984.84,4270.04,Debit,,Net Banking,Restaurants,Failed
T301628,2025-08-12,C100687,L201348,39.0,Female,Nagpur,Maharashtra,Salaried,84300.0,SME,547.0,3,3,1,349400.0,0.378,Personal,170257.99,12.0,17.71,Closed,2025-07-29,15585.76,25.0,9.0,2.0,2.0,79081.28,90124.67,1108.89,424.82,82641.59,Credit,1475.24,UPI,Restaurants,Successful
T301088,2025-08-13,C100001,L200550,45.0,Male,Kolkata,West Bengal,Business Owner,129900.0,Affluent,682.0,2,2,1,740900.0,0.362,Business,766649.59,36.0,17.07,Active,2026-03-24,27359.86,4.0,3.0,0.0,0.0,713297.85,52736.14,0.0,172.7,-7576.98,Debit,6989.38,IMPS,Utilities,Successful
T300912,2025-08-13,C100512,L200013,44.0,Male,Howrah,West Bengal,Contract,57500.0,SME,699.0,7,5,2,243300.0,0.413,Auto,198283.84,48.0,9.91,Closed,2026-01-27,5020.42,7.0,5.0,0.0,0.0,181967.46,16128.11,0.0,597.49,5799.8,Credit,5379.24,NEFT,Restaurants,Successful
T302136,2025-08-13,C100133,L202183,40.0,Female,Mangaluru,Karnataka,Self-employed,62300.0,Mass,709.0,2,2,0,631600.0,0.351,Personal,95001.5,24.0,14.49,Active,2026-01-24,4583.32,0.0,5.0,0.0,0.0,80105.72,14723.91,0.0,967.97,7901.63,Debit,3744.04,NEFT,Travel,Successful
T300558,2025-08-13,C100573,L200259,25.0,Female,Dwarka,Delhi,Self-employed,121900.0,Mass,718.0,5,4,0,1030100.0,0.073,Personal,161199.74,24.0,15.3,Closed,2026-03-01,7839.03,8.0,4.0,0.0,0.0,140818.26,20146.31,0.0,735.98,10328.73,Debit,166.21,NEFT,Groceries,Successful
T302035,2025-08-14,C100642,L200933,54.0,Female,New Delhi,Delhi,Business Owner,230900.0,Mass,823.0,4,3,0,1227000.0,0.287,Personal,275587.06,18.0,11.95,Active,2026-03-03,16799.46,4.0,3.0,0.0,0.0,242828.11,32380.97,0.0,562.81,14742.53,Debit,9449.88,UPI,Groceries,Successful
T301611,2025-08-14,C100696,L201811,34.0,Male,Siliguri,West Bengal,Self-employed,28000.0,Mass Affluent,655.0,6,2,0,159500.0,0.355,Personal,79336.89,24.0,15.63,Closed,2026-03-30,3870.57,5.0,3.0,0.0,0.0,71789.28,7460.52,0.0,328.58,-105.86,Credit,1071.64,UPI,Groceries,Successful
T302013,2025-08-14,C100403,L200728,22.0,Female,Mysuru,Karnataka,Business Owner,183100.0,Affluent,746.0,10,3,0,1574100.0,0.418,Home,2728092.23,240.0,7.0,Closed,2025-09-08,21150.87,7.0,9.0,0.0,0.0,2604359.64,122304.91,0.0,487.66,-86118.78,Debit,2263.23,Net Banking,Groceries,Successful
T301332,2025-08-14,C100226,,42.0,Female,Kolkata,West Bengal,Contract,36500.0,Mass,671.0,8,4,1,190400.0,0.189,,,,,,,,,,,,,,,,,Debit,967.33,UPI,Groceries,Successful
T301633,2025-08-14,C100358,L200834,21.0,Female,Chennai,Tamil Nadu,Business Owner,140700.0,Mass,840.0,6,4,0,1171600.0,0.544,Business,846942.38,60.0,12.99,Active,2026-03-13,19266.21,16.0,2.0,1.0,1.0,821896.31,24757.08,258.15,608.02,-43166.1,Debit,1511.67,Net Banking,Travel,Successful
T300771,2025-08-14,C100221,,61.0,Female,New Delhi,Delhi,Salaried,57900.0,Affluent,752.0,3,3,0,383400.0,0.258,,,,,,,,,,,,,,,,,Debit,3397.04,Net Banking,Utilities,Successful
T300986,2025-08-14,C100695,L201039,40.0,Male,Nizamabad,Telangana,Contract,49900.0,Mass Affluent,700.0,4,4,0,365700.0,0.461,Personal,67934.86,18.0,15.81,Delinquent,2025-08-08,4264.04,12.0,9.0,1.0,2.0,42990.2,24656.84,414.72,346.51,20281.68,Credit,5193.46,IMPS,Restaurants,Successful
T301993,2025-08-14,C100687,L201348,39.0,Female,Nagpur,Maharashtra,Salaried,84300.0,SME,547.0,3,3,1,349400.0,0.378,Personal,170257.99,12.0,17.71,Closed,2025-07-29,15585.76,25.0,9.0,2.0,2.0,79081.28,90124.67,1108.89,424.82,82641.59,Debit,1180.34,Net Banking,Education,Successful
T300739,2025-08-14,C100702,L200102,29.0,Female,Kolkata,West Bengal,Salaried,46500.0,SME,756.0,3,3,1,185300.0,0.226,Business,395882.02,12.0,14.9,Closed,2025-10-12,35712.97,1.0,8.0,0.0,0.0,210174.6,183564.64,0.0,325.04,166150.29,Debit,1185.71,UPI,Education,Failed
T300629,2025-08-14,C100414,L200669,47.0,Female,Nagpur,Maharashtra,Contract,44500.0,Mass,667.0,5,1,0,577600.0,0.075,Education,142055.74,24.0,12.46,Active,2025-07-19,6717.61,7.0,11.0,0.0,0.0,94024.8,47476.73,0.0,240.3,37455.38,Debit,4572.87,IMPS,Utilities,Successful
T300719,2025-08-15,C100024,L200589,54.0,Male,Ahmedabad,Gujarat,Contract,48900.0,Mass Affluent,785.0,4,4,0,161900.0,0.507,Consumer Durable,38687.18,9.0,16.33,Active,2026-05-07,4596.33,5.0,1.0,0.0,0.0,35699.57,2953.14,0.0,566.68,-784.91,Debit,2986.77,IMPS,Healthcare,Reversed
T300003,2025-08-16,C100726,L200665,29.0,Female,Warangal,Telangana,Salaried,77900.0,Mass,781.0,3,3,0,821900.0,0.208,Business,554852.24,36.0,15.65,Delinquent,2026-02-07,19411.22,27.0,3.0,1.0,2.0,517000.36,37415.12,637.15,729.69,-1358.46,Debit,3199.64,IMPS,Groceries,Reversed
T301393,2025-08-16,C100344,L201741,34.0,Male,Ahmedabad,Gujarat,Self-employed,89200.0,Affluent,780.0,6,2,0,705100.0,0.46,Consumer Durable,115053.9,9.0,15.94,Closed,2026-03-01,13647.76,5.0,4.0,0.0,0.0,79569.73,35074.74,0.0,190.52,29591.24,Debit,7060.4,Net Banking,Travel,Successful
T301035,2025-08-16,C100521,L200516,21.0,Female,Nizamabad,Telangana,Contract,59800.0,Mass Affluent,726.0,3,3,0,580600.0,0.38,Home,267961.83,180.0,7.04,Closed,2025-12-18,2414.51,9.0,6.0,0.0,1.0,258545.23,9307.95,0.0,941.05,-12360.35,Debit,1984.35,NEFT,Utilities,Successful
T300293,2025-08-16,C100272,L201066,31.0,Male,Surat,Gujarat,Salaried,61700.0,Mass Affluent,736.0,5,1,0,749800.0,0.124,Auto,483709.56,72.0,9.38,Active,2026-03-04,8810.63,2.0,3.0,0.0,1.0,466528.83,16982.49,0.0,876.7,-18950.48,Credit,1499.26,UPI,Shopping,Successful
T301574,2025-08-16,C100780,L200046,42.0,Female,Bengaluru,Karnataka,Contract,34200.0,Affluent,680.0,9,3,2,425700.0,0.339,Personal,83381.99,12.0,15.96,Active,2025-09-06,7563.74,5.0,9.0,0.0,0.0,39134.1,43737.33,0.0,219.14,41321.02,Debit,188.98,Net Banking,Healthcare,Successful
T301635,2025-08-16,C100795,L201933,34.0,Male,Dwarka,Delhi,Salaried,113400.0,Affluent,710.0,5,4,1,517700.0,0.159,Business,798768.81,12.0,16.72,Closed,2026-06-10,72745.41,4.0,1.0,0.0,0.0,751484.29,46738.93,0.0,865.76,-8204.73,Credit,1473.49,Net Banking,Groceries,Successful
T301406,2025-08-17,C100642,L200933,54.0,Female,New Delhi,Delhi,Business Owner,230900.0,Mass,823.0,4,3,0,1227000.0,0.287,Personal,275587.06,18.0,11.95,Active,2026-03-03,16799.46,4.0,3.0,0.0,0.0,242828.11,32380.97,0.0,562.81,14742.53,Debit,979.87,NEFT,Travel,Successful
T302131,2025-08-17,C100599,L200395,45.0,Male,Nagpur,Maharashtra,Retired,30300.0,Mass Affluent,702.0,4,4,0,374600.0,0.181,Personal,26532.24,12.0,16.0,Delinquent,2025-11-04,2407.29,12.0,6.0,1.0,1.0,17143.8,9280.11,210.96,796.45,5261.71,Credit,11049.39,Card,Travel,Successful
T300863,2025-08-17,C100597,L201088,54.0,Male,Nizamabad,Telangana,Business Owner,54300.0,Mass Affluent,558.0,4,3,1,476900.0,0.296,Home,704948.89,180.0,12.08,Written Off,2025-07-08,8496.89,70.0,7.0,4.0,4.0,789542.76,106004.84,892.19,427290.32,-279405.29,Credit,413.21,IMPS,Education,Successful
T300228,2025-08-17,C100538,L200920,39.0,Female,Rohini,Delhi,Salaried,78800.0,Mass Affluent,655.0,10,2,0,917300.0,0.223,Business,741651.89,24.0,18.23,Closed,2026-03-13,37108.78,1.0,3.0,0.0,0.0,669289.77,71527.17,0.0,252.39,14555.07,Debit,1681.03,IMPS,Education,Successful
T301573,2025-08-18,C100424,L202057,36.0,Female,Dwarka,Delhi,Salaried,62900.0,Mass Affluent,799.0,9,4,2,867600.0,0.465,Personal,88225.08,18.0,12.74,Active,2025-07-12,5410.52,17.0,10.0,1.0,1.0,53056.68,34762.61,566.7,17.44,33052.03,Credit,528.25,Card,Travel,Successful
T300755,2025-08-18,C100697,L202111,43.0,Female,New Delhi,Delhi,Business Owner,110200.0,Affluent,713.0,3,3,0,1256600.0,0.282,Home,835804.41,300.0,8.92,Active,2026-01-07,6968.31,9.0,5.0,0.0,0.0,813157.4,22385.69,0.0,762.69,-44025.66,Debit,2708.16,UPI,Utilities,Successful
T301978,2025-08-18,C100018,L201369,34.0,Male,New Delhi,Delhi,Salaried,49200.0,Mass Affluent,649.0,8,3,1,301900.0,0.49,Home,820777.1,300.0,9.32,Closed,2026-05-26,7068.67,6.0,1.0,0.0,0.0,816182.46,4541.62,0.0,165.71,-58268.39,Debit,2002.82,UPI,Travel,Successful
T301654,2025-08-18,C100534,L201328,49.0,Male,Siliguri,West Bengal,Self-employed,65400.0,SME,714.0,5,3,0,820800.0,0.217,Education,395422.39,48.0,9.23,Active,2026-01-23,9883.34,0.0,5.0,0.0,0.0,363301.52,31750.24,0.0,537.65,1640.68,Debit,6400.76,IMPS,Utilities,Successful
T301810,2025-08-19,C100761,L200859,40.0,Female,Siliguri,West Bengal,,211400.0,SME,764.0,3,2,1,2238600.0,0.227,Home,3550357.11,300.0,7.07,Closed,2025-10-30,25251.95,9.0,8.0,0.0,0.0,3419046.98,129795.02,0.0,920.66,-140639.18,Debit,2792.13,UPI,Shopping,Successful
T300904,2025-08-19,C100201,L202093,21.0,Male,Vadodara,Gujarat,Business Owner,118400.0,Mass,705.0,9,1,2,762900.0,0.495,Personal,284398.46,12.0,15.98,Delinquent,2026-03-13,25801.02,49.0,1.0,2.0,2.0,267627.79,16577.16,497.8,369.92,-8338.1,Debit,1346.92,IMPS,Travel,Successful
T300593,2025-08-19,C100675,L202047,36.0,Male,Nizamabad,Telangana,Self-employed,69000.0,Mass Affluent,804.0,8,2,0,575500.0,0.261,Business,321396.78,36.0,14.07,Active,2026-01-25,10995.51,5.0,5.0,0.0,0.0,285661.37,35323.08,0.0,0.37,14179.7,Debit,778.68,IMPS,Healthcare,Failed
T301248,2025-08-19,C100346,L202022,48.0,Female,Warangal,Telangana,Business Owner,112900.0,Mass,738.0,2,2,0,689600.0,0.196,Business,327401.4,60.0,14.49,Active,2026-04-18,7701.48,8.0,2.0,0.0,0.0,317389.47,9896.41,0.0,325.2,-20385.83,Debit,7230.38,NEFT,Shopping,Failed
T301907,2025-08-19,C100325,L200124,36.0,Female,Madurai,Tamil Nadu,Contract,26600.0,Mass Affluent,718.0,4,2,0,356900.0,0.499,Business,259885.08,60.0,15.69,Delinquent,2026-02-16,6277.17,5.0,4.0,0.0,0.0,243564.43,16132.34,0.0,486.7,-2004.07,Debit,532.61,IMPS,Groceries,Successful
T300050,2025-08-19,C100525,L200755,39.0,Female,Nagpur,Maharashtra,Salaried,35200.0,Mass,663.0,6,2,1,413700.0,0.504,Personal,113580.98,24.0,17.25,Active,2026-04-10,5629.35,9.0,2.0,0.0,0.0,106262.82,7233.72,0.0,526.1,197.17,Debit,1344.72,Net Banking,Education,Successful
T301328,2025-08-19,C100052,,48.0,Male,Surat,Gujarat,Salaried,109700.0,Mass,760.0,4,1,0,580600.0,0.444,,,,,,,,,,,,,,,,,Debit,1257.14,IMPS,Groceries,Successful
T301975,2025-08-19,C100199,L201639,21.0,Male,Nagpur,Maharashtra,Salaried,82900.0,SME,711.0,5,2,0,1090200.0,0.357,Personal,140582.69,12.0,13.74,Active,2026-06-16,12605.32,0.0,1.0,0.0,0.0,132389.23,8098.92,0.0,493.46,-3673.59,Debit,1677.23,Net Banking,Healthcare,Successful
T302199,2025-08-19,C100402,L200312,34.0,Female,Hyderabad,Telangana,Contract,28200.0,Mass Affluent,639.0,6,3,0,105100.0,0.425,Personal,78085.32,18.0,16.19,Active,2025-07-13,4915.18,6.0,11.0,0.0,0.0,42941.79,34738.03,0.0,838.15,28652.99,Debit,2025.81,NEFT,Utilities,Successful
T300727,2025-08-19,C100051,L201668,34.0,Female,Chennai,Tamil Nadu,Salaried,50200.0,Mass,717.0,5,4,0,428100.0,0.463,Home,707460.36,180.0,9.25,Active,2026-06-20,7281.13,1.0,1.0,0.0,1.0,702727.63,4678.12,0.0,534.95,-51495.41,Debit,,NEFT,Shopping,Failed
T301782,2025-08-20,C100067,L200344,31.0,Female,Vadodara,Gujarat,Self-employed,44200.0,Affluent,782.0,2,2,1,567500.0,0.328,Home,484065.57,120.0,7.0,Closed,2025-07-02,5620.41,7.0,12.0,0.0,0.0,440226.36,43333.37,0.0,232.82,4546.77,Credit,1573.14,Net Banking,Utilities,Successful
T300532,2025-08-20,C100010,L201627,54.0,Male,Bengaluru,Karnataka,Salaried,47500.0,SME,653.0,2,2,0,556300.0,0.087,Personal,53790.25,36.0,17.61,Active,2025-11-18,1934.14,3.0,7.0,0.0,1.0,44989.92,8698.79,0.0,723.34,1200.99,Debit,2871.8,Net Banking,Shopping,Failed
T300121,2025-08-20,C100519,L200223,39.0,Male,Nizamabad,Telangana,Salaried,29800.0,Affluent,823.0,8,2,0,213400.0,0.592,Personal,47051.26,36.0,12.1,Active,2026-03-03,1565.02,4.0,3.0,0.0,0.0,43999.46,3016.58,0.0,338.35,-1050.21,Credit,650.72,UPI,Education,Successful
T300355,2025-08-20,C100328,L200515,43.0,Female,Pune,Maharashtra,Self-employed,72400.0,Mass Affluent,694.0,3,3,1,617600.0,0.199,Auto,422729.38,72.0,11.37,Closed,2025-08-23,8126.6,4.0,10.0,0.0,0.0,369906.46,52213.43,0.0,363.75,23890.74,Debit,3061.66,IMPS,Utilities,Successful
T301726,2025-08-20,C100698,L200955,43.0,Female,Mumbai,Maharashtra,Self-employed,274500.0,Mass Affluent,717.0,3,1,1,895700.0,0.544,Personal,347648.69,18.0,14.63,Delinquent,2026-01-08,21627.5,41.0,3.0,2.0,3.0,305475.06,41687.01,1071.21,452.1,18722.26,Debit,6843.32,Card,Education,Successful
T300397,2025-08-20,C100454,,28.0,Male,Rohini,Delhi,Salaried,125300.0,Mass Affluent,805.0,4,2,0,870400.0,0.352,,,,,,,,,,,,,,,,,Debit,768.46,NEFT,Groceries,Successful
T300598,2025-08-21,C100233,L201030,37.0,Female,Mysuru,Karnataka,Retired,97800.0,Mass Affluent,641.0,7,1,2,1349500.0,0.429,Auto,632860.19,72.0,9.36,Closed,2025-11-17,11521.05,8.0,7.0,0.0,0.0,580439.43,51815.91,0.0,630.28,6276.74,Debit,1144.7,NEFT,Groceries,Successful
T300344,2025-08-21,C100146,L201101,60.0,Male,Ahmedabad,Gujarat,Salaried,85900.0,Mass,612.0,4,4,0,748900.0,0.446,Personal,99432.28,18.0,18.24,Delinquent,2025-08-06,6355.74,60.0,6.0,4.0,5.0,74644.91,24501.36,1894.84,846.77,21684.23,Debit,1403.91,UPI,Groceries,Successful
T301306,2025-08-21,C100278,L201313,53.0,Female,Rohini,Delhi,Self-employed,101300.0,Mass Affluent,811.0,3,3,0,843700.0,0.125,Home,954498.19,120.0,7.25,Active,2025-10-28,11205.91,5.0,8.0,0.0,0.0,896227.47,57598.37,0.0,711.0,-9411.15,Debit,2100.75,Net Banking,Shopping,Successful
T301639,2025-08-22,C100699,L201452,47.0,Female,Chennai,Tamil Nadu,Self-employed,118100.0,Mass,725.0,3,3,1,1413800.0,0.291,Auto,226806.15,60.0,9.27,Closed,2026-04-18,4737.9,9.0,2.0,0.0,0.0,220646.88,6088.2,0.0,470.42,-12981.48,Debit,670.03,IMPS,Shopping,Successful
T302056,2025-08-22,C100215,L201311,49.0,Female,Nizamabad,Telangana,Business Owner,143100.0,Mass,710.0,4,2,0,1715100.0,0.391,Consumer Durable,111418.52,12.0,17.6,Closed,2025-12-30,10193.65,5.0,6.0,0.0,0.0,71663.28,39296.52,0.0,799.15,37046.46,Credit,3550.04,UPI,Restaurants,Failed
T300988,2025-08-22,C100760,L202163,30.0,Male,Mangaluru,Karnataka,Salaried,33100.0,Affluent,730.0,8,3,1,159300.0,0.35,Education,78980.99,48.0,9.82,Active,2025-12-16,1996.34,7.0,6.0,0.0,0.0,71195.26,7695.9,0.0,635.67,2781.05,Debit,853.15,UPI,Healthcare,Successful
T300632,2025-08-22,C100599,L200395,45.0,Male,Nagpur,Maharashtra,Retired,30300.0,Mass Affluent,702.0,4,4,0,374600.0,0.181,Personal,26532.24,12.0,16.0,Delinquent,2025-11-04,2407.29,12.0,6.0,1.0,1.0,17143.8,9280.11,210.96,796.45,5261.71,Debit,11340.85,Card,Shopping,Successful
T301228,2025-08-22,C100508,L201149,39.0,Male,Surat,Gujarat,Contract,113700.0,Mass Affluent,704.0,6,1,1,958600.0,0.603,Personal,244438.64,12.0,15.37,Closed,2025-12-29,22105.32,1.0,6.0,0.0,0.0,158227.9,85216.0,0.0,252.46,75786.59,Debit,22672.4,IMPS,Healthcare,Successful
T301630,2025-08-22,C100285,L200890,49.0,Female,Chennai,Tamil Nadu,Self-employed,45000.0,SME,761.0,5,3,0,453500.0,0.46,Personal,47626.38,24.0,13.94,Active,2025-09-13,2285.33,5.0,9.0,0.0,1.0,34257.2,13214.92,0.0,930.86,17158.67,Debit,2710.34,NEFT,Shopping,Successful
T300126,2025-08-22,C100352,L200134,27.0,Female,Dwarka,Delhi,Salaried,117800.0,Affluent,780.0,8,4,0,768100.0,0.74,Home,864006.11,180.0,7.0,Active,2026-01-14,7765.93,9.0,5.0,0.0,1.0,838766.83,24948.05,0.0,695.25,-42509.77,Debit,1658.08,UPI,Education,Successful
T300440,2025-08-22,C100004,L200317,40.0,Male,Pune,Maharashtra,Business Owner,108300.0,Mass Affluent,695.0,5,3,0,426900.0,0.229,Personal,222576.3,36.0,17.48,Closed,2025-09-11,7988.72,8.0,9.0,0.0,0.0,175842.26,46194.8,0.0,459.43,34152.24,Debit,1254.06,Card,Education,Successful
T301470,2025-08-23,C100504,L200148,40.0,Male,Siliguri,West Bengal,Self-employed,110600.0,Mass,738.0,8,2,0,1143600.0,0.125,Personal,183833.33,18.0,13.46,Delinquent,2026-03-06,11335.61,6.0,3.0,0.0,0.0,161728.89,21849.39,0.0,189.89,8078.9,Credit,3638.8,NEFT,Utilities,Successful
T301343,2025-08-23,C100792,L201363,68.0,Male,Vadodara,Gujarat,Salaried,56700.0,Mass,688.0,1,1,1,781900.0,0.162,Business,253042.42,48.0,16.52,Closed,2025-11-08,7238.86,8.0,7.0,0.0,0.0,220105.6,32556.78,0.0,215.7,13945.95,Debit,12552.84,IMPS,Healthcare,Successful
T300556,2025-08-24,C100201,L202093,21.0,Male,Vadodara,Gujarat,Business Owner,118400.0,Mass,705.0,9,1,2,762900.0,0.495,Personal,284398.46,12.0,15.98,Delinquent,2026-03-13,25801.02,49.0,1.0,2.0,2.0,267627.79,16577.16,497.8,369.92,-8338.1,Debit,8100.84,Card,Shopping,Successful
T301632,2025-08-24,C100614,L200902,31.0,Male,Dwarka,Delhi,Retired,54800.0,SME,694.0,7,2,0,460900.0,0.128,Auto,188491.42,72.0,11.02,Closed,2025-11-09,3589.69,4.0,7.0,0.0,0.0,172158.32,16144.64,0.0,793.18,2747.95,Debit,1468.02,UPI,Restaurants,Failed
T300861,2025-08-24,C100266,L201783,31.0,Female,Vadodara,Gujarat,Salaried,66900.0,SME,781.0,4,2,1,440700.0,0.191,Auto,163975.97,48.0,8.2,Closed,2026-03-08,4018.54,0.0,3.0,0.0,0.0,156139.81,7745.74,0.0,88.12,-3060.63,Debit,995.03,UPI,Healthcare,Reversed
T300396,2025-08-24,C100173,L200419,36.0,Female,Coimbatore,Tamil Nadu,Salaried,70000.0,Mass,656.0,4,4,1,809900.0,0.196,Auto,425408.46,72.0,12.39,Active,2026-06-14,8403.35,0.0,1.0,0.0,1.0,419946.28,5399.15,0.0,474.26,-26272.25,Credit,2812.63,Card,Shopping,Failed
T300455,2025-08-24,C100270,L201229,55.0,Female,Howrah,West Bengal,Salaried,113000.0,Mass,692.0,5,3,0,1278600.0,0.556,Home,1312024.8,240.0,8.68,Closed,2025-12-16,11535.97,5.0,6.0,0.0,0.0,1267034.52,44471.16,0.0,567.08,-64705.68,Credit,563.46,UPI,Utilities,Successful
T301264,2025-08-24,C100463,L200687,34.0,Female,Howrah,West Bengal,Contract,37000.0,Mass,739.0,4,4,0,381100.0,0.351,Auto,112750.49,72.0,11.44,Active,2025-08-23,2171.6,1.0,10.0,0.0,0.0,98635.11,13952.51,0.0,456.37,6411.76,Debit,3249.89,NEFT,Travel,Successful
T301868,2025-08-25,C100739,L201948,40.0,Male,Surat,Gujarat,Salaried,57800.0,Affluent,694.0,3,3,0,449700.0,0.108,Personal,146807.17,36.0,14.51,Closed,2026-03-19,5053.96,8.0,3.0,0.0,0.0,136951.94,9741.51,0.0,829.82,-2653.04,Debit,3816.8,UPI,Education,Successful
T300687,2025-08-25,C100281,L201062,39.0,Male,Surat,Gujarat,Salaried,31600.0,Mass,758.0,6,2,1,408900.0,0.221,Business,208416.01,36.0,14.91,Default,2025-08-23,7215.63,81.0,6.0,4.0,4.0,233425.93,57049.22,1782.12,159016.29,57224.32,Debit,10440.81,Card,Groceries,Successful
T301030,2025-08-25,C100773,L201540,45.0,Female,Mumbai,Maharashtra,Self-employed,48700.0,Mass Affluent,697.0,4,2,1,430200.0,0.289,Personal,52369.58,12.0,14.58,Delinquent,2025-12-23,4716.42,21.0,4.0,2.0,2.0,40106.9,12121.19,1413.52,327.44,7860.23,Credit,1083.86,UPI,Education,Successful
T300286,2025-08-25,C100451,L200901,35.0,Male,Nagpur,Maharashtra,Salaried,100500.0,Mass,714.0,3,3,0,680600.0,0.312,Auto,309343.74,72.0,10.13,Active,2026-03-19,5751.15,5.0,3.0,0.0,1.0,298128.99,11085.35,0.0,270.79,-12305.66,Credit,962.06,Card,Restaurants,Successful
T301009,2025-08-25,C100561,L201791,33.0,Male,Mysuru,Karnataka,Salaried,80300.0,Mass Affluent,698.0,5,3,1,820700.0,0.193,Home,1053818.34,180.0,7.4,Closed,2025-10-18,9709.24,6.0,8.0,0.0,0.0,1003330.3,49905.48,0.0,286.2,-27874.31,Debit,18935.9,NEFT,Education,Failed
T301708,2025-08-25,C100195,L201605,38.0,Male,Coimbatore,Tamil Nadu,Salaried,33600.0,SME,772.0,5,5,0,250200.0,0.183,Education,94449.67,36.0,9.3,Active,2025-12-26,3016.68,2.0,6.0,0.0,0.0,82684.62,11629.3,0.0,491.61,5659.78,Debit,2830.96,NEFT,Healthcare,Successful
T301743,2025-08-25,C100692,L201699,37.0,Female,Kolkata,West Bengal,Contract,46100.0,Affluent,670.0,2,2,1,165300.0,0.296,Home,663963.66,240.0,7.88,Active,2026-03-31,5504.17,8.0,3.0,0.0,0.0,653230.52,10609.3,0.0,776.39,-43101.06,Credit,345.66,NEFT,Restaurants,Successful
T301705,2025-08-26,C100397,L201037,48.0,Male,Chennai,Tamil Nadu,Business Owner,236800.0,Mass,699.0,4,4,0,2095400.0,0.069,Auto,881314.49,36.0,11.2,Active,2026-06-13,28936.65,6.0,1.0,0.0,0.0,862505.67,18591.8,0.0,637.49,-48684.57,Debit,2412.71,Card,Restaurants,Successful
T302049,2025-08-26,C100401,L201086,42.0,Female,Dwarka,Delhi,Salaried,46500.0,Mass Affluent,690.0,3,2,0,322500.0,0.185,Education,95466.37,24.0,11.5,Closed,2025-09-03,4471.67,9.0,10.0,0.0,0.0,66400.48,28730.51,0.0,795.75,23276.52,Credit,587.34,UPI,Healthcare,Successful
T302081,2025-08-26,C100750,L201334,44.0,Male,Mysuru,Karnataka,Contract,55500.0,Mass,702.0,7,2,2,448900.0,0.312,Auto,350601.66,48.0,9.35,Active,2025-07-29,8783.12,8.0,11.0,0.0,1.0,287802.35,62074.71,0.0,784.79,39993.16,Debit,2747.8,IMPS,Healthcare,Successful
T300970,2025-08-26,C100768,L200648,36.0,Other,Bengaluru,Karnataka,Salaried,48500.0,Mass,684.0,4,3,1,222900.0,0.299,Personal,99187.58,18.0,16.26,Active,2025-11-04,6246.77,0.0,7.0,0.0,0.0,70764.76,28094.86,0.0,810.06,18892.74,Debit,1372.41,Net Banking,Utilities,Successful
T301309,2025-08-26,C100710,L200430,35.0,Male,Howrah,West Bengal,Salaried,77600.0,Affluent,661.0,4,4,0,1039500.0,0.362,Personal,142289.07,24.0,16.74,Active,2025-11-22,7017.33,9.0,7.0,0.0,0.0,110360.22,31560.44,0.0,477.07,22483.4,Debit,23844.79,IMPS,Utilities,Successful
T300612,2025-08-26,C100368,L200037,40.0,Female,Bengaluru,Karnataka,Self-employed,77900.0,Mass Affluent,681.0,8,2,1,297900.0,0.281,Consumer Durable,84620.06,6.0,19.56,Active,2025-11-17,14918.78,6.0,7.0,0.0,0.0,16739.62,67097.21,0.0,72.31,67016.5,Debit,7434.55,Net Banking,Shopping,Successful
T301707,2025-08-26,C100155,L201881,50.0,Male,Kolkata,West Bengal,Salaried,260900.0,SME,733.0,4,4,0,3645000.0,0.385,Consumer Durable,209313.09,6.0,17.72,Active,2025-08-25,36710.54,23.0,9.0,1.0,2.0,0.0,215272.63,174.04,0.0,216885.81,Debit,3320.04,Net Banking,Restaurants,Reversed
T301404,2025-08-26,C100760,L202163,30.0,Male,Mangaluru,Karnataka,Salaried,33100.0,Affluent,730.0,8,3,1,159300.0,0.35,Education,78980.99,48.0,9.82,Active,2025-12-16,1996.34,7.0,6.0,0.0,0.0,71195.26,7695.9,0.0,635.67,2781.05,Credit,2136.27,IMPS,Healthcare,Successful
T300633,2025-08-26,C100277,,52.0,Male,New Delhi,Delhi,Salaried,77200.0,Mass Affluent,725.0,2,2,0,1012000.0,0.368,,,,,,,,,,,,,,,,,Debit,1347.78,UPI,Restaurants,Successful
T300334,2025-08-26,C100128,L200900,40.0,Male,Bengaluru,Karnataka,Salaried,25200.0,Affluent,671.0,2,2,0,87600.0,0.551,Business,139963.25,48.0,16.77,Active,2025-10-29,4022.01,2.0,8.0,0.0,0.0,119048.8,20673.13,0.0,444.97,8313.47,Debit,403.88,NEFT,Travel,Failed
T301543,2025-08-27,C100570,L201744,47.0,Male,Chennai,Tamil Nadu,Self-employed,90800.0,Mass,619.0,5,5,2,376200.0,0.389,Auto,456006.82,36.0,13.56,Delinquent,2025-12-14,15487.96,29.0,5.0,1.0,1.0,405670.95,49755.07,408.7,682.53,15525.32,Credit,949.64,NEFT,Shopping,Successful
T300205,2025-08-27,C100376,L200947,34.0,Male,Warangal,Telangana,Salaried,131600.0,Affluent,701.0,3,2,0,987800.0,0.175,Education,639168.85,48.0,11.37,Active,2026-02-18,16634.74,2.0,4.0,0.0,0.0,595918.54,42751.27,0.0,415.9,-3373.8,Debit,5618.66,UPI,Restaurants,Failed
T301369,2025-08-27,C100793,L201022,36.0,Female,Nagpur,Maharashtra,Salaried,44600.0,SME,696.0,4,3,1,550000.0,0.094,Personal,60581.9,12.0,13.18,Closed,2025-07-21,5416.13,4.0,11.0,0.0,1.0,21856.59,38278.48,0.0,804.02,35661.25,Credit,1403.26,NEFT,Healthcare,Successful
T301399,2025-08-27,C100790,L201504,58.0,Male,Dwarka,Delhi,Self-employed,155700.0,Mass,719.0,6,2,0,1963600.0,0.207,Personal,238178.41,12.0,14.99,Closed,2026-02-28,21496.46,5.0,4.0,0.0,0.0,182287.62,55245.9,0.0,759.28,36961.99,Debit,1431.54,NEFT,Shopping,Reversed
T300439,2025-08-27,C100648,L201609,61.0,Male,Chennai,Tamil Nadu,Self-employed,49800.0,Mass Affluent,712.0,5,1,0,510400.0,0.38,Personal,77353.92,24.0,15.34,Active,2025-08-28,3763.14,11.0,9.0,1.0,1.0,55339.55,21760.36,282.93,776.25,10031.16,Debit,6518.99,Card,Education,Successful
T301576,2025-08-27,C100279,L200821,30.0,Female,Madurai,Tamil Nadu,Contract,111700.0,Mass Affluent,686.0,4,2,1,800600.0,0.334,Consumer Durable,129486.71,6.0,17.56,Closed,2026-02-13,22699.81,7.0,4.0,0.0,1.0,70467.2,58338.51,0.0,824.39,48680.32,Debit,1002.26,UPI,Restaurants,Successful
T301297,2025-08-27,C100722,L201238,40.0,Female,Nizamabad,Telangana,Salaried,41000.0,Mass Affluent,676.0,4,2,0,401700.0,0.516,Personal,28558.9,18.0,15.12,Active,2026-03-08,1783.25,8.0,3.0,0.0,0.0,25081.55,3437.22,0.0,556.23,-1829.16,Debit,1939.96,UPI,Shopping,Successful
T300460,2025-08-27,C100646,L201203,30.0,Male,Dwarka,Delhi,Contract,44400.0,Mass Affluent,749.0,6,3,0,438400.0,0.426,Personal,69661.32,36.0,15.48,Closed,2026-02-23,2431.24,9.0,4.0,0.0,0.0,63340.1,6248.28,0.0,336.73,-1341.5,Credit,6840.21,Card,Healthcare,Successful
T301878,2025-08-28,C100218,L201400,42.0,Male,Howrah,West Bengal,Salaried,57200.0,Affluent,650.0,4,1,0,203400.0,0.414,Business,446267.79,24.0,16.99,Closed,2025-12-02,22062.35,6.0,7.0,0.0,1.0,345884.12,99225.4,0.0,299.63,74865.67,Debit,1551.03,Net Banking,Travel,Successful
T302036,2025-08-28,C100112,L201240,25.0,Female,Coimbatore,Tamil Nadu,Salaried,39800.0,Affluent,760.0,6,2,0,152600.0,0.283,Personal,86174.43,18.0,12.92,Active,2026-01-13,5292.0,2.0,5.0,0.0,1.0,68975.44,17000.54,0.0,575.88,8796.14,Debit,3174.29,Net Banking,Shopping,Successful
T300100,2025-08-28,C100328,L200515,43.0,Female,Pune,Maharashtra,Self-employed,72400.0,Mass Affluent,694.0,3,3,1,617600.0,0.199,Auto,422729.38,72.0,11.37,Closed,2025-08-23,8126.6,4.0,10.0,0.0,0.0,369906.46,52213.43,0.0,363.75,23890.74,Debit,4331.64,NEFT,Restaurants,Successful
T301055,2025-08-28,C100700,L200910,52.0,Female,Kolkata,West Bengal,Salaried,45100.0,Mass Affluent,684.0,5,4,0,534300.0,0.369,Personal,56741.9,36.0,16.44,Closed,2026-02-22,2007.22,2.0,4.0,0.0,0.0,51523.12,5158.57,0.0,963.94,3975.17,Credit,7975.01,NEFT,Groceries,Successful
T301290,2025-08-28,C100111,L201799,25.0,Female,New Delhi,Delhi,Salaried,68200.0,Affluent,724.0,9,6,1,949200.0,0.116,Education,332197.99,48.0,9.56,Active,2026-01-14,8355.38,3.0,5.0,0.0,0.0,305043.01,26841.65,0.0,906.99,337.15,Debit,3044.97,NEFT,Healthcare,Successful
T301000,2025-08-28,C100246,L200882,30.0,Male,Hyderabad,Telangana,Contract,62900.0,Mass,665.0,4,2,0,399100.0,0.046,Personal,155168.8,24.0,15.6,Active,2026-06-26,7567.92,7.0,1.0,0.0,0.0,150249.65,4862.39,0.0,212.06,-10452.69,Debit,1279.38,IMPS,Groceries,Successful
T300815,2025-08-28,C100100,L200375,46.0,Other,Surat,Gujarat,Retired,45700.0,Mass Affluent,702.0,6,4,1,177300.0,0.516,Personal,67838.76,24.0,16.18,Active,2026-05-03,3327.43,9.0,1.0,0.0,0.0,65675.93,2137.88,0.0,51.14,-6783.67,Debit,2637.49,UPI,Healthcare,Failed
T301432,2025-08-28,C100373,L201406,21.0,Male,Hyderabad,Telangana,Salaried,56500.0,Mass,632.0,6,3,0,728200.0,0.093,Personal,52989.12,36.0,15.74,Closed,2026-06-10,1856.15,2.0,1.0,0.0,0.0,51782.63,1192.57,0.0,326.98,-919.15,Debit,9344.93,IMPS,Healthcare,Successful
T300752,2025-08-28,C100354,L200960,50.0,Male,Warangal,Telangana,Self-employed,46800.0,Mass,667.0,2,2,1,202600.0,0.178,Consumer Durable,43711.96,12.0,20.31,Closed,2026-05-12,4055.72,9.0,1.0,0.0,0.0,41075.74,2605.8,0.0,441.78,-65.11,Debit,10331.46,NEFT,Shopping,Successful
T301123,2025-08-28,C100692,L201699,37.0,Female,Kolkata,West Bengal,Contract,46100.0,Affluent,670.0,2,2,1,165300.0,0.296,Home,663963.66,240.0,7.88,Active,2026-03-31,5504.17,8.0,3.0,0.0,0.0,653230.52,10609.3,0.0,776.39,-43101.06,Credit,9682.42,NEFT,Healthcare,Successful
T301862,2025-08-29,C100650,L201195,35.0,Female,Bengaluru,Karnataka,Salaried,63600.0,Mass,805.0,4,2,0,841300.0,0.391,Personal,121654.44,12.0,10.98,Active,2025-11-07,10750.89,1.0,7.0,0.0,0.0,72737.91,48352.11,0.0,794.78,43213.88,Debit,4563.34,UPI,Restaurants,Successful
T301015,2025-08-29,C100394,L200048,21.0,Male,New Delhi,Delhi,Business Owner,138000.0,SME,705.0,7,3,0,1693000.0,0.275,Personal,186001.78,12.0,14.78,Closed,2026-04-29,16768.9,1.0,2.0,0.0,1.0,164202.21,21548.04,0.0,17.42,4700.28,Debit,2210.25,UPI,Groceries,Successful
T300146,2025-08-29,C100191,L200493,43.0,Female,Mysuru,Karnataka,Contract,41000.0,Mass Affluent,691.0,3,3,0,345300.0,0.198,Personal,95454.79,24.0,15.39,Active,2025-12-31,4645.99,9.0,6.0,0.0,1.0,77335.43,17910.29,0.0,689.87,11799.09,Debit,5167.11,Net Banking,Education,Successful
T300548,2025-08-29,C100275,,32.0,Female,Chennai,Tamil Nadu,Business Owner,408100.0,Affluent,758.0,3,2,1,4406500.0,0.179,,,,,,,,,,,,,,,,,Debit,6645.68,UPI,Healthcare,Successful
T301195,2025-08-29,C100784,L200149,32.0,Male,Nizamabad,Telangana,Self-employed,,Mass,608.0,5,3,0,1749800.0,0.389,Education,439846.11,60.0,13.08,Active,2026-02-12,10025.87,5.0,3.0,1.0,1.0,420295.66,19324.87,624.54,886.24,-14801.45,Credit,816.42,NEFT,Shopping,Successful
T302123,2025-08-29,C100566,,57.0,Male,Coimbatore,Tamil Nadu,Self-employed,54300.0,Mass Affluent,747.0,6,1,0,709500.0,0.215,,,,,,,,,,,,,,,,,Debit,882.14,UPI,Healthcare,Successful
T300431,2025-08-30,C100781,L200271,45.0,Male,Rohini,Delhi,Salaried,40400.0,Affluent,690.0,8,1,0,383400.0,0.315,Business,195215.94,60.0,15.97,Active,2025-11-29,4744.16,7.0,7.0,0.0,0.0,173630.01,21336.87,0.0,29.92,4304.73,Debit,2340.19,Net Banking,Restaurants,Successful
T300809,2025-08-30,C100330,L201909,43.0,Male,Nagpur,Maharashtra,Salaried,65500.0,SME,655.0,5,4,0,528300.0,0.527,Business,348844.93,60.0,16.5,Closed,2025-07-31,8576.19,1.0,11.0,0.0,1.0,287525.2,60612.19,0.0,89.31,36752.66,Debit,1549.09,UPI,Shopping,Successful
T301250,2025-08-30,C100107,,48.0,Female,Bengaluru,Karnataka,Salaried,48600.0,Mass Affluent,744.0,5,5,1,239300.0,0.368,,,,,,,,,,,,,,,,,Credit,7259.57,IMPS,Shopping,Successful
T300814,2025-08-30,C100794,L200779,41.0,Female,Bengaluru,Karnataka,Salaried,89200.0,Mass,707.0,4,2,0,888100.0,0.11,Education,336315.64,60.0,10.46,Delinquent,2026-02-02,7222.07,28.0,3.0,1.0,3.0,322232.6,13920.54,440.37,875.06,-12691.98,Debit,613.46,Net Banking,Shopping,Successful
T300551,2025-08-30,C100684,L201411,42.0,Female,New Delhi,Delhi,Salaried,45900.0,Mass,639.0,7,3,0,548800.0,0.405,Education,80602.3,36.0,11.65,Closed,2025-10-14,2663.7,9.0,8.0,0.0,1.0,66751.08,13691.4,0.0,608.74,7522.25,Credit,346.6,UPI,Travel,Successful
T300782,2025-08-30,C100566,,57.0,Male,Coimbatore,Tamil Nadu,Self-employed,54300.0,Mass Affluent,747.0,6,1,0,709500.0,0.215,,,,,,,,,,,,,,,,,Debit,3109.83,UPI,Healthcare,Successful
T301388,2025-08-31,C100205,L200611,42.0,Male,Chennai,Tamil Nadu,Salaried,55600.0,Mass Affluent,667.0,4,3,0,189600.0,0.444,Business,712520.65,36.0,16.54,Closed,2026-01-01,25240.48,15.0,5.0,1.0,1.0,630489.08,81085.05,329.75,934.52,30865.52,Debit,347.9,Net Banking,Shopping,Failed
T301506,2025-09-01,C100565,L201299,42.0,Female,Madurai,Tamil Nadu,Self-employed,56300.0,Mass Affluent,707.0,6,4,0,436300.0,0.399,Business,217073.2,48.0,15.21,Default,2025-07-15,6064.44,40.0,9.0,2.0,2.0,228171.22,60683.89,406.61,96592.83,54390.53,Credit,2487.67,Net Banking,Groceries,Successful
T301091,2025-09-01,C100609,L200446,40.0,Male,Rohini,Delhi,Business Owner,137500.0,Affluent,765.0,4,2,0,637100.0,0.307,Personal,280467.52,18.0,14.53,Active,2026-06-05,17434.93,1.0,1.0,0.0,2.0,269134.81,11201.94,0.0,927.08,-10031.35,Credit,1707.88,IMPS,Healthcare,Successful
T301934,2025-09-01,C100187,L200741,29.0,Female,Ahmedabad,Gujarat,Salaried,58200.0,Mass,780.0,9,5,0,702600.0,0.267,Consumer Durable,60293.64,18.0,16.8,Delinquent,2025-11-25,3812.68,4.0,7.0,0.0,0.0,42945.94,17147.53,0.0,849.71,10496.94,Debit,10709.88,UPI,Groceries,Successful
T300541,2025-09-02,C100154,L201164,43.0,Female,Vadodara,Gujarat,Self-employed,124100.0,Mass,815.0,5,3,0,484600.0,0.34,Business,621795.29,48.0,13.61,Closed,2025-12-10,16870.08,2.0,6.0,0.0,0.0,556001.98,65034.16,0.0,955.86,18148.53,Debit,1077.08,UPI,Healthcare,Successful
T301941,2025-09-02,C100558,,38.0,Female,Rohini,Delhi,Self-employed,104700.0,Mass Affluent,664.0,5,2,0,1038600.0,0.572,,,,,,,,,,,,,,,,,Debit,1042.02,UPI,Shopping,Successful
T300619,2025-09-02,C100590,L201497,30.0,Female,Chennai,Tamil Nadu,Salaried,52500.0,Mass,742.0,5,2,0,271700.0,0.277,Consumer Durable,55812.47,12.0,17.77,Active,2025-07-18,5110.78,5.0,11.0,0.0,0.0,19270.4,36120.43,0.0,617.99,35645.64,Debit,18780.43,NEFT,Utilities,Successful
T301837,2025-09-02,C100453,L200564,47.0,Female,Coimbatore,Tamil Nadu,Business Owner,61500.0,Mass,667.0,7,4,0,631300.0,0.245,Auto,240871.91,36.0,10.46,Delinquent,2026-05-19,7824.38,9.0,1.0,0.0,0.0,235786.06,5027.17,0.0,908.94,-8765.06,Credit,698.71,UPI,Travel,Successful
T301700,2025-09-02,C100448,L200974,35.0,Male,Hyderabad,Telangana,Self-employed,61900.0,Mass,682.0,6,3,0,203300.0,0.433,Business,144368.69,12.0,15.46,Active,2026-04-27,13061.83,5.0,2.0,0.0,0.0,127388.31,16784.45,0.0,538.38,8007.4,Debit,2844.41,IMPS,Utilities,Successful
T300947,2025-09-03,C100661,,62.0,Female,Rohini,Delhi,Salaried,73300.0,Affluent,705.0,6,5,0,1024400.0,0.342,,,,,,,,,,,,,,,,,Credit,582.17,IMPS,Shopping,Successful
T300563,2025-09-03,C100178,L200636,34.0,Male,Nizamabad,Telangana,Retired,43200.0,Mass,686.0,4,2,0,367600.0,0.38,Personal,61101.65,18.0,16.31,Closed,2025-10-16,3849.59,5.0,8.0,0.0,0.0,41083.78,19786.89,0.0,432.91,13010.17,Debit,2962.17,Net Banking,Travel,Successful
T301229,2025-09-03,C100253,L201975,37.0,Male,Rohini,Delhi,Salaried,47200.0,Mass,730.0,7,3,1,634400.0,0.229,Education,184030.3,36.0,9.66,Active,2026-02-12,5908.81,5.0,4.0,0.0,0.0,168667.4,15185.63,0.0,337.43,-1971.58,Credit,533.93,Net Banking,Education,Successful
T300251,2025-09-03,C100743,L201236,47.0,Female,Howrah,West Bengal,Contract,18000.0,Mass,705.0,2,2,0,224400.0,0.368,Business,173347.55,36.0,16.15,Closed,2025-07-27,6107.23,0.0,11.0,0.0,0.0,129680.85,43162.85,0.0,338.43,28957.34,Debit,1198.78,UPI,Groceries,Successful
T300890,2025-09-03,C100658,L201509,49.0,Male,Pune,Maharashtra,Salaried,69800.0,Mass Affluent,771.0,8,4,1,903600.0,0.205,Home,526287.77,180.0,7.0,Active,2026-05-26,4730.42,7.0,1.0,0.0,0.0,523212.99,3039.3,0.0,564.5,-41135.22,Debit,342.93,NEFT,Restaurants,Successful
T301161,2025-09-04,C100146,L201101,60.0,Male,Ahmedabad,Gujarat,Salaried,85900.0,Mass,612.0,4,4,0,748900.0,0.446,Personal,99432.28,18.0,18.24,Delinquent,2025-08-06,6355.74,60.0,6.0,4.0,5.0,74644.91,24501.36,1894.84,846.77,21684.23,Credit,2881.05,NEFT,Shopping,Successful
T300216,2025-09-04,C100616,L200276,22.0,Male,Pune,Maharashtra,Business Owner,194700.0,Affluent,750.0,4,3,0,2030100.0,0.387,Business,1241098.13,60.0,16.17,Active,2025-10-05,30293.31,5.0,8.0,0.0,0.0,1083572.9,155707.63,0.0,607.34,67664.97,Debit,287.36,NEFT,Groceries,Successful
T301138,2025-09-04,C100599,L200395,45.0,Male,Nagpur,Maharashtra,Retired,30300.0,Mass Affluent,702.0,4,4,0,374600.0,0.181,Personal,26532.24,12.0,16.0,Delinquent,2025-11-04,2407.29,12.0,6.0,1.0,1.0,17143.8,9280.11,210.96,796.45,5261.71,Debit,634.31,UPI,Healthcare,Successful
T300095,2025-09-04,C100183,L201894,40.0,Female,Kolkata,West Bengal,Self-employed,34200.0,Affluent,716.0,7,3,0,106100.0,0.429,Auto,86195.73,60.0,11.07,Closed,2025-10-11,1877.11,6.0,8.0,0.0,0.0,76434.73,9648.37,0.0,300.72,6482.12,Debit,2623.35,NEFT,Utilities,Successful
T301838,2025-09-04,C100001,L200550,45.0,Male,Kolkata,West Bengal,Business Owner,129900.0,Affluent,,2,2,1,740900.0,0.362,Business,766649.59,36.0,17.07,Active,2026-03-24,27359.86,4.0,3.0,0.0,0.0,713297.85,52736.14,0.0,172.7,-7576.98,Credit,31709.91,NEFT,Education,Successful
T300219,2025-09-04,C100732,L201354,27.0,Male,Nagpur,Maharashtra,Salaried,122400.0,Mass,730.0,2,2,0,848400.0,0.615,Business,641498.54,48.0,17.23,Closed,2025-07-03,18586.89,6.0,12.0,0.0,0.0,496520.8,143304.92,0.0,927.13,104352.07,Debit,3408.67,UPI,Utilities,Failed
T301176,2025-09-04,C100625,,39.0,Other,Warangal,Telangana,Retired,68600.0,Mass,761.0,8,2,0,629100.0,0.254,,,,,,,,,,,,,,,,,Debit,541.66,NEFT,Healthcare,Successful
T300357,2025-09-04,C100541,L201232,30.0,Male,Mysuru,Karnataka,Retired,58000.0,Mass,799.0,2,2,0,224300.0,0.312,Auto,177115.64,36.0,7.74,Active,2025-09-22,5528.94,1.0,9.0,0.0,0.0,144771.33,31971.1,0.0,936.18,23829.23,Debit,843.08,IMPS,Utilities,Successful
T300587,2025-09-04,C100671,L200289,26.0,Male,Mumbai,Maharashtra,Salaried,100100.0,SME,662.0,8,2,1,1058900.0,0.037,Personal,150489.49,36.0,16.03,Closed,2025-11-07,5292.99,15.0,6.0,1.0,1.0,129846.82,20404.49,500.82,82.17,6800.51,Debit,871.81,NEFT,Groceries,Successful
T301848,2025-09-04,C100490,,39.0,Female,Mysuru,Karnataka,Self-employed,43700.0,Mass Affluent,651.0,7,2,0,272800.0,0.292,,,,,,,,,,,,,,,,,Debit,7184.99,UPI,Shopping,Successful
T301773,2025-09-05,C100548,L200140,39.0,Male,Siliguri,West Bengal,Salaried,60300.0,Mass,593.0,2,2,1,607800.0,0.463,Personal,71150.22,24.0,18.31,Active,2025-07-23,3562.78,27.0,8.0,3.0,3.0,52623.78,18312.67,846.29,374.76,12225.69,Credit,2259.03,NEFT,Travel,Successful
T300338,2025-09-05,C100589,L200820,34.0,Female,Howrah,West Bengal,Salaried,48000.0,Affluent,646.0,4,4,1,437400.0,0.236,Personal,53100.1,18.0,15.43,Active,2026-06-14,3323.39,4.0,1.0,0.0,0.0,50939.89,2135.28,0.0,658.66,-3281.16,Debit,879.61,Card,Utilities,Successful
T300066,2025-09-05,C100156,L202128,47.0,Female,New Delhi,Delhi,Self-employed,100900.0,Affluent,752.0,4,4,1,1083000.0,0.507,Auto,357991.45,72.0,8.25,Active,2026-02-09,6320.54,3.0,4.0,0.0,0.0,341558.05,16243.79,0.0,277.37,-12610.67,Debit,6020.73,NEFT,Groceries,Successful
T302194,2025-09-05,C100340,L200494,21.0,Female,Surat,Gujarat,Contract,43100.0,Mass Affluent,728.0,6,3,0,528200.0,0.159,Consumer Durable,83520.09,18.0,16.18,Active,2025-10-29,5256.88,8.0,8.0,0.0,1.0,56184.3,27020.38,0.0,260.95,23113.15,Credit,716.22,UPI,Groceries,Successful
T301079,2025-09-05,C100206,L200661,34.0,Female,Madurai,Tamil Nadu,Salaried,19300.0,Mass,667.0,8,2,0,146800.0,0.498,Consumer Durable,37857.43,18.0,18.57,Closed,2025-12-31,2425.82,1.0,6.0,0.0,1.0,28396.72,9351.54,0.0,827.94,7787.73,Debit,1325.23,UPI,Travel,Failed
T300984,2025-09-05,C100502,L201592,52.0,Male,Mysuru,Karnataka,Contract,53900.0,Mass Affluent,686.0,7,1,0,306800.0,0.121,Personal,136565.22,18.0,16.46,Closed,2025-08-14,8613.72,1.0,10.0,0.0,0.0,80576.02,55343.17,0.0,220.2,49506.27,Debit,1346.98,UPI,Shopping,Reversed
T302073,2025-09-05,C100227,L200808,30.0,Male,Dwarka,Delhi,Salaried,86100.0,SME,736.0,5,1,0,611100.0,0.273,Education,596182.77,60.0,9.43,Active,2025-12-13,12500.56,0.0,6.0,0.0,0.0,547430.57,48189.67,0.0,269.22,2770.92,Credit,1606.84,Card,Education,Successful
T300623,2025-09-06,C100667,L200698,32.0,Male,New Delhi,Delhi,Business Owner,111800.0,Mass Affluent,574.0,7,2,2,352300.0,0.244,Business,389865.22,48.0,19.69,Active,2026-02-11,11799.44,21.0,2.0,2.0,3.0,374525.94,15162.28,1291.23,203.88,-15040.69,Credit,1453.69,Card,Utilities,Successful
T301681,2025-09-06,C100090,L200091,37.0,Male,Mangaluru,Karnataka,Self-employed,47600.0,Mass Affluent,693.0,5,4,0,233500.0,0.449,Home,400447.42,120.0,9.63,Active,2025-08-29,5210.24,8.0,10.0,0.0,0.0,366580.88,33475.77,0.0,171.89,3862.3,Debit,1230.15,Net Banking,Shopping,Successful
T300450,2025-09-06,C100200,L201031,43.0,Male,Ahmedabad,Gujarat,Salaried,43000.0,Mass,609.0,4,1,2,223700.0,0.504,Business,310789.33,24.0,18.65,Active,2025-11-29,15613.66,7.0,7.0,0.0,0.0,239747.17,70222.45,0.0,427.85,48251.3,Credit,1010.79,NEFT,Shopping,Successful
T300555,2025-09-06,C100650,L201195,35.0,Female,Bengaluru,Karnataka,Salaried,63600.0,Mass,805.0,4,2,0,841300.0,0.391,Personal,121654.44,12.0,10.98,Active,2025-11-07,10750.89,1.0,7.0,0.0,0.0,72737.91,48352.11,0.0,794.78,43213.88,Debit,1794.21,UPI,Shopping,Successful
T301644,2025-09-06,C100334,L200310,31.0,Female,Siliguri,West Bengal,Contract,86500.0,Affluent,690.0,6,5,1,363700.0,0.47,Business,793645.17,60.0,16.93,Closed,2026-03-10,19694.27,9.0,3.0,0.0,0.0,755241.35,37960.7,0.0,716.24,-22541.2,Debit,595.96,NEFT,Shopping,Successful
T301083,2025-09-06,C100252,L200765,52.0,Male,Pune,Maharashtra,Contract,69600.0,Mass,599.0,9,5,2,716700.0,0.366,Personal,212647.83,12.0,17.67,Closed,2026-02-08,19462.17,15.0,3.0,1.0,1.0,174696.6,37513.33,574.98,987.18,29128.41,Debit,1157.27,IMPS,Healthcare,Successful
T301251,2025-09-06,C100608,L201510,39.0,Female,Mysuru,Karnataka,Salaried,36700.0,Mass,723.0,6,1,0,281700.0,0.312,Education,89768.36,60.0,9.56,Delinquent,2025-08-17,1887.94,9.0,10.0,0.0,1.0,77496.78,12129.99,0.0,342.04,5032.96,Debit,6743.64,Net Banking,Restaurants,Failed
T302044,2025-09-07,C100186,L200385,48.0,Male,Mysuru,Karnataka,Self-employed,70500.0,SME,672.0,6,2,0,547100.0,0.674,Personal,277762.51,36.0,14.55,Closed,2025-08-17,9567.63,0.0,10.0,0.0,0.0,215572.9,61472.03,0.0,550.59,42668.14,Credit,539.59,IMPS,Groceries,Successful
T300236,2025-09-07,C100409,L200578,46.0,Female,Hyderabad,Telangana,Salaried,84400.0,Mass,685.0,3,2,0,303600.0,0.06,Personal,100052.12,24.0,15.29,Active,2026-06-26,4864.99,4.0,1.0,0.0,1.0,96889.88,3125.76,0.0,221.16,-6909.31,Debit,1281.84,NEFT,Groceries,Successful
T301796,2025-09-07,C100590,L201497,30.0,Female,Chennai,Tamil Nadu,Salaried,52500.0,Mass,742.0,5,2,0,271700.0,0.277,Consumer Durable,55812.47,12.0,17.77,Active,2025-07-18,5110.78,5.0,11.0,0.0,0.0,19270.4,36120.43,0.0,617.99,35645.64,Credit,2492.94,NEFT,Groceries,Successful
T300379,2025-09-07,C100162,L201577,55.0,Male,Surat,Gujarat,Contract,64200.0,Mass Affluent,729.0,5,2,0,334300.0,0.174,Business,167349.63,48.0,16.09,Closed,2026-06-21,4750.45,7.0,1.0,0.0,0.0,164261.84,3052.17,0.0,62.21,-10417.97,Debit,314.12,UPI,Travel,Reversed
T301149,2025-09-08,C100149,L200590,33.0,Male,Nagpur,Maharashtra,Salaried,53300.0,Affluent,728.0,8,4,0,720700.0,0.302,Business,170414.8,36.0,15.17,Delinquent,2026-01-29,5921.68,27.0,4.0,1.0,2.0,155018.43,15218.72,337.55,415.32,4371.78,Debit,4424.33,UPI,Healthcare,Successful
T301076,2025-09-08,C100407,L200724,44.0,Female,Chennai,Tamil Nadu,Salaried,59100.0,Mass Affluent,747.0,3,3,0,511600.0,0.247,Personal,74862.34,24.0,13.91,Active,2026-02-26,3591.17,7.0,4.0,0.0,0.0,65525.29,9229.32,0.0,766.0,4452.27,Debit,1437.6,IMPS,Education,Successful
T300696,2025-09-09,C100612,L200643,38.0,Male,New Delhi,Delhi,Self-employed,112600.0,SME,680.0,1,1,0,1554900.0,0.195,Consumer Durable,126988.78,9.0,18.49,Active,2025-08-10,15219.07,2.0,10.0,0.0,0.0,28064.84,97782.51,0.0,337.12,93991.52,Credit,193.3,UPI,Restaurants,Successful
T300315,2025-09-09,C100150,L201151,50.0,Male,Surat,Gujarat,Salaried,69600.0,Mass,692.0,3,2,0,748400.0,0.409,Business,602205.72,48.0,16.66,Active,2026-06-29,17270.92,1.0,1.0,0.0,0.0,590979.62,11096.57,0.0,294.4,-36257.82,Debit,6477.67,Net Banking,Restaurants,Successful
T300636,2025-09-09,C100575,L200780,31.0,Male,Rohini,Delhi,Contract,45900.0,SME,758.0,10,3,0,614200.0,0.298,Personal,119333.38,24.0,14.0,Active,2025-11-29,5729.54,5.0,7.0,0.0,1.0,93263.97,25768.6,0.0,937.25,19318.78,Credit,3767.64,IMPS,Healthcare,Successful
T300795,2025-09-09,C100391,L201231,29.0,Male,Mumbai,Maharashtra,Self-employed,86600.0,Mass Affluent,609.0,5,3,3,852500.0,0.483,Education,267488.03,60.0,11.69,Closed,2025-09-03,5908.31,17.0,8.0,2.0,2.0,236764.84,30368.69,704.33,824.1,10293.53,Debit,1485.67,Net Banking,Education,Successful
T302046,2025-09-09,C100188,,22.0,Female,Ahmedabad,Gujarat,Salaried,81000.0,Mass,726.0,5,2,0,1133000.0,0.475,,,,,,,,,,,,,,,,,Debit,3142.98,UPI,Utilities,Successful
T300174,2025-09-09,C100762,L202085,50.0,Male,Siliguri,West Bengal,Salaried,193300.0,Mass Affluent,705.0,6,3,0,2319000.0,0.608,Auto,1038508.91,60.0,9.98,Active,2025-07-07,22055.03,6.0,11.0,0.0,0.0,880815.47,155873.9,0.0,801.78,87970.82,Debit,2604.78,NEFT,Restaurants,Successful
T300999,2025-09-09,C100271,L200942,31.0,Male,Mangaluru,Karnataka,Salaried,65200.0,Affluent,793.0,5,1,0,358600.0,0.476,Auto,536558.09,36.0,9.83,Delinquent,2025-08-17,17270.43,9.0,10.0,0.0,0.0,424300.31,110962.49,0.0,563.2,78081.78,Credit,1632.6,IMPS,Groceries,Successful
T300152,2025-09-09,C100349,L201126,42.0,Male,Madurai,Tamil Nadu,Self-employed,72100.0,Mass Affluent,794.0,6,2,0,307800.0,0.461,Business,628798.96,12.0,12.74,Active,2025-09-08,56085.94,5.0,9.0,0.0,0.0,300696.23,324316.93,0.0,587.54,301081.43,Debit,7958.98,UPI,Groceries,Reversed
T301704,2025-09-10,C100336,L200656,39.0,Female,Pune,Maharashtra,Self-employed,130100.0,Mass,810.0,10,2,0,1422400.0,0.354,Personal,199268.83,36.0,12.92,Active,2026-05-14,6706.48,8.0,1.0,0.0,0.0,194909.62,4308.91,0.0,815.67,-9728.94,Debit,3250.3,UPI,Travel,Successful
T301181,2025-09-10,C100648,L201609,61.0,Male,Chennai,Tamil Nadu,Self-employed,49800.0,Mass Affluent,712.0,5,1,0,510400.0,0.38,Personal,77353.92,24.0,15.34,Active,2025-08-28,3763.14,11.0,9.0,1.0,1.0,55339.55,21760.36,282.93,776.25,10031.16,Credit,17286.03,NEFT,Restaurants,Successful
T300523,2025-09-10,C100273,L200786,53.0,Male,Vadodara,Gujarat,Salaried,104900.0,Mass Affluent,850.0,4,2,1,1358300.0,0.19,Consumer Durable,128666.1,12.0,15.03,Closed,2026-04-29,11615.01,3.0,2.0,0.0,0.0,113566.59,14925.28,0.0,984.84,4270.04,Credit,2306.62,Card,Travel,Successful
T300832,2025-09-10,C100300,,62.0,Male,New Delhi,Delhi,Self-employed,78700.0,Mass,777.0,5,5,0,456400.0,0.272,,,,,,,,,,,,,,,,,Debit,5697.62,NEFT,Restaurants,Successful
T301650,2025-09-10,C100502,L201592,52.0,Male,Mysuru,Karnataka,Contract,53900.0,Mass Affluent,686.0,7,1,0,306800.0,0.121,Personal,136565.22,18.0,16.46,Closed,2025-08-14,8613.72,1.0,10.0,0.0,0.0,80576.02,55343.17,0.0,220.2,49506.27,Debit,676.15,Net Banking,Groceries,Successful
T300828,2025-09-10,C100504,L200148,40.0,Male,Siliguri,West Bengal,Self-employed,110600.0,Mass,738.0,8,2,0,1143600.0,0.125,Personal,183833.33,18.0,13.46,Delinquent,2026-03-06,11335.61,6.0,3.0,0.0,0.0,161728.89,21849.39,0.0,189.89,8078.9,Debit,5413.64,UPI,Restaurants,Successful
T301875,2025-09-11,C100149,L200590,33.0,Male,Nagpur,Maharashtra,Salaried,53300.0,Affluent,728.0,8,4,0,720700.0,0.302,Business,170414.8,36.0,15.17,Delinquent,2026-01-29,5921.68,27.0,4.0,1.0,2.0,155018.43,15218.72,337.55,415.32,4371.78,Debit,4266.7,UPI,Healthcare,Successful
T300628,2025-09-11,C100534,L201328,49.0,Male,Siliguri,West Bengal,Self-employed,65400.0,SME,714.0,5,3,0,820800.0,0.217,Education,395422.39,48.0,9.23,Active,2026-01-23,9883.34,0.0,5.0,0.0,0.0,363301.52,31750.24,0.0,537.65,1640.68,Debit,3629.21,Net Banking,Healthcare,Successful
T300561,2025-09-11,C100183,L201894,40.0,Female,Kolkata,West Bengal,Self-employed,34200.0,Affluent,716.0,7,3,0,106100.0,0.429,Auto,86195.73,60.0,11.07,Closed,2025-10-11,1877.11,6.0,8.0,0.0,0.0,76434.73,9648.37,0.0,300.72,6482.12,Debit,1192.83,IMPS,Healthcare,Failed
T301057,2025-09-11,C100063,L202147,21.0,Male,Surat,Gujarat,Self-employed,109800.0,Affluent,759.0,8,3,1,1324200.0,0.319,Consumer Durable,179802.51,18.0,16.09,Active,2025-10-03,11309.39,0.0,9.0,0.0,1.0,113642.56,65396.57,0.0,621.6,59553.97,Credit,3522.64,UPI,Shopping,Successful
T301086,2025-09-11,C100366,L200154,39.0,Male,Mangaluru,Karnataka,Salaried,56700.0,Affluent,701.0,7,1,1,293300.0,0.137,Personal,107152.74,36.0,14.35,Delinquent,2026-01-11,3680.47,24.0,4.0,1.0,2.0,97583.52,9458.8,741.82,618.79,3116.45,Debit,4896.09,UPI,Travel,Successful
T300313,2025-09-11,C100194,,46.0,Other,Bengaluru,Karnataka,Contract,68200.0,Mass,684.0,10,2,0,738400.0,0.338,,,,,,,,,,,,,,,,,Credit,1006.86,NEFT,Groceries,Reversed
T301551,2025-09-11,C100069,L201634,44.0,Male,Nagpur,Maharashtra,Salaried,177600.0,Mass,716.0,7,5,2,2311100.0,0.579,Personal,146756.57,12.0,14.46,Active,2025-09-20,13208.63,4.0,9.0,0.0,0.0,69486.06,76378.93,0.0,542.84,72238.42,Debit,5053.82,UPI,Restaurants,Successful
T301232,2025-09-12,C100768,L200648,36.0,Other,Bengaluru,Karnataka,Salaried,48500.0,Mass,684.0,4,3,1,222900.0,0.299,Personal,99187.58,18.0,16.26,Active,2025-11-04,6246.77,0.0,7.0,0.0,0.0,70764.76,28094.86,0.0,810.06,18892.74,Debit,319.39,Net Banking,Shopping,Successful
T301999,2025-09-12,C100709,L200654,31.0,Male,Mangaluru,Karnataka,Salaried,54100.0,Mass,674.0,3,2,1,545400.0,0.444,Personal,113821.23,24.0,15.83,Delinquent,2026-02-02,5563.8,52.0,2.0,2.0,2.0,106588.29,7149.48,416.36,714.61,-939.32,Debit,1804.74,Net Banking,Travel,Successful
T301643,2025-09-12,C100331,L200340,50.0,Female,Chennai,Tamil Nadu,Business Owner,91900.0,SME,782.0,4,2,0,322100.0,0.101,Education,218293.32,24.0,8.62,Active,2026-05-27,9934.66,7.0,1.0,0.0,0.0,211835.79,6383.02,0.0,281.36,-13612.93,Debit,7492.98,Card,Travel,Successful
T301247,2025-09-12,C100469,,46.0,Female,Madurai,Tamil Nadu,Salaried,76000.0,Mass Affluent,725.0,5,2,0,247200.0,0.153,,,,,,,,,,,,,,,,,Debit,385.61,UPI,Utilities,Failed
T301318,2025-09-12,C100159,,47.0,Male,Bengaluru,Karnataka,Business Owner,73000.0,Mass Affluent,781.0,4,3,0,489100.0,0.165,,,,,,,,,,,,,,,,,Credit,4862.51,NEFT,Education,Successful
T300772,2025-09-13,C100159,,47.0,Male,Bengaluru,Karnataka,Business Owner,73000.0,Mass Affluent,781.0,4,3,0,489100.0,0.165,,,,,,,,,,,,,,,,,Debit,5665.54,UPI,Restaurants,Successful
T302040,2025-09-13,C100174,L200963,21.0,Female,Dwarka,Delhi,Contract,68100.0,Affluent,732.0,6,3,0,762900.0,0.335,Business,468551.07,36.0,14.82,Delinquent,2025-07-17,16201.21,25.0,9.0,2.0,2.0,373774.02,93683.47,1263.0,12.88,67014.56,Debit,1722.43,IMPS,Shopping,Successful
T300744,2025-09-13,C100766,L200764,45.0,Female,Ahmedabad,Gujarat,Salaried,58200.0,Mass Affluent,787.0,5,2,1,790900.0,0.385,Personal,155002.52,36.0,12.57,Active,2025-12-05,5190.6,6.0,6.0,0.0,0.0,134759.17,20009.77,0.0,254.58,4917.92,Debit,770.9,UPI,Restaurants,Successful
T301641,2025-09-13,C100275,,32.0,Female,Chennai,Tamil Nadu,Business Owner,408100.0,Affluent,758.0,3,2,1,4406500.0,0.179,,,,,,,,,,,,,,,,,Debit,,IMPS,Healthcare,Reversed
T300044,2025-09-14,C100006,L201606,21.0,Female,Nizamabad,Telangana,Retired,29600.0,Mass,599.0,6,2,0,286200.0,0.299,Education,34248.28,36.0,10.88,Active,2026-05-23,1119.3,2.0,1.0,0.0,0.0,33520.74,719.15,0.0,291.3,393.11,Credit,1354.42,Card,Utilities,Successful
T300617,2025-09-14,C100102,L201153,34.0,Male,Mangaluru,Karnataka,Business Owner,112700.0,Mass,714.0,2,2,1,1527200.0,0.462,Auto,450306.16,48.0,10.11,Active,2025-08-06,11444.73,0.0,10.0,0.0,0.0,375915.41,73532.39,0.0,52.38,49641.38,Debit,1278.37,UPI,Healthcare,Successful
T300521,2025-09-14,C100748,L201603,31.0,Male,Chennai,Tamil Nadu,Salaried,145500.0,Affluent,724.0,5,5,0,1159400.0,0.204,Home,1829912.27,180.0,8.36,Closed,2026-06-19,17870.02,1.0,1.0,0.0,0.0,1818296.76,11481.49,0.0,126.14,-131271.75,Debit,3185.23,IMPS,Restaurants,Successful
T300968,2025-09-14,C100767,L201269,31.0,Male,Surat,Gujarat,Salaried,56400.0,Mass,752.0,5,3,0,336000.0,0.517,Personal,102074.53,24.0,13.46,Closed,2026-01-28,4874.89,4.0,5.0,0.0,0.0,86231.13,15660.59,0.0,83.47,9583.97,Debit,1267.8,UPI,Travel,Failed
T301466,2025-09-14,C100717,L200130,41.0,Male,Nagpur,Maharashtra,Self-employed,96500.0,Mass,781.0,6,2,1,352900.0,0.22,Auto,216698.43,36.0,7.69,Delinquent,2026-06-10,6759.59,5.0,1.0,0.0,1.0,212304.69,4343.04,0.0,270.95,-16050.54,Credit,681.17,UPI,Groceries,Successful
T300669,2025-09-14,C100753,L201044,46.0,Male,Vadodara,Gujarat,Salaried,32800.0,Mass,601.0,6,3,0,375600.0,0.573,Auto,196554.94,60.0,12.81,Active,2025-12-25,4453.13,4.0,6.0,0.0,0.0,179187.71,17166.83,0.0,228.95,4657.85,Debit,13553.81,IMPS,Restaurants,Successful
T300872,2025-09-15,C100633,L201035,36.0,Male,Ahmedabad,Gujarat,Salaried,42500.0,Mass,709.0,5,3,1,403500.0,0.217,Business,493706.81,48.0,16.09,Default,2026-01-01,14014.56,14.0,5.0,1.0,2.0,523631.07,86531.13,553.8,347511.86,79398.3,Debit,2551.1,UPI,Restaurants,Successful
T301669,2025-09-15,C100681,L200637,37.0,Male,Kolkata,West Bengal,Salaried,42100.0,Mass Affluent,609.0,6,2,1,312900.0,0.715,Business,237074.4,24.0,17.04,Default,2025-07-12,11726.05,165.0,3.0,8.0,8.0,265523.33,50825.07,2939.35,74125.54,37384.46,Credit,5929.72,Card,Healthcare,Successful
T300831,2025-09-16,C100573,L200259,25.0,Female,Dwarka,Delhi,Self-employed,121900.0,Mass,718.0,5,4,0,1030100.0,0.073,Personal,161199.74,24.0,15.3,Closed,2026-03-01,7839.03,8.0,4.0,0.0,0.0,140818.26,20146.31,0.0,735.98,10328.73,Debit,965.89,IMPS,Groceries,Successful
T300684,2025-09-16,C100309,L200353,36.0,Male,Nagpur,Maharashtra,Salaried,58700.0,SME,784.0,5,2,0,354200.0,0.194,Auto,391777.18,36.0,8.77,Active,2026-01-10,12416.51,2.0,5.0,0.0,0.0,351423.51,39888.05,0.0,166.38,10282.9,Debit,1742.74,UPI,Healthcare,Successful
T302160,2025-09-16,C100157,L201078,53.0,Female,Nagpur,Maharashtra,Salaried,80800.0,Affluent,579.0,6,4,3,769200.0,0.262,Home,483347.78,300.0,11.18,Default,2025-12-25,4800.39,67.0,3.0,3.0,3.0,541349.51,46302.11,812.93,265439.39,29913.83,Debit,29057.27,IMPS,Healthcare,Successful
T301940,2025-09-16,C100016,L200586,53.0,Female,Bengaluru,Karnataka,Salaried,75800.0,Affluent,662.0,3,2,1,799800.0,0.199,Personal,81672.23,18.0,15.71,Delinquent,2026-05-05,5122.44,7.0,1.0,0.0,0.0,78342.65,3291.17,0.0,931.97,-3315.21,Debit,11219.73,UPI,Shopping,Successful
T300119,2025-09-16,C100291,L201769,44.0,Male,Mumbai,Maharashtra,Contract,117100.0,Mass,719.0,6,2,0,1290200.0,0.233,Consumer Durable,89237.3,18.0,18.12,Active,2025-08-04,5698.96,1.0,11.0,0.0,0.0,48489.72,40277.41,0.0,591.01,37732.08,Debit,1631.84,Net Banking,Shopping,Successful
T301049,2025-09-16,C100275,,32.0,Female,Chennai,Tamil Nadu,Business Owner,408100.0,Affluent,758.0,3,2,1,4406500.0,0.179,,,,,,,,,,,,,,,,,Credit,3222.43,UPI,Restaurants,Successful
T300646,2025-09-17,C100591,L200086,54.0,Female,Nagpur,Maharashtra,Contract,23500.0,SME,745.0,2,2,0,203800.0,0.325,Education,80394.5,60.0,9.17,Active,2026-02-26,1675.5,7.0,4.0,0.0,1.0,76038.2,4306.03,0.0,978.95,-6017.83,Debit,3745.11,Net Banking,Groceries,Successful
T301478,2025-09-17,C100067,L200344,31.0,Female,Vadodara,Gujarat,Self-employed,44200.0,Affluent,782.0,2,2,1,567500.0,0.328,Home,484065.57,120.0,7.0,Closed,2025-07-02,5620.41,7.0,12.0,0.0,0.0,440226.36,43333.37,0.0,232.82,4546.77,Debit,,NEFT,Restaurants,Successful
T301121,2025-09-17,C100103,L201526,43.0,Male,Hyderabad,Telangana,Salaried,34500.0,Mass,718.0,5,3,1,120000.0,0.2,Consumer Durable,37931.4,6.0,17.98,Active,2026-06-28,6657.54,6.0,1.0,0.0,0.0,33604.0,4277.47,0.0,728.04,2014.13,Credit,7245.26,IMPS,Shopping,Successful
T301153,2025-09-17,C100168,L202080,52.0,Female,Chennai,Tamil Nadu,Business Owner,85100.0,Mass,757.0,3,2,0,391300.0,0.419,Business,867526.48,12.0,13.64,Delinquent,2025-11-20,77745.83,7.0,7.0,0.0,1.0,513782.95,349661.87,0.0,821.62,306817.63,Credit,5073.45,UPI,Utilities,Successful
T300247,2025-09-17,C100111,L201799,25.0,Female,New Delhi,Delhi,Salaried,68200.0,Affluent,724.0,9,6,1,949200.0,0.116,Education,332197.99,48.0,9.56,Active,2026-01-14,8355.38,3.0,5.0,0.0,0.0,305043.01,26841.65,0.0,906.99,337.15,Debit,2902.0,IMPS,Shopping,Successful
T300819,2025-09-17,C100417,L201398,21.0,Male,Pune,Maharashtra,Salaried,89800.0,Mass,742.0,4,2,1,351600.0,0.049,Personal,213295.74,12.0,13.55,Active,2026-01-25,19106.08,4.0,5.0,0.0,1.0,151200.99,61378.27,0.0,337.8,51191.62,Debit,871.58,IMPS,Education,Successful
T301180,2025-09-18,C100740,,48.0,Male,Dwarka,Delhi,Salaried,46900.0,Mass Affluent,667.0,8,4,1,209500.0,0.291,,,,,,,,,,,,,,,,,Debit,1948.01,Card,Shopping,Failed
T301724,2025-09-18,C100139,L200092,52.0,Male,Siliguri,West Bengal,Business Owner,95800.0,Affluent,686.0,4,4,0,715400.0,0.123,Consumer Durable,90099.76,12.0,16.85,Active,2025-08-18,8211.11,9.0,10.0,0.0,0.0,36727.52,52756.41,0.0,891.42,54126.35,Debit,657.24,UPI,Restaurants,Successful
T301208,2025-09-18,C100359,L200694,41.0,Male,Mangaluru,Karnataka,Self-employed,102300.0,Mass Affluent,732.0,5,3,0,1053900.0,0.411,Personal,143210.86,24.0,12.9,Closed,2026-02-19,6801.78,8.0,4.0,0.0,0.0,125526.23,17480.58,0.0,865.31,11256.41,Debit,412.66,UPI,Utilities,Successful
T300341,2025-09-18,C100310,L200332,42.0,Female,Coimbatore,Tamil Nadu,Salaried,92000.0,Mass,692.0,7,2,0,658700.0,0.03,Home,469782.77,120.0,8.34,Active,2025-09-11,5784.51,0.0,9.0,0.0,1.0,435943.38,33448.93,0.0,796.41,4238.41,Credit,3072.16,Card,Utilities,Successful
T300135,2025-09-18,C100036,L201204,32.0,Male,New Delhi,Delhi,Salaried,35100.0,Mass Affluent,669.0,8,3,0,322400.0,0.215,Home,314900.73,300.0,8.39,Active,2026-06-30,2512.37,9.0,1.0,0.0,0.0,313267.69,1614.19,0.0,8.59,-26255.87,Debit,4505.86,NEFT,Restaurants,Successful
T301182,2025-09-18,C100754,L202181,49.0,Male,Rohini,Delhi,Salaried,58600.0,Mass,715.0,4,3,1,662100.0,0.332,Home,401876.86,180.0,8.13,Active,2025-08-08,3870.77,9.0,10.0,0.0,0.0,376716.88,24869.67,0.0,808.04,-9600.74,Credit,15156.35,UPI,Restaurants,Successful
T302150,2025-09-18,C100521,L200516,21.0,Female,Nizamabad,Telangana,Contract,59800.0,Mass Affluent,726.0,3,3,0,580600.0,0.38,Home,267961.83,180.0,7.04,Closed,2025-12-18,2414.51,9.0,6.0,0.0,1.0,258545.23,9307.95,0.0,941.05,-12360.35,Debit,6206.43,IMPS,Shopping,Successful
T301547,2025-09-18,C100094,L201305,45.0,Male,Coimbatore,Tamil Nadu,Salaried,73000.0,Mass,631.0,5,1,0,361400.0,0.285,Business,671241.89,24.0,18.67,Active,2026-05-09,33728.85,8.0,1.0,0.0,1.0,649318.14,21670.79,0.0,72.29,-29715.42,Debit,930.35,NEFT,Utilities,Successful
T300597,2025-09-18,C100716,,38.0,Male,Pune,Maharashtra,Salaried,39800.0,Mass,746.0,5,5,1,412700.0,0.281,,,,,,,,,,,,,,,,,Debit,1401.21,Card,Utilities,Successful
T301234,2025-09-19,C100632,L201750,53.0,Female,Bengaluru,Karnataka,Business Owner,50000.0,Mass Affluent,739.0,3,3,1,387000.0,0.168,Auto,291387.18,60.0,10.23,Active,2026-06-02,6224.14,3.0,1.0,0.0,1.0,287341.49,3999.01,0.0,965.63,-13459.03,Debit,1002.69,Card,Shopping,Successful
T300091,2025-09-19,C100195,L201605,38.0,Male,Coimbatore,Tamil Nadu,Salaried,33600.0,SME,772.0,5,5,0,250200.0,0.183,Education,94449.67,36.0,9.3,Active,2025-12-26,3016.68,2.0,6.0,0.0,0.0,82684.62,11629.3,0.0,491.61,5659.78,Debit,3201.06,NEFT,Utilities,Successful
T302022,2025-09-19,C100633,L201035,36.0,Male,Ahmedabad,Gujarat,Salaried,42500.0,Mass,,5,3,1,403500.0,0.217,Business,493706.81,48.0,16.09,Default,2026-01-01,14014.56,14.0,5.0,1.0,2.0,523631.07,86531.13,553.8,347511.86,79398.3,Debit,19129.82,Net Banking,Restaurants,Successful
T300552,2025-09-19,C100723,L201848,22.0,Male,Rohini,Delhi,Salaried,52100.0,Affluent,738.0,9,6,0,320100.0,0.33,Consumer Durable,43418.49,6.0,17.87,Active,2025-10-23,7618.23,1.0,8.0,0.0,0.0,3803.7,39157.69,0.0,497.85,39098.55,Debit,2471.33,IMPS,Restaurants,Reversed
T301912,2025-09-19,C100363,L200441,37.0,Female,Coimbatore,Tamil Nadu,Salaried,49100.0,Affluent,705.0,3,1,1,180500.0,0.105,Consumer Durable,35848.61,9.0,17.7,Closed,2026-04-13,4282.67,2.0,2.0,0.0,0.0,30281.14,5503.23,0.0,959.33,4133.41,Credit,9984.76,IMPS,Education,Successful
T300086,2025-09-19,C100657,L201227,21.0,Female,Chennai,Tamil Nadu,Contract,33000.0,Mass,649.0,5,1,0,157100.0,0.067,Personal,77571.89,36.0,15.24,Active,2026-02-18,2698.18,8.0,4.0,0.0,0.0,70556.62,6934.33,0.0,415.23,3590.91,Debit,1843.0,Card,,Successful
T301220,2025-09-19,C100318,L201728,35.0,Female,Howrah,West Bengal,Business Owner,49000.0,Affluent,721.0,7,2,0,546600.0,0.285,Personal,65278.83,12.0,14.24,Active,2026-01-31,5868.57,6.0,5.0,0.0,0.0,46205.97,18852.79,0.0,248.29,11371.27,Debit,759.19,Net Banking,Healthcare,Successful
T302178,2025-09-19,C100718,L201940,42.0,Male,Vadodara,Gujarat,Salaried,137500.0,SME,764.0,7,4,0,877200.0,0.498,Personal,377147.49,24.0,14.77,Active,2025-09-12,18245.43,6.0,9.0,0.0,0.0,270411.72,105504.21,0.0,502.3,82620.5,Debit,3291.33,UPI,Travel,Successful
T301213,2025-09-20,C100256,L202038,29.0,Female,Kolkata,West Bengal,Business Owner,65600.0,Mass Affluent,696.0,9,4,0,542700.0,0.223,Auto,262398.51,36.0,12.44,Delinquent,2026-01-20,8770.63,7.0,5.0,0.0,0.0,233893.96,28175.66,0.0,561.97,13986.98,Debit,639.03,UPI,Utilities,Successful
T301013,2025-09-20,C100741,L200877,50.0,Male,New Delhi,Delhi,Salaried,37600.0,Affluent,753.0,2,2,0,117200.0,0.631,Consumer Durable,54662.94,18.0,18.9,Active,2025-12-28,3511.31,2.0,6.0,0.0,0.0,40968.84,13536.09,0.0,589.79,13841.79,Debit,9723.24,UPI,Shopping,Successful
T300314,2025-09-20,C100195,L201605,38.0,Male,Coimbatore,Tamil Nadu,Salaried,33600.0,SME,772.0,5,5,0,250200.0,0.183,Education,94449.67,36.0,9.3,Active,2025-12-26,3016.68,2.0,6.0,0.0,0.0,82684.62,11629.3,0.0,491.61,5659.78,Debit,4190.97,NEFT,Healthcare,Successful
T301926,2025-09-20,C100729,L200467,25.0,Female,Hyderabad,Telangana,Salaried,36200.0,Mass,655.0,5,3,0,421700.0,0.456,Personal,84016.38,36.0,15.15,Active,2025-08-16,2918.63,5.0,10.0,0.0,0.0,65045.28,18752.2,0.0,261.25,12397.87,Debit,530.15,Net Banking,Education,Successful
T301384,2025-09-20,C100027,L201513,43.0,Male,Hyderabad,Telangana,Salaried,95800.0,Mass Affluent,728.0,4,2,0,1128400.0,0.6,Home,945159.79,120.0,8.02,Active,2025-07-14,11477.39,8.0,11.0,0.0,0.0,863096.47,81116.43,0.0,675.39,11761.35,Debit,320.94,UPI,Restaurants,Successful
T301223,2025-09-21,C100591,L200086,54.0,Female,Nagpur,Maharashtra,Contract,23500.0,SME,745.0,2,2,0,203800.0,0.325,Education,80394.5,60.0,9.17,Active,2026-02-26,1675.5,7.0,4.0,0.0,1.0,76038.2,4306.03,0.0,978.95,-6017.83,Debit,8064.63,UPI,Education,Successful
T301442,2025-09-21,C100568,L200201,56.0,Female,Vadodara,Gujarat,Salaried,79400.0,Mass,695.0,3,2,1,1003600.0,0.369,Business,385629.88,36.0,16.52,Delinquent,2025-08-29,13656.81,42.0,8.0,2.0,2.0,314614.46,70196.01,339.78,393.5,43498.88,Debit,2304.3,UPI,Utilities,Successful
T300106,2025-09-21,C100522,L200785,31.0,Female,Nizamabad,Telangana,Salaried,82400.0,Mass Affluent,674.0,5,4,0,569800.0,0.222,Education,337477.45,36.0,11.86,Active,2025-11-12,11186.53,3.0,7.0,0.0,1.0,286578.75,50311.41,0.0,529.27,27986.0,Debit,5660.64,NEFT,Education,Successful
T300509,2025-09-21,C100360,L201008,37.0,Female,Rohini,Delhi,Self-employed,50200.0,Affluent,579.0,3,3,1,621000.0,0.673,Consumer Durable,47558.8,6.0,21.88,Active,2026-02-27,8439.92,19.0,2.0,2.0,2.0,36586.9,10845.3,1048.33,15.76,8727.32,Debit,14627.87,UPI,Shopping,Successful
T301865,2025-09-21,C100618,L201642,31.0,Male,Surat,Gujarat,Salaried,79500.0,Mass Affluent,722.0,8,2,0,690300.0,0.293,Personal,181084.89,18.0,15.74,Active,2026-03-03,11360.11,4.0,3.0,0.0,0.0,158932.68,21896.61,0.0,801.31,7530.57,Credit,2744.76,UPI,Healthcare,Successful
T300941,2025-09-21,C100752,L200072,33.0,Male,Bengaluru,Karnataka,Salaried,87600.0,Mass Affluent,688.0,3,3,0,687700.0,0.127,Auto,315531.61,60.0,9.83,Active,2025-07-30,6677.75,8.0,11.0,0.0,0.0,267785.69,47195.01,0.0,598.97,22969.33,Credit,402.1,UPI,Utilities,Successful
T300446,2025-09-21,C100107,,48.0,Female,Bengaluru,Karnataka,Salaried,48600.0,Mass Affluent,,5,5,1,239300.0,0.368,,,,,,,,,,,,,,,,,Credit,11396.18,UPI,Utilities,Successful
T301532,2025-09-21,C100587,L201013,21.0,Male,Bengaluru,Karnataka,Salaried,52200.0,Mass Affluent,661.0,5,5,0,701700.0,0.246,Personal,61172.01,12.0,16.06,Closed,2025-08-25,5551.93,30.0,9.0,1.0,1.0,28693.24,32104.01,258.15,338.41,28544.88,Credit,1944.44,UPI,Shopping,Successful
T301433,2025-09-22,C100026,L201161,21.0,Female,Ahmedabad,Gujarat,Salaried,29400.0,Mass,719.0,5,5,0,280900.0,0.963785857097982,Business,199587.0,60.0,16.0,Closed,2026-03-02,4853.57,5.0,4.0,0.0,0.0,186967.72,12473.67,0.0,581.08,-2674.16,Credit,4304.77,UPI,Utilities,Successful
T300035,2025-09-22,C100266,L201783,31.0,Female,Vadodara,Gujarat,Salaried,66900.0,SME,781.0,4,2,1,440700.0,0.191,Auto,163975.97,48.0,8.2,Closed,2026-03-08,4018.54,0.0,3.0,0.0,0.0,156139.81,7745.74,0.0,88.12,-3060.63,Credit,422.95,UPI,Travel,Successful
T301791,2025-09-22,C100527,,25.0,Female,Mumbai,Maharashtra,Retired,26200.0,Mass,715.0,6,3,0,156500.0,0.066,,,,,,,,,,,,,,,,,Debit,558.21,NEFT,Healthcare,Successful
T300723,2025-09-23,C100795,L201933,34.0,Male,Dwarka,Delhi,Salaried,113400.0,Affluent,710.0,5,4,1,517700.0,0.159,Business,798768.81,12.0,16.72,Closed,2026-06-10,72745.41,4.0,1.0,0.0,0.0,751484.29,46738.93,0.0,865.76,-8204.73,Debit,2846.41,Net Banking,Shopping,Successful
T300661,2025-09-23,C100761,L200859,40.0,Female,Siliguri,West Bengal,Business Owner,211400.0,SME,764.0,3,2,1,2238600.0,0.227,Home,3550357.11,300.0,7.07,Closed,2025-10-30,25251.95,9.0,8.0,0.0,0.0,3419046.98,129795.02,0.0,920.66,-140639.18,Debit,4543.16,UPI,Healthcare,Successful
T300952,2025-09-23,C100733,L200412,40.0,Male,Nizamabad,Telangana,Salaried,75200.0,Mass Affluent,676.0,2,2,0,396300.0,0.074,Education,222971.96,60.0,12.58,Delinquent,2025-11-11,5025.49,17.0,6.0,1.0,1.0,203372.56,19373.25,438.56,868.92,6458.42,Debit,2896.63,IMPS,Healthcare,Successful
T301910,2025-09-24,C100289,L200486,45.0,Male,Rohini,Delhi,Self-employed,70400.0,Mass Affluent,701.0,4,4,0,429200.0,0.346,Business,450986.93,48.0,16.55,Closed,2026-01-12,12908.49,7.0,5.0,0.0,0.0,409034.34,41468.52,0.0,193.11,9743.97,Debit,6197.33,UPI,Healthcare,Successful
T302071,2025-09-24,C100064,L200592,24.0,Female,Howrah,West Bengal,Business Owner,72500.0,Mass Affluent,803.0,7,4,0,563200.0,0.171,Education,272020.48,60.0,8.64,Active,2026-01-30,5599.29,3.0,5.0,0.0,0.0,253822.79,17987.72,0.0,309.86,-4392.27,Debit,359.98,Card,Education,Successful
T300298,2025-09-24,C100630,L200207,61.0,Male,Mysuru,Karnataka,Business Owner,49200.0,Mass Affluent,734.0,5,3,0,496400.0,0.292,Business,215927.75,12.0,15.95,Active,2026-06-27,19586.2,6.0,1.0,0.0,1.0,203196.72,12584.13,0.0,333.27,-7204.55,Debit,956.76,IMPS,Education,Successful
T302029,2025-09-24,C100239,L200391,41.0,Male,Siliguri,West Bengal,Salaried,32400.0,Mass Affluent,659.0,6,2,0,299600.0,0.219,Personal,70002.36,36.0,15.57,Closed,2026-05-12,2446.24,5.0,1.0,0.0,0.0,68412.3,1571.71,0.0,49.6,-5565.4,Debit,355.34,Card,Education,Successful
T301710,2025-09-24,C100125,L200871,29.0,Female,Rohini,Delhi,Salaried,27400.0,Mass,637.0,3,3,0,286000.0,0.33,Personal,35408.86,36.0,17.27,Active,2025-08-15,1267.19,56.0,8.0,2.0,2.0,28819.49,6513.33,459.69,905.67,3317.01,Debit,171.86,UPI,Shopping,Failed
T301165,2025-09-24,C100242,L200842,60.0,Male,Mumbai,Maharashtra,Business Owner,52900.0,Mass Affluent,,11,3,0,634000.0,0.375,Auto,122575.93,36.0,9.66,Delinquent,2026-04-16,3935.64,9.0,2.0,0.0,0.0,117459.59,5057.3,0.0,325.38,-3579.46,Credit,2273.55,Card,Utilities,Successful
T300117,2025-09-25,C100294,L200477,28.0,Male,Ahmedabad,Gujarat,Salaried,54900.0,Mass,668.0,4,2,0,223300.0,0.38,Consumer Durable,99142.58,6.0,18.82,Active,2025-09-21,17442.54,25.0,8.0,1.0,2.0,8441.37,89654.66,624.93,920.74,84737.91,Credit,8495.35,Net Banking,Groceries,Successful
T300361,2025-09-25,C100482,L200432,48.0,Male,Mumbai,Maharashtra,Salaried,111100.0,Mass,628.0,6,2,1,939000.0,0.221,Auto,579909.93,60.0,10.83,Default,2025-09-10,12559.54,22.0,6.0,3.0,3.0,649499.12,113631.28,1230.55,396830.97,103100.92,Credit,203.5,Card,Utilities,Successful
T302054,2025-09-25,C100232,L200651,48.0,Female,Vadodara,Gujarat,Salaried,75200.0,Mass Affluent,709.0,9,2,1,624200.0,0.203,Home,392300.09,120.0,10.21,Closed,2026-04-13,5230.0,1.0,2.0,0.0,0.0,385501.09,6720.55,0.0,509.52,-17955.13,Debit,2816.87,UPI,Restaurants,Successful
T300969,2025-09-26,C100052,,48.0,Male,Surat,Gujarat,Salaried,109700.0,Mass,760.0,4,1,0,580600.0,0.444,,,,,,,,,,,,,,,,,Debit,1700.81,UPI,Education,Failed
T301144,2025-09-26,C100173,L200419,36.0,Female,Coimbatore,Tamil Nadu,Salaried,70000.0,Mass,656.0,4,4,1,809900.0,0.196,Auto,425408.46,72.0,12.39,Active,2026-06-14,8403.35,0.0,1.0,0.0,1.0,419946.28,5399.15,0.0,474.26,-26272.25,Debit,5012.41,UPI,Healthcare,Successful
T300487,2025-09-26,C100110,L200714,21.0,Other,Kolkata,West Bengal,Contract,41200.0,Mass,701.0,2,2,0,567000.0,0.32,Business,219893.0,48.0,16.84,Closed,2026-04-10,6326.83,2.0,2.0,0.0,1.0,211668.12,8129.98,0.0,872.01,-11606.25,Credit,1924.98,UPI,Healthcare,Successful
T301186,2025-09-26,C100618,L201642,31.0,Male,Surat,Gujarat,Salaried,79500.0,Mass Affluent,722.0,8,2,0,690300.0,0.293,Personal,181084.89,18.0,15.74,Active,2026-03-03,11360.11,4.0,3.0,0.0,0.0,158932.68,21896.61,0.0,801.31,7530.57,Debit,4638.81,UPI,Utilities,Successful
T301715,2025-09-26,C100075,L202106,39.0,Male,Bengaluru,Karnataka,Salaried,72900.0,Mass Affluent,662.0,4,3,1,296500.0,0.146,Auto,271524.05,60.0,10.04,Active,2025-12-14,5774.43,6.0,6.0,0.0,0.0,249003.78,22260.42,0.0,354.41,-4752.5,Debit,310.19,UPI,Shopping,Successful
T300408,2025-09-26,C100777,L201114,38.0,Male,Warangal,Telangana,Self-employed,114200.0,Affluent,702.0,4,1,1,1060800.0,0.237,Personal,150200.7,18.0,14.24,Active,2026-01-22,9316.6,6.0,5.0,0.0,0.0,119921.74,29929.59,0.0,35.55,21418.63,Debit,7713.51,NEFT,Utilities,Successful
T301446,2025-09-27,C100401,L201086,42.0,Female,Dwarka,Delhi,Salaried,46500.0,Mass Affluent,690.0,3,2,0,322500.0,0.185,Education,95466.37,24.0,11.5,Closed,2025-09-03,4471.67,9.0,10.0,0.0,0.0,66400.48,28730.51,0.0,795.75,23276.52,Debit,18823.81,Net Banking,Education,Successful
T301147,2025-09-27,C100128,L200900,40.0,Male,Bengaluru,Karnataka,Salaried,25200.0,Affluent,671.0,2,2,0,87600.0,0.551,Business,139963.25,48.0,16.77,Active,2025-10-29,4022.01,2.0,8.0,0.0,0.0,119048.8,20673.13,0.0,444.97,8313.47,Debit,1422.99,IMPS,Healthcare,Successful
T301844,2025-09-27,C100484,L200226,28.0,Male,New Delhi,Delhi,Salaried,61400.0,Mass Affluent,729.0,3,1,0,617100.0,0.186,Auto,151448.44,60.0,9.38,Active,2026-01-15,3171.83,9.0,5.0,0.0,0.0,141140.01,10189.49,0.0,294.71,-1261.84,Credit,775.27,UPI,Utilities,Successful
T300857,2025-09-27,C100364,L201294,27.0,Female,Vadodara,Gujarat,Salaried,105500.0,Mass,733.0,4,1,1,876000.0,0.314,Education,486955.56,24.0,10.84,Delinquent,2025-09-18,22659.79,38.0,5.0,4.0,4.0,413311.24,72794.58,2017.92,795.54,36746.67,Credit,6444.66,Net Banking,Utilities,Successful
T300252,2025-09-27,C100583,,50.0,Female,Mumbai,Maharashtra,Salaried,233900.0,Mass Affluent,838.0,7,2,0,2279900.0,0.35,,,,,,,,,,,,,,,,,Debit,,NEFT,Healthcare,Successful
T300309,2025-09-28,C100314,L200052,24.0,Female,Mumbai,Maharashtra,Salaried,34900.0,SME,749.0,3,3,0,301500.0,0.54,Consumer Durable,19664.48,6.0,16.15,Active,2026-05-18,3433.51,1.0,1.0,0.0,0.0,17432.7,2206.03,0.0,835.66,1522.81,Credit,11049.95,Net Banking,Travel,Successful
T300392,2025-09-28,C100693,L200604,29.0,Male,Rohini,Delhi,Salaried,74300.0,Mass Affluent,758.0,5,4,0,733800.0,0.456,Personal,189176.3,18.0,14.33,Delinquent,2026-05-06,11742.16,5.0,1.0,0.0,1.0,181543.9,7544.34,0.0,715.89,-10020.96,Debit,1146.72,UPI,Restaurants,Successful
T301690,2025-09-28,C100308,L202169,28.0,Male,Vadodara,Gujarat,Self-employed,52300.0,Mass,765.0,3,2,2,363700.0,0.278,Education,181163.46,36.0,10.81,Closed,2025-12-23,5914.77,19.0,5.0,1.0,1.0,161940.45,19001.21,642.0,83.2,6760.34,Debit,1420.33,Net Banking,Groceries,Successful
T302182,2025-09-29,C100586,L200302,21.0,Female,Dwarka,Delhi,Self-employed,65400.0,Mass,731.0,4,2,0,270200.0,0.133,Personal,122766.89,18.0,14.57,Active,2025-11-26,7633.96,0.0,7.0,0.0,0.0,88032.35,34333.76,0.0,89.4,25420.96,Debit,1369.47,NEFT,Healthcare,Successful
T301614,2025-09-29,C100770,L200545,26.0,Female,Hyderabad,Telangana,Self-employed,95600.0,Mass Affluent,726.0,3,1,0,1228600.0,0.078,Business,580871.6,36.0,15.34,Active,2026-02-02,20232.95,6.0,4.0,0.0,0.0,528265.92,51998.69,0.0,616.54,8122.65,Credit,558.92,UPI,Education,Successful
T301624,2025-09-29,C100461,L200153,32.0,Male,New Delhi,Delhi,Self-employed,106900.0,Mass,793.0,7,3,1,864700.0,0.477,Auto,426185.08,36.0,7.95,Delinquent,2026-02-28,13345.26,9.0,4.0,0.0,0.0,391487.4,34297.33,0.0,253.9,4136.76,Credit,8756.34,IMPS,Utilities,Successful
T301855,2025-09-29,C100638,L201571,54.0,Female,Warangal,Telangana,Business Owner,117200.0,Mass Affluent,792.0,8,2,0,906000.0,0.208,Consumer Durable,181448.66,18.0,16.05,Closed,2026-06-18,11409.5,2.0,1.0,0.0,0.0,174032.48,7330.61,0.0,383.48,-8563.47,Credit,339.19,UPI,Groceries,Successful
T302086,2025-09-29,C100590,L201497,30.0,Female,Chennai,Tamil Nadu,Salaried,52500.0,Mass,742.0,5,2,0,271700.0,0.277,Consumer Durable,55812.47,12.0,17.77,Active,2025-07-18,5110.78,5.0,11.0,0.0,0.0,19270.4,36120.43,0.0,617.99,35645.64,Credit,12972.25,Net Banking,Healthcare,Successful
T300788,2025-09-29,C100549,L200068,29.0,Female,Howrah,West Bengal,Business Owner,71300.0,Mass,723.0,5,2,0,638300.0,0.195,Business,348044.68,48.0,16.95,Closed,2025-11-02,10033.84,11.0,7.0,1.0,1.0,302390.69,45127.21,506.26,116.75,14481.56,Debit,2210.01,Net Banking,Groceries,Successful
T300621,2025-09-30,C100392,L200055,44.0,Male,Madurai,Tamil Nadu,Salaried,76200.0,Mass,765.0,8,3,0,865500.0,0.546,Personal,119590.76,18.0,14.64,Active,2026-05-23,7440.4,4.0,1.0,0.0,0.0,114754.5,4780.46,0.0,71.6,-5958.56,Debit,1358.7,IMPS,Groceries,Successful
T302052,2025-09-30,C100267,L201772,38.0,Male,Dwarka,Delhi,Salaried,68500.0,Mass,770.0,5,4,0,299500.0,0.492,Home,718123.79,300.0,7.0,Closed,2025-11-23,5075.55,4.0,7.0,0.0,1.0,695030.04,22827.28,0.0,327.64,-33077.72,Debit,3356.4,UPI,Shopping,Successful
T301467,2025-10-01,C100510,L200848,29.0,Male,Vadodara,Gujarat,Salaried,65100.0,SME,720.0,2,2,0,879000.0,0.072,Home,513474.02,180.0,7.0,Written Off,2025-11-07,4615.25,8.0,7.0,0.0,0.0,575090.9,66196.03,0.0,267025.05,-225023.74,Debit,464.95,UPI,Groceries,Successful
T301864,2025-10-01,C100130,L201584,35.0,Female,Howrah,West Bengal,Self-employed,66800.0,Affluent,681.0,8,3,0,450400.0,0.28,Personal,100465.74,36.0,16.12,Active,2025-11-13,3538.03,6.0,7.0,0.0,1.0,84367.69,15912.3,0.0,686.44,5314.16,Debit,5672.5,UPI,Education,Successful
T300725,2025-10-01,C100679,L200528,30.0,Male,Mysuru,Karnataka,Salaried,72300.0,Mass Affluent,675.0,3,3,1,911100.0,0.215,Home,749590.54,120.0,9.35,Active,2026-06-01,9638.06,7.0,1.0,0.0,0.0,743325.8,6192.46,0.0,335.92,-49827.11,Credit,1448.8,NEFT,Healthcare,Successful
T300577,2025-10-01,C100534,L201328,49.0,Male,Siliguri,West Bengal,Self-employed,65400.0,SME,714.0,5,3,0,820800.0,0.217,Education,395422.39,48.0,9.23,Active,2026-01-23,9883.34,0.0,5.0,0.0,0.0,363301.52,31750.24,0.0,537.65,1640.68,Debit,1831.62,UPI,Utilities,Successful
T301308,2025-10-01,C100123,L201651,41.0,Male,Vadodara,Gujarat,Salaried,60000.0,Mass Affluent,696.0,5,2,0,490800.0,0.356,Personal,108998.95,36.0,14.82,Active,2025-08-14,3768.88,2.0,10.0,0.0,0.0,84501.21,24215.08,0.0,38.65,18650.18,Debit,334.99,Net Banking,Groceries,Successful
T302190,2025-10-01,C100186,L200385,48.0,Male,Mysuru,Karnataka,Self-employed,70500.0,SME,672.0,6,2,0,547100.0,0.674,Personal,277762.51,36.0,14.55,Closed,2025-08-17,9567.63,0.0,10.0,0.0,0.0,215572.9,61472.03,0.0,550.59,42668.14,Debit,5805.21,UPI,Restaurants,Successful
T301368,2025-10-01,C100160,L200524,35.0,Female,New Delhi,Delhi,Business Owner,94200.0,Mass Affluent,716.0,9,3,0,1115900.0,0.487,Personal,224213.5,12.0,14.35,Active,2025-10-01,20168.43,5.0,9.0,0.0,0.0,106228.21,116623.93,0.0,660.08,111763.33,Debit,576.19,Net Banking,Travel,Successful
T300043,2025-10-01,C100135,L201684,37.0,Male,Nagpur,Maharashtra,Self-employed,57300.0,Affluent,758.0,1,1,1,440300.0,0.442,Personal,108315.08,18.0,14.1,Active,2026-03-24,6711.42,3.0,3.0,0.0,1.0,95227.8,12936.27,0.0,148.5,3178.59,Debit,2749.65,UPI,Utilities,Successful
T300836,2025-10-01,C100552,L201519,24.0,Male,Ahmedabad,Gujarat,Salaried,43500.0,Affluent,762.0,7,2,0,350900.0,0.287,Home,362153.33,180.0,8.33,Active,2025-08-04,3530.27,9.0,11.0,0.0,0.0,336911.89,24950.19,0.0,423.98,-3160.59,Debit,208.88,Card,Healthcare,Successful
T301464,2025-10-02,C100276,L201378,36.0,Male,Mangaluru,Karnataka,Salaried,77000.0,Mass,732.0,3,3,1,620900.0,0.369,Business,556892.19,36.0,18.21,Active,2025-10-18,20191.7,5.0,8.0,0.0,0.0,451895.34,103785.35,0.0,88.05,66988.54,Credit,1263.15,Net Banking,Shopping,Successful
T301314,2025-10-02,C100053,L201823,41.0,Male,Mangaluru,Karnataka,Business Owner,100200.0,Affluent,728.0,2,2,0,302300.0,0.456,Business,1019519.18,48.0,15.72,Active,2025-10-28,28747.47,2.0,8.0,0.0,1.0,870032.35,147761.98,0.0,778.78,78289.6,Debit,2490.51,Net Banking,Education,Successful
T301944,2025-10-02,C100569,L201801,28.0,Female,Ahmedabad,Gujarat,Salaried,79800.0,Mass,698.0,4,4,0,955600.0,0.052,Home,1243950.79,120.0,8.81,Delinquent,2025-08-04,15630.22,42.0,9.0,2.0,2.0,1152514.03,90381.72,1362.96,576.3,-5267.52,Debit,1718.82,UPI,Travel,Successful
T300910,2025-10-02,C100597,L201088,54.0,Male,Nizamabad,Telangana,Business Owner,54300.0,Mass Affluent,558.0,4,3,1,476900.0,0.296,Home,704948.89,180.0,12.08,Written Off,2025-07-08,8496.89,70.0,7.0,4.0,4.0,789542.76,106004.84,892.19,427290.32,-279405.29,Debit,1436.71,IMPS,Travel,Successful
T300438,2025-10-03,C100647,L201156,26.0,Female,Vadodara,Gujarat,Salaried,30800.0,Affluent,683.0,4,2,0,109000.0,0.222,Home,340988.21,120.0,9.58,Written Off,2026-04-18,4427.25,21.0,1.0,1.0,1.0,381906.8,26932.48,243.48,116045.96,-175516.56,Debit,1004.45,Card,Utilities,Successful
T301856,2025-10-03,C100477,L201908,56.0,Female,Madurai,Tamil Nadu,Salaried,66400.0,Mass,709.0,2,1,1,789900.0,0.156,Personal,75552.35,12.0,14.6,Closed,2026-06-26,6804.98,7.0,1.0,0.0,0.0,71129.12,4372.2,0.0,841.15,-1590.81,Debit,1187.34,Net Banking,Healthcare,Successful
T301889,2025-10-04,C100540,L201165,35.0,Male,Vadodara,Gujarat,Contract,88100.0,Mass,696.0,2,2,1,630900.0,0.141,Home,1145705.12,300.0,9.46,Active,2026-05-06,9978.15,0.0,1.0,0.0,1.0,1139219.32,6410.96,0.0,911.43,-82774.3,Debit,1415.38,IMPS,Travel,Successful
T301615,2025-10-04,C100654,L201124,23.0,Female,Chennai,Tamil Nadu,Salaried,74400.0,SME,743.0,4,4,0,975500.0,0.256,Auto,590444.28,60.0,9.76,Active,2026-03-14,12475.58,27.0,2.0,1.0,1.0,574226.02,16031.13,469.12,419.01,-34815.03,Debit,18650.96,IMPS,Restaurants,Successful
T300698,2025-10-04,C100793,L201022,36.0,Female,Nagpur,Maharashtra,Salaried,44600.0,SME,696.0,4,3,1,550000.0,0.094,Personal,60581.9,12.0,13.18,Closed,2025-07-21,5416.13,4.0,11.0,0.0,1.0,21856.59,38278.48,0.0,804.02,35661.25,Debit,1881.37,IMPS,Healthcare,Successful
T301418,2025-10-04,C100270,L201229,55.0,Female,Howrah,West Bengal,Salaried,113000.0,Mass,692.0,5,3,0,1278600.0,0.556,Home,1312024.8,240.0,8.68,Closed,2025-12-16,11535.97,5.0,6.0,0.0,0.0,1267034.52,44471.16,0.0,567.08,-64705.68,Debit,544.42,UPI,Healthcare,Successful
T301835,2025-10-04,C100020,L200345,46.0,Male,Rohini,Delhi,Self-employed,46900.0,Mass,645.0,3,2,1,616800.0,0.453,Business,258772.54,12.0,16.72,Active,2026-03-09,23566.91,6.0,3.0,0.0,0.0,212817.06,45425.23,0.0,301.86,34913.99,Credit,6198.9,Card,Groceries,Successful
T302175,2025-10-05,C100770,L200545,26.0,Female,Hyderabad,Telangana,Self-employed,95600.0,Mass Affluent,726.0,3,1,0,1228600.0,0.078,Business,580871.6,36.0,15.34,Active,2026-02-02,20232.95,6.0,4.0,0.0,0.0,528265.92,51998.69,0.0,616.54,8122.65,Debit,12179.37,Net Banking,Utilities,Successful
T300961,2025-10-05,C100324,L201895,43.0,Male,Bengaluru,Karnataka,Self-employed,102500.0,Mass,810.0,3,3,1,1401400.0,0.315,Home,951761.39,300.0,7.0,Delinquent,2025-12-04,6726.85,3.0,6.0,0.0,0.0,925526.67,25932.01,0.0,527.16,-47518.0,Debit,2100.75,UPI,Utilities,Successful
T301378,2025-10-05,C100399,L200282,36.0,Male,Bengaluru,Karnataka,Salaried,46200.0,Mass,723.0,6,3,0,145900.0,0.501,Personal,103959.92,18.0,14.62,Active,2025-10-17,6466.94,7.0,8.0,0.0,0.0,70331.83,33240.08,0.0,186.84,25736.01,Debit,3693.11,NEFT,Shopping,Successful
T301946,2025-10-05,C100143,L200203,46.0,Other,Mumbai,Maharashtra,Contract,38400.0,Mass,657.0,5,5,0,289900.0,0.658,Consumer Durable,54559.57,18.0,18.74,Closed,2025-08-03,3500.49,6.0,11.0,0.0,0.0,29531.05,24739.73,0.0,480.92,18904.12,Credit,3399.56,NEFT,Shopping,Successful
T300560,2025-10-05,C100495,L200387,31.0,Male,Chennai,Tamil Nadu,Business Owner,101700.0,Mass,723.0,3,2,0,1184600.0,0.449,Auto,377441.06,36.0,11.16,Delinquent,2026-05-25,12385.55,1.0,1.0,0.0,1.0,369390.45,7957.72,0.0,375.18,-25354.81,Debit,949.62,Card,Healthcare,Successful
T300564,2025-10-05,C100786,L200177,27.0,Male,Coimbatore,Tamil Nadu,Salaried,71400.0,SME,712.0,1,1,0,930200.0,0.482,Personal,77053.42,36.0,14.75,Active,2026-03-14,2661.66,2.0,3.0,0.0,0.0,71863.19,5130.35,0.0,470.7,-4710.01,Debit,1310.03,UPI,Shopping,Successful
T301561,2025-10-06,C100140,L200327,38.0,Female,Howrah,West Bengal,Salaried,40900.0,Mass,739.0,5,5,0,208300.0,0.491,Business,252173.38,24.0,14.8,Active,2025-10-23,12203.09,1.0,8.0,0.0,0.0,188717.29,62723.9,0.0,912.12,45872.25,Debit,6460.91,UPI,Healthcare,Successful
T301765,2025-10-06,C100121,L201481,33.0,Female,Nagpur,Maharashtra,Self-employed,130100.0,Mass,713.0,3,2,0,1546400.0,0.423,Business,600153.52,60.0,17.59,Active,2025-10-27,15106.41,6.0,8.0,0.0,0.0,521600.17,77646.97,0.0,840.31,35244.22,Debit,5821.07,UPI,Shopping,Successful
T301302,2025-10-06,C100362,L200873,45.0,Male,Mangaluru,Karnataka,Salaried,34700.0,Mass Affluent,,6,3,0,414900.0,0.163,Consumer Durable,26624.6,12.0,18.35,Active,2026-05-05,2445.38,6.0,1.0,0.0,0.0,25035.1,1571.16,0.0,492.89,-2265.6,Credit,8064.72,IMPS,Education,Successful
T300710,2025-10-06,C100533,L200120,46.0,Female,Madurai,Tamil Nadu,Salaried,69100.0,Mass Affluent,727.0,5,2,0,321100.0,0.327,Home,618109.73,240.0,7.56,Closed,2025-10-31,5002.15,8.0,7.0,1.0,1.0,595349.94,22497.18,191.76,509.58,-23553.22,Debit,4592.67,UPI,Healthcare,Successful
T300520,2025-10-06,C100153,L201971,48.0,Male,Nagpur,Maharashtra,Salaried,99200.0,Mass,671.0,6,4,1,1349900.0,0.29,Personal,214615.42,12.0,15.78,Active,2026-06-25,19449.9,7.0,1.0,0.0,0.0,201972.98,12496.56,0.0,279.2,-2723.82,Debit,6481.29,IMPS,Travel,Successful
T300339,2025-10-06,C100602,L201495,46.0,Male,Nizamabad,Telangana,Business Owner,86500.0,Mass,674.0,7,4,0,563600.0,0.476,Personal,159737.46,12.0,16.3,Active,2025-11-29,14515.8,8.0,7.0,0.0,0.0,93690.55,65284.83,0.0,903.27,57523.54,Credit,1501.18,IMPS,Travel,Successful
T302137,2025-10-06,C100770,L200545,26.0,Female,Hyderabad,Telangana,Self-employed,95600.0,Mass Affluent,726.0,3,1,0,1228600.0,0.078,Business,580871.6,36.0,15.34,Active,2026-02-02,20232.95,6.0,4.0,0.0,0.0,528265.92,51998.69,0.0,616.54,8122.65,Credit,1883.06,UPI,Healthcare,Successful
T300083,2025-10-07,C100704,L200957,37.0,Female,Nagpur,Maharashtra,Contract,41000.0,Mass Affluent,677.0,8,3,0,516600.0,0.306,Home,279531.84,180.0,8.35,Active,2026-05-28,2728.14,6.0,1.0,0.0,0.0,277758.55,1752.83,0.0,274.51,-20977.98,Debit,281.13,UPI,Utilities,Successful
T300092,2025-10-07,C100654,L201124,23.0,Female,Chennai,Tamil Nadu,Salaried,74400.0,SME,743.0,4,4,0,975500.0,0.256,Auto,590444.28,60.0,9.76,Active,2026-03-14,12475.58,27.0,2.0,1.0,1.0,574226.02,16031.13,469.12,419.01,-34815.03,Debit,1924.39,Card,Restaurants,Successful
T300147,2025-10-07,C100605,L201757,21.0,Female,Mumbai,Maharashtra,Retired,37900.0,Mass,798.0,5,4,0,527300.0,0.552,Consumer Durable,47988.93,18.0,15.52,Active,2025-11-28,3005.54,9.0,7.0,0.0,0.0,34313.74,13517.4,0.0,35.05,12070.15,Credit,775.54,UPI,Education,Successful
T300038,2025-10-07,C100062,L201020,54.0,Female,New Delhi,Delhi,Salaried,63200.0,Affluent,714.0,5,2,2,547300.0,0.388,Personal,156965.66,24.0,15.74,Closed,2026-04-20,7666.04,3.0,2.0,0.0,0.0,146999.81,9850.86,0.0,668.44,2924.37,Debit,2771.67,UPI,Travel,Successful
T300964,2025-10-07,C100783,L201068,39.0,Male,Warangal,Telangana,Salaried,76100.0,Mass,825.0,5,2,0,1046800.0,0.081,Auto,571355.52,60.0,7.7,Active,2025-10-03,11503.17,2.0,9.0,0.0,0.0,504061.97,66517.09,0.0,658.83,24498.69,Credit,3403.95,UPI,Travel,Successful
T301216,2025-10-07,C100289,L200486,45.0,Male,Rohini,Delhi,Self-employed,70400.0,Mass Affluent,701.0,4,4,0,429200.0,0.346,Business,450986.93,48.0,16.55,Closed,2026-01-12,12908.49,7.0,5.0,0.0,0.0,409034.34,41468.52,0.0,193.11,9743.97,Credit,1420.32,Net Banking,Healthcare,Successful
T302042,2025-10-07,C100020,L200345,46.0,Male,Rohini,Delhi,Self-employed,46900.0,Mass,645.0,3,2,1,616800.0,0.453,Business,258772.54,12.0,16.72,Active,2026-03-09,23566.91,6.0,3.0,0.0,0.0,212817.06,45425.23,0.0,301.86,34913.99,Debit,371.05,IMPS,Restaurants,Successful
T301649,2025-10-07,C100588,L200099,52.0,Male,Mumbai,Maharashtra,Salaried,130200.0,Mass,733.0,6,3,2,1316800.0,0.073,Home,2420089.31,180.0,7.0,Active,2025-08-01,21752.45,3.0,11.0,0.0,0.0,2264559.31,153735.42,0.0,170.23,-21767.77,Debit,1150.56,UPI,Education,Successful
T302017,2025-10-08,C100316,L200314,39.0,Male,Kolkata,West Bengal,Salaried,164500.0,Mass,706.0,5,4,1,1990400.0,0.507,Consumer Durable,246798.84,18.0,19.14,Active,2025-12-07,15881.63,8.0,6.0,0.0,1.0,184860.46,61223.7,0.0,132.67,44670.69,Debit,1190.11,UPI,Travel,Successful
T301601,2025-10-08,C100309,L200353,36.0,Male,Nagpur,Maharashtra,Salaried,58700.0,SME,784.0,5,2,0,354200.0,0.194,Auto,391777.18,36.0,8.77,Active,2026-01-10,12416.51,2.0,5.0,0.0,0.0,351423.51,39888.05,0.0,166.38,10282.9,Debit,2727.72,IMPS,Utilities,Reversed
T300975,2025-10-08,C100694,L200778,33.0,Female,Mangaluru,Karnataka,Salaried,149500.0,Affluent,728.0,5,3,0,1756400.0,0.611,Home,1592155.69,120.0,7.68,Closed,2026-03-01,19049.08,1.0,4.0,0.0,0.0,1542628.08,48956.14,0.0,275.54,-76865.69,Credit,2995.57,Net Banking,Healthcare,Successful
T300403,2025-10-08,C100331,L200340,50.0,Female,Chennai,Tamil Nadu,Business Owner,91900.0,SME,782.0,4,2,0,322100.0,0.101,Education,218293.32,24.0,8.62,Active,2026-05-27,9934.66,7.0,1.0,0.0,0.0,211835.79,6383.02,0.0,281.36,-13612.93,Credit,1013.09,IMPS,Healthcare,Successful
T301239,2025-10-09,C100482,L200432,48.0,Male,Mumbai,Maharashtra,Salaried,111100.0,Mass,628.0,6,2,1,939000.0,0.221,Auto,579909.93,60.0,10.83,Default,2025-09-10,12559.54,22.0,6.0,3.0,3.0,649499.12,113631.28,1230.55,396830.97,103100.92,Credit,6101.51,NEFT,Education,Successful
T300080,2025-10-09,C100001,L200550,45.0,Male,Kolkata,West Bengal,Business Owner,129900.0,Affluent,682.0,2,2,1,740900.0,0.362,Business,766649.59,36.0,17.07,Active,2026-03-24,27359.86,4.0,3.0,0.0,0.0,713297.85,52736.14,0.0,172.7,-7576.98,Debit,4231.2,UPI,Restaurants,Reversed
T301686,2025-10-09,C100020,L200345,46.0,Male,Rohini,Delhi,Self-employed,46900.0,Mass,645.0,3,2,1,616800.0,0.453,Business,258772.54,12.0,16.72,Active,2026-03-09,23566.91,6.0,3.0,0.0,0.0,212817.06,45425.23,0.0,301.86,34913.99,Credit,2448.88,IMPS,Groceries,Successful
T300686,2025-10-09,C100124,L201657,44.0,Male,Hyderabad,Telangana,Salaried,54900.0,Mass Affluent,775.0,1,1,1,603500.0,0.138,Consumer Durable,80798.63,12.0,15.81,Delinquent,2025-07-31,7323.67,2.0,11.0,0.0,0.0,28434.42,51760.01,0.0,620.76,47634.8,Debit,3905.41,NEFT,Education,Successful
T301402,2025-10-10,C100335,L201167,23.0,Male,Nagpur,Maharashtra,Salaried,96300.0,SME,698.0,2,2,0,559700.0,0.243,Personal,143141.42,12.0,13.99,Closed,2026-01-02,12851.58,0.0,5.0,0.0,2.0,101373.78,41285.71,0.0,732.35,30879.44,Debit,1960.82,UPI,Utilities,Successful
T301840,2025-10-10,C100701,,48.0,Female,Rohini,Delhi,Salaried,84800.0,Mass Affluent,659.0,3,3,0,1082700.0,0.465,,,,,,,,,,,,,,,,,Debit,2757.05,Card,Shopping,Successful
T301961,2025-10-10,C100196,L201953,33.0,Male,Surat,Gujarat,Salaried,58500.0,Mass Affluent,611.0,6,4,0,665900.0,0.499,Home,202110.87,120.0,10.33,Active,2026-03-28,2707.98,0.0,3.0,0.0,1.0,196830.31,5219.63,0.0,894.29,-11090.34,Debit,114.05,UPI,Restaurants,Successful
T300453,2025-10-10,C100736,L201984,45.0,Female,Surat,Gujarat,Business Owner,117900.0,Mass Affluent,680.0,2,2,0,1383000.0,0.39,Home,1545525.64,240.0,9.42,Delinquent,2026-03-14,14325.68,9.0,3.0,0.0,0.0,1517590.56,27612.75,0.0,607.63,-98576.65,Debit,1472.17,NEFT,Restaurants,Failed
T301193,2025-10-10,C100278,L201313,53.0,Female,Rohini,Delhi,Self-employed,101300.0,Mass Affluent,811.0,3,3,0,843700.0,0.125,Home,954498.19,120.0,7.25,Active,2025-10-28,11205.91,5.0,8.0,0.0,0.0,896227.47,57598.37,0.0,711.0,-9411.15,Debit,1613.11,UPI,Healthcare,Successful
T301760,2025-10-10,C100800,L200689,40.0,Male,Dwarka,Delhi,Business Owner,112900.0,Mass,627.0,5,5,0,1475700.0,0.067,Personal,192411.26,12.0,16.45,Active,2026-04-28,17498.64,3.0,2.0,0.0,0.0,169663.03,22485.75,0.0,675.85,11437.55,Credit,6260.59,UPI,Restaurants,Successful
T301419,2025-10-10,C100395,L201900,48.0,Other,Mysuru,Karnataka,Salaried,57700.0,Affluent,672.0,5,5,1,227800.0,0.191,Personal,96028.06,24.0,15.39,Active,2026-06-28,4673.89,5.0,1.0,0.0,0.0,92990.03,3002.98,0.0,670.04,-6637.09,Credit,934.9,NEFT,Restaurants,Successful
T300073,2025-10-10,C100143,L200203,46.0,Other,Mumbai,Maharashtra,Contract,38400.0,Mass,657.0,5,5,0,289900.0,0.658,Consumer Durable,54559.57,18.0,18.74,Closed,2025-08-03,3500.49,6.0,11.0,0.0,0.0,29531.05,24739.73,0.0,480.92,18904.12,Debit,2263.85,UPI,Shopping,Successful
T300641,2025-10-10,C100271,L200942,31.0,Male,Mangaluru,Karnataka,Salaried,65200.0,Affluent,793.0,5,1,0,358600.0,0.476,Auto,536558.09,36.0,9.83,Delinquent,2025-08-17,17270.43,9.0,10.0,0.0,0.0,424300.31,110962.49,0.0,563.2,78081.78,Debit,595.0,Card,Healthcare,Successful
T301640,2025-10-10,C100384,L200250,33.0,Female,Coimbatore,Tamil Nadu,Salaried,76200.0,Mass,764.0,8,3,0,1005900.0,0.35,Personal,205911.5,12.0,13.6,Closed,2026-04-23,18449.47,4.0,2.0,0.0,0.0,181927.19,23707.57,0.0,481.41,9592.99,Debit,6517.56,UPI,Groceries,Successful
T301090,2025-10-11,C100151,L201771,44.0,Male,Bengaluru,Karnataka,Business Owner,147300.0,Mass Affluent,754.0,2,2,0,1673600.0,0.427,Auto,1348791.51,48.0,9.4,Closed,2025-11-15,33821.5,3.0,7.0,0.0,0.0,1194903.69,152112.19,0.0,931.08,57725.6,Debit,3577.85,UPI,Education,Successful
T301811,2025-10-11,C100645,L201738,33.0,Male,Kolkata,West Bengal,Self-employed,41200.0,Mass,741.0,6,3,0,535400.0,0.24,Business,276799.14,12.0,15.83,Active,2025-12-09,25091.96,3.0,6.0,0.0,1.0,178940.49,96729.51,0.0,799.75,89214.25,Debit,1972.9,Card,Healthcare,Successful
T302018,2025-10-11,C100428,,,Male,Mysuru,Karnataka,Contract,52200.0,Mass Affluent,698.0,5,5,0,614300.0,0.148,,,,,,,,,,,,,,,,,Debit,2337.13,Net Banking,Shopping,Successful
T300103,2025-10-11,C100348,L201429,39.0,Male,Kolkata,West Bengal,Salaried,105600.0,Affluent,682.0,7,6,1,954300.0,0.153,Home,1034006.21,120.0,9.99,Active,2025-08-04,13658.74,7.0,11.0,0.0,0.0,936346.2,96533.17,0.0,488.56,24198.3,Debit,7164.11,UPI,Restaurants,Successful
T301082,2025-10-11,C100298,,33.0,Female,Rohini,Delhi,Business Owner,178600.0,Affluent,762.0,5,3,0,2275900.0,0.14,,,,,,,,,,,,,,,,,Debit,992.86,NEFT,Groceries,Reversed
T300256,2025-10-12,C100063,L202147,21.0,Male,Surat,Gujarat,Self-employed,109800.0,Affluent,759.0,8,3,1,1324200.0,0.319,Consumer Durable,179802.51,18.0,16.09,Active,2025-10-03,11309.39,0.0,9.0,0.0,1.0,113642.56,65396.57,0.0,621.6,59553.97,Debit,2840.37,IMPS,Utilities,Successful
T301148,2025-10-12,C100282,L201983,28.0,Female,Mangaluru,Karnataka,Salaried,122200.0,Affluent,761.0,8,1,0,670600.0,0.337,Education,223097.37,24.0,8.72,Closed,2026-06-24,10163.51,0.0,1.0,0.0,0.0,216491.09,6530.05,0.0,607.59,-10015.78,Debit,9890.92,Net Banking,Travel,Reversed
T302118,2025-10-12,C100703,L202021,29.0,Male,Dwarka,Delhi,Salaried,35300.0,Mass,724.0,5,5,1,147700.0,0.087,Home,475967.85,180.0,7.0,Closed,2025-07-31,4278.13,0.0,11.0,0.0,0.0,445379.19,30235.71,0.0,878.69,-6987.23,Credit,1038.22,UPI,Shopping,Successful
T300854,2025-10-12,C100405,L201689,49.0,Female,Kolkata,West Bengal,Retired,63700.0,Mass,649.0,5,4,0,666600.0,0.081,Consumer Durable,53180.32,6.0,19.71,Active,2025-09-15,9379.84,1.0,9.0,0.0,0.0,0.0,55169.36,0.0,0.0,53658.85,Credit,3818.55,UPI,Shopping,Successful
T301413,2025-10-12,C100655,L200279,35.0,Male,New Delhi,Delhi,Contract,74700.0,Mass,704.0,4,2,0,758000.0,0.322,Education,329291.8,36.0,10.56,Closed,2025-12-16,10712.11,2.0,6.0,0.0,0.0,287514.58,41295.17,0.0,168.33,18660.11,Debit,787.73,Card,Healthcare,Successful
T302114,2025-10-12,C100099,L202166,46.0,Female,Rohini,Delhi,Salaried,96200.0,Mass,702.0,7,2,0,1142200.0,0.403,Education,319233.86,48.0,9.8,Closed,2026-05-12,8065.97,3.0,1.0,0.0,0.0,313990.98,5182.38,0.0,101.66,-15156.0,Debit,314.22,NEFT,Travel,Successful
T301986,2025-10-13,C100517,L200953,43.0,Male,Coimbatore,Tamil Nadu,Salaried,65300.0,Mass Affluent,704.0,7,1,0,473500.0,0.198,Personal,159385.21,12.0,14.4,Delinquent,2025-12-15,14340.75,13.0,5.0,1.0,1.0,112777.76,46069.67,535.63,475.66,37004.31,Debit,7038.36,Net Banking,Travel,Failed
T300407,2025-10-13,C100424,L202057,36.0,Female,Dwarka,Delhi,Salaried,62900.0,Mass Affluent,799.0,9,4,2,867600.0,0.465,Personal,88225.08,18.0,12.74,Active,2025-07-12,5410.52,17.0,10.0,1.0,1.0,53056.68,34762.61,566.7,17.44,33052.03,Credit,4138.55,IMPS,Groceries,Successful
T300517,2025-10-13,C100568,L200201,56.0,Female,Vadodara,Gujarat,Salaried,79400.0,Mass,695.0,3,2,1,1003600.0,0.369,Business,385629.88,36.0,16.52,Delinquent,2025-08-29,13656.81,42.0,8.0,2.0,2.0,314614.46,70196.01,339.78,393.5,43498.88,Debit,1211.05,UPI,Shopping,Successful
T301563,2025-10-13,C100585,,30.0,Female,Howrah,West Bengal,Contract,49600.0,SME,705.0,3,1,0,466600.0,0.489,,,,,,,,,,,,,,,,,Debit,353.05,UPI,Utilities,Successful
T301459,2025-10-14,C100467,L200014,23.0,Female,Nizamabad,Telangana,Self-employed,136800.0,Mass,794.0,5,1,2,1225700.0,0.209,Personal,154021.1,24.0,14.77,Closed,2026-06-20,7451.15,0.0,1.0,0.0,0.0,149177.85,4787.36,0.0,68.58,-9421.67,Debit,354.68,UPI,Utilities,Successful
T300011,2025-10-14,C100355,L201969,40.0,Male,Coimbatore,Tamil Nadu,Salaried,69900.0,Mass Affluent,707.0,4,1,1,680200.0,0.394,Consumer Durable,85381.46,9.0,15.75,Closed,2025-12-20,10120.22,8.0,6.0,0.0,0.0,45912.59,39013.46,0.0,541.92,35119.1,Credit,1350.64,NEFT,Restaurants,Successful
T301894,2025-10-14,C100141,L200275,46.0,Male,Rohini,Delhi,Self-employed,72600.0,Mass,824.0,5,4,0,779300.0,0.606,Business,642946.79,24.0,13.22,Active,2025-11-23,30633.34,9.0,7.0,0.0,1.0,503565.08,137773.46,0.0,659.7,97901.37,Debit,3327.25,Net Banking,Restaurants,Successful
T300959,2025-10-14,C100661,,62.0,Female,Rohini,Delhi,Salaried,73300.0,Affluent,705.0,6,5,0,1024400.0,0.342,,,,,,,,,,,,,,,,,Credit,921.6,NEFT,Utilities,Successful
T301937,2025-10-14,C100625,,39.0,Other,Warangal,Telangana,Retired,68600.0,Mass,761.0,8,2,0,629100.0,0.254,,,,,,,,,,,,,,,,,Debit,885.68,Card,Education,Successful
T302007,2025-10-14,C100053,L201823,41.0,Male,Mangaluru,Karnataka,Business Owner,100200.0,Affluent,728.0,2,2,0,302300.0,0.456,Business,1019519.18,48.0,15.72,Active,2025-10-28,28747.47,2.0,8.0,0.0,1.0,870032.35,147761.98,0.0,778.78,78289.6,Debit,841.25,Net Banking,Education,Successful
T301410,2025-10-14,C100608,L201510,39.0,Female,Mysuru,Karnataka,Salaried,36700.0,Mass,723.0,6,1,0,281700.0,0.312,Education,89768.36,60.0,9.56,Delinquent,2025-08-17,1887.94,9.0,10.0,0.0,1.0,77496.78,12129.99,0.0,342.04,5032.96,Debit,1338.01,UPI,Utilities,Successful
T301872,2025-10-15,C100371,L200928,40.0,Female,Surat,Gujarat,Business Owner,82900.0,Mass,673.0,4,3,0,390500.0,0.297,Education,426273.43,36.0,9.75,Active,2025-12-23,13704.67,5.0,6.0,0.0,0.0,372825.23,52831.49,0.0,965.01,22120.88,Credit,2158.52,NEFT,Healthcare,Successful
T300728,2025-10-15,C100336,L200656,39.0,Female,Pune,Maharashtra,Self-employed,130100.0,Mass,810.0,10,2,0,1422400.0,0.354,Personal,199268.83,36.0,12.92,Active,2026-05-14,6706.48,8.0,1.0,0.0,0.0,194909.62,4308.91,0.0,815.67,-9728.94,Debit,1316.75,NEFT,Education,Successful
T300787,2025-10-15,C100690,L201945,37.0,Female,Vadodara,Gujarat,Self-employed,74100.0,Mass Affluent,677.0,5,4,1,854700.0,0.323,Consumer Durable,52557.17,9.0,18.48,Active,2026-04-07,6298.5,17.0,1.0,1.0,1.0,48463.14,4046.79,254.96,945.35,-27.12,Debit,443.94,UPI,Shopping,Failed
T301860,2025-10-15,C100784,L200149,32.0,Male,Nizamabad,Telangana,Self-employed,131200.0,Mass,608.0,5,3,0,1749800.0,0.389,Education,439846.11,60.0,13.08,Active,2026-02-12,10025.87,5.0,3.0,1.0,1.0,420295.66,19324.87,624.54,886.24,-14801.45,Debit,1801.76,IMPS,Travel,Successful
T300477,2025-10-15,C100131,L200191,56.0,Male,Hyderabad,Telangana,Salaried,142500.0,Mass,777.0,6,5,0,874300.0,0.311,Personal,395324.91,24.0,12.03,Active,2025-09-28,18614.86,0.0,9.0,0.0,1.0,286428.01,107640.4,0.0,127.38,86009.61,Debit,46158.81,Net Banking,Education,Successful
T301097,2025-10-16,C100398,L200762,33.0,Male,New Delhi,Delhi,Salaried,104200.0,Mass Affluent,601.0,5,2,1,607900.0,0.62,Business,951562.32,24.0,19.23,Delinquent,2025-08-12,48073.34,133.0,4.0,6.0,6.0,826571.63,123548.49,1169.47,176.55,61367.08,Credit,1105.45,UPI,Shopping,Successful
T300340,2025-10-16,C100792,L201363,68.0,Male,Vadodara,Gujarat,Salaried,56700.0,Mass,688.0,1,1,1,781900.0,0.162,Business,253042.42,48.0,16.52,Closed,2025-11-08,7238.86,8.0,7.0,0.0,0.0,220105.6,32556.78,0.0,215.7,13945.95,Debit,5859.89,Net Banking,Shopping,Failed
T301731,2025-10-16,C100134,L201543,38.0,Male,Surat,Gujarat,Salaried,116900.0,Affluent,700.0,6,2,0,902700.0,0.14,Personal,321957.36,24.0,13.94,Delinquent,2025-12-04,15448.98,14.0,5.0,1.0,1.0,271748.19,49629.84,668.4,363.62,31720.95,Debit,1546.08,NEFT,Restaurants,Successful
T301784,2025-10-16,C100327,L201993,54.0,Male,Nagpur,Maharashtra,,44000.0,Mass Affluent,735.0,6,3,1,608200.0,0.227,Auto,131373.38,36.0,8.03,Active,2026-01-30,4118.58,7.0,5.0,0.0,1.0,117987.99,13230.95,0.0,95.29,7403.63,Credit,11439.95,IMPS,Healthcare,Successful
T300232,2025-10-16,C100214,L201312,55.0,Female,Nagpur,Maharashtra,Business Owner,75700.0,SME,633.0,5,3,0,765200.0,0.197,Education,144184.95,24.0,12.56,Active,2025-11-16,6825.05,8.0,7.0,0.0,0.0,113130.95,30695.68,0.0,747.68,22769.17,Credit,2076.14,NEFT,Shopping,Failed
T300870,2025-10-16,C100701,,48.0,Female,Rohini,Delhi,Salaried,,Mass Affluent,659.0,3,3,0,1082700.0,0.465,,,,,,,,,,,,,,,,,Debit,1503.65,UPI,Shopping,Successful
T301417,2025-10-16,C100453,L200564,47.0,Female,Coimbatore,Tamil Nadu,Business Owner,61500.0,Mass,667.0,7,4,0,631300.0,0.245,Auto,240871.91,36.0,10.46,Delinquent,2026-05-19,7824.38,9.0,1.0,0.0,0.0,235786.06,5027.17,0.0,908.94,-8765.06,Debit,1795.51,NEFT,Restaurants,Successful
T301619,2025-10-17,C100242,L200842,60.0,Male,Mumbai,Maharashtra,Business Owner,52900.0,Mass Affluent,738.0,11,3,0,634000.0,0.375,Auto,122575.93,36.0,9.66,Delinquent,2026-04-16,3935.64,9.0,2.0,0.0,0.0,117459.59,5057.3,0.0,325.38,-3579.46,Credit,1424.34,NEFT,Utilities,Successful
T301829,2025-10-17,C100764,L201285,46.0,Female,Chennai,Tamil Nadu,Salaried,35900.0,Affluent,650.0,5,5,0,393300.0,0.454,Education,118078.07,36.0,12.52,Closed,2026-01-13,3951.27,2.0,5.0,0.0,0.0,105236.43,12693.46,0.0,36.7,3077.03,Debit,1613.9,UPI,Healthcare,Successful
T300137,2025-10-17,C100267,L201772,38.0,Male,Dwarka,Delhi,Salaried,68500.0,Mass,770.0,5,4,0,299500.0,0.492,Home,718123.79,300.0,7.0,Closed,2025-11-23,5075.55,4.0,7.0,0.0,1.0,695030.04,22827.28,0.0,327.64,-33077.72,Debit,1100.65,UPI,Restaurants,Successful
T300743,2025-10-17,C100634,L202142,41.0,Male,Hyderabad,Telangana,Salaried,119400.0,Mass,786.0,5,1,0,1271100.0,0.235,Business,665156.82,12.0,13.23,Closed,2025-10-11,59481.79,7.0,8.0,0.0,0.0,355851.49,305736.42,0.0,889.84,282162.67,Debit,1594.41,UPI,Utilities,Successful
T300326,2025-10-18,C100263,L201468,32.0,Female,Kolkata,West Bengal,Salaried,68900.0,Mass,738.0,6,3,1,571600.0,0.066,Business,581457.38,60.0,15.95,Active,2025-12-12,14124.47,1.0,6.0,0.0,0.0,526371.94,54449.84,0.0,531.38,9201.81,Credit,821.84,UPI,Education,Successful
T302138,2025-10-18,C100546,L201446,26.0,Male,Siliguri,West Bengal,Salaried,45600.0,Mass Affluent,634.0,7,2,2,305900.0,0.098,Personal,83069.38,24.0,16.41,Delinquent,2025-12-20,4083.63,54.0,3.0,3.0,3.0,75106.31,7871.19,688.97,706.25,6534.66,Credit,603.68,Card,Education,Reversed
T301670,2025-10-18,C100571,L201512,31.0,Male,Madurai,Tamil Nadu,Salaried,66400.0,Mass,654.0,8,4,0,587500.0,0.576,Personal,126617.26,12.0,16.45,Active,2026-06-16,11515.07,6.0,1.0,0.0,0.0,119132.46,7398.43,0.0,863.4,-2813.31,Debit,5097.35,UPI,Utilities,Successful
T301565,2025-10-18,C100736,L201984,45.0,Female,Surat,Gujarat,Business Owner,117900.0,Mass Affluent,680.0,2,2,0,1383000.0,0.39,Home,1545525.64,240.0,9.42,Delinquent,2026-03-14,14325.68,9.0,3.0,0.0,0.0,1517590.56,27612.75,0.0,607.63,-98576.65,Debit,1084.33,IMPS,Travel,Successful
T301955,2025-10-18,C100034,L201817,33.0,Female,Mumbai,Maharashtra,Salaried,83800.0,Mass Affluent,642.0,3,3,0,694500.0,0.262,Auto,416157.82,36.0,11.06,Delinquent,2026-01-24,13636.3,19.0,4.0,1.0,1.0,380703.44,35045.29,204.98,819.23,3992.33,Credit,17626.41,Net Banking,Healthcare,Successful
T301152,2025-10-18,C100126,L202050,38.0,Male,Surat,Gujarat,Self-employed,48100.0,Mass,659.0,5,1,0,389300.0,0.345,Personal,88235.97,24.0,16.02,Active,2025-11-05,4321.15,4.0,7.0,0.0,0.0,68574.73,19434.38,0.0,669.65,14574.97,Credit,2443.03,UPI,Shopping,Successful
T300479,2025-10-18,C100772,L200015,40.0,Male,Siliguri,West Bengal,Self-employed,69400.0,Mass Affluent,,8,3,0,467900.0,0.124,Auto,345939.0,36.0,10.74,Delinquent,2026-05-04,11283.05,0.0,1.0,0.0,1.0,338605.02,7249.36,0.0,546.79,-17492.66,Credit,1269.15,Card,Education,Successful
T300783,2025-10-19,C100344,L201741,34.0,Male,Ahmedabad,Gujarat,Self-employed,89200.0,Affluent,780.0,6,2,0,705100.0,0.46,Consumer Durable,115053.9,9.0,15.94,Closed,2026-03-01,13647.76,5.0,4.0,0.0,0.0,79569.73,35074.74,0.0,190.52,29591.24,Debit,669.15,NEFT,Utilities,Reversed
T300031,2025-10-19,C100157,L201078,53.0,Female,Nagpur,Maharashtra,Salaried,80800.0,Affluent,579.0,6,4,3,769200.0,0.262,Home,483347.78,300.0,11.18,Default,2025-12-25,4800.39,67.0,3.0,3.0,3.0,541349.51,46302.11,812.93,265439.39,29913.83,Debit,5533.25,UPI,Education,Successful
T300856,2025-10-19,C100059,L202013,21.0,Female,New Delhi,Delhi,Salaried,102900.0,Mass,678.0,4,2,0,955400.0,0.144,Personal,271788.52,36.0,16.59,Active,2026-04-10,9634.63,5.0,2.0,0.0,0.0,259263.5,12380.51,0.0,914.96,-7121.13,Debit,1858.39,UPI,Shopping,Successful
T302023,2025-10-19,C100033,L201904,23.0,Male,Hyderabad,Telangana,Salaried,47200.0,Mass,688.0,5,3,1,547100.0,0.37,Personal,79245.03,18.0,14.5,Active,2025-12-27,4925.06,7.0,6.0,0.0,0.0,60037.31,18986.09,0.0,531.3,9644.27,Credit,2609.29,Net Banking,Utilities,Successful
T301296,2025-10-19,C100504,L200148,40.0,Male,Siliguri,West Bengal,Self-employed,110600.0,Mass,738.0,8,2,0,1143600.0,0.125,Personal,183833.33,18.0,13.46,Delinquent,2026-03-06,11335.61,6.0,3.0,0.0,0.0,161728.89,21849.39,0.0,189.89,8078.9,Debit,6593.19,UPI,Restaurants,Successful
T301268,2025-10-19,C100189,L200193,44.0,Female,Chennai,Tamil Nadu,Business Owner,70800.0,Mass,653.0,6,2,1,500800.0,0.452,Education,92965.64,60.0,11.54,Active,2026-01-29,2046.42,8.0,5.0,0.0,0.0,86314.76,6574.14,0.0,211.85,2900.26,Debit,7666.31,UPI,Shopping,Successful
T300855,2025-10-20,C100240,L201631,44.0,Male,Ahmedabad,Gujarat,Salaried,51700.0,Mass,811.0,8,4,0,664800.0,0.498,Auto,352788.16,36.0,8.58,Active,2026-05-18,11149.74,7.0,1.0,0.0,0.0,345540.83,7163.71,0.0,129.06,-19338.62,Debit,3879.06,IMPS,Education,Successful
T300880,2025-10-20,C100530,L200563,42.0,Male,Warangal,Telangana,Salaried,67400.0,Mass,726.0,4,2,3,319700.0,0.281,Consumer Durable,45095.3,18.0,16.14,Closed,2026-03-04,2837.51,6.0,3.0,0.0,0.0,39562.15,5469.31,0.0,864.23,4218.34,Debit,10738.65,NEFT,Healthcare,Successful
T301134,2025-10-20,C100330,L201909,43.0,Male,Nagpur,Maharashtra,Salaried,65500.0,SME,655.0,5,4,0,528300.0,0.527,Business,348844.93,60.0,16.5,Closed,2025-07-31,8576.19,1.0,11.0,0.0,1.0,287525.2,60612.19,0.0,89.31,36752.66,Debit,10449.38,UPI,Education,Successful
T301405,2025-10-20,C100746,L200860,27.0,Male,Ahmedabad,Gujarat,,39000.0,Mass,,4,2,0,305300.0,0.182,Home,469892.56,180.0,8.07,Delinquent,2026-04-16,4509.55,2.0,2.0,0.0,1.0,464030.15,5794.77,0.0,401.77,-30846.61,Debit,3220.9,UPI,Restaurants,Successful
T300991,2025-10-20,C100678,L201982,24.0,Male,Mysuru,Karnataka,Self-employed,88800.0,SME,758.0,2,2,1,603700.0,0.327,Personal,232341.31,24.0,15.19,Delinquent,2026-01-16,11286.44,1.0,5.0,0.0,0.0,195660.39,36257.68,0.0,377.19,20753.59,Debit,31933.15,UPI,Healthcare,Failed
T301560,2025-10-20,C100085,L201091,36.0,Other,Coimbatore,Tamil Nadu,Salaried,52300.0,Mass,666.0,5,3,0,350700.0,0.273,Auto,230301.42,72.0,10.69,Closed,2026-02-21,4347.1,5.0,4.0,0.0,0.0,218998.97,11172.04,0.0,125.44,-6081.75,Debit,872.46,IMPS,Groceries,Successful
T300731,2025-10-21,C100293,L200074,28.0,Female,Coimbatore,Tamil Nadu,Contract,49400.0,Mass,651.0,4,3,0,407000.0,0.359,Business,113637.68,12.0,17.93,Active,2026-04-08,10414.52,8.0,2.0,0.0,1.0,100098.81,13382.65,0.0,408.76,6278.93,Debit,641.81,UPI,Healthcare,Successful
T301973,2025-10-21,C100018,L201369,34.0,Male,New Delhi,Delhi,Salaried,49200.0,Mass Affluent,649.0,8,3,1,301900.0,0.49,Home,820777.1,300.0,9.32,Closed,2026-05-26,7068.67,6.0,1.0,0.0,0.0,816182.46,4541.62,0.0,165.71,-58268.39,Debit,636.77,UPI,Utilities,Successful
T300136,2025-10-21,C100687,L201348,39.0,Female,Nagpur,Maharashtra,Salaried,84300.0,SME,547.0,3,3,1,349400.0,0.378,Personal,170257.99,12.0,17.71,Closed,2025-07-29,15585.76,25.0,9.0,2.0,2.0,79081.28,90124.67,1108.89,424.82,82641.59,Credit,600.15,Card,Healthcare,Successful
T301729,2025-10-21,C100719,L200926,59.0,Male,Pune,Maharashtra,Self-employed,92200.0,Mass,802.0,1,1,1,901000.0,0.465,Home,633062.85,180.0,7.56,Active,2025-09-22,5890.18,1.0,9.0,0.0,0.0,598605.32,34059.95,0.0,351.36,-14185.34,Debit,2425.34,Card,Utilities,Successful
T301444,2025-10-22,C100296,L200118,36.0,Male,Rohini,Delhi,Contract,41400.0,Mass,700.0,5,5,0,485500.0,0.222,Personal,68913.17,36.0,15.86,Active,2026-03-15,2418.02,5.0,3.0,0.0,0.0,64198.03,4660.74,0.0,751.42,-1595.36,Debit,10334.97,IMPS,Groceries,Successful
T300389,2025-10-22,C100317,L201623,34.0,Female,Mangaluru,Karnataka,Salaried,120000.0,Mass,680.0,5,3,1,992000.0,0.331,Home,1255034.22,240.0,8.2,Active,2025-11-02,10654.36,4.0,8.0,0.0,0.0,1199631.54,54763.41,0.0,845.33,-38243.87,Debit,398.5,Net Banking,Travel,Successful
T300262,2025-10-23,C100049,L201370,32.0,Female,Pune,Maharashtra,Business Owner,182400.0,Mass,704.0,1,1,0,547300.0,0.261,Personal,397331.43,36.0,14.48,Closed,2025-09-21,13672.66,8.0,9.0,0.0,0.0,317346.36,79062.16,0.0,16.69,51755.69,Credit,2251.22,UPI,Utilities,Successful
T301487,2025-10-23,C100553,L201765,48.0,Female,Kolkata,West Bengal,Salaried,46600.0,Mass,630.0,7,3,0,419500.0,0.465,Personal,114600.18,24.0,16.5,Active,2025-07-22,5638.6,14.0,10.0,1.0,1.0,77949.29,36227.99,341.47,444.15,27715.0,Debit,854.8,IMPS,Shopping,Successful
T301806,2025-10-23,C100478,,57.0,Female,Surat,Gujarat,Self-employed,52700.0,Mass,624.0,5,3,0,243200.0,0.868,,,,,,,,,,,,,,,,,Debit,8759.83,UPI,Utilities,Successful
T300164,2025-10-23,C100458,L202108,21.0,Female,Kolkata,West Bengal,Salaried,125800.0,Affluent,740.0,4,4,0,1238900.0,0.051,Personal,189886.95,36.0,13.96,Closed,2025-10-15,6486.2,8.0,8.0,0.0,0.0,156158.72,33339.05,0.0,822.67,21715.88,Debit,476.47,UPI,Groceries,Successful
T301323,2025-10-23,C100107,,48.0,Female,Bengaluru,Karnataka,Salaried,48600.0,Mass Affluent,744.0,5,5,1,239300.0,0.368,,,,,,,,,,,,,,,,,Debit,8148.89,NEFT,Healthcare,Successful
T300981,2025-10-23,C100327,L201993,54.0,Male,Nagpur,Maharashtra,Business Owner,44000.0,Mass Affluent,735.0,6,3,1,608200.0,0.227,Auto,131373.38,36.0,8.03,Active,2026-01-30,4118.58,7.0,5.0,0.0,1.0,117987.99,13230.95,0.0,95.29,7403.63,Credit,6899.65,UPI,Utilities,Successful
T302133,2025-10-23,C100617,,52.0,Female,New Delhi,Delhi,Business Owner,174300.0,Mass Affluent,569.0,6,3,0,1356200.0,0.341,,,,,,,,,,,,,,,,,Debit,4775.84,Card,Utilities,Successful
T301957,2025-10-23,C100798,L201360,37.0,Female,Ahmedabad,Gujarat,Salaried,26800.0,Mass,,5,2,1,306700.0,0.194,Personal,36986.21,36.0,17.69,Active,2026-01-25,1331.4,6.0,5.0,0.0,0.0,32659.18,4277.11,0.0,672.3,1223.86,Debit,2823.56,UPI,Healthcare,Successful
T301385,2025-10-23,C100607,L201829,43.0,Male,Mumbai,Maharashtra,Contract,43900.0,SME,718.0,6,3,0,462800.0,0.263,Auto,183888.46,72.0,9.52,Closed,2025-07-10,3362.35,1.0,11.0,0.0,0.0,159847.69,23763.37,0.0,562.95,14236.91,Debit,4097.14,Card,Healthcare,Successful
T301350,2025-10-23,C100649,L201616,,Female,Ahmedabad,Gujarat,Self-employed,116700.0,Mass Affluent,778.0,8,5,0,814200.0,0.072,Consumer Durable,126742.14,18.0,17.06,Active,2026-01-10,8030.2,6.0,5.0,0.0,0.0,100643.98,25797.02,0.0,911.03,20002.43,Credit,243.06,Card,Education,Successful
T301497,2025-10-24,C100046,L200710,26.0,Male,Ahmedabad,Gujarat,Business Owner,185200.0,Affluent,705.0,7,1,2,2493600.0,0.238,Consumer Durable,206969.86,12.0,17.2,Active,2025-09-07,18896.28,20.0,8.0,1.0,1.0,108709.18,97126.9,520.28,409.56,83567.53,Debit,3061.84,IMPS,Shopping,Successful
T300475,2025-10-24,C100694,L200778,33.0,Female,Mangaluru,Karnataka,Salaried,149500.0,Affluent,728.0,5,3,0,1756400.0,0.611,Home,1592155.69,120.0,7.68,Closed,2026-03-01,19049.08,1.0,4.0,0.0,0.0,1542628.08,48956.14,0.0,275.54,-76865.69,Debit,708.66,NEFT,Education,Successful
T300847,2025-10-24,C100548,L200140,39.0,Male,Siliguri,West Bengal,Salaried,60300.0,Mass,593.0,2,2,1,607800.0,0.463,Personal,71150.22,24.0,18.31,Active,2025-07-23,3562.78,27.0,8.0,3.0,3.0,52623.78,18312.67,846.29,374.76,12225.69,Debit,1566.14,NEFT,Utilities,Successful
T300028,2025-10-24,C100325,L200124,36.0,Female,Madurai,Tamil Nadu,Contract,26600.0,Mass Affluent,718.0,4,2,0,356900.0,0.499,Business,259885.08,60.0,15.69,Delinquent,2026-02-16,6277.17,5.0,4.0,0.0,0.0,243564.43,16132.34,0.0,486.7,-2004.07,Debit,1256.75,IMPS,Travel,Successful
T300463,2025-10-24,C100534,L201328,49.0,Male,Siliguri,West Bengal,Self-employed,65400.0,SME,,5,3,0,820800.0,0.217,Education,395422.39,48.0,9.23,Active,2026-01-23,9883.34,0.0,5.0,0.0,0.0,363301.52,31750.24,0.0,537.65,1640.68,Debit,5739.19,NEFT,Shopping,Successful
T300373,2025-10-24,C100542,,42.0,Female,Coimbatore,Tamil Nadu,Self-employed,77000.0,Affluent,661.0,7,7,0,316400.0,0.089,,,,,,,,,,,,,,,,,Debit,4006.05,UPI,Groceries,Successful
T300336,2025-10-24,C100664,L201396,39.0,Male,Warangal,Telangana,Salaried,58200.0,Mass,670.0,1,1,0,178200.0,0.301,Business,336079.15,12.0,17.17,Delinquent,2026-02-21,30679.14,1.0,4.0,0.0,0.0,256313.4,78845.38,0.0,901.95,55509.06,Debit,1304.74,UPI,Shopping,Successful
T301051,2025-10-24,C100303,,51.0,Male,Chennai,Tamil Nadu,Self-employed,191600.0,Affluent,758.0,5,3,0,699900.0,0.287,,,,,,,,,,,,,,,,,Debit,11683.29,Card,Healthcare,Successful
T302198,2025-10-24,C100510,L200848,29.0,Male,Vadodara,Gujarat,Salaried,65100.0,SME,720.0,2,2,0,879000.0,0.072,Home,513474.02,180.0,7.0,Written Off,2025-11-07,4615.25,8.0,7.0,0.0,0.0,575090.9,66196.03,0.0,267025.05,-225023.74,Debit,2429.63,IMPS,Groceries,Successful
T300627,2025-10-25,C100554,L201000,33.0,Male,Mysuru,Karnataka,Contract,33800.0,Mass,742.0,1,1,0,142500.0,0.156,Personal,36430.51,18.0,14.26,Active,2026-05-03,2260.04,7.0,1.0,0.0,0.0,34961.48,1452.08,0.0,974.14,-3474.52,Debit,2209.75,UPI,Shopping,Successful
T300495,2025-10-25,C100727,L200020,38.0,Female,New Delhi,Delhi,Salaried,39200.0,Mass,720.0,2,2,0,503800.0,0.528,Home,456171.24,300.0,8.25,Active,2026-03-04,3596.68,3.0,3.0,0.0,1.0,449157.71,6932.61,0.0,593.18,-25787.97,Debit,3148.97,Card,Groceries,Successful
T301311,2025-10-25,C100640,L202118,52.0,Male,Siliguri,West Bengal,Contract,38500.0,SME,671.0,4,4,1,307000.0,0.142,Auto,145514.82,36.0,11.87,Active,2025-12-17,4824.14,,6.0,0.0,0.0,126700.66,18597.08,0.0,39.7,4864.49,Credit,2165.31,UPI,Healthcare,Successful
T301066,2025-10-25,C100785,L201565,33.0,Male,Siliguri,West Bengal,Retired,50200.0,Mass Affluent,684.0,4,4,0,617600.0,0.135,Auto,266269.92,36.0,10.21,Active,2025-08-07,8618.06,0.0,10.0,0.0,0.0,210252.54,55371.02,0.0,577.51,36890.88,Credit,865.73,IMPS,Healthcare,Successful
T300778,2025-10-25,C100421,L200699,48.0,Male,Siliguri,West Bengal,Self-employed,110900.0,Mass,633.0,4,3,1,1388900.0,0.172,Personal,164851.55,18.0,16.96,Active,2025-07-24,10436.93,0.0,11.0,0.0,0.0,90227.47,73763.03,0.0,9.63,68247.83,Debit,4408.77,UPI,Groceries,Successful
T301191,2025-10-26,C100761,L200859,40.0,Female,Siliguri,West Bengal,Business Owner,211400.0,SME,764.0,3,2,1,2238600.0,0.227,Home,3550357.11,300.0,7.07,Closed,2025-10-30,25251.95,9.0,8.0,0.0,0.0,3419046.98,129795.02,0.0,920.66,-140639.18,Credit,9742.05,NEFT,Groceries,Successful
T300864,2025-10-26,C100326,L201261,42.0,Male,Mysuru,Karnataka,Self-employed,105300.0,Mass Affluent,695.0,7,3,0,1033800.0,0.221,Home,1216485.52,120.0,7.0,Delinquent,2026-04-08,14124.43,,2.0,0.0,0.0,1198123.76,18149.89,0.0,418.37,-77881.98,Credit,1227.72,UPI,Healthcare,Reversed
T301301,2025-10-26,C100790,L201504,58.0,Male,Dwarka,Delhi,Self-employed,155700.0,Mass,719.0,6,2,0,1963600.0,0.207,Personal,238178.41,12.0,14.99,Closed,2026-02-28,21496.46,5.0,4.0,0.0,0.0,182287.62,55245.9,0.0,759.28,36961.99,Credit,950.05,UPI,Groceries,Successful
T301672,2025-10-26,C100244,L200990,45.0,Female,Bengaluru,Karnataka,Self-employed,49900.0,Mass Affluent,648.0,5,4,0,418900.0,0.423,Auto,463186.65,48.0,10.58,Active,2025-12-05,11877.05,8.0,6.0,0.0,1.0,416866.17,45786.02,0.0,547.92,11518.63,Credit,1266.63,Card,Shopping,Successful
T301548,2025-10-26,C100393,L200992,30.0,Female,Kolkata,West Bengal,Self-employed,74600.0,Affluent,707.0,5,1,0,1019300.0,0.276,Home,736055.12,240.0,7.98,Closed,2026-03-27,6147.5,1.0,3.0,0.0,0.0,724067.49,11849.31,0.0,354.81,-44187.79,Debit,831.93,UPI,Education,Successful
T301998,2025-10-26,C100169,L201093,44.0,Female,Coimbatore,Tamil Nadu,Salaried,108300.0,Mass Affluent,,6,4,1,438800.0,0.18,Consumer Durable,203830.05,18.0,18.74,Active,2025-09-03,13077.55,8.0,10.0,0.0,0.0,118825.97,84023.26,0.0,954.25,73031.26,Debit,1931.52,UPI,Restaurants,Reversed
T300997,2025-10-26,C100414,L200669,47.0,Female,Nagpur,Maharashtra,Contract,44500.0,Mass,667.0,5,1,0,577600.0,0.075,Education,142055.74,24.0,12.46,Active,2025-07-19,6717.61,7.0,11.0,0.0,0.0,94024.8,47476.73,0.0,240.3,37455.38,Debit,3468.01,UPI,Education,Successful
T300851,2025-10-27,C100393,L200992,30.0,Female,Kolkata,West Bengal,Self-employed,74600.0,Affluent,707.0,5,1,0,1019300.0,0.276,Home,736055.12,240.0,7.98,Closed,2026-03-27,6147.5,1.0,3.0,0.0,0.0,724067.49,11849.31,0.0,354.81,-44187.79,Debit,3803.67,Card,Restaurants,Successful
T300770,2025-10-27,C100283,L200797,37.0,Male,Ahmedabad,Gujarat,Salaried,55800.0,SME,654.0,7,3,0,675500.0,0.468,Personal,70113.68,36.0,17.13,Closed,2025-12-25,2504.28,8.0,6.0,0.0,1.0,60346.98,9654.01,0.0,740.93,10303.82,Debit,2938.23,Net Banking,Restaurants,Successful
T301586,2025-10-27,C100322,L201530,52.0,Male,Coimbatore,Tamil Nadu,Self-employed,69800.0,Mass,646.0,4,2,0,644100.0,0.321,Auto,291215.68,60.0,11.72,Active,2025-07-30,6436.8,5.0,11.0,0.0,1.0,245192.54,45492.1,0.0,348.38,25937.3,Debit,,IMPS,Education,Successful
T300055,2025-10-27,C100704,L200957,37.0,Female,Nagpur,Maharashtra,Contract,41000.0,Mass Affluent,677.0,8,3,0,516600.0,0.306,Home,279531.84,180.0,8.35,Active,2026-05-28,2728.14,6.0,1.0,0.0,0.0,277758.55,1752.83,0.0,274.51,-20977.98,Credit,943.03,UPI,Groceries,Successful
T300142,2025-10-27,C100648,L201609,61.0,Male,Chennai,Tamil Nadu,Self-employed,49800.0,Mass Affluent,712.0,5,1,0,510400.0,0.38,Personal,77353.92,24.0,15.34,Active,2025-08-28,3763.14,11.0,9.0,1.0,1.0,55339.55,21760.36,282.93,776.25,10031.16,Debit,10298.47,IMPS,Shopping,Successful
T300740,2025-10-28,C100372,L200417,51.0,Female,Ahmedabad,Gujarat,Salaried,66200.0,Affluent,707.0,6,2,0,787500.0,0.278,Home,875371.17,240.0,7.58,Closed,2025-11-27,7094.81,6.0,7.0,0.0,0.0,843089.77,31908.92,0.0,618.66,-36803.44,Credit,1425.92,NEFT,Shopping,Successful
T300729,2025-10-28,C100106,,39.0,Female,Mysuru,Karnataka,Business Owner,134100.0,Mass Affluent,743.0,5,3,0,1382900.0,0.445,,,,,,,,,,,,,,,,,Credit,2580.96,Card,Travel,Failed
T300604,2025-10-28,C100314,L200052,24.0,Female,Mumbai,Maharashtra,Salaried,34900.0,SME,749.0,3,3,0,301500.0,0.54,Consumer Durable,19664.48,6.0,16.15,Active,2026-05-18,3433.51,1.0,1.0,0.0,0.0,17432.7,2206.03,0.0,835.66,1522.81,Credit,2377.26,NEFT,Education,Successful
T300693,2025-10-28,C100260,L201615,25.0,Male,Chennai,Tamil Nadu,Self-employed,78600.0,Mass Affluent,696.0,4,4,0,1088900.0,0.129,Education,202480.54,60.0,11.53,Active,2025-07-15,4456.13,1.0,11.0,0.0,1.0,170619.25,31493.66,0.0,532.95,18828.47,Debit,215.59,NEFT,Education,Successful
T301471,2025-10-28,C100778,L201349,42.0,Male,Siliguri,West Bengal,Salaried,34300.0,Affluent,642.0,4,3,0,424000.0,0.178,Auto,183683.46,48.0,12.28,Closed,2026-06-19,4862.38,2.0,1.0,0.0,0.0,180522.91,3124.08,0.0,909.64,-13533.49,Debit,6974.62,Card,Healthcare,Successful
T301219,2025-10-28,C100217,L201265,40.0,Male,Warangal,Telangana,Salaried,65900.0,Mass Affluent,647.0,5,4,0,416000.0,0.507,Consumer Durable,46491.02,12.0,18.54,Active,2026-05-13,4274.25,0.0,1.0,0.0,0.0,43712.76,2746.21,0.0,610.96,2314.49,Credit,1170.12,Net Banking,Travel,Successful
T300566,2025-10-28,C100334,L200310,31.0,Female,Siliguri,West Bengal,Contract,86500.0,Affluent,690.0,6,5,1,363700.0,0.47,Business,793645.17,60.0,16.93,Closed,2026-03-10,19694.27,9.0,3.0,0.0,0.0,755241.35,37960.7,0.0,716.24,-22541.2,Credit,3409.3,Net Banking,Travel,Successful
T301202,2025-10-28,C100062,L201020,54.0,Female,New Delhi,Delhi,Salaried,63200.0,Affluent,714.0,5,2,2,547300.0,0.388,Personal,156965.66,24.0,15.74,Closed,2026-04-20,7666.04,3.0,2.0,0.0,0.0,146999.81,9850.86,0.0,668.44,2924.37,Debit,1264.51,Net Banking,Utilities,Successful
T300928,2025-10-28,C100023,L201962,37.0,Female,Surat,Gujarat,Retired,65200.0,Mass,719.0,4,4,0,229400.0,0.031,Education,329506.5,36.0,9.84,Closed,2025-09-18,10607.51,5.0,9.0,0.0,1.0,267452.55,61337.94,0.0,825.42,40085.11,Debit,1233.23,Net Banking,Groceries,Successful
T301214,2025-10-29,C100471,L202132,23.0,Female,Mysuru,Karnataka,Salaried,75300.0,SME,774.0,6,1,0,356900.0,0.213,Personal,204173.76,12.0,14.28,Active,2025-09-04,18359.08,3.0,9.0,0.0,1.0,96773.12,106161.4,0.0,130.64,95975.17,Debit,1520.8,Net Banking,Utilities,Successful
T301231,2025-10-29,C100648,L201609,61.0,Male,Chennai,Tamil Nadu,Self-employed,49800.0,Mass Affluent,712.0,5,1,0,510400.0,0.38,Personal,77353.92,24.0,15.34,Active,2025-08-28,3763.14,11.0,9.0,1.0,1.0,55339.55,21760.36,282.93,776.25,10031.16,Debit,2188.24,Net Banking,Utilities,Successful
T301645,2025-10-29,C100665,L200858,48.0,Male,Hyderabad,Telangana,Salaried,109000.0,Mass Affluent,685.0,3,3,0,989300.0,0.428,Consumer Durable,122556.76,9.0,18.51,Delinquent,2026-03-04,14689.09,9.0,3.0,0.0,0.0,93913.04,28313.22,0.0,231.49,20378.67,Debit,2840.01,NEFT,Utilities,Successful
T301351,2025-10-29,C100101,L201572,33.0,Female,Hyderabad,Telangana,Contract,80500.0,Mass Affluent,758.0,3,2,1,1028000.0,0.516,Auto,261500.03,36.0,9.25,Delinquent,2025-12-19,8346.09,11.0,5.0,1.0,1.0,234375.23,26811.82,714.24,748.19,10282.19,Debit,6614.36,Net Banking,Education,Successful
T300367,2025-10-29,C100264,L200010,34.0,Male,Nagpur,Maharashtra,Salaried,55300.0,Mass Affluent,698.0,9,4,2,598700.0,0.211,Home,543248.75,240.0,7.99,Closed,2025-10-16,4540.57,1.0,8.0,0.0,2.0,519637.79,23338.53,0.0,430.62,-13606.19,Credit,2100.79,UPI,Shopping,Successful
T300169,2025-10-29,C100382,,25.0,Female,Ahmedabad,Gujarat,Contract,,Mass,644.0,6,1,0,298400.0,0.209,,,,,,,,,,,,,,,,,Debit,3491.45,NEFT,Shopping,Successful
T300810,2025-10-29,C100126,L202050,38.0,Male,Surat,Gujarat,Self-employed,48100.0,Mass,659.0,5,1,0,389300.0,0.345,Personal,88235.97,24.0,16.02,Active,2025-11-05,4321.15,4.0,7.0,0.0,0.0,68574.73,19434.38,0.0,669.65,14574.97,Debit,2253.04,Card,Education,Successful
T300504,2025-10-30,C100038,L201283,45.0,Female,Howrah,West Bengal,Salaried,46900.0,SME,722.0,5,4,1,236300.0,0.346,Business,403314.94,24.0,15.93,Closed,2026-06-24,19734.07,8.0,1.0,0.0,1.0,390487.8,12679.14,0.0,224.32,-17293.73,Credit,2620.37,UPI,Utilities,Successful
T301587,2025-10-30,C100371,L200928,40.0,Female,Surat,Gujarat,Business Owner,82900.0,Mass,673.0,4,3,0,390500.0,0.297,Education,426273.43,36.0,9.75,Active,2025-12-23,13704.67,5.0,6.0,0.0,0.0,372825.23,52831.49,0.0,965.01,22120.88,Debit,1819.15,UPI,Healthcare,Successful
T300909,2025-10-30,C100539,L200464,34.0,Female,Nizamabad,Telangana,Salaried,211900.0,Affluent,767.0,4,3,1,2816800.0,0.251,Consumer Durable,103357.03,6.0,15.89,Closed,2026-02-14,18033.28,5.0,4.0,0.0,0.0,56470.49,46345.54,0.0,402.33,42921.3,Credit,5802.5,UPI,Restaurants,Successful
T302077,2025-10-30,C100639,L200349,40.0,Male,Howrah,West Bengal,Business Owner,256300.0,SME,665.0,2,2,0,2153100.0,0.21,Consumer Durable,216754.19,6.0,18.77,Active,2025-07-04,38129.01,21.0,11.0,1.0,1.0,0.0,300204.26,215.94,0.0,298807.79,Debit,2359.85,NEFT,Healthcare,Successful
T300305,2025-10-30,C100555,,34.0,Female,Nagpur,Maharashtra,Salaried,82200.0,Affluent,675.0,7,2,0,385400.0,0.278,,,,,,,,,,,,,,,,,Credit,776.75,UPI,Utilities,Successful
T302107,2025-10-31,C100450,L201366,32.0,Male,Vadodara,Gujarat,,149900.0,SME,664.0,5,3,0,1055800.0,0.281,Business,964508.17,24.0,17.17,Active,2026-06-11,47766.29,3.0,1.0,0.0,0.0,933460.08,30689.84,0.0,138.42,-44388.59,Debit,6037.93,Net Banking,Education,Successful
T301933,2025-10-31,C100245,L201552,22.0,Male,Howrah,West Bengal,Self-employed,104000.0,Mass,788.0,9,3,0,654500.0,0.274,Home,625727.75,240.0,7.0,Delinquent,2025-11-12,4851.26,15.0,6.0,1.0,1.0,606807.83,18701.61,707.35,57.57,-29516.37,Debit,2002.02,IMPS,Utilities,Failed
T301918,2025-10-31,C100453,L200564,47.0,Female,Coimbatore,Tamil Nadu,Business Owner,61500.0,Mass,667.0,7,4,0,631300.0,0.245,Auto,240871.91,36.0,10.46,Delinquent,2026-05-19,7824.38,9.0,1.0,0.0,0.0,235786.06,5027.17,0.0,908.94,-8765.06,Credit,7822.24,UPI,Education,Successful
T301372,2025-10-31,C100486,L200107,37.0,Female,Mysuru,Karnataka,Salaried,36400.0,SME,744.0,7,4,0,391500.0,0.148,Auto,106552.83,48.0,8.67,Active,2026-01-16,2634.91,4.0,5.0,0.0,0.0,97989.38,8464.64,0.0,278.21,1231.97,Debit,1721.34,Net Banking,Travel,Successful
T301979,2025-10-31,C100317,L201623,34.0,Female,Mangaluru,Karnataka,Salaried,120000.0,Mass,680.0,5,3,1,992000.0,0.331,Home,1255034.22,240.0,8.2,Active,2025-11-02,10654.36,4.0,8.0,0.0,0.0,1199631.54,54763.41,0.0,845.33,-38243.87,Debit,609.62,NEFT,Healthcare,Successful
T300484,2025-10-31,C100765,L201619,41.0,Male,Mysuru,Karnataka,Contract,18000.0,Affluent,663.0,3,3,0,250900.0,0.522,Education,61670.8,24.0,11.8,Active,2025-12-28,2897.3,23.0,5.0,1.0,1.0,52254.57,9307.58,388.53,772.8,6271.42,Debit,4355.1,UPI,Travel,Successful
T301971,2025-10-31,C100643,L200721,37.0,Female,Rohini,Delhi,Salaried,54900.0,Mass,717.0,2,2,0,602400.0,0.096,Home,662953.33,240.0,7.33,Active,2026-06-11,5272.01,7.0,1.0,0.0,1.0,659526.53,3387.26,0.0,941.26,-52089.23,Debit,1939.75,Card,Utilities,Successful
T300649,2025-10-31,C100378,L201949,36.0,Male,Ahmedabad,Gujarat,Salaried,35800.0,Mass,,4,4,0,264800.0,0.169,Personal,53030.45,24.0,14.88,Active,2026-02-03,2568.25,1.0,4.0,0.0,0.0,46353.01,6600.39,0.0,287.74,-1607.89,Debit,864.84,NEFT,Travel,Successful
T301275,2025-10-31,C100045,L200215,29.0,Female,Surat,Gujarat,Contract,45600.0,Mass,736.0,5,3,0,403800.0,0.316,Personal,114987.99,36.0,14.63,Active,2026-01-24,3965.29,24.0,4.0,1.0,1.0,104678.23,10190.8,224.7,740.19,3085.75,Debit,13085.51,Net Banking,Healthcare,Successful
T300735,2025-11-01,C100642,L200933,54.0,Female,New Delhi,Delhi,Business Owner,230900.0,Mass,823.0,4,3,0,1227000.0,0.287,Personal,275587.06,18.0,11.95,Active,2026-03-03,16799.46,4.0,3.0,0.0,0.0,242828.11,32380.97,0.0,562.81,14742.53,Credit,16437.59,Net Banking,Travel,Successful
T300751,2025-11-01,C100185,L200906,36.0,Male,Ahmedabad,Gujarat,Business Owner,117900.0,Mass,665.0,6,2,0,405700.0,0.222,Home,1740455.96,120.0,8.13,Active,2025-07-23,21236.28,0.0,11.0,0.0,0.0,1588616.57,150087.4,0.0,116.83,26671.03,Debit,972.61,IMPS,Education,Successful
T300432,2025-11-01,C100750,L201334,44.0,Male,Mysuru,Karnataka,Contract,55500.0,Mass,702.0,7,2,2,448900.0,0.312,Auto,350601.66,48.0,9.35,Active,2025-07-29,8783.12,8.0,11.0,0.0,1.0,287802.35,62074.71,0.0,784.79,39993.16,Debit,2243.07,Card,Restaurants,Successful
T301932,2025-11-01,C100612,L200643,38.0,Male,New Delhi,Delhi,Self-employed,112600.0,SME,680.0,1,1,0,1554900.0,0.195,Consumer Durable,126988.78,9.0,18.49,Active,2025-08-10,15219.07,2.0,10.0,0.0,0.0,28064.84,97782.51,0.0,337.12,93991.52,Debit,533.16,UPI,Restaurants,Successful
T300983,2025-11-01,C100071,L200029,21.0,Female,Bengaluru,Karnataka,Salaried,123500.0,Affluent,737.0,6,3,0,1529800.0,0.415,Business,876473.44,12.0,15.33,Active,2025-08-14,79245.56,20.0,9.0,1.0,1.0,412886.91,458237.45,670.6,709.66,425714.61,Debit,3543.88,NEFT,Restaurants,Successful
T301845,2025-11-01,C100043,L202156,21.0,Male,Siliguri,West Bengal,Business Owner,119600.0,Mass Affluent,710.0,7,2,1,1317800.0,0.364,Home,1382162.39,240.0,8.28,Closed,2025-09-23,11802.97,3.0,9.0,0.0,0.0,1313115.01,68250.68,0.0,782.79,-37753.55,Credit,2599.63,UPI,Restaurants,Successful
T300602,2025-11-02,C100733,L200412,40.0,Male,Nizamabad,Telangana,Salaried,75200.0,Mass Affluent,676.0,2,2,0,396300.0,0.074,Education,222971.96,60.0,12.58,Delinquent,2025-11-11,5025.49,17.0,6.0,1.0,1.0,203372.56,19373.25,438.56,868.92,6458.42,Credit,9105.42,UPI,Healthcare,Successful
T300454,2025-11-02,C100780,L200046,42.0,Female,Bengaluru,Karnataka,Contract,34200.0,Affluent,680.0,9,3,2,425700.0,0.339,Personal,83381.99,12.0,15.96,Active,2025-09-06,7563.74,5.0,9.0,0.0,0.0,39134.1,43737.33,0.0,219.14,41321.02,Credit,414.26,Net Banking,Travel,Successful
T300673,2025-11-02,C100026,L201161,21.0,Female,Ahmedabad,Gujarat,Salaried,29400.0,Mass,719.0,5,5,0,280900.0,0.204,Business,199587.0,60.0,16.0,Closed,2026-03-02,4853.57,5.0,4.0,0.0,0.0,186967.72,12473.67,0.0,581.08,-2674.16,Debit,2940.48,IMPS,Travel,Successful
T300535,2025-11-02,C100531,L202037,41.0,Male,Ahmedabad,Gujarat,Business Owner,86500.0,Affluent,722.0,3,2,0,1016800.0,0.474,Auto,965878.89,48.0,10.27,Closed,2026-03-02,24622.62,5.0,4.0,0.0,0.0,901860.09,63280.12,0.0,790.11,-9112.6,Debit,3984.33,NEFT,Education,Successful
T301435,2025-11-02,C100111,L201799,25.0,Female,New Delhi,Delhi,Salaried,68200.0,Affluent,724.0,9,6,1,949200.0,0.116,Education,332197.99,48.0,9.56,Active,2026-01-14,8355.38,3.0,5.0,0.0,0.0,305043.01,26841.65,0.0,906.99,337.15,Debit,2404.7,Card,Travel,Successful
T300848,2025-11-02,C100028,L200943,31.0,Male,Coimbatore,Tamil Nadu,Salaried,70400.0,Mass,697.0,2,2,0,945700.0,0.12,Education,382886.51,24.0,10.06,Active,2025-08-01,17678.87,3.0,11.0,0.0,0.0,256482.55,124945.45,0.0,818.36,101875.99,Debit,2491.1,NEFT,Education,Successful
T301800,2025-11-02,C100056,L202152,22.0,Male,Mysuru,Karnataka,Business Owner,98600.0,Mass Affluent,704.0,4,4,0,1017500.0,0.186,Business,389466.05,36.0,16.59,Closed,2026-03-18,13806.19,5.0,3.0,0.0,0.0,362543.99,26611.42,0.0,222.84,-2288.98,Credit,2487.86,Net Banking,Healthcare,Successful
T302188,2025-11-03,C100769,L200209,30.0,Male,Hyderabad,Telangana,Salaried,71800.0,Mass Affluent,726.0,6,2,2,336500.0,0.522,Auto,311659.49,48.0,11.12,Active,2025-09-23,8073.18,4.0,9.0,0.0,0.0,264431.41,46683.14,0.0,623.98,22208.79,Credit,2075.5,Card,Travel,Successful
T300875,2025-11-03,C100064,L200592,24.0,Female,Howrah,West Bengal,Business Owner,72500.0,Mass Affluent,803.0,7,4,0,563200.0,0.171,Education,272020.48,60.0,8.64,Active,2026-01-30,5599.29,3.0,5.0,0.0,0.0,253822.79,17987.72,0.0,309.86,-4392.27,Debit,13764.95,UPI,Utilities,Successful
T301898,2025-11-03,C100460,L201415,24.0,Male,Dwarka,Delhi,Self-employed,78600.0,SME,626.0,2,2,0,838000.0,0.167,Personal,187718.81,36.0,16.85,Active,2026-05-02,6678.68,7.0,1.0,0.0,0.0,183377.67,4291.05,0.0,734.78,-17296.96,Debit,699.82,NEFT,Healthcare,Successful
T300230,2025-11-03,C100279,L200821,30.0,Female,Madurai,Tamil Nadu,Contract,111700.0,Mass Affluent,686.0,4,2,1,800600.0,0.334,Consumer Durable,129486.71,6.0,17.56,Closed,2026-02-13,22699.81,7.0,4.0,0.0,1.0,70467.2,58338.51,0.0,824.39,48680.32,Debit,5571.83,UPI,Shopping,Successful
T300724,2025-11-03,C100338,,36.0,Female,Mumbai,Maharashtra,Business Owner,129600.0,Mass Affluent,688.0,4,3,0,1794300.0,0.473,,,,,,,,,,,,,,,,,Debit,960.99,UPI,Utilities,Successful
T300322,2025-11-04,C100322,L201530,52.0,Male,Coimbatore,Tamil Nadu,Self-employed,69800.0,Mass,646.0,4,2,0,644100.0,0.321,Auto,291215.68,60.0,11.72,Active,2025-07-30,6436.8,5.0,11.0,0.0,1.0,245192.54,45492.1,0.0,348.38,25937.3,Credit,2691.04,Card,Groceries,Successful
T300550,2025-11-04,C100070,L201327,21.0,Male,Kolkata,West Bengal,Salaried,102000.0,Mass,722.0,6,5,1,460800.0,0.497,Home,402770.99,120.0,7.6,Active,2025-10-05,4802.01,2.0,8.0,0.0,0.0,377800.54,24682.33,0.0,669.01,-7498.15,Credit,4573.66,IMPS,,Successful
T300301,2025-11-04,C100033,L201904,23.0,Male,Hyderabad,Telangana,Salaried,47200.0,Mass,688.0,5,3,1,547100.0,0.37,Personal,79245.03,18.0,14.5,Active,2025-12-27,4925.06,7.0,6.0,0.0,0.0,60037.31,18986.09,0.0,531.3,9644.27,Debit,135.59,Card,Healthcare,Successful
T301021,2025-11-04,C100205,L200611,42.0,Male,Chennai,Tamil Nadu,Salaried,55600.0,Mass Affluent,667.0,4,3,0,189600.0,0.444,Business,712520.65,36.0,16.54,Closed,2026-01-01,25240.48,15.0,5.0,1.0,1.0,630489.08,81085.05,329.75,934.52,30865.52,Debit,3105.45,Net Banking,Healthcare,Successful
T301919,2025-11-04,C100361,L201902,37.0,Male,Mumbai,Maharashtra,Contract,60400.0,Mass,722.0,2,2,0,288900.0,0.089,Personal,62378.79,24.0,13.51,Active,2026-02-11,2980.57,4.0,4.0,0.0,0.0,54629.32,7660.06,0.0,783.63,2577.42,Credit,6409.19,NEFT,Utilities,Successful
T300734,2025-11-04,C100269,L202145,30.0,Male,New Delhi,Delhi,Salaried,69100.0,Mass,799.0,4,2,0,223500.0,0.394,Personal,82049.54,12.0,13.55,Active,2026-05-10,7349.63,6.0,1.0,0.0,0.0,77272.28,4722.14,0.0,784.43,-2710.19,Credit,2810.03,UPI,Education,Successful
T301283,2025-11-05,C100499,L200609,46.0,Female,Chennai,Tamil Nadu,Salaried,120300.0,Affluent,790.0,5,1,0,939100.0,0.399,Home,769863.03,300.0,7.0,Delinquent,2025-10-29,5441.23,45.0,6.0,2.0,2.0,748642.23,20975.95,670.24,237.95,-35693.86,Credit,4271.94,Card,Groceries,Successful
T300849,2025-11-05,C100080,L200389,56.0,Male,Vadodara,Gujarat,Business Owner,59800.0,Mass Affluent,709.0,3,2,0,540700.0,0.059,Personal,83367.34,24.0,16.08,Closed,2026-05-15,4085.11,5.0,1.0,0.0,0.0,80712.02,2624.68,0.0,620.67,-8270.61,Debit,12946.98,UPI,Travel,Successful
T300850,2025-11-05,C100561,L201791,33.0,Male,Mysuru,Karnataka,Salaried,80300.0,Mass Affluent,698.0,5,3,1,820700.0,0.193,Home,1053818.34,180.0,7.4,Closed,2025-10-18,9709.24,6.0,8.0,0.0,0.0,1003330.3,49905.48,0.0,286.2,-27874.31,Debit,5214.02,UPI,Healthcare,Successful
T301020,2025-11-05,C100315,L201957,34.0,Male,Mangaluru,Karnataka,Salaried,81100.0,SME,677.0,1,1,1,941900.0,0.455,Consumer Durable,90983.14,9.0,19.82,Delinquent,2026-05-22,10962.32,8.0,1.0,0.0,0.0,83857.63,7043.29,0.0,548.15,4787.04,Debit,3647.26,Net Banking,Shopping,Successful
T300074,2025-11-05,C100210,L200199,53.0,Male,Dwarka,Delhi,Self-employed,86200.0,Mass Affluent,730.0,7,2,0,608600.0,0.571,Home,2020887.53,240.0,7.46,Closed,2026-03-22,16230.74,5.0,3.0,0.0,0.0,1989237.59,31284.75,0.0,16.97,-124437.38,Debit,3101.41,UPI,Healthcare,Successful
T300297,2025-11-05,C100234,L200190,41.0,Female,Chennai,Tamil Nadu,Self-employed,59200.0,Affluent,826.0,2,2,1,224500.0,0.379,Home,1021227.0,180.0,7.0,Active,2025-11-09,9179.08,1.0,7.0,0.0,1.0,979462.2,41282.9,0.0,429.32,-38226.42,Debit,11563.36,IMPS,Education,Successful
T301322,2025-11-05,C100324,L201895,43.0,Male,Bengaluru,Karnataka,Self-employed,102500.0,Mass,810.0,3,3,1,1401400.0,0.315,Home,951761.39,300.0,7.0,Delinquent,2025-12-04,6726.85,3.0,6.0,0.0,0.0,925526.67,25932.01,0.0,527.16,-47518.0,Debit,14805.24,UPI,Groceries,Reversed
T300483,2025-11-05,C100106,,39.0,Female,Mysuru,Karnataka,Business Owner,134100.0,Mass Affluent,743.0,5,3,0,1382900.0,0.445,,,,,,,,,,,,,,,,,Debit,4177.15,IMPS,Travel,Successful
T300406,2025-11-05,C100754,L202181,49.0,Male,Rohini,Delhi,Salaried,58600.0,Mass,715.0,4,3,1,662100.0,0.332,Home,401876.86,180.0,8.13,Active,2025-08-08,3870.77,9.0,10.0,0.0,0.0,376716.88,24869.67,0.0,808.04,-9600.74,Debit,384.98,UPI,Shopping,Successful
T300808,2025-11-06,C100392,L200055,44.0,Male,Madurai,Tamil Nadu,Salaried,76200.0,Mass,765.0,8,3,0,865500.0,0.546,Personal,119590.76,18.0,14.64,Active,2026-05-23,7440.4,4.0,1.0,0.0,0.0,114754.5,4780.46,0.0,71.6,-5958.56,Debit,2618.65,UPI,Utilities,Successful
T300635,2025-11-06,C100060,L200791,33.0,Male,Coimbatore,Tamil Nadu,Salaried,50800.0,Mass Affluent,765.0,3,3,1,285900.0,0.4,Personal,78975.49,36.0,14.92,Active,2025-12-04,2734.62,2.0,6.0,0.0,0.0,68310.48,10541.95,0.0,149.53,4685.18,Debit,1744.89,UPI,Travel,Failed
T301621,2025-11-06,C100231,L201701,28.0,Male,Bengaluru,Karnataka,Salaried,72000.0,Mass Affluent,774.0,5,5,2,932700.0,0.407,Business,430935.2,36.0,15.28,Active,2025-08-11,14997.67,8.0,10.0,0.0,0.0,333450.37,96360.01,0.0,176.22,64707.44,Debit,1020.94,Card,Groceries,Successful
T300005,2025-11-06,C100539,L200464,34.0,Female,Nizamabad,Telangana,Salaried,211900.0,Affluent,767.0,4,3,1,2816800.0,0.251,Consumer Durable,103357.03,6.0,15.89,Closed,2026-02-14,18033.28,5.0,4.0,0.0,0.0,56470.49,46345.54,0.0,402.33,42921.3,Debit,707.7,NEFT,Shopping,Successful
T301371,2025-11-06,C100686,L200453,43.0,Male,Madurai,Tamil Nadu,Salaried,73800.0,Mass,644.0,5,5,0,428200.0,0.152,Auto,231993.73,48.0,11.92,Active,2026-02-20,6100.18,8.0,4.0,0.0,0.0,216133.27,15677.45,0.0,373.51,974.55,Credit,71597.46,Net Banking,Utilities,Successful
T300060,2025-11-06,C100137,L200088,39.0,Male,Rohini,Delhi,Retired,22800.0,SME,653.0,6,2,0,309600.0,0.326,Auto,135971.05,36.0,10.06,Delinquent,2026-04-15,4391.23,17.0,1.0,1.0,1.0,133116.75,2821.37,744.83,60.13,-6364.25,Debit,3287.95,Net Banking,Travel,Successful
T301382,2025-11-06,C100496,,28.0,Male,Warangal,Telangana,Self-employed,41200.0,Mass,648.0,4,4,0,308300.0,0.193,,,,,,,,,,,,,,,,,Debit,2937.39,IMPS,Travel,Successful
T300674,2025-11-06,C100554,L201000,33.0,Male,Mysuru,Karnataka,Contract,33800.0,Mass,742.0,1,1,0,142500.0,0.156,Personal,36430.51,18.0,14.26,Active,2026-05-03,2260.04,7.0,1.0,0.0,0.0,34961.48,1452.08,0.0,974.14,-3474.52,Debit,6508.3,IMPS,Education,Successful
T301943,2025-11-07,C100415,L202154,33.0,Male,Surat,Gujarat,Salaried,121000.0,Mass,608.0,6,6,1,791900.0,0.433,Consumer Durable,246826.29,6.0,21.59,Closed,2026-01-06,43766.68,2.0,5.0,0.0,0.0,104584.59,140600.45,0.0,357.22,131303.6,Debit,6457.76,UPI,Travel,Successful
T301217,2025-11-07,C100108,L201745,32.0,Female,Nagpur,Maharashtra,Salaried,136200.0,Mass,763.0,3,3,1,1633300.0,0.096,Auto,392013.81,36.0,10.63,Active,2025-07-14,12765.45,1.0,11.0,0.0,0.0,300740.84,90219.82,0.0,743.42,67645.13,Debit,278.82,IMPS,Education,Failed
T300056,2025-11-07,C100334,L200310,31.0,Female,Siliguri,West Bengal,Contract,86500.0,Affluent,690.0,6,5,1,363700.0,0.47,Business,793645.17,60.0,16.93,Closed,2026-03-10,19694.27,9.0,3.0,0.0,0.0,755241.35,37960.7,0.0,716.24,-22541.2,Debit,111.18,Card,Healthcare,Successful
T300595,2025-11-07,C100598,L200539,42.0,Female,Mumbai,Maharashtra,Self-employed,119900.0,Affluent,783.0,5,5,1,968600.0,0.321,Home,1573616.1,300.0,7.0,Active,2025-11-27,11121.99,8.0,7.0,0.0,0.0,1523011.04,50021.16,0.0,653.31,-73918.66,Debit,1408.08,IMPS,Education,Successful
T301124,2025-11-07,C100758,,39.0,Female,Ahmedabad,Gujarat,Contract,30000.0,Mass Affluent,679.0,4,3,1,90500.0,0.521,,,,,,,,,,,,,,,,,Debit,3244.39,Card,Healthcare,Successful
T300690,2025-11-07,C100781,L200271,45.0,Male,Rohini,Delhi,Salaried,40400.0,Affluent,690.0,8,1,0,383400.0,0.315,Business,195215.94,60.0,15.97,Active,2025-11-29,4744.16,7.0,7.0,0.0,0.0,173630.01,21336.87,0.0,29.92,4304.73,Credit,2905.7,Card,Utilities,Successful
T300513,2025-11-07,C100439,L202001,32.0,Female,Pune,Maharashtra,Business Owner,80200.0,Mass,627.0,11,3,1,862600.0,0.639,Business,583025.37,24.0,18.06,Active,2025-08-09,29123.92,6.0,10.0,0.0,0.0,393719.87,187121.21,0.0,426.36,155858.63,Debit,2102.18,UPI,Education,Successful
T301048,2025-11-08,C100042,L200161,45.0,Female,Mysuru,Karnataka,Contract,33200.0,Affluent,642.0,4,1,0,212200.0,0.686,Home,269033.91,300.0,9.21,Active,2025-08-14,2296.54,6.0,10.0,0.0,0.0,254106.42,14755.25,0.0,414.74,-6770.25,Credit,2903.92,UPI,Groceries,Successful
T301122,2025-11-08,C100474,L201869,28.0,Female,Mumbai,Maharashtra,Salaried,104400.0,Mass Affluent,683.0,5,3,0,955400.0,0.269,Home,1613594.95,120.0,8.69,Closed,2026-03-13,20170.61,9.0,3.0,0.0,0.0,1574262.26,38878.85,0.0,549.74,-84852.22,Debit,1388.93,UPI,,Successful
T300215,2025-11-08,C100263,L201468,32.0,Female,Kolkata,West Bengal,Salaried,68900.0,Mass,738.0,6,3,1,571600.0,0.066,Business,581457.38,60.0,15.95,Active,2025-12-12,14124.47,1.0,6.0,0.0,0.0,526371.94,54449.84,0.0,531.38,9201.81,Debit,2552.08,NEFT,Education,Failed
T301876,2025-11-08,C100434,L200518,49.0,Male,Ahmedabad,Gujarat,Contract,46700.0,Mass Affluent,662.0,2,2,1,403400.0,0.187,Auto,236143.36,36.0,11.06,Active,2026-03-18,7737.74,8.0,3.0,0.0,0.0,221054.76,14914.5,0.0,846.6,-5057.28,Debit,2030.79,IMPS,Utilities,Successful
T300663,2025-11-08,C100432,L201367,31.0,Male,New Delhi,Delhi,Business Owner,289900.0,Mass Affluent,781.0,3,2,0,1802300.0,0.072,Business,3808162.53,12.0,14.84,Closed,2026-03-17,343430.88,5.0,3.0,0.0,0.0,3138472.32,661963.01,0.0,158.75,407507.48,Credit,3696.03,UPI,Shopping,Successful
T301131,2025-11-09,C100118,,51.0,Male,Chennai,Tamil Nadu,Business Owner,113000.0,Mass,710.0,4,3,0,1188800.0,0.398,,,,,,,,,,,,,,,,,Debit,1969.51,Card,Groceries,Successful
T300682,2025-11-09,C100514,L201081,68.0,Male,Mangaluru,Karnataka,Salaried,74900.0,Mass,666.0,7,3,0,650500.0,0.283,Education,237432.6,36.0,11.51,Active,2025-07-23,7830.71,9.0,11.0,0.0,0.0,181443.04,55343.53,0.0,777.22,37822.35,Debit,3319.85,Net Banking,Healthcare,Successful
T301956,2025-11-09,C100478,,57.0,Female,Surat,Gujarat,Self-employed,52700.0,Mass,,5,3,0,243200.0,0.868,,,,,,,,,,,,,,,,,Credit,644.48,NEFT,Shopping,Reversed
T301187,2025-11-09,C100607,L201829,43.0,Male,Mumbai,Maharashtra,Contract,43900.0,SME,718.0,6,3,0,462800.0,0.263,Auto,183888.46,72.0,9.52,Closed,2025-07-10,3362.35,1.0,11.0,0.0,0.0,159847.69,23763.37,0.0,562.95,14236.91,Debit,3411.26,UPI,Healthcare,Successful
T300488,2025-11-09,C100403,L200728,22.0,Female,Mysuru,Karnataka,Business Owner,183100.0,Affluent,746.0,10,3,0,1574100.0,0.418,Home,2728092.23,240.0,7.0,Closed,2025-09-08,21150.87,7.0,9.0,0.0,0.0,2604359.64,122304.91,0.0,487.66,-86118.78,Debit,1776.67,Net Banking,Education,Successful
T300601,2025-11-09,C100124,L201657,44.0,Male,Hyderabad,Telangana,Salaried,54900.0,Mass Affluent,775.0,1,1,1,603500.0,0.138,Consumer Durable,80798.63,12.0,15.81,Delinquent,2025-07-31,7323.67,2.0,11.0,0.0,0.0,28434.42,51760.01,0.0,620.76,47634.8,Debit,3548.41,UPI,Utilities,Successful
T300068,2025-11-09,C100473,,45.0,Female,Warangal,Telangana,Salaried,43700.0,Mass,625.0,4,2,1,194700.0,0.435,,,,,,,,,,,,,,,,,Debit,2361.74,UPI,Education,Successful
T301689,2025-11-09,C100743,L201236,47.0,Female,Howrah,West Bengal,Contract,18000.0,Mass,705.0,2,2,0,224400.0,0.368,Business,173347.55,36.0,16.15,Closed,2025-07-27,6107.23,0.0,11.0,0.0,0.0,129680.85,43162.85,0.0,338.43,28957.34,Debit,709.94,IMPS,Shopping,Successful
T301594,2025-11-10,C100030,L201355,37.0,Female,Surat,Gujarat,Business Owner,136400.0,Mass,765.0,5,2,0,822600.0,0.234,Home,1308191.32,240.0,7.0,Closed,2026-06-15,10142.39,2.0,1.0,0.0,0.0,1301598.76,6516.49,0.0,950.83,-98795.03,Credit,2472.59,UPI,Groceries,Successful
T301452,2025-11-10,C100408,L200863,41.0,Male,Hyderabad,Telangana,Contract,57700.0,Mass Affluent,685.0,3,3,0,745400.0,0.374,Home,543373.56,300.0,7.91,Active,2026-06-13,4161.5,5.0,1.0,0.0,0.0,540668.58,2673.76,0.0,851.01,-37483.42,Debit,523.01,UPI,Travel,Successful
T300737,2025-11-10,C100021,L202079,27.0,Female,Hyderabad,Telangana,Business Owner,185600.0,Mass,659.0,6,6,0,2066500.0,0.642,Personal,431461.4,24.0,15.65,Delinquent,2026-02-06,21053.61,19.0,3.0,1.0,1.0,390406.86,40580.83,459.29,926.07,11794.32,Debit,5852.76,Net Banking,Groceries,Successful
T301658,2025-11-10,C100760,L202163,30.0,Male,Mangaluru,Karnataka,Salaried,33100.0,Affluent,730.0,8,3,1,159300.0,0.35,Education,78980.99,48.0,9.82,Active,2025-12-16,1996.34,7.0,6.0,0.0,0.0,71195.26,7695.9,0.0,635.67,2781.05,Debit,5903.38,UPI,Education,Successful
T301880,2025-11-10,C100155,L201881,50.0,Male,Kolkata,West Bengal,Salaried,260900.0,SME,733.0,4,4,0,3645000.0,0.385,Consumer Durable,209313.09,6.0,17.72,Active,2025-08-25,36710.54,23.0,9.0,1.0,2.0,0.0,215272.63,174.04,0.0,216885.81,Debit,5138.29,IMPS,Groceries,Successful
T301120,2025-11-10,C100778,L201349,42.0,Male,Siliguri,West Bengal,Salaried,34300.0,Affluent,642.0,4,3,0,424000.0,0.178,Auto,183683.46,48.0,12.28,Closed,2026-06-19,4862.38,2.0,1.0,0.0,0.0,180522.91,3124.08,0.0,909.64,-13533.49,Debit,8625.19,IMPS,Travel,Failed
T301024,2025-11-10,C100558,,38.0,Female,Rohini,Delhi,Self-employed,104700.0,Mass Affluent,664.0,5,2,0,1038600.0,0.572,,,,,,,,,,,,,,,,,Debit,1954.15,UPI,Utilities,Successful
T300014,2025-11-10,C100591,L200086,54.0,Female,Nagpur,Maharashtra,Contract,23500.0,SME,745.0,2,2,0,203800.0,0.325,Education,80394.5,60.0,9.17,Active,2026-02-26,1675.5,7.0,4.0,0.0,1.0,76038.2,4306.03,0.0,978.95,-6017.83,Debit,8362.28,UPI,Travel,Successful
T300913,2025-11-10,C100460,L201415,24.0,Male,Dwarka,Delhi,Self-employed,78600.0,SME,626.0,2,2,0,838000.0,0.167,Personal,187718.81,36.0,16.85,Active,2026-05-02,6678.68,7.0,1.0,0.0,0.0,183377.67,4291.05,0.0,734.78,-17296.96,Debit,1017.83,NEFT,Restaurants,Successful
T300012,2025-11-11,C100185,L200906,36.0,Male,Ahmedabad,Gujarat,Business Owner,117900.0,Mass,665.0,6,2,0,405700.0,0.222,Home,1740455.96,120.0,8.13,Active,2025-07-23,21236.28,0.0,11.0,0.0,0.0,1588616.57,150087.4,0.0,116.83,26671.03,Debit,803.13,Net Banking,Restaurants,Successful
T300500,2025-11-11,C100691,L200502,51.0,Male,New Delhi,Delhi,Salaried,34900.0,Mass,773.0,9,4,0,312600.0,0.437,Auto,183191.56,72.0,9.14,Closed,2025-10-04,3314.87,21.0,7.0,1.0,1.0,168108.9,14908.63,451.62,180.97,6999.04,Debit,25557.67,Net Banking,Healthcare,Reversed
T301119,2025-11-11,C100224,L201860,40.0,Male,Coimbatore,Tamil Nadu,Retired,32300.0,Mass Affluent,659.0,6,3,0,260200.0,0.386,Personal,38293.45,18.0,15.52,Closed,2025-10-11,2398.31,5.0,8.0,0.0,0.0,25822.23,12327.32,0.0,670.99,13940.16,Debit,554.33,UPI,Restaurants,Successful
T302189,2025-11-11,C100640,L202118,52.0,Male,Siliguri,West Bengal,Contract,38500.0,SME,671.0,4,4,1,307000.0,0.142,Auto,145514.82,36.0,11.87,Active,2025-12-17,4824.14,8.0,6.0,0.0,0.0,126700.66,18597.08,0.0,39.7,4864.49,Debit,13148.84,UPI,Education,Successful
T300777,2025-11-11,C100354,L200960,50.0,Male,Warangal,Telangana,Self-employed,46800.0,Mass,667.0,2,2,1,202600.0,0.178,Consumer Durable,43711.96,12.0,20.31,Closed,2026-05-12,4055.72,9.0,1.0,0.0,0.0,41075.74,2605.8,0.0,441.78,-65.11,Debit,2676.84,NEFT,Travel,Successful
T300076,2025-11-11,C100309,L200353,36.0,Male,Nagpur,Maharashtra,Salaried,58700.0,SME,784.0,5,2,0,354200.0,0.194,Auto,391777.18,36.0,8.77,Active,2026-01-10,12416.51,2.0,5.0,0.0,0.0,351423.51,39888.05,0.0,166.38,10282.9,Debit,2470.68,Card,Healthcare,Successful
T300002,2025-11-12,C100739,L201948,40.0,Male,Surat,Gujarat,Salaried,57800.0,Affluent,694.0,3,3,0,449700.0,0.108,Personal,146807.17,36.0,14.51,Closed,2026-03-19,5053.96,8.0,3.0,0.0,0.0,136951.94,9741.51,0.0,829.82,-2653.04,Debit,1568.49,UPI,Groceries,Successful
T301985,2025-11-12,C100595,L201675,37.0,Female,Howrah,West Bengal,Salaried,229100.0,Affluent,777.0,6,3,0,1945600.0,0.197,Home,1658187.89,240.0,7.0,Active,2026-04-15,12855.91,6.0,2.0,0.0,0.0,1641475.2,16519.85,0.0,799.63,-112291.52,Debit,6676.86,Net Banking,Travel,Successful
T300982,2025-11-12,C100199,L201639,21.0,Male,Nagpur,Maharashtra,Salaried,82900.0,SME,711.0,5,2,0,1090200.0,0.357,Personal,140582.69,12.0,13.74,Active,2026-06-16,12605.32,0.0,1.0,0.0,0.0,132389.23,8098.92,0.0,493.46,-3673.59,Debit,846.08,NEFT,Restaurants,Successful
T302072,2025-11-12,C100248,L200416,41.0,Male,New Delhi,Delhi,Salaried,57800.0,Affluent,618.0,4,3,1,658800.0,0.322,Personal,100307.02,18.0,16.84,Closed,2025-11-07,6344.84,62.0,4.0,3.0,4.0,83810.44,16306.23,750.55,232.12,13945.1,Debit,6049.04,UPI,Groceries,Successful
T300767,2025-11-12,C100327,L201993,54.0,Male,Nagpur,Maharashtra,Business Owner,44000.0,Mass Affluent,735.0,6,3,1,608200.0,0.227,Auto,131373.38,36.0,8.03,Active,2026-01-30,4118.58,7.0,5.0,0.0,1.0,117987.99,13230.95,0.0,95.29,7403.63,Debit,1015.69,Net Banking,Groceries,Successful
T300449,2025-11-12,C100138,L201183,46.0,Male,Mumbai,Maharashtra,Self-employed,129700.0,Mass,630.0,7,4,0,708600.0,0.143,Personal,270609.48,12.0,16.7,Default,2025-11-25,24642.36,68.0,3.0,4.0,4.0,303082.62,91787.31,1485.23,165009.37,85277.72,Credit,13276.72,Card,Utilities,Successful
T302148,2025-11-12,C100729,L200467,25.0,Female,Hyderabad,Telangana,Salaried,36200.0,Mass,655.0,5,3,0,421700.0,0.456,Personal,84016.38,36.0,15.15,Active,2025-08-16,2918.63,5.0,10.0,0.0,0.0,65045.28,18752.2,0.0,261.25,12397.87,Debit,824.33,NEFT,Shopping,Successful
T300957,2025-11-12,C100127,L201113,21.0,Female,Bengaluru,Karnataka,Salaried,100200.0,Mass,585.0,7,2,1,865400.0,0.567,Business,442123.45,36.0,18.63,Delinquent,2026-06-20,16123.9,29.0,0.0,1.0,2.0,442123.45,0.0,654.8,267.37,-30296.19,Debit,14960.58,IMPS,Travel,Successful
T300238,2025-11-12,C100432,L201367,31.0,Male,New Delhi,Delhi,Business Owner,289900.0,Mass Affluent,781.0,3,2,0,1802300.0,0.072,Business,3808162.53,12.0,14.84,Closed,2026-03-17,343430.88,,3.0,0.0,0.0,3138472.32,661963.01,0.0,158.75,407507.48,Debit,2457.89,IMPS,Restaurants,Successful
T301914,2025-11-12,C100689,,30.0,Male,Mumbai,Maharashtra,Business Owner,99600.0,Affluent,693.0,4,2,0,744600.0,0.285,,,,,,,,,,,,,,,,,Debit,1317.85,Net Banking,Education,Successful
T301203,2025-11-12,C100731,L200220,33.0,Female,Nizamabad,Telangana,Salaried,52200.0,Mass,789.0,3,2,0,345700.0,0.26,Auto,237563.19,72.0,7.58,Active,2025-12-29,4116.7,17.0,5.0,1.0,1.0,224183.9,13224.91,611.09,55.98,778.05,Debit,365.71,Card,Restaurants,Failed
T300015,2025-11-13,C100496,,28.0,Male,Warangal,Telangana,Self-employed,41200.0,Mass,648.0,4,4,0,308300.0,0.193,,,,,,,,,,,,,,,,,Credit,1605.0,UPI,Utilities,Successful
T301869,2025-11-13,C100118,,51.0,Male,Chennai,Tamil Nadu,Business Owner,113000.0,Mass,710.0,4,3,0,1188800.0,0.398,,,,,,,,,,,,,,,,,Debit,4499.18,UPI,Groceries,Successful
T301423,2025-11-14,C100110,L200714,21.0,Other,Kolkata,West Bengal,Contract,41200.0,Mass,701.0,2,2,0,567000.0,0.32,Business,219893.0,48.0,16.84,Closed,2026-04-10,6326.83,2.0,2.0,0.0,1.0,211668.12,8129.98,0.0,872.01,-11606.25,Debit,19982.39,Net Banking,Restaurants,Successful
T301063,2025-11-14,C100245,L201552,22.0,Male,Howrah,West Bengal,Self-employed,104000.0,Mass,788.0,9,3,0,654500.0,0.274,Home,625727.75,240.0,7.0,Delinquent,2025-11-12,4851.26,15.0,6.0,1.0,1.0,606807.83,18701.61,707.35,57.57,-29516.37,Debit,678.14,Card,Education,Successful
T301570,2025-11-14,C100415,L202154,33.0,Male,Surat,Gujarat,Salaried,121000.0,Mass,608.0,6,6,1,791900.0,0.433,Consumer Durable,246826.29,6.0,21.59,Closed,2026-01-06,43766.68,2.0,5.0,0.0,0.0,104584.59,140600.45,0.0,357.22,131303.6,Credit,600.68,UPI,Restaurants,Successful
T300157,2025-11-14,C100035,L200971,45.0,Female,Warangal,Telangana,Salaried,88700.0,Affluent,668.0,9,4,2,827700.0,0.329,Consumer Durable,110437.44,9.0,18.26,Active,2025-09-08,13223.23,4.0,9.0,0.0,0.0,33081.57,76463.3,0.0,991.69,73152.78,Credit,1858.64,UPI,Healthcare,Successful
T300842,2025-11-14,C100713,L201896,63.0,Female,Mangaluru,Karnataka,Business Owner,67500.0,Mass Affluent,728.0,4,4,1,916000.0,0.545,Consumer Durable,72594.83,12.0,18.49,Closed,2026-02-08,6672.43,6.0,4.0,0.0,0.0,55246.5,17148.16,0.0,18.39,10345.78,Debit,1319.04,UPI,Travel,Successful
T301595,2025-11-14,C100654,L201124,23.0,Female,Chennai,Tamil Nadu,Salaried,74400.0,SME,743.0,4,4,0,975500.0,0.256,Auto,590444.28,60.0,9.76,Active,2026-03-14,12475.58,27.0,2.0,1.0,1.0,574226.02,16031.13,469.12,419.01,-34815.03,Credit,8135.73,IMPS,Restaurants,Successful
T301833,2025-11-14,C100473,,45.0,Female,Warangal,Telangana,Salaried,43700.0,Mass,625.0,4,2,1,194700.0,0.435,,,,,,,,,,,,,,,,,Credit,6084.21,Card,Travel,Successful
T300434,2025-11-15,C100013,L201724,34.0,Female,Madurai,Tamil Nadu,Self-employed,102700.0,SME,744.0,3,2,0,384900.0,0.463,Education,439294.38,60.0,11.02,Active,2025-11-25,9555.71,4.0,7.0,0.0,0.0,395815.92,42976.79,0.0,742.53,9496.68,Debit,5140.51,Card,Restaurants,Successful
T301680,2025-11-15,C100150,L201151,50.0,Male,Surat,Gujarat,Salaried,69600.0,Mass,692.0,3,2,0,748400.0,0.409,Business,602205.72,48.0,16.66,Active,2026-06-29,17270.92,1.0,1.0,0.0,0.0,590979.62,11096.57,0.0,294.4,-36257.82,Debit,573.87,UPI,Restaurants,Successful
T300939,2025-11-15,C100780,L200046,42.0,Female,Bengaluru,Karnataka,Contract,34200.0,Affluent,680.0,9,3,2,425700.0,0.339,Personal,83381.99,12.0,15.96,Active,2025-09-06,7563.74,5.0,9.0,0.0,0.0,39134.1,43737.33,0.0,219.14,41321.02,Debit,5282.14,UPI,Groceries,Successful
T301190,2025-11-15,C100736,L201984,45.0,Female,Surat,Gujarat,Business Owner,117900.0,Mass Affluent,680.0,2,2,0,1383000.0,0.39,Home,1545525.64,240.0,9.42,Delinquent,2026-03-14,14325.68,9.0,3.0,0.0,0.0,1517590.56,27612.75,0.0,607.63,-98576.65,Credit,808.94,NEFT,Healthcare,Successful
T300681,2025-11-15,C100646,L201203,30.0,Male,Dwarka,Delhi,Contract,44400.0,Mass Affluent,749.0,6,3,0,438400.0,0.426,Personal,69661.32,36.0,15.48,Closed,2026-02-23,2431.24,9.0,4.0,0.0,0.0,63340.1,6248.28,0.0,336.73,-1341.5,Debit,779.04,UPI,Groceries,Successful
T301990,2025-11-15,C100559,,26.0,Male,Nagpur,Maharashtra,,75000.0,Mass Affluent,665.0,5,3,0,532500.0,0.218,,,,,,,,,,,,,,,,,Credit,43739.67,IMPS,Groceries,Successful
T301028,2025-11-15,C100429,L201693,43.0,Male,Vadodara,Gujarat,Salaried,83500.0,SME,685.0,3,3,0,714700.0,0.238,Auto,383659.06,36.0,11.17,Closed,2025-10-08,12591.41,32.0,7.0,1.0,1.0,326368.12,56629.89,252.56,725.91,31940.98,Debit,2064.84,IMPS,Restaurants,Reversed
T300004,2025-11-15,C100206,L200661,34.0,Female,Madurai,Tamil Nadu,Salaried,19300.0,Mass,667.0,8,2,0,146800.0,0.498,Consumer Durable,37857.43,18.0,18.57,Closed,2025-12-31,2425.82,1.0,6.0,0.0,1.0,28396.72,9351.54,0.0,827.94,7787.73,Credit,1296.74,NEFT,Education,Successful
T301192,2025-11-15,C100092,L200869,44.0,Male,New Delhi,Delhi,Business Owner,78400.0,SME,700.0,5,5,0,632200.0,0.437,Education,224897.29,24.0,11.61,Closed,2025-11-16,10545.78,6.0,7.0,0.0,0.0,176913.98,47429.66,0.0,655.84,30645.06,Debit,3632.79,IMPS,Restaurants,Successful
T300088,2025-11-15,C100771,L200841,41.0,Female,New Delhi,Delhi,Salaried,75200.0,Mass,565.0,5,3,1,310300.0,0.692,Education,179069.45,36.0,13.96,Closed,2026-01-31,6116.69,51.0,3.0,2.0,2.0,167141.9,11789.92,643.79,58.14,-1764.24,Credit,4084.88,NEFT,Utilities,Successful
T301282,2025-11-15,C100044,,41.0,Male,New Delhi,Delhi,Salaried,38200.0,Mass,663.0,2,2,1,353200.0,0.489,,,,,,,,,,,,,,,,,Credit,13942.26,Card,Education,Failed
T300386,2025-11-16,C100154,L201164,43.0,Female,Vadodara,Gujarat,Self-employed,124100.0,Mass,815.0,5,3,0,484600.0,0.34,Business,621795.29,48.0,13.61,Closed,2025-12-10,16870.08,2.0,6.0,0.0,0.0,556001.98,65034.16,0.0,955.86,18148.53,Debit,2207.82,Net Banking,Healthcare,Successful
T302064,2025-11-16,C100797,L201646,46.0,Male,Pune,Maharashtra,Salaried,117100.0,Mass,756.0,5,1,0,961500.0,0.496,Personal,208238.6,12.0,16.15,Active,2025-09-01,18908.45,0.0,10.0,0.0,1.0,85333.67,121486.8,0.0,119.26,112872.25,Credit,1193.0,UPI,Shopping,Successful
T300125,2025-11-16,C100256,L202038,29.0,Female,Kolkata,West Bengal,Business Owner,65600.0,Mass Affluent,696.0,9,4,0,542700.0,0.223,Auto,262398.51,36.0,12.44,Delinquent,2026-01-20,8770.63,7.0,5.0,0.0,0.0,233893.96,28175.66,0.0,561.97,13986.98,Debit,937.69,IMPS,Shopping,Successful
T300843,2025-11-16,C100636,L201585,34.0,Female,Vadodara,Gujarat,Salaried,37600.0,SME,725.0,4,3,1,343400.0,0.317,Home,462580.72,300.0,7.0,Active,2026-03-24,3269.42,5.0,3.0,0.0,0.0,456205.34,6301.82,0.0,911.64,-32820.88,Debit,3058.85,NEFT,Healthcare,Successful
T300794,2025-11-16,C100704,L200957,37.0,Female,Nagpur,Maharashtra,Contract,41000.0,Mass Affluent,677.0,8,3,0,516600.0,0.306,Home,279531.84,180.0,8.35,Active,2026-05-28,2728.14,6.0,1.0,0.0,0.0,277758.55,1752.83,0.0,274.51,-20977.98,Debit,1293.79,UPI,Healthcare,Successful
T301567,2025-11-17,C100699,L201452,47.0,Female,Chennai,Tamil Nadu,Self-employed,118100.0,Mass,725.0,3,3,1,1413800.0,0.291,Auto,226806.15,60.0,9.27,Closed,2026-04-18,4737.9,9.0,2.0,0.0,0.0,220646.88,6088.2,0.0,470.42,-12981.48,Debit,5178.82,NEFT,Groceries,Successful
T300841,2025-11-17,C100120,L201937,38.0,Male,Mumbai,Maharashtra,Self-employed,55400.0,Mass Affluent,589.0,6,3,3,766000.0,0.494,Personal,107889.93,24.0,16.86,Active,2026-03-02,5327.07,2.0,4.0,0.0,0.0,94039.55,13690.56,0.0,194.01,5590.78,Debit,2404.36,UPI,Utilities,Successful
T301348,2025-11-17,C100007,L201449,40.0,Female,Kolkata,West Bengal,Business Owner,382700.0,Mass Affluent,745.0,7,2,0,4535600.0,0.313,Personal,568439.18,12.0,13.05,Active,2025-10-01,50784.77,13.0,8.0,1.0,1.0,304358.35,261033.74,455.97,533.9,234584.92,Debit,1570.54,UPI,Groceries,Successful
T301482,2025-11-17,C100564,L201932,21.0,Male,Hyderabad,Telangana,Self-employed,83000.0,Mass,678.0,5,2,1,987400.0,0.337,Consumer Durable,89242.08,18.0,18.64,Delinquent,2025-12-09,5721.42,2.0,6.0,0.0,0.0,66928.53,22056.09,0.0,196.61,17265.71,Debit,2722.35,Card,Utilities,Successful
T300505,2025-11-17,C100196,L201953,33.0,Male,Surat,Gujarat,Salaried,58500.0,Mass Affluent,611.0,6,4,0,665900.0,0.499,Home,202110.87,120.0,10.33,Active,2026-03-28,2707.98,0.0,3.0,0.0,1.0,196830.31,5219.63,0.0,894.29,-11090.34,Credit,1885.77,NEFT,Shopping,Successful
T300702,2025-11-17,C100633,L201035,36.0,Male,Ahmedabad,Gujarat,Salaried,42500.0,Mass,709.0,5,3,1,403500.0,0.217,Business,493706.81,48.0,16.09,Default,2026-01-01,14014.56,14.0,5.0,1.0,2.0,523631.07,86531.13,553.8,347511.86,79398.3,Debit,2152.26,NEFT,Education,Successful
T300400,2025-11-17,C100063,L202147,21.0,Male,Surat,Gujarat,Self-employed,109800.0,Affluent,759.0,8,3,1,1324200.0,0.319,Consumer Durable,179802.51,18.0,16.09,Active,2025-10-03,11309.39,0.0,9.0,0.0,1.0,113642.56,65396.57,0.0,621.6,59553.97,Debit,570.34,Card,Healthcare,Successful
T301604,2025-11-17,C100581,L201601,31.0,Female,Mumbai,Maharashtra,Self-employed,57500.0,Mass Affluent,754.0,5,4,0,581100.0,0.603,Auto,366982.64,48.0,9.63,Active,2025-12-22,9242.55,15.0,5.0,1.0,1.0,336944.34,29691.71,571.09,2.25,2504.53,Credit,142.89,IMPS,Restaurants,Successful
T300404,2025-11-18,C100678,L201982,24.0,Male,Mysuru,Karnataka,Self-employed,88800.0,SME,758.0,2,2,1,603700.0,0.327,Personal,232341.31,24.0,15.19,Delinquent,2026-01-16,11286.44,1.0,5.0,0.0,0.0,195660.39,36257.68,0.0,377.19,20753.59,Credit,1387.14,Net Banking,Shopping,Successful
T300905,2025-11-18,C100519,L200223,39.0,Male,Nizamabad,Telangana,Salaried,29800.0,Affluent,823.0,8,2,0,213400.0,0.592,Personal,47051.26,36.0,12.1,Active,2026-03-03,1565.02,4.0,3.0,0.0,0.0,43999.46,3016.58,0.0,338.35,-1050.21,Debit,1332.34,NEFT,Groceries,Successful
T300163,2025-11-18,C100794,L200779,41.0,Female,Bengaluru,Karnataka,Salaried,,Mass,707.0,4,2,0,888100.0,0.11,Education,336315.64,60.0,10.46,Delinquent,2026-02-02,7222.07,28.0,3.0,1.0,3.0,322232.6,13920.54,440.37,875.06,-12691.98,Debit,2181.16,UPI,Education,Successful
T301816,2025-11-18,C100068,L201544,32.0,Male,Warangal,Telangana,Salaried,112000.0,Affluent,770.0,4,3,0,634500.0,0.155,Home,986708.57,240.0,7.0,Active,2026-03-10,7649.94,1.0,3.0,0.0,0.0,971791.18,14745.26,0.0,734.81,-62694.39,Credit,1420.88,UPI,Education,Successful
T301421,2025-11-19,C100060,L200791,33.0,Male,Coimbatore,Tamil Nadu,Salaried,50800.0,Mass Affluent,765.0,3,3,1,285900.0,0.4,Personal,78975.49,36.0,14.92,Active,2025-12-04,2734.62,2.0,6.0,0.0,0.0,68310.48,10541.95,0.0,149.53,4685.18,Credit,741.06,NEFT,Education,Successful
T300349,2025-11-19,C100259,L201713,46.0,Female,Surat,Gujarat,Salaried,81200.0,Mass Affluent,766.0,4,1,0,366700.0,0.512,Business,499177.39,12.0,15.63,Delinquent,2025-07-19,45203.44,27.0,9.0,2.0,2.0,234737.28,261388.88,1150.28,718.66,242452.14,Debit,1518.56,IMPS,Healthcare,Successful
T301041,2025-11-19,C100386,L201417,34.0,Male,Mangaluru,Karnataka,Retired,23000.0,Affluent,653.0,6,1,0,146600.0,0.199,Personal,37664.83,36.0,15.45,Delinquent,2026-04-26,1313.98,2.0,2.0,0.0,0.0,35956.66,1688.46,0.0,661.17,-951.59,Debit,2379.73,UPI,Education,Successful
T300774,2025-11-19,C100664,L201396,39.0,Male,Warangal,Telangana,Salaried,58200.0,Mass,670.0,1,1,0,178200.0,0.301,Business,336079.15,12.0,17.17,Delinquent,2026-02-21,30679.14,1.0,4.0,0.0,0.0,256313.4,78845.38,0.0,901.95,55509.06,Debit,162.29,UPI,Groceries,Successful
T300054,2025-11-19,C100156,L202128,47.0,Female,New Delhi,Delhi,Self-employed,100900.0,Affluent,752.0,4,4,1,1083000.0,0.507,Auto,357991.45,72.0,8.25,Active,2026-02-09,6320.54,3.0,4.0,0.0,0.0,341558.05,16243.79,0.0,277.37,-12610.67,Debit,8069.55,IMPS,Travel,Successful
T300280,2025-11-19,C100462,L201401,34.0,Female,Dwarka,Delhi,Salaried,46100.0,Mass,696.0,6,3,1,487500.0,0.357,Personal,96268.69,36.0,14.29,Closed,2026-01-24,3303.81,8.0,5.0,0.0,0.0,85531.3,10613.49,0.0,217.34,7338.31,Debit,2836.64,Net Banking,Restaurants,Successful
T301107,2025-11-20,C100543,L200247,37.0,Male,Siliguri,West Bengal,Contract,20100.0,Mass Affluent,657.0,5,3,0,205000.0,0.147,Auto,71268.86,36.0,10.71,Closed,2026-05-15,2323.48,2.0,1.0,0.0,0.0,69758.6,1492.83,0.0,357.04,-2339.27,Debit,25672.22,UPI,Education,Successful
T301596,2025-11-20,C100452,,48.0,Female,Mumbai,Maharashtra,Contract,142500.0,Mass,698.0,3,2,0,613400.0,0.433,,,,,,,,,,,,,,,,,Debit,2151.98,NEFT,Healthcare,Successful
T300150,2025-11-20,C100277,,52.0,Male,New Delhi,Delhi,Salaried,77200.0,Mass Affluent,725.0,2,2,0,1012000.0,0.368,,,,,,,,,,,,,,,,,Debit,1461.64,UPI,Education,Successful
T300538,2025-11-20,C100655,L200279,35.0,Male,New Delhi,Delhi,Contract,74700.0,Mass,704.0,4,2,0,758000.0,0.322,Education,329291.8,36.0,10.56,Closed,2025-12-16,10712.11,2.0,6.0,0.0,0.0,287514.58,41295.17,0.0,168.33,18660.11,Debit,2663.94,Net Banking,,Successful
T300491,2025-11-20,C100536,L201842,41.0,Male,Mysuru,Karnataka,Salaried,73300.0,Affluent,674.0,4,4,1,362300.0,0.167,Auto,279641.67,60.0,12.46,Active,2025-10-18,6285.67,4.0,8.0,0.0,1.0,246956.17,32308.36,0.0,267.94,11580.8,Credit,3181.61,IMPS,Education,Successful
T301058,2025-11-20,C100211,L200582,42.0,Male,Mumbai,Maharashtra,Business Owner,112100.0,Mass Affluent,647.0,6,2,0,1128500.0,0.219,Home,1487779.56,120.0,9.86,Delinquent,2026-01-26,19545.96,8.0,4.0,1.0,1.0,1436960.07,50233.11,618.88,205.62,-63978.81,Credit,16253.34,UPI,Groceries,Successful
T300654,2025-11-20,C100400,,45.0,Male,Warangal,Telangana,Salaried,83900.0,Affluent,736.0,2,2,0,948300.0,0.279,,,,,,,,,,,,,,,,,Debit,293.68,Card,Restaurants,Successful
T300833,2025-11-20,C100511,L200472,23.0,Female,Chennai,Tamil Nadu,Salaried,65400.0,Mass,731.0,4,4,0,851500.0,0.333,Education,229047.45,60.0,11.04,Closed,2026-03-14,4984.62,3.0,3.0,0.0,0.0,219327.45,9607.85,0.0,339.64,-10248.72,Credit,,NEFT,Shopping,Successful
T301537,2025-11-21,C100189,L200193,44.0,Female,Chennai,Tamil Nadu,Business Owner,70800.0,Mass,653.0,6,2,1,500800.0,0.452,Education,92965.64,60.0,11.54,Active,2026-01-29,2046.42,8.0,5.0,0.0,0.0,86314.76,6574.14,0.0,211.85,2900.26,Credit,664.89,NEFT,Utilities,Successful
T301514,2025-11-21,C100447,L201345,44.0,Female,Hyderabad,Telangana,Retired,34600.0,Mass Affluent,700.0,4,4,0,210000.0,0.164,Business,355307.11,60.0,16.29,Active,2025-08-29,8695.22,2.0,10.0,0.0,1.0,298788.17,55866.8,0.0,54.62,30536.61,Debit,1266.22,UPI,Restaurants,Successful
T301642,2025-11-21,C100162,L201577,55.0,Male,Surat,Gujarat,Contract,64200.0,Mass Affluent,729.0,5,2,0,334300.0,0.174,Business,167349.63,48.0,16.09,Closed,2026-06-21,4750.45,7.0,1.0,0.0,0.0,164261.84,3052.17,0.0,62.21,-10417.97,Debit,668.43,UPI,Restaurants,Successful
T301298,2025-11-21,C100303,,51.0,Male,Chennai,Tamil Nadu,Self-employed,191600.0,Affluent,758.0,5,3,0,699900.0,0.287,,,,,,,,,,,,,,,,,Debit,9466.73,NEFT,Healthcare,Successful
T300085,2025-11-21,C100689,,30.0,Male,Mumbai,Maharashtra,Business Owner,99600.0,Affluent,693.0,4,2,0,744600.0,0.285,,,,,,,,,,,,,,,,,Debit,5391.29,IMPS,Utilities,Successful
T300584,2025-11-22,C100741,L200877,50.0,Male,New Delhi,Delhi,Salaried,37600.0,Affluent,753.0,2,2,0,117200.0,0.631,Consumer Durable,54662.94,18.0,18.9,Active,2025-12-28,3511.31,2.0,6.0,0.0,0.0,40968.84,13536.09,0.0,589.79,13841.79,Debit,6515.5,IMPS,Shopping,Successful
T302055,2025-11-22,C100257,,28.0,Male,Ahmedabad,Gujarat,Business Owner,158300.0,Affluent,734.0,7,2,1,1660300.0,0.47,,,,,,,,,,,,,,,,,Debit,4609.1,NEFT,Healthcare,Successful
T302186,2025-11-22,C100417,L201398,21.0,Male,Pune,Maharashtra,Salaried,,Mass,742.0,4,2,1,351600.0,0.049,Personal,213295.74,12.0,13.55,Active,2026-01-25,19106.08,4.0,5.0,0.0,1.0,151200.99,61378.27,0.0,337.8,51191.62,Credit,505.28,IMPS,Groceries,Successful
T300718,2025-11-23,C100065,L200989,49.0,Female,Rohini,Delhi,Self-employed,126400.0,Mass,727.0,7,3,0,985500.0,0.113,Education,653885.17,48.0,10.92,Delinquent,2025-08-30,16874.61,3.0,10.0,0.0,0.0,544200.2,108419.38,0.0,280.57,68861.58,Credit,1261.9,UPI,Healthcare,Successful
T301618,2025-11-23,C100787,,51.0,Male,Coimbatore,Tamil Nadu,Business Owner,,Mass,694.0,9,6,0,1421300.0,0.161,,,,,,,,,,,,,,,,,Debit,2234.36,NEFT,Education,Successful
T300429,2025-11-23,C100713,L201896,63.0,Female,Mangaluru,Karnataka,Business Owner,67500.0,Mass Affluent,728.0,4,4,1,916000.0,0.545,Consumer Durable,72594.83,12.0,18.49,Closed,2026-02-08,6672.43,6.0,4.0,0.0,0.0,55246.5,17148.16,0.0,18.39,10345.78,Debit,2814.76,IMPS,Education,Reversed
T302117,2025-11-23,C100216,L201170,29.0,Male,Madurai,Tamil Nadu,Business Owner,64600.0,Mass,725.0,4,4,0,311200.0,0.234,Personal,113445.26,12.0,15.46,Active,2025-10-26,10264.02,6.0,8.0,0.0,0.0,60072.36,52757.05,0.0,735.74,52213.38,Debit,904.48,NEFT,Groceries,Successful
T300745,2025-11-23,C100730,L202091,48.0,Female,Surat,Gujarat,Self-employed,91400.0,Mass,652.0,4,1,1,431100.0,0.324,Consumer Durable,125392.56,18.0,18.47,Active,2026-03-25,8028.89,19.0,1.0,2.0,3.0,120173.78,5158.56,699.0,417.14,-3600.72,Credit,953.5,NEFT,Travel,Successful
T301475,2025-11-23,C100573,L200259,25.0,Female,Dwarka,Delhi,Self-employed,121900.0,Mass,718.0,5,4,0,1030100.0,0.073,Personal,161199.74,24.0,15.3,Closed,2026-03-01,7839.03,8.0,4.0,0.0,0.0,140818.26,20146.31,0.0,735.98,10328.73,Debit,1665.27,IMPS,Education,Successful
T300717,2025-11-24,C100765,L201619,41.0,Male,Mysuru,Karnataka,Contract,18000.0,Affluent,663.0,3,3,0,250900.0,0.522,Education,61670.8,24.0,11.8,Active,2025-12-28,2897.3,23.0,5.0,1.0,1.0,52254.57,9307.58,388.53,772.8,6271.42,Debit,2335.72,UPI,Utilities,Failed
T302094,2025-11-24,C100492,L202116,49.0,Male,Hyderabad,Telangana,Self-employed,169200.0,Mass Affluent,616.0,6,2,1,2021500.0,0.569,Personal,92939.77,36.0,16.95,Closed,2026-05-25,3311.24,3.0,1.0,0.0,1.0,90787.46,2127.47,0.0,459.85,-2771.46,Credit,1149.61,NEFT,Restaurants,Successful
T301526,2025-11-24,C100351,L200594,47.0,Female,Dwarka,Delhi,Self-employed,71700.0,Mass,682.0,2,2,0,346200.0,0.305,Auto,493015.25,60.0,10.27,Active,2025-07-01,10540.73,15.0,11.0,1.0,2.0,417649.0,74496.64,565.85,742.38,42132.5,Debit,731.43,UPI,Groceries,Successful
T301272,2025-11-24,C100461,L200153,32.0,Male,New Delhi,Delhi,Self-employed,106900.0,Mass,793.0,7,3,1,864700.0,0.477,Auto,426185.08,36.0,7.95,Delinquent,2026-02-28,13345.26,9.0,4.0,0.0,0.0,391487.4,34297.33,0.0,253.9,4136.76,Credit,2363.89,Card,Utilities,Successful
T300544,2025-11-24,C100295,L201876,52.0,Male,Siliguri,West Bengal,Contract,79000.0,Mass Affluent,716.0,3,3,0,859200.0,0.778,Education,215590.0,36.0,9.11,Active,2025-11-01,6866.75,2.0,8.0,0.0,1.0,179882.92,35295.08,0.0,131.98,22826.76,Debit,1587.77,IMPS,Shopping,Successful
T300896,2025-11-24,C100546,L201446,26.0,Male,Siliguri,West Bengal,Salaried,45600.0,Mass Affluent,634.0,7,2,2,305900.0,0.098,Personal,83069.38,24.0,16.41,Delinquent,2025-12-20,4083.63,54.0,3.0,3.0,3.0,75106.31,7871.19,688.97,706.25,6534.66,Debit,3006.97,Net Banking,Healthcare,Successful
T300410,2025-11-25,C100372,L200417,51.0,Female,Ahmedabad,Gujarat,Salaried,66200.0,Affluent,707.0,6,2,0,787500.0,0.278,Home,875371.17,240.0,7.58,Closed,2025-11-27,7094.81,6.0,7.0,0.0,0.0,843089.77,31908.92,0.0,618.66,-36803.44,Debit,1171.13,Net Banking,Utilities,Successful
T300679,2025-11-25,C100642,L200933,54.0,Female,New Delhi,Delhi,Business Owner,230900.0,Mass,823.0,4,3,0,1227000.0,0.287,Personal,275587.06,18.0,11.95,Active,2026-03-03,16799.46,4.0,3.0,0.0,0.0,242828.11,32380.97,0.0,562.81,14742.53,Debit,930.62,Net Banking,Healthcare,Successful
T301863,2025-11-25,C100229,L201351,51.0,Female,Surat,Gujarat,Self-employed,51800.0,Affluent,589.0,4,2,1,434800.0,0.373,Education,171627.5,48.0,12.97,Delinquent,2026-03-19,4601.78,45.0,0.0,3.0,3.0,171627.5,0.0,1540.8,146.17,-12572.17,Debit,4177.19,UPI,Restaurants,Successful
T301728,2025-11-25,C100288,L200701,36.0,Female,Siliguri,West Bengal,Salaried,68000.0,Affluent,719.0,3,3,0,298200.0,0.24,Business,355117.87,24.0,16.16,Active,2025-07-12,17414.84,13.0,10.0,1.0,1.0,241921.43,111890.32,711.35,437.45,89094.03,Debit,3048.96,UPI,Restaurants,Successful
T301198,2025-11-25,C100442,L201818,37.0,Male,Howrah,West Bengal,Salaried,119200.0,Mass,787.0,10,3,1,525600.0,0.096,Auto,502851.73,48.0,8.92,Active,2025-07-24,12494.39,21.0,10.0,1.0,1.0,421638.17,80276.48,576.69,371.7,48703.28,Credit,226.04,IMPS,Groceries,Successful
T300151,2025-11-25,C100624,L200922,32.0,Female,Bengaluru,Karnataka,Salaried,83100.0,Mass,736.0,3,3,0,722800.0,0.313,Personal,255249.0,36.0,14.08,Active,2026-02-08,8733.73,5.0,4.0,0.0,0.0,232541.31,22445.68,0.0,258.36,523.04,Debit,4362.02,Net Banking,Healthcare,Successful
T302192,2025-11-26,C100577,L200053,46.0,Female,New Delhi,Delhi,Contract,53200.0,Mass Affluent,688.0,7,2,0,724800.0,0.085,Business,439176.12,60.0,16.79,Delinquent,2025-07-28,10865.13,8.0,11.0,0.0,0.0,361490.45,76789.3,0.0,721.19,49018.05,Credit,1309.79,Net Banking,Healthcare,Successful
T301357,2025-11-26,C100576,L200221,47.0,Male,Mangaluru,Karnataka,Self-employed,149300.0,Mass,662.0,6,2,1,1598900.0,0.346,Personal,211997.94,12.0,16.09,Delinquent,2025-12-06,19243.79,1.0,6.0,0.0,0.0,136947.18,74184.79,0.0,883.72,61237.52,Debit,2970.1,Net Banking,Healthcare,Failed
T300445,2025-11-26,C100051,L201668,34.0,Female,Chennai,Tamil Nadu,Salaried,50200.0,Mass,717.0,5,4,0,428100.0,0.463,Home,707460.36,180.0,9.25,Active,2026-06-20,7281.13,1.0,1.0,0.0,1.0,702727.63,4678.12,0.0,534.95,-51495.41,Credit,1918.98,Card,Shopping,Successful
T300062,2025-11-26,C100599,L200395,45.0,Male,Nagpur,Maharashtra,Retired,30300.0,Mass Affluent,702.0,4,4,0,374600.0,0.181,Personal,26532.24,12.0,16.0,Delinquent,2025-11-04,2407.29,12.0,6.0,1.0,1.0,17143.8,9280.11,210.96,796.45,5261.71,Credit,,UPI,Travel,Successful
T300104,2025-11-27,C100375,L200308,32.0,Male,Kolkata,West Bengal,Salaried,43000.0,Mass Affluent,,5,1,0,206800.0,0.087,Business,322313.39,12.0,17.79,Active,2025-12-24,29517.49,1.0,6.0,0.0,1.0,207195.19,113789.91,0.0,382.88,101505.95,Debit,2317.37,IMPS,Shopping,Failed
T301215,2025-11-27,C100472,L201346,41.0,Female,Nagpur,Maharashtra,Salaried,49000.0,Mass,741.0,8,4,0,157700.0,0.184,Consumer Durable,54776.98,6.0,17.82,Closed,2025-12-17,9609.83,2.0,6.0,0.0,0.0,17298.64,37045.9,0.0,142.73,36379.53,Credit,2947.31,IMPS,Restaurants,Successful
T302012,2025-11-27,C100026,L201161,21.0,Female,Ahmedabad,Gujarat,Salaried,29400.0,Mass,719.0,5,5,0,280900.0,0.204,Business,199587.0,60.0,16.0,Closed,2026-03-02,4853.57,5.0,4.0,0.0,0.0,186967.72,12473.67,0.0,581.08,-2674.16,Debit,3442.69,NEFT,Education,Successful
T300210,2025-11-27,C100098,L201891,33.0,Female,Kolkata,West Bengal,Salaried,35400.0,Mass,671.0,1,1,0,426700.0,0.216,Consumer Durable,27210.72,12.0,20.28,Closed,2025-12-01,2524.3,5.0,7.0,0.0,0.0,15725.16,11353.04,0.0,989.81,11488.41,Debit,765.33,Net Banking,Education,Successful
T300658,2025-11-27,C100600,L200188,50.0,Female,Nagpur,Maharashtra,Self-employed,143600.0,Mass,679.0,4,3,0,1843500.0,0.292,Home,936328.34,180.0,7.81,Active,2025-11-14,8845.64,1.0,7.0,0.0,1.0,896080.67,39783.27,0.0,127.94,-29130.72,Credit,610.54,Net Banking,Utilities,Successful
T301603,2025-11-28,C100280,L200318,38.0,Female,Vadodara,Gujarat,Contract,68600.0,Mass,754.0,5,2,0,428100.0,0.173,Business,313091.02,48.0,15.19,Delinquent,2025-12-16,8743.74,19.0,4.0,2.0,2.0,290357.29,22471.42,1189.37,372.76,849.12,Debit,5936.96,UPI,Utilities,Successful
T300330,2025-11-28,C100179,L200137,49.0,Female,Howrah,West Bengal,Contract,35400.0,Mass Affluent,684.0,6,1,1,145300.0,0.323,Home,349812.47,180.0,7.43,Closed,2026-05-31,3228.91,3.0,1.0,0.0,0.0,347713.68,2074.57,0.0,304.13,-23417.9,Credit,1343.79,Card,Utilities,Successful
T300207,2025-11-28,C100511,L200472,23.0,Female,Chennai,Tamil Nadu,Salaried,65400.0,Mass,731.0,4,4,0,851500.0,0.333,Education,229047.45,60.0,11.04,Closed,2026-03-14,4984.62,3.0,3.0,0.0,0.0,219327.45,9607.85,0.0,339.64,-10248.72,Debit,4177.85,IMPS,Utilities,Successful
T300529,2025-11-28,C100008,L201809,41.0,Female,Surat,Gujarat,Business Owner,102100.0,Mass,766.0,5,2,0,597100.0,0.111,Home,685494.22,300.0,7.88,Closed,2025-09-16,5236.38,8.0,9.0,0.0,0.0,654861.4,30279.36,0.0,124.88,-20346.42,Debit,3484.06,NEFT,Education,Successful
T300089,2025-11-29,C100410,L201703,47.0,Male,Hyderabad,Telangana,Retired,29000.0,Mass,796.0,4,1,0,290500.0,0.077,Consumer Durable,20632.04,9.0,16.29,Closed,2026-05-01,2450.85,2.0,2.0,0.0,0.0,17445.94,3149.34,0.0,84.07,3255.01,Debit,801.78,UPI,Restaurants,Successful
T300948,2025-11-29,C100738,L202097,29.0,Male,Dwarka,Delhi,Salaried,54000.0,Affluent,629.0,4,1,0,717200.0,0.345,Home,618605.5,300.0,9.98,Default,2025-07-22,5612.55,48.0,7.0,4.0,4.0,692838.16,80115.84,1696.12,306514.81,52670.25,Debit,2717.6,IMPS,Restaurants,Successful
T301486,2025-11-29,C100444,L202109,33.0,Female,Dwarka,Delhi,Salaried,79500.0,Mass,664.0,6,3,0,785500.0,0.422,Personal,177886.18,24.0,15.39,Delinquent,2025-12-25,8658.1,5.0,6.0,0.0,0.0,144119.58,33376.98,0.0,223.74,23928.91,Credit,988.08,UPI,Restaurants,Reversed
T300478,2025-11-29,C100597,L201088,54.0,Male,Nizamabad,Telangana,Business Owner,54300.0,Mass Affluent,558.0,4,3,1,476900.0,0.296,Home,704948.89,180.0,12.08,Written Off,2025-07-08,8496.89,70.0,7.0,4.0,4.0,789542.76,106004.84,892.19,427290.32,-279405.29,Debit,8491.22,Card,Travel,Successful
T301909,2025-11-30,C100398,L200762,33.0,Male,New Delhi,Delhi,Salaried,104200.0,Mass Affluent,601.0,5,2,1,607900.0,0.62,Business,951562.32,24.0,19.23,Delinquent,2025-08-12,48073.34,133.0,4.0,6.0,6.0,826571.63,123548.49,1169.47,176.55,61367.08,Debit,5221.64,Card,Utilities,Successful
T300182,2025-11-30,C100162,L201577,55.0,Male,Surat,Gujarat,Contract,64200.0,Mass Affluent,729.0,5,2,0,334300.0,0.174,Business,167349.63,48.0,16.09,Closed,2026-06-21,4750.45,7.0,1.0,0.0,0.0,164261.84,3052.17,0.0,62.21,-10417.97,Debit,2470.61,Net Banking,Restaurants,Successful
T301585,2025-11-30,C100539,L200464,34.0,Female,Nizamabad,Telangana,Salaried,211900.0,Affluent,767.0,4,3,1,2816800.0,0.251,Consumer Durable,103357.03,6.0,15.89,Closed,2026-02-14,18033.28,5.0,4.0,0.0,0.0,56470.49,46345.54,0.0,402.33,42921.3,Credit,11367.32,Net Banking,Restaurants,Successful
T300893,2025-11-30,C100070,L201327,21.0,Male,Kolkata,West Bengal,Salaried,102000.0,Mass,722.0,6,5,1,460800.0,0.497,Home,402770.99,120.0,7.6,Active,2025-10-05,4802.01,2.0,8.0,0.0,0.0,377800.54,24682.33,0.0,669.01,-7498.15,Debit,783.68,Net Banking,Travel,Successful
T300626,2025-11-30,C100537,L200912,43.0,Male,Chennai,Tamil Nadu,Self-employed,46400.0,Mass,788.0,7,2,1,238900.0,0.193,Auto,181299.26,60.0,8.79,Delinquent,2026-05-26,3745.02,1.0,1.0,0.0,0.0,178864.99,2406.18,0.0,643.84,-8841.72,Debit,3940.51,IMPS,Groceries,Successful
T300758,2025-11-30,C100781,L200271,45.0,Male,Rohini,Delhi,Salaried,40400.0,Affluent,690.0,8,1,0,383400.0,0.315,Business,195215.94,60.0,15.97,Active,2025-11-29,4744.16,7.0,7.0,0.0,0.0,173630.01,21336.87,0.0,29.92,4304.73,Credit,2265.42,Card,Travel,Successful
T300943,2025-12-01,C100587,L201013,21.0,Male,Bengaluru,Karnataka,Salaried,52200.0,Mass Affluent,661.0,5,5,0,701700.0,0.246,Personal,61172.01,12.0,16.06,Closed,2025-08-25,5551.93,30.0,9.0,1.0,1.0,28693.24,32104.01,258.15,338.41,28544.88,Credit,10476.78,UPI,Groceries,Successful
T301450,2025-12-01,C100614,L200902,31.0,Male,Dwarka,Delhi,Retired,54800.0,SME,694.0,7,2,0,460900.0,0.128,Auto,188491.42,72.0,11.02,Closed,2025-11-09,3589.69,4.0,7.0,0.0,0.0,172158.32,16144.64,0.0,793.18,2747.95,Debit,1086.43,IMPS,Healthcare,Successful
T300099,2025-12-01,C100440,L202130,34.0,Male,Hyderabad,Telangana,Self-employed,62500.0,Mass,790.0,8,5,0,415300.0,0.261,Personal,118875.03,24.0,14.14,Active,2026-05-31,5715.4,6.0,1.0,0.0,0.0,115160.02,3672.14,0.0,133.34,-7043.92,Credit,876.34,Net Banking,Shopping,Successful
T302028,2025-12-01,C100307,L200680,41.0,Female,Vadodara,Gujarat,Salaried,72300.0,Mass,617.0,3,3,1,1001900.0,0.286,Personal,149225.98,18.0,16.85,Closed,2026-04-30,9439.87,6.0,2.0,0.0,1.0,136954.14,12130.24,0.0,55.82,3164.81,Credit,4532.08,UPI,Education,Successful
T300421,2025-12-01,C100421,L200699,48.0,Male,Siliguri,West Bengal,Self-employed,110900.0,Mass,633.0,4,3,1,1388900.0,0.172,Personal,164851.55,18.0,16.96,Active,2025-07-24,10436.93,0.0,11.0,0.0,0.0,90227.47,73763.03,0.0,9.63,68247.83,Debit,6018.78,UPI,Utilities,Successful
T301913,2025-12-01,C100076,L201853,49.0,Male,Kolkata,West Bengal,Salaried,49800.0,Affluent,648.0,7,2,0,609400.0,0.251,Education,120058.2,24.0,11.92,Closed,2025-12-10,5647.07,9.0,6.0,0.0,2.0,98034.62,21769.46,0.0,683.84,12672.86,Debit,1870.78,Net Banking,Restaurants,Successful
T300512,2025-12-01,C100519,L200223,39.0,Male,Nizamabad,Telangana,Salaried,29800.0,Affluent,823.0,8,2,0,213400.0,0.592,Personal,47051.26,36.0,12.1,Active,2026-03-03,1565.02,4.0,3.0,0.0,0.0,43999.46,3016.58,0.0,338.35,-1050.21,Debit,4059.08,UPI,Shopping,Successful
T300606,2025-12-01,C100537,L200912,43.0,Male,Chennai,Tamil Nadu,Self-employed,46400.0,Mass,788.0,7,2,1,238900.0,0.193,Auto,181299.26,60.0,8.79,Delinquent,2026-05-26,3745.02,1.0,1.0,0.0,0.0,178864.99,2406.18,0.0,643.84,-8841.72,Debit,1662.27,Net Banking,Healthcare,Successful
T301211,2025-12-01,C100150,L201151,50.0,Male,Surat,Gujarat,Salaried,69600.0,Mass,692.0,3,2,0,748400.0,0.409,Business,602205.72,48.0,16.66,Active,2026-06-29,17270.92,1.0,1.0,0.0,0.0,590979.62,11096.57,0.0,294.4,-36257.82,Credit,3419.74,NEFT,Groceries,Successful
T301289,2025-12-02,C100243,L200790,43.0,Female,Rohini,Delhi,Salaried,45400.0,Mass Affluent,730.0,11,2,0,414900.0,0.092,Home,546379.28,180.0,7.78,Active,2026-05-31,5152.33,8.0,1.0,0.0,0.0,543030.27,3310.37,0.0,830.17,-39178.4,Debit,144.61,UPI,Utilities,Successful
T301766,2025-12-02,C100341,L200548,25.0,Female,Ahmedabad,Gujarat,Salaried,37700.0,Mass,681.0,5,2,0,184500.0,0.233,Auto,113405.79,48.0,9.94,Active,2025-07-21,2873.0,19.0,10.0,1.0,1.0,94731.31,18459.01,678.22,952.97,10843.17,Debit,1857.75,NEFT,Education,Successful
T301699,2025-12-02,C100113,L200260,36.0,Female,Kolkata,West Bengal,Salaried,75400.0,Affluent,676.0,4,4,0,771900.0,0.139,Home,954520.67,240.0,8.33,Written Off,2026-02-17,8181.14,6.0,4.0,0.0,1.0,1069063.15,95722.91,0.0,233680.77,-472584.0,Debit,8585.56,Card,Healthcare,Successful
T301688,2025-12-02,C100106,,39.0,Female,Mysuru,Karnataka,Business Owner,134100.0,Mass Affluent,743.0,5,3,0,1382900.0,0.445,,,,,,,,,,,,,,,,,Debit,5542.29,Net Banking,Restaurants,Successful
T300730,2025-12-03,C100686,L200453,43.0,Male,Madurai,Tamil Nadu,Salaried,73800.0,Mass,644.0,5,5,0,428200.0,0.152,Auto,231993.73,48.0,11.92,Active,2026-02-20,6100.18,8.0,4.0,0.0,0.0,216133.27,15677.45,0.0,373.51,974.55,Debit,467.43,NEFT,Restaurants,Successful
T300324,2025-12-03,C100266,L201783,31.0,Female,Vadodara,Gujarat,Salaried,66900.0,SME,781.0,4,2,1,440700.0,0.191,Auto,163975.97,48.0,8.2,Closed,2026-03-08,4018.54,0.0,3.0,0.0,0.0,156139.81,7745.74,0.0,88.12,-3060.63,Debit,7769.55,Net Banking,Groceries,Successful
T300697,2025-12-03,C100661,,62.0,Female,Rohini,Delhi,Salaried,73300.0,Affluent,,6,5,0,1024400.0,0.342,,,,,,,,,,,,,,,,,Credit,3080.45,IMPS,Education,Successful
T300900,2025-12-03,C100094,L201305,45.0,Male,Coimbatore,Tamil Nadu,Salaried,73000.0,Mass,631.0,5,1,0,361400.0,0.285,Business,671241.89,24.0,18.67,Active,2026-05-09,33728.85,8.0,1.0,0.0,1.0,649318.14,21670.79,0.0,72.29,-29715.42,Debit,1489.46,UPI,Groceries,Failed
T300187,2025-12-03,C100539,L200464,34.0,Female,Nizamabad,Telangana,Salaried,211900.0,Affluent,767.0,4,3,1,2816800.0,0.251,Consumer Durable,103357.03,6.0,15.89,Closed,2026-02-14,18033.28,5.0,4.0,0.0,0.0,56470.49,46345.54,0.0,402.33,42921.3,Debit,6253.72,UPI,Healthcare,Successful
T300165,2025-12-03,C100159,,47.0,Male,Bengaluru,Karnataka,Business Owner,73000.0,Mass Affluent,781.0,4,3,0,489100.0,0.165,,,,,,,,,,,,,,,,,Debit,800.6,Net Banking,Utilities,Successful
T302091,2025-12-04,C100652,L201389,45.0,Female,Nagpur,Maharashtra,Contract,34300.0,Mass Affluent,698.0,4,3,0,422100.0,0.184,Home,362684.34,240.0,8.45,Active,2026-04-18,3135.99,2.0,2.0,0.0,0.0,358607.55,4029.75,0.0,696.17,-24438.05,Debit,744.75,Net Banking,Education,Failed
T300444,2025-12-04,C100207,L201669,21.0,Female,Madurai,Tamil Nadu,Salaried,49100.0,SME,727.0,5,4,0,417700.0,0.619,Consumer Durable,40474.88,18.0,16.6,Closed,2025-08-01,2555.6,9.0,11.0,0.0,1.0,22202.34,18061.7,0.0,341.69,15036.97,Debit,2878.79,Net Banking,Restaurants,Successful
T301507,2025-12-05,C100290,L201480,32.0,Male,Hyderabad,Telangana,Salaried,154600.0,Mass Affluent,764.0,3,3,0,1767600.0,0.149,Home,2391470.15,300.0,7.0,Active,2026-01-07,16902.41,7.0,5.0,0.0,0.0,2336537.31,54299.0,0.0,558.14,-133182.9,Debit,3887.87,Card,Travel,Successful
T301178,2025-12-05,C100128,L200900,40.0,Male,Bengaluru,Karnataka,Salaried,25200.0,Affluent,671.0,2,2,0,87600.0,0.551,Business,139963.25,48.0,16.77,Active,2025-10-29,4022.01,2.0,8.0,0.0,0.0,119048.8,20673.13,0.0,444.97,8313.47,Debit,2108.62,NEFT,Travel,Successful
T301143,2025-12-05,C100430,L200738,28.0,Male,Vadodara,Gujarat,Business Owner,63000.0,Mass,640.0,1,1,0,802200.0,0.187,Auto,270156.65,72.0,11.47,Closed,2026-06-01,5207.45,7.0,1.0,0.0,0.0,266771.81,3345.79,0.0,749.83,-16381.74,Credit,4694.77,UPI,Restaurants,Failed
T300741,2025-12-05,C100240,L201631,44.0,Male,Ahmedabad,Gujarat,,51700.0,Mass,811.0,8,4,0,664800.0,0.498,Auto,352788.16,36.0,8.58,Active,2026-05-18,11149.74,7.0,1.0,0.0,0.0,345540.83,7163.71,0.0,129.06,-19338.62,Debit,6743.16,UPI,Travel,Successful
T301109,2025-12-05,C100322,L201530,52.0,Male,Coimbatore,Tamil Nadu,Self-employed,69800.0,Mass,646.0,4,2,0,644100.0,0.321,Auto,291215.68,60.0,11.72,Active,2025-07-30,6436.8,5.0,11.0,0.0,1.0,245192.54,45492.1,0.0,348.38,25937.3,Debit,2603.18,NEFT,Restaurants,Successful
T300845,2025-12-05,C100059,L202013,21.0,Female,New Delhi,Delhi,Salaried,102900.0,Mass,678.0,4,2,0,955400.0,0.144,Personal,271788.52,36.0,16.59,Active,2026-04-10,9634.63,5.0,2.0,0.0,0.0,259263.5,12380.51,0.0,914.96,-7121.13,Credit,587.87,UPI,Restaurants,Successful
T300133,2025-12-06,C100336,L200656,39.0,Female,Pune,Maharashtra,Self-employed,130100.0,Mass,810.0,10,2,0,1422400.0,0.354,Personal,199268.83,36.0,12.92,Active,2026-05-14,6706.48,8.0,1.0,0.0,0.0,194909.62,4308.91,0.0,815.67,-9728.94,Debit,8858.02,UPI,Healthcare,Successful
T301761,2025-12-06,C100410,L201703,47.0,Male,Hyderabad,Telangana,Retired,29000.0,Mass,796.0,4,1,0,290500.0,0.077,Consumer Durable,20632.04,9.0,16.29,Closed,2026-05-01,2450.85,2.0,2.0,0.0,0.0,17445.94,3149.34,0.0,84.07,3255.01,Debit,2016.28,UPI,Education,Successful
T300761,2025-12-06,C100467,L200014,23.0,Female,Nizamabad,Telangana,Self-employed,136800.0,Mass,794.0,5,1,2,1225700.0,0.209,Personal,154021.1,24.0,14.77,Closed,2026-06-20,7451.15,0.0,1.0,0.0,0.0,149177.85,4787.36,0.0,68.58,-9421.67,Debit,2334.48,IMPS,Shopping,Successful
T302100,2025-12-06,C100101,L201572,33.0,Female,Hyderabad,Telangana,Contract,80500.0,Mass Affluent,758.0,3,2,1,1028000.0,0.516,Auto,261500.03,36.0,9.25,Delinquent,2025-12-19,8346.09,11.0,5.0,1.0,1.0,234375.23,26811.82,714.24,748.19,10282.19,Debit,3223.53,NEFT,Travel,Successful
T300883,2025-12-07,C100653,L202073,58.0,Male,Mumbai,Maharashtra,Self-employed,72400.0,Affluent,698.0,5,2,1,669400.0,0.148,Consumer Durable,67956.29,18.0,18.69,Active,2025-09-08,4358.39,29.0,8.0,1.0,1.0,45292.67,22402.12,231.32,381.04,15786.38,Debit,3962.85,UPI,,Successful
T301408,2025-12-07,C100475,L202028,38.0,Male,Nizamabad,Telangana,Salaried,63200.0,Mass,654.0,4,2,0,467900.0,0.111,Home,651590.78,240.0,10.21,Delinquent,2026-04-23,6378.92,5.0,2.0,0.0,0.0,643298.19,8196.91,0.0,375.0,-39364.94,Debit,4492.0,IMPS,Groceries,Successful
T301884,2025-12-07,C100029,L201143,38.0,Male,Vadodara,Gujarat,Salaried,86200.0,Affluent,750.0,4,4,0,424900.0,0.064,Personal,95648.89,18.0,14.41,Active,2025-08-23,5940.51,2.0,10.0,0.0,0.0,57035.57,38167.78,0.0,567.86,32097.64,Debit,2363.33,UPI,Restaurants,Successful
T300382,2025-12-07,C100099,L202166,46.0,Female,Rohini,Delhi,Salaried,96200.0,Mass,702.0,7,2,0,1142200.0,0.403,Education,319233.86,48.0,9.8,Closed,2026-05-12,8065.97,3.0,1.0,0.0,0.0,313990.98,5182.38,0.0,101.66,-15156.0,Debit,2712.53,UPI,Utilities,Successful
T300638,2025-12-07,C100694,L200778,33.0,Female,Mangaluru,Karnataka,Salaried,149500.0,Affluent,728.0,5,3,0,1756400.0,0.611,Home,1592155.69,120.0,7.68,Closed,2026-03-01,19049.08,1.0,4.0,0.0,0.0,1542628.08,48956.14,0.0,275.54,-76865.69,Credit,1565.44,UPI,Travel,Failed
T300791,2025-12-07,C100272,L201066,31.0,Male,Surat,Gujarat,Salaried,61700.0,Mass Affluent,736.0,5,1,0,749800.0,0.124,Auto,483709.56,72.0,9.38,Active,2026-03-04,8810.63,2.0,3.0,0.0,1.0,466528.83,16982.49,0.0,876.7,-18950.48,Credit,4100.53,UPI,,Successful
T300779,2025-12-07,C100662,L201368,34.0,Male,Warangal,Telangana,Contract,41800.0,Mass Affluent,805.0,2,2,0,441200.0,0.42,Personal,70292.13,24.0,13.01,Closed,2026-06-22,3342.15,2.0,1.0,0.0,0.0,68119.74,2147.33,0.0,698.75,628.81,Debit,37748.58,UPI,Healthcare,Successful
T301963,2025-12-08,C100797,L201646,46.0,Male,Pune,Maharashtra,Salaried,117100.0,Mass,756.0,5,1,0,961500.0,0.496,Personal,208238.6,12.0,16.15,Active,2025-09-01,18908.45,0.0,10.0,0.0,1.0,85333.67,121486.8,0.0,119.26,112872.25,Credit,436.78,UPI,Groceries,Successful
T300888,2025-12-08,C100192,L201430,42.0,Male,Dwarka,Delhi,Salaried,91700.0,Affluent,850.0,3,3,0,553800.0,0.545,Business,308883.08,24.0,12.54,Active,2026-04-23,14618.21,2.0,2.0,0.0,1.0,289879.4,18784.41,0.0,691.73,-1015.52,Debit,12083.29,UPI,Groceries,Successful
T301032,2025-12-08,C100054,L200036,31.0,Male,Madurai,Tamil Nadu,Self-employed,131500.0,Affluent,842.0,9,6,0,1417100.0,0.397,Education,268731.32,24.0,7.82,Active,2026-03-01,12131.94,6.0,4.0,0.0,0.0,237188.28,31179.09,0.0,379.86,15216.75,Debit,595.48,UPI,Groceries,Successful
T300637,2025-12-08,C100329,L201191,21.0,Male,Bengaluru,Karnataka,Self-employed,133500.0,Mass Affluent,710.0,6,3,2,951900.0,0.178,Auto,378675.38,60.0,10.52,Default,2025-08-19,8142.96,22.0,8.0,2.0,3.0,424116.43,90136.28,932.02,103797.77,68821.74,Credit,4352.42,IMPS,Travel,Successful
T301159,2025-12-08,C100309,L200353,36.0,Male,Nagpur,Maharashtra,Salaried,58700.0,SME,784.0,5,2,0,354200.0,0.194,Auto,391777.18,36.0,8.77,Active,2026-01-10,12416.51,2.0,5.0,0.0,0.0,351423.51,39888.05,0.0,166.38,10282.9,Credit,4340.17,IMPS,Groceries,Successful
T302185,2025-12-09,C100158,L200122,42.0,Male,Kolkata,West Bengal,Self-employed,109800.0,Mass Affluent,782.0,5,5,2,828400.0,0.17,Personal,194601.15,36.0,13.22,Active,2025-09-30,6577.52,17.0,7.0,2.0,2.0,164673.43,29582.4,1149.93,975.71,15381.66,Credit,4175.03,NEFT,Shopping,Successful
T300688,2025-12-09,C100683,,26.0,Male,Nizamabad,Telangana,Salaried,60000.0,Mass Affluent,663.0,2,2,0,613400.0,0.194,,,,,,,,,,,,,,,,,Debit,15030.62,UPI,Education,Successful
T301333,2025-12-09,C100348,L201429,39.0,Male,Kolkata,West Bengal,Salaried,105600.0,Affluent,682.0,7,6,1,954300.0,0.153,Home,1034006.21,120.0,9.99,Active,2025-08-04,13658.74,7.0,11.0,0.0,0.0,936346.2,96533.17,0.0,488.56,24198.3,Debit,10870.42,Card,Shopping,Successful
T300789,2025-12-09,C100109,L200008,21.0,Female,Pune,Maharashtra,Salaried,43800.0,Mass,738.0,5,4,1,537000.0,0.243,Personal,92104.5,36.0,14.28,Closed,2025-09-19,3160.45,6.0,9.0,0.0,0.0,73615.85,18275.32,0.0,494.45,17454.01,Debit,1174.54,UPI,Restaurants,Successful
T301299,2025-12-09,C100095,L201486,46.0,Female,Mangaluru,Karnataka,Salaried,80900.0,Affluent,657.0,2,2,0,368200.0,0.331,Auto,274876.7,36.0,12.5,Active,2026-04-10,9195.62,5.0,2.0,0.0,0.0,262922.39,11816.37,0.0,467.87,-9217.34,Debit,3946.78,IMPS,Restaurants,Successful
T301804,2025-12-09,C100676,,38.0,Female,Warangal,Telangana,Salaried,57900.0,Mass Affluent,725.0,5,5,1,496900.0,0.401,,,,,,,,,,,,,,,,,Credit,3627.93,UPI,Education,Successful
T300807,2025-12-09,C100391,L201231,29.0,Male,Mumbai,Maharashtra,Self-employed,86600.0,Mass Affluent,609.0,5,3,3,852500.0,0.483,Education,267488.03,60.0,11.69,Closed,2025-09-03,5908.31,17.0,8.0,2.0,2.0,236764.84,30368.69,704.33,824.1,10293.53,Debit,2187.99,UPI,Education,Successful
T300277,2025-12-09,C100220,L201197,43.0,Male,Bengaluru,Karnataka,Salaried,68800.0,Mass Affluent,732.0,6,1,0,962300.0,0.442,Consumer Durable,58120.78,6.0,17.6,Active,2025-12-02,10190.08,1.0,7.0,0.0,0.0,11755.89,45829.91,0.0,256.93,46777.58,Debit,2257.09,Net Banking,Shopping,Successful
T300192,2025-12-10,C100436,L202026,39.0,Female,Rohini,Delhi,Salaried,162200.0,Mass,710.0,3,3,0,1074400.0,0.574,Auto,982422.07,36.0,9.86,Closed,2026-05-07,31635.46,2.0,1.0,0.0,1.0,961859.02,20325.78,0.0,541.07,-56416.12,Debit,1577.6,NEFT,Restaurants,Successful
T301535,2025-12-10,C100401,L201086,,Female,Dwarka,Delhi,Salaried,46500.0,Mass Affluent,690.0,3,2,0,322500.0,0.185,Education,95466.37,24.0,11.5,Closed,2025-09-03,4471.67,9.0,10.0,0.0,0.0,66400.48,28730.51,0.0,795.75,23276.52,Debit,72750.13,NEFT,Travel,Successful
T302024,2025-12-10,C100014,L202009,43.0,Other,Howrah,West Bengal,Business Owner,155900.0,Mass Affluent,704.0,6,2,0,2037200.0,0.349,Consumer Durable,123514.25,9.0,18.29,Active,2026-06-08,14790.76,1.0,1.0,0.0,0.0,113900.26,9503.06,0.0,305.8,-2868.81,Credit,923.71,NEFT,Travel,Successful
T300063,2025-12-11,C100251,L200685,33.0,Male,Dwarka,Delhi,Self-employed,95700.0,Mass Affluent,674.0,7,1,0,1087000.0,0.09,Consumer Durable,117687.93,12.0,19.86,Closed,2025-08-01,10894.08,1.0,11.0,0.0,0.0,39795.26,76993.91,0.0,283.81,69370.54,Debit,561.18,UPI,Healthcare,Successful
T302164,2025-12-11,C100568,L200201,56.0,Female,Vadodara,Gujarat,Salaried,79400.0,Mass,695.0,3,2,1,1003600.0,0.369,Business,385629.88,36.0,16.52,Delinquent,2025-08-29,13656.81,42.0,8.0,2.0,2.0,314614.46,70196.01,339.78,393.5,43498.88,Debit,6785.06,Net Banking,Restaurants,Successful
T301758,2025-12-11,C100099,L202166,46.0,Female,Rohini,Delhi,Salaried,96200.0,Mass,702.0,7,2,0,1142200.0,0.403,Education,319233.86,48.0,9.8,Closed,2026-05-12,8065.97,3.0,1.0,0.0,0.0,313990.98,5182.38,0.0,101.66,-15156.0,Debit,14768.75,Net Banking,Groceries,Successful
T300592,2025-12-11,C100311,L200513,28.0,Male,Howrah,West Bengal,Salaried,68000.0,Mass,726.0,13,2,1,789100.0,0.29,Education,362647.02,24.0,10.13,Active,2026-01-10,16756.09,7.0,5.0,0.0,0.0,308189.73,53828.93,0.0,338.46,31450.64,Debit,55136.98,NEFT,Groceries,Successful
T301772,2025-12-12,C100066,L200470,52.0,Male,Warangal,Telangana,Self-employed,98700.0,Affluent,704.0,3,2,0,1364900.0,0.585,Education,268256.73,48.0,9.24,Active,2026-03-09,6706.19,4.0,3.0,0.0,0.0,255179.65,12926.19,0.0,455.92,-10771.05,Debit,1233.22,Net Banking,Healthcare,Successful
T301327,2025-12-12,C100329,L201191,21.0,Male,Bengaluru,Karnataka,Self-employed,133500.0,Mass Affluent,710.0,6,3,2,951900.0,0.178,Auto,378675.38,60.0,10.52,Default,2025-08-19,8142.96,22.0,8.0,2.0,3.0,424116.43,90136.28,932.02,103797.77,68821.74,Credit,6027.28,UPI,Travel,Successful
T301938,2025-12-12,C100187,L200741,29.0,Female,Ahmedabad,Gujarat,Salaried,58200.0,Mass,780.0,9,5,0,702600.0,0.267,Consumer Durable,60293.64,18.0,16.8,Delinquent,2025-11-25,3812.68,4.0,7.0,0.0,0.0,42945.94,17147.53,0.0,849.71,10496.94,Credit,1811.56,UPI,Travel,Successful
T301520,2025-12-12,C100110,L200714,21.0,Other,Kolkata,West Bengal,Contract,41200.0,Mass,701.0,2,2,0,567000.0,0.32,Business,219893.0,48.0,16.84,Closed,2026-04-10,6326.83,2.0,2.0,0.0,1.0,211668.12,8129.98,0.0,872.01,-11606.25,Debit,2473.45,NEFT,Restaurants,Successful
T301352,2025-12-12,C100135,L201684,37.0,Male,Nagpur,Maharashtra,Self-employed,57300.0,Affluent,758.0,1,1,1,440300.0,0.442,Personal,108315.08,18.0,14.1,Active,2026-03-24,6711.42,3.0,3.0,0.0,1.0,95227.8,12936.27,0.0,148.5,3178.59,Debit,381.16,Net Banking,Shopping,Successful
T300680,2025-12-12,C100140,L200327,38.0,Female,Howrah,West Bengal,Salaried,40900.0,Mass,739.0,5,5,0,208300.0,0.491,Business,252173.38,24.0,14.8,Active,2025-10-23,12203.09,1.0,8.0,0.0,0.0,188717.29,62723.9,0.0,912.12,45872.25,Credit,2296.26,IMPS,Shopping,Successful
T301118,2025-12-13,C100683,,26.0,Male,Nizamabad,Telangana,Salaried,60000.0,Mass Affluent,663.0,2,2,0,613400.0,0.194,,,,,,,,,,,,,,,,,Debit,2125.01,NEFT,Healthcare,Successful
T302119,2025-12-13,C100385,L200756,38.0,Female,Surat,Gujarat,Salaried,80400.0,Mass,740.0,5,4,0,680600.0,0.46,Consumer Durable,106432.48,12.0,16.62,Closed,2026-03-01,9687.96,5.0,4.0,0.0,0.0,81243.77,24898.07,0.0,319.79,19478.11,Debit,1304.79,Net Banking,Shopping,Successful
T301915,2025-12-13,C100610,L200078,58.0,Male,Warangal,Telangana,Salaried,29100.0,Mass Affluent,625.0,4,4,0,406800.0,0.305,Personal,41681.96,24.0,16.54,Active,2025-11-01,2051.65,6.0,8.0,0.0,0.0,31013.38,10545.48,0.0,169.82,5972.19,Credit,536.62,UPI,Utilities,Successful
T301346,2025-12-13,C100726,L200665,29.0,Female,Warangal,Telangana,Salaried,77900.0,Mass,781.0,3,3,0,821900.0,0.208,Business,554852.24,36.0,15.65,Delinquent,2026-02-07,19411.22,27.0,3.0,1.0,2.0,517000.36,37415.12,637.15,729.69,-1358.46,Debit,5603.67,UPI,Travel,Successful
T302050,2025-12-13,C100361,L201902,37.0,Male,Mumbai,Maharashtra,Contract,60400.0,Mass,722.0,2,2,0,288900.0,0.089,Personal,62378.79,24.0,13.51,Active,2026-02-11,2980.57,4.0,4.0,0.0,0.0,54629.32,7660.06,0.0,783.63,2577.42,Debit,3456.89,IMPS,Shopping,Successful
T301494,2025-12-13,C100334,L200310,31.0,Female,Siliguri,West Bengal,Contract,86500.0,Affluent,690.0,6,5,1,363700.0,0.47,Business,793645.17,60.0,16.93,Closed,2026-03-10,19694.27,9.0,3.0,0.0,0.0,755241.35,37960.7,0.0,716.24,-22541.2,Debit,3239.98,NEFT,Shopping,Successful
T301353,2025-12-13,C100546,L201446,26.0,Male,Siliguri,West Bengal,Salaried,45600.0,Mass Affluent,634.0,7,2,2,305900.0,0.098,Personal,83069.38,24.0,16.41,Delinquent,2025-12-20,4083.63,54.0,3.0,3.0,3.0,75106.31,7871.19,688.97,706.25,6534.66,Credit,2096.16,Net Banking,Shopping,Failed
T301995,2025-12-13,C100396,L200350,50.0,Male,Coimbatore,Tamil Nadu,Salaried,48500.0,Mass,717.0,3,2,0,258300.0,0.526,Business,401289.48,60.0,16.55,Active,2025-07-09,9876.24,26.0,10.0,1.0,2.0,337093.93,63454.83,662.2,5.95,38211.26,Debit,2469.38,UPI,Groceries,Successful
T301842,2025-12-13,C100024,L200589,54.0,Male,Ahmedabad,Gujarat,Contract,48900.0,Mass Affluent,785.0,4,4,0,161900.0,0.507,Consumer Durable,38687.18,9.0,16.33,Active,2026-05-07,4596.33,5.0,1.0,0.0,0.0,35699.57,2953.14,0.0,566.68,-784.91,Credit,597.65,UPI,Restaurants,Successful
T301881,2025-12-13,C100020,L200345,46.0,Male,Rohini,Delhi,Self-employed,46900.0,Mass,645.0,3,2,1,616800.0,0.453,Business,258772.54,12.0,16.72,Active,2026-03-09,23566.91,6.0,3.0,0.0,0.0,212817.06,45425.23,0.0,301.86,34913.99,Credit,5731.74,UPI,Healthcare,Successful
T302039,2025-12-14,C100715,L200042,35.0,Female,Ahmedabad,Gujarat,Business Owner,53100.0,Affluent,835.0,4,2,2,192600.0,0.27,Personal,117148.03,18.0,11.22,Active,2025-10-23,7101.55,0.0,8.0,0.0,0.0,80219.95,36501.98,0.0,984.43,30314.17,Debit,3012.75,UPI,Travel,Successful
T301175,2025-12-14,C100274,L200372,40.0,Male,Kolkata,West Bengal,Self-employed,51500.0,SME,640.0,8,5,2,250000.0,0.341,Auto,113879.59,72.0,11.49,Active,2025-11-23,2196.28,4.0,7.0,0.0,1.0,103886.51,9877.77,0.0,151.75,5120.73,Debit,1840.84,UPI,Healthcare,Successful
T301496,2025-12-15,C100260,L201615,25.0,Male,Chennai,Tamil Nadu,Self-employed,78600.0,Mass Affluent,696.0,4,4,0,1088900.0,0.129,Education,202480.54,60.0,11.53,Active,2025-07-15,4456.13,1.0,11.0,0.0,1.0,170619.25,31493.66,0.0,532.95,18828.47,Debit,10679.21,IMPS,Healthcare,Successful
T300289,2025-12-15,C100383,L201272,55.0,Male,Mysuru,Karnataka,Business Owner,207100.0,Mass,815.0,5,5,1,2657100.0,0.371,Business,1550423.07,36.0,14.52,Active,2025-09-22,53382.2,2.0,9.0,0.0,0.0,1238137.19,308682.58,0.0,148.22,211089.47,Debit,7111.66,Net Banking,Healthcare,Successful
T301476,2025-12-15,C100744,L200402,30.0,Male,Kolkata,West Bengal,Salaried,40400.0,Mass,664.0,5,2,0,240300.0,0.145,Auto,254663.57,72.0,10.23,Delinquent,2026-03-02,4747.45,3.0,4.0,0.0,0.0,242320.21,12200.94,0.0,514.9,-7628.2,Debit,2251.57,UPI,Travel,Successful
T301518,2025-12-15,C100691,L200502,51.0,Male,New Delhi,Delhi,Salaried,34900.0,Mass,773.0,9,4,0,312600.0,0.437,Auto,183191.56,72.0,9.14,Closed,2025-10-04,3314.87,21.0,7.0,1.0,1.0,168108.9,14908.63,451.62,180.97,6999.04,Credit,9951.74,UPI,Healthcare,Successful
T301503,2025-12-15,C100458,L202108,21.0,Female,Kolkata,West Bengal,Salaried,125800.0,Affluent,740.0,4,4,0,1238900.0,0.051,Personal,189886.95,36.0,13.96,Closed,2025-10-15,6486.2,8.0,8.0,0.0,0.0,156158.72,33339.05,0.0,822.67,21715.88,Debit,7004.73,NEFT,Utilities,Successful
T301850,2025-12-15,C100626,L201487,41.0,Male,Howrah,West Bengal,Salaried,42700.0,Mass,718.0,5,2,0,289400.0,0.3,Consumer Durable,46338.94,6.0,17.35,Delinquent,2026-04-25,8118.66,3.0,2.0,0.0,0.0,35784.69,10432.47,0.0,295.58,7438.96,Debit,3417.38,NEFT,Utilities,Successful
T302181,2025-12-16,C100119,L200142,45.0,Female,Bengaluru,Karnataka,Salaried,56500.0,Mass,697.0,7,7,0,200900.0,0.044,Consumer Durable,36970.2,12.0,17.96,Active,2025-09-03,3388.72,2.0,10.0,0.0,1.0,14943.49,21772.55,0.0,118.25,16611.58,Debit,1405.69,UPI,Travel,Successful
T300995,2025-12-16,C100391,L201231,29.0,Male,Mumbai,Maharashtra,Self-employed,86600.0,Mass Affluent,609.0,5,3,3,852500.0,0.483,Education,267488.03,60.0,11.69,Closed,2025-09-03,5908.31,17.0,8.0,2.0,2.0,236764.84,30368.69,704.33,824.1,10293.53,Debit,4153.48,UPI,Shopping,Successful
T301164,2025-12-16,C100530,L200563,42.0,Male,Warangal,Telangana,Salaried,67400.0,Mass,726.0,4,2,3,319700.0,0.281,Consumer Durable,45095.3,18.0,16.14,Closed,2026-03-04,2837.51,6.0,3.0,0.0,0.0,39562.15,5469.31,0.0,864.23,4218.34,Debit,375.66,Net Banking,Travel,Successful
T301169,2025-12-16,C100228,L200475,28.0,Female,Howrah,West Bengal,Self-employed,70600.0,Mass,729.0,3,1,0,717600.0,0.432,Personal,80367.82,24.0,14.2,Delinquent,2026-01-13,3866.29,4.0,5.0,0.0,1.0,67802.38,12420.45,0.0,577.96,5766.58,Debit,2575.77,NEFT,Utilities,Successful
T301136,2025-12-16,C100576,L200221,47.0,Male,Mangaluru,Karnataka,Self-employed,149300.0,Mass,662.0,6,2,1,1598900.0,0.346,Personal,211997.94,12.0,16.09,Delinquent,2025-12-06,19243.79,1.0,6.0,0.0,0.0,136947.18,74184.79,0.0,883.72,61237.52,Debit,2418.09,IMPS,Education,Successful
T300923,2025-12-16,C100306,L201511,32.0,Female,Siliguri,West Bengal,Salaried,44400.0,Affluent,754.0,2,2,0,472200.0,0.264,Personal,70086.18,18.0,13.41,Closed,2026-05-01,4320.05,7.0,2.0,0.0,0.0,64470.12,5551.26,0.0,48.75,-2460.83,Debit,1570.41,Card,Groceries,Successful
T301566,2025-12-16,C100568,L200201,56.0,Female,Vadodara,Gujarat,Salaried,79400.0,Mass,695.0,3,2,1,1003600.0,0.369,Business,385629.88,36.0,16.52,Delinquent,2025-08-29,13656.81,42.0,8.0,2.0,2.0,314614.46,70196.01,339.78,393.5,43498.88,Debit,2575.53,IMPS,Travel,Successful
T300865,2025-12-17,C100063,L202147,21.0,Male,Surat,Gujarat,Self-employed,109800.0,Affluent,759.0,8,3,1,1324200.0,0.319,Consumer Durable,179802.51,18.0,16.09,Active,2025-10-03,11309.39,0.0,9.0,0.0,1.0,113642.56,65396.57,0.0,621.6,59553.97,Debit,1528.23,UPI,Travel,Successful
T300196,2025-12-17,C100336,L200656,39.0,Female,Pune,Maharashtra,Self-employed,130100.0,Mass,810.0,10,2,0,1422400.0,0.354,Personal,199268.83,36.0,12.92,Active,2026-05-14,6706.48,8.0,1.0,0.0,0.0,194909.62,4308.91,0.0,815.67,-9728.94,Debit,1771.34,UPI,Travel,Successful
T301060,2025-12-17,C100078,L202114,32.0,Female,Mysuru,Karnataka,Self-employed,77800.0,Mass,745.0,5,4,0,328400.0,0.417,Consumer Durable,130497.45,18.0,17.08,Active,2025-11-10,8269.37,9.0,7.0,0.0,0.0,92871.81,37191.5,0.0,325.59,35575.94,Credit,10889.41,UPI,Utilities,Successful
T301989,2025-12-17,C100493,L200497,44.0,Female,Mangaluru,Karnataka,Self-employed,76800.0,Mass Affluent,705.0,3,2,0,645000.0,0.577,Personal,123782.52,24.0,14.55,Default,2025-12-13,5975.37,11.0,5.0,1.0,1.0,138636.42,38046.49,182.88,91861.73,35228.95,Debit,4592.52,Net Banking,Healthcare,Successful
T300660,2025-12-17,C100346,L202022,,Female,Warangal,Telangana,Business Owner,112900.0,Mass,738.0,2,2,0,689600.0,0.196,Business,327401.4,60.0,14.49,Active,2026-04-18,7701.48,8.0,2.0,0.0,0.0,317389.47,9896.41,0.0,325.2,-20385.83,Debit,732.19,Card,Shopping,Successful
T301451,2025-12-17,C100722,L201238,40.0,Female,Nizamabad,Telangana,Salaried,41000.0,Mass Affluent,676.0,4,2,0,401700.0,0.516,Personal,28558.9,18.0,15.12,Active,2026-03-08,1783.25,8.0,3.0,0.0,0.0,25081.55,3437.22,0.0,556.23,-1829.16,Credit,3193.99,UPI,Shopping,Successful
T301952,2025-12-18,C100249,L201662,21.0,Male,Nizamabad,Telangana,Salaried,28200.0,Affluent,597.0,7,2,0,232500.0,0.169,Home,162027.61,180.0,11.65,Delinquent,2025-08-09,1908.27,37.0,7.0,3.0,3.0,153344.98,8582.44,706.4,489.53,-5281.92,Debit,4790.11,Card,Groceries,Successful
T302047,2025-12-18,C100797,L201646,46.0,Male,Pune,Maharashtra,Salaried,117100.0,Mass,756.0,5,1,0,961500.0,0.496,Personal,208238.6,12.0,16.15,Active,2025-09-01,18908.45,0.0,10.0,0.0,1.0,85333.67,121486.8,0.0,119.26,112872.25,Debit,1156.65,IMPS,Travel,Successful
T301536,2025-12-18,C100710,L200430,35.0,Male,Howrah,West Bengal,Salaried,77600.0,Affluent,661.0,4,4,0,1039500.0,0.362,Personal,142289.07,24.0,16.74,Active,2025-11-22,7017.33,9.0,7.0,0.0,0.0,110360.22,31560.44,0.0,477.07,22483.4,Debit,2411.07,IMPS,Education,Successful
T301221,2025-12-18,C100603,L201925,35.0,Male,Ahmedabad,Gujarat,Contract,44300.0,SME,,7,2,0,151500.0,0.287,Auto,340289.14,60.0,10.76,Active,2025-08-07,7358.05,7.0,10.0,0.0,0.0,292461.84,47275.45,0.0,267.21,23361.93,Debit,900.33,IMPS,Healthcare,Successful
T300272,2025-12-18,C100114,L201776,26.0,Female,Mangaluru,Karnataka,Self-employed,165200.0,SME,703.0,7,1,0,991800.0,0.336,Personal,215115.57,18.0,14.42,Active,2026-06-05,13361.29,8.0,1.0,0.0,1.0,206430.73,8584.63,0.0,691.15,-7559.34,Debit,266.95,NEFT,Education,Successful
T300835,2025-12-18,C100514,L201081,68.0,Male,Mangaluru,Karnataka,Salaried,74900.0,Mass,666.0,7,3,0,650500.0,0.283,Education,237432.6,36.0,11.51,Active,2025-07-23,7830.71,9.0,11.0,0.0,0.0,181443.04,55343.53,0.0,777.22,37822.35,Debit,2374.18,UPI,Restaurants,Successful
T300122,2025-12-19,C100131,L200191,56.0,Male,Hyderabad,Telangana,Salaried,142500.0,Mass,777.0,6,5,0,874300.0,0.311,Personal,395324.91,24.0,12.03,Active,2025-09-28,18614.86,0.0,9.0,0.0,1.0,286428.01,107640.4,0.0,127.38,86009.61,Debit,,UPI,Healthcare,Successful
T301166,2025-12-19,C100389,L200959,63.0,Female,Warangal,Telangana,Salaried,95800.0,Mass,707.0,8,2,0,791400.0,0.179,Consumer Durable,132923.82,6.0,17.34,Active,2025-07-27,23287.8,8.0,11.0,0.0,0.0,0.0,183057.71,0.0,0.0,179438.09,Debit,2504.64,NEFT,Education,Successful
T301412,2025-12-19,C100414,L200669,47.0,Female,Nagpur,Maharashtra,Contract,44500.0,Mass,667.0,5,1,0,577600.0,0.075,Education,142055.74,24.0,12.46,Active,2025-07-19,6717.61,7.0,11.0,0.0,0.0,94024.8,47476.73,0.0,240.3,37455.38,Debit,1388.77,UPI,Shopping,Successful
T300110,2025-12-19,C100647,L201156,26.0,Female,Vadodara,Gujarat,Salaried,30800.0,Affluent,683.0,4,2,0,109000.0,0.222,Home,340988.21,120.0,9.58,Written Off,2026-04-18,4427.25,21.0,1.0,1.0,1.0,381906.8,26932.48,243.48,116045.96,-175516.56,Debit,439.59,NEFT,Travel,Successful
T300451,2025-12-19,C100614,L200902,31.0,Male,Dwarka,Delhi,Retired,54800.0,SME,694.0,7,2,0,460900.0,0.128,Auto,188491.42,72.0,11.02,Closed,2025-11-09,3589.69,4.0,7.0,0.0,0.0,172158.32,16144.64,0.0,793.18,2747.95,Debit,13240.89,Net Banking,Utilities,Failed
T302088,2025-12-20,C100483,L200005,48.0,Male,Mangaluru,Karnataka,Self-employed,59600.0,Mass Affluent,729.0,9,2,0,618000.0,0.55,Personal,124956.01,12.0,14.43,Delinquent,2026-05-17,11244.74,7.0,1.0,0.0,0.0,117646.93,7224.74,0.0,583.32,-5702.5,Debit,3238.28,UPI,Shopping,Successful
T301108,2025-12-20,C100701,,48.0,Female,Rohini,Delhi,Salaried,84800.0,Mass Affluent,659.0,3,3,0,1082700.0,0.465,,,,,,,,,,,,,,,,,Debit,9409.42,UPI,Education,Successful
T300704,2025-12-20,C100118,,51.0,Male,Chennai,Tamil Nadu,Business Owner,113000.0,Mass,710.0,4,3,0,1188800.0,0.398,,,,,,,,,,,,,,,,,Credit,3291.54,UPI,Travel,Successful
T300526,2025-12-20,C100004,L200317,40.0,Male,Pune,Maharashtra,Business Owner,108300.0,Mass Affluent,695.0,5,3,0,426900.0,0.229,Personal,222576.3,36.0,17.48,Closed,2025-09-11,7988.72,8.0,9.0,0.0,0.0,175842.26,46194.8,0.0,459.43,34152.24,Debit,7392.9,IMPS,Groceries,Successful
T300030,2025-12-20,C100020,L200345,46.0,Male,Rohini,Delhi,Self-employed,46900.0,Mass,645.0,3,2,1,616800.0,0.453,Business,258772.54,12.0,16.72,Active,2026-03-09,23566.91,6.0,3.0,0.0,0.0,212817.06,45425.23,0.0,301.86,34913.99,Debit,5309.5,Net Banking,Restaurants,Successful
T301559,2025-12-21,C100579,L202069,24.0,Male,Kolkata,West Bengal,Contract,54500.0,Mass Affluent,672.0,9,2,0,653400.0,0.213,Personal,62544.64,36.0,15.07,Closed,2026-03-31,2170.28,7.0,3.0,0.0,0.0,58312.6,4183.21,0.0,563.01,-4826.0,Credit,1342.13,UPI,Healthcare,Failed
T301709,2025-12-21,C100464,L200032,33.0,Male,Howrah,West Bengal,Salaried,52800.0,SME,666.0,4,4,0,162300.0,0.41,Business,614017.05,36.0,16.41,Closed,2025-08-26,21711.51,5.0,10.0,0.0,0.0,472892.22,139496.46,0.0,124.75,98548.73,Debit,1504.45,Net Banking,Shopping,Successful
T300867,2025-12-21,C100028,L200943,31.0,Male,Coimbatore,Tamil Nadu,Salaried,70400.0,Mass,697.0,2,2,0,945700.0,0.12,Education,382886.51,24.0,10.06,Active,2025-08-01,17678.87,3.0,11.0,0.0,0.0,256482.55,124945.45,0.0,818.36,101875.99,Debit,1222.33,Card,Groceries,Successful
T302060,2025-12-21,C100369,L200907,48.0,Female,Vadodara,Gujarat,Salaried,65400.0,Affluent,654.0,3,2,0,223000.0,0.287,Home,766213.52,240.0,8.91,Delinquent,2025-11-03,6849.53,29.0,5.0,2.0,2.0,743952.53,22004.13,1127.87,680.56,-35990.34,Debit,1204.12,Net Banking,Utilities,Successful
T301210,2025-12-21,C100219,L202034,21.0,Female,Pune,Maharashtra,Contract,55000.0,Mass,705.0,4,4,0,376500.0,0.132,Auto,269007.4,60.0,10.2,Active,2026-01-06,5742.12,24.0,4.0,1.0,3.0,254077.89,14757.25,447.65,23.96,-4945.44,Debit,2504.77,UPI,Education,Successful
T301315,2025-12-21,C100456,L201475,39.0,Female,New Delhi,Delhi,Salaried,93400.0,Affluent,779.0,4,2,0,928100.0,0.558,Auto,504040.97,48.0,9.46,Active,2025-12-06,12653.46,6.0,6.0,0.0,0.0,454692.46,48779.1,0.0,114.45,16016.29,Credit,4215.65,Net Banking,Education,Failed
T301714,2025-12-22,C100543,L200247,37.0,Male,Siliguri,West Bengal,Contract,20100.0,Mass Affluent,657.0,5,3,0,205000.0,0.147,Auto,71268.86,36.0,10.71,Closed,2026-05-15,2323.48,2.0,1.0,0.0,0.0,69758.6,1492.83,0.0,357.04,-2339.27,Debit,648.29,Net Banking,Utilities,Successful
T300790,2025-12-22,C100133,L202183,40.0,Female,Mangaluru,Karnataka,Self-employed,62300.0,Mass,709.0,2,2,0,631600.0,0.351,Personal,95001.5,24.0,14.49,Active,2026-01-24,4583.32,0.0,5.0,0.0,0.0,80105.72,14723.91,0.0,967.97,7901.63,Debit,757.29,UPI,Utilities,Successful
T301379,2025-12-22,C100471,L202132,23.0,Female,Mysuru,Karnataka,Salaried,75300.0,SME,774.0,6,1,0,356900.0,0.213,Personal,204173.76,12.0,14.28,Active,2025-09-04,18359.08,3.0,9.0,0.0,1.0,96773.12,106161.4,0.0,130.64,95975.17,Debit,1255.14,UPI,Travel,Reversed
T302082,2025-12-23,C100779,L200542,31.0,Male,New Delhi,Delhi,Business Owner,60300.0,SME,724.0,3,3,0,237000.0,0.312,Business,285350.65,60.0,15.12,Active,2025-12-28,6806.46,8.0,6.0,0.0,0.0,258805.46,26238.9,0.0,444.46,9834.38,Credit,9953.26,IMPS,Healthcare,Successful
T300897,2025-12-23,C100326,L201261,42.0,Male,Mysuru,Karnataka,Self-employed,105300.0,Mass Affluent,695.0,7,3,0,1033800.0,0.221,Home,1216485.52,120.0,7.0,Delinquent,2026-04-08,14124.43,7.0,2.0,0.0,0.0,1198123.76,18149.89,0.0,418.37,-77881.98,Debit,1235.14,UPI,Shopping,Successful
T302078,2025-12-23,C100474,L201869,28.0,Female,Mumbai,Maharashtra,Salaried,104400.0,Mass Affluent,683.0,5,3,0,955400.0,0.269,Home,1613594.95,120.0,8.69,Closed,2026-03-13,20170.61,9.0,3.0,0.0,0.0,1574262.26,38878.85,0.0,549.74,-84852.22,Debit,1487.3,UPI,Restaurants,Successful
T300006,2025-12-23,C100263,L201468,32.0,Female,Kolkata,West Bengal,Salaried,68900.0,Mass,738.0,6,3,1,571600.0,0.066,Business,581457.38,60.0,15.95,Active,2025-12-12,14124.47,1.0,6.0,0.0,0.0,526371.94,54449.84,0.0,531.38,9201.81,Debit,3158.03,UPI,Travel,Successful
T300123,2025-12-23,C100448,L200974,35.0,Male,Hyderabad,Telangana,Self-employed,61900.0,Mass,682.0,6,3,0,203300.0,0.433,Business,144368.69,12.0,15.46,Active,2026-04-27,13061.83,5.0,2.0,0.0,0.0,127388.31,16784.45,0.0,538.38,8007.4,Debit,1957.57,Card,Shopping,Successful
T301529,2025-12-23,C100783,L201068,39.0,Male,Warangal,Telangana,Salaried,76100.0,Mass,825.0,5,2,0,1046800.0,0.081,Auto,571355.52,60.0,7.7,Active,2025-10-03,11503.17,2.0,9.0,0.0,0.0,504061.97,66517.09,0.0,658.83,24498.69,Debit,1708.76,NEFT,Groceries,Successful
T302154,2025-12-23,C100115,L201024,31.0,Male,Chennai,Tamil Nadu,Salaried,52100.0,SME,715.0,4,3,0,228300.0,0.357,Home,205136.72,240.0,8.26,Delinquent,2026-04-11,1749.19,0.0,2.0,0.0,0.0,202862.78,2247.71,0.0,335.15,-11630.77,Credit,3024.35,NEFT,Utilities,Successful
T300425,2025-12-24,C100769,L200209,30.0,Male,Hyderabad,Telangana,Salaried,71800.0,Mass Affluent,726.0,6,2,2,336500.0,0.522,Auto,311659.49,48.0,11.12,Active,2025-09-23,8073.18,4.0,9.0,0.0,0.0,264431.41,46683.14,0.0,623.98,22208.79,Debit,392.26,IMPS,Groceries,Successful
T301900,2025-12-24,C100008,L201809,41.0,Female,Surat,Gujarat,Business Owner,102100.0,Mass,766.0,5,2,0,597100.0,0.111,Home,685494.22,300.0,7.88,Closed,2025-09-16,5236.38,8.0,9.0,0.0,0.0,654861.4,30279.36,0.0,124.88,-20346.42,Debit,3144.1,UPI,Groceries,Successful
T300141,2025-12-24,C100086,L201065,28.0,Female,Dwarka,Delhi,Salaried,83100.0,Mass,723.0,1,1,0,738200.0,0.498,Auto,441711.56,48.0,8.02,Active,2025-07-17,10787.62,2.0,11.0,0.0,0.0,364580.1,76241.49,0.0,959.11,50572.87,Credit,2446.77,UPI,Shopping,Successful
T301608,2025-12-24,C100587,L201013,21.0,Male,Bengaluru,Karnataka,Salaried,52200.0,Mass Affluent,661.0,5,5,0,701700.0,0.246,Personal,61172.01,12.0,16.06,Closed,2025-08-25,5551.93,30.0,9.0,1.0,1.0,28693.24,32104.01,258.15,338.41,28544.88,Debit,3139.8,IMPS,Healthcare,Successful
T300177,2025-12-24,C100583,,50.0,Female,Mumbai,Maharashtra,Salaried,233900.0,Mass Affluent,838.0,7,2,0,2279900.0,0.35,,,,,,,,,,,,,,,,,Credit,3649.22,UPI,Groceries,Successful
T300927,2025-12-25,C100145,L202072,49.0,Male,New Delhi,Delhi,Salaried,50000.0,Mass Affluent,727.0,4,2,0,567700.0,0.152,Business,297751.42,60.0,16.19,Active,2026-02-25,7270.83,4.0,4.0,0.0,0.0,278847.26,18686.03,0.0,669.87,-7286.22,Debit,3358.89,Net Banking,Shopping,Successful
T301736,2025-12-25,C100304,L200087,30.0,Male,Bengaluru,Karnataka,Self-employed,110700.0,Affluent,625.0,4,1,0,714800.0,0.131,Personal,238305.28,18.0,15.86,Delinquent,2025-07-25,14963.25,26.0,9.0,2.0,2.0,150770.24,86525.02,342.97,572.96,74651.59,Debit,2236.88,IMPS,Travel,Successful
T300919,2025-12-26,C100461,L200153,32.0,Male,New Delhi,Delhi,Self-employed,106900.0,Mass,793.0,7,3,1,864700.0,0.477,Auto,426185.08,36.0,7.95,Delinquent,2026-02-28,13345.26,9.0,4.0,0.0,0.0,391487.4,34297.33,0.0,253.9,4136.76,Debit,2072.5,Card,Education,Successful
T301336,2025-12-26,C100536,L201842,41.0,Male,Mysuru,Karnataka,Salaried,73300.0,Affluent,674.0,4,4,1,362300.0,0.167,Auto,279641.67,60.0,12.46,Active,2025-10-18,6285.67,4.0,8.0,0.0,1.0,246956.17,32308.36,0.0,267.94,11580.8,Debit,998.28,Card,Shopping,Successful
T302184,2025-12-26,C100691,L200502,,Male,New Delhi,Delhi,Salaried,34900.0,Mass,773.0,9,4,0,312600.0,0.437,Auto,183191.56,72.0,9.14,Closed,2025-10-04,3314.87,21.0,7.0,1.0,1.0,168108.9,14908.63,451.62,180.97,6999.04,Debit,1009.25,UPI,Shopping,Successful
T302034,2025-12-26,C100154,L201164,43.0,Female,Vadodara,Gujarat,Self-employed,124100.0,Mass,815.0,5,3,0,484600.0,0.34,Business,621795.29,48.0,13.61,Closed,2025-12-10,16870.08,2.0,6.0,0.0,0.0,556001.98,65034.16,0.0,955.86,18148.53,Debit,1136.95,Net Banking,Utilities,Successful
T301429,2025-12-26,C100541,L201232,30.0,Male,Mysuru,Karnataka,Retired,58000.0,Mass,799.0,2,2,0,224300.0,0.312,Auto,177115.64,36.0,7.74,Active,2025-09-22,5528.94,1.0,9.0,0.0,0.0,144771.33,31971.1,0.0,936.18,23829.23,Debit,3843.02,UPI,Utilities,Successful
T302128,2025-12-26,C100780,L200046,42.0,Female,Bengaluru,Karnataka,Contract,34200.0,Affluent,680.0,9,3,2,425700.0,0.339,Personal,83381.99,12.0,15.96,Active,2025-09-06,7563.74,5.0,9.0,0.0,0.0,39134.1,43737.33,0.0,219.14,41321.02,Debit,2514.28,NEFT,Travel,Successful
T301849,2025-12-26,C100166,L201209,32.0,Female,Vadodara,Gujarat,Salaried,95900.0,Mass Affluent,684.0,2,2,0,903200.0,0.138,Personal,163741.34,24.0,14.67,Closed,2025-08-21,7913.62,9.0,10.0,0.0,0.0,112302.81,50845.01,0.0,839.22,41427.05,Debit,6925.39,IMPS,Groceries,Successful
T301732,2025-12-27,C100016,L200586,53.0,Female,Bengaluru,Karnataka,Salaried,75800.0,Affluent,662.0,3,2,1,799800.0,0.199,Personal,81672.23,18.0,15.71,Delinquent,2026-05-05,5122.44,7.0,1.0,0.0,0.0,78342.65,3291.17,0.0,931.97,-3315.21,Debit,465.4,IMPS,Shopping,Successful
T300268,2025-12-27,C100263,L201468,32.0,Female,Kolkata,West Bengal,Salaried,68900.0,Mass,738.0,6,3,1,571600.0,0.066,Business,581457.38,60.0,15.95,Active,2025-12-12,14124.47,1.0,6.0,0.0,0.0,526371.94,54449.84,0.0,531.38,9201.81,Credit,3312.85,NEFT,Groceries,Successful
T300270,2025-12-27,C100320,L200003,31.0,Female,Kolkata,West Bengal,Contract,73200.0,Affluent,701.0,5,2,1,872600.0,0.376,Business,296034.86,12.0,17.16,Active,2026-02-05,27022.27,9.0,4.0,0.0,0.0,225776.96,69447.23,0.0,350.82,48547.98,Debit,663.58,UPI,Education,Successful
T302183,2025-12-27,C100506,L201428,54.0,Female,Dwarka,Delhi,Business Owner,134500.0,SME,846.0,3,2,0,1497500.0,0.426,Business,1445022.69,24.0,13.51,Active,2026-06-25,69045.68,0.0,1.0,0.0,0.0,1400143.0,44361.85,0.0,804.33,-68975.1,Credit,4971.54,NEFT,Healthcare,Successful
T301209,2025-12-27,C100413,L201255,33.0,Male,Warangal,Telangana,Salaried,36900.0,Mass Affluent,682.0,4,4,0,171700.0,0.512,Home,212354.17,180.0,8.82,Closed,2026-03-05,2131.16,3.0,3.0,0.0,0.0,208198.41,4107.81,0.0,384.72,-12233.8,Debit,2254.36,UPI,Utilities,Successful
T300712,2025-12-27,C100471,L202132,23.0,Female,Mysuru,Karnataka,Salaried,75300.0,SME,774.0,6,1,0,356900.0,0.213,Personal,204173.76,12.0,14.28,Active,2025-09-04,18359.08,3.0,9.0,0.0,1.0,96773.12,106161.4,0.0,130.64,95975.17,Debit,170.32,Net Banking,Groceries,Successful
T300670,2025-12-28,C100283,L200797,37.0,Male,Ahmedabad,Gujarat,Salaried,55800.0,SME,654.0,7,3,0,675500.0,0.468,Personal,70113.68,36.0,17.13,Closed,2025-12-25,2504.28,8.0,6.0,0.0,1.0,60346.98,9654.01,0.0,740.93,10303.82,Credit,4162.69,IMPS,Travel,Successful
T300945,2025-12-29,C100062,L201020,54.0,Female,New Delhi,Delhi,Salaried,63200.0,Affluent,714.0,5,2,2,547300.0,0.388,Personal,156965.66,24.0,15.74,Closed,2026-04-20,7666.04,3.0,2.0,0.0,0.0,146999.81,9850.86,0.0,668.44,2924.37,Credit,652.44,Card,Education,Failed
T300420,2025-12-29,C100098,L201891,33.0,Female,Kolkata,West Bengal,Salaried,35400.0,Mass,671.0,1,1,0,426700.0,0.216,Consumer Durable,27210.72,12.0,20.28,Closed,2025-12-01,2524.3,5.0,7.0,0.0,0.0,15725.16,11353.04,0.0,989.81,11488.41,Credit,3935.61,UPI,,Successful
T301114,2025-12-29,C100057,L201139,41.0,Male,Mangaluru,Karnataka,Salaried,80700.0,Affluent,693.0,6,4,0,630400.0,0.209,Personal,130634.1,24.0,16.56,Active,2025-08-20,6431.26,6.0,10.0,0.0,0.0,88830.9,41320.85,0.0,831.55,38085.86,Debit,606.84,IMPS,Healthcare,Successful
T301461,2025-12-29,C100588,L200099,52.0,Male,Mumbai,Maharashtra,Salaried,130200.0,Mass,733.0,6,3,2,1316800.0,0.073,Home,2420089.31,180.0,7.0,Active,2025-08-01,21752.45,3.0,11.0,0.0,0.0,2264559.31,153735.42,0.0,170.23,-21767.77,Credit,407.31,Net Banking,Travel,Successful
T300534,2025-12-30,C100317,L201623,34.0,Female,Mangaluru,Karnataka,Salaried,120000.0,Mass,680.0,5,3,1,992000.0,0.331,Home,1255034.22,240.0,8.2,Active,2025-11-02,10654.36,4.0,8.0,0.0,0.0,1199631.54,54763.41,0.0,845.33,-38243.87,Debit,1347.09,UPI,Restaurants,Successful
T301355,2025-12-30,C100193,L200376,35.0,Female,Vadodara,Gujarat,Salaried,138900.0,Affluent,741.0,8,3,0,1780800.0,0.22,Education,392172.36,24.0,10.31,Active,2025-09-22,18152.93,6.0,9.0,0.0,0.0,285977.73,104969.31,0.0,836.72,80743.67,Debit,13322.61,IMPS,Shopping,Failed
T301826,2025-12-30,C100528,,33.0,Male,New Delhi,Delhi,Retired,55300.0,Mass Affluent,679.0,5,1,1,476100.0,0.173,,,,,,,,,,,,,,,,,Debit,2340.62,UPI,Healthcare,Successful
T301199,2025-12-30,C100144,L201760,30.0,Female,Warangal,Telangana,Self-employed,102600.0,Mass,657.0,2,2,0,1295400.0,0.468,Home,987098.15,120.0,9.34,Active,2026-05-29,12686.5,8.0,1.0,0.0,0.0,978851.93,8151.07,0.0,947.99,-72250.59,Debit,838.84,IMPS,Healthcare,Successful
T301383,2025-12-30,C100404,L200039,39.0,Male,Nizamabad,Telangana,Salaried,30200.0,Mass Affluent,621.0,4,3,2,415200.0,0.326,Auto,111569.51,48.0,11.5,Closed,2025-09-26,2910.74,29.0,5.0,4.0,4.0,102109.61,9350.75,1227.25,525.29,2447.98,Credit,2263.01,NEFT,Education,Successful
T301331,2025-12-31,C100404,L200039,39.0,Male,Nizamabad,Telangana,Salaried,30200.0,Mass Affluent,621.0,4,3,2,415200.0,0.326,Auto,111569.51,48.0,11.5,Closed,2025-09-26,2910.74,29.0,5.0,4.0,4.0,102109.61,9350.75,1227.25,525.29,2447.98,Debit,1965.99,NEFT,Travel,Successful
T300394,2025-12-31,C100791,L200804,36.0,Female,Ahmedabad,Gujarat,Salaried,68500.0,Mass,,5,3,0,828400.0,0.482,Personal,174688.4,12.0,13.52,Delinquent,2026-01-04,15645.34,4.0,5.0,0.0,0.0,123841.04,50260.66,0.0,488.68,39669.48,Credit,20512.6,Net Banking,Utilities,Reversed
T301189,2025-12-31,C100228,L200475,28.0,Female,Howrah,West Bengal,Self-employed,70600.0,Mass,729.0,3,1,0,717600.0,0.432,Personal,80367.82,24.0,14.2,Delinquent,2026-01-13,3866.29,4.0,5.0,0.0,1.0,67802.38,12420.45,0.0,577.96,5766.58,Debit,1434.69,NEFT,Groceries,Successful
T301984,2025-12-31,C100563,L200718,38.0,Female,Hyderabad,Telangana,Contract,44900.0,Mass Affluent,767.0,4,2,1,212500.0,0.132,Personal,35628.17,18.0,14.71,Active,2026-01-10,2217.8,7.0,5.0,0.0,1.0,28420.33,7124.67,0.0,842.1,6132.58,Debit,5239.56,IMPS,Healthcare,Successful
T301454,2025-12-31,C100246,L200882,30.0,Male,Hyderabad,Telangana,Contract,62900.0,Mass,665.0,4,2,0,399100.0,0.046,Personal,155168.8,24.0,15.6,Active,2026-06-26,7567.92,7.0,1.0,0.0,0.0,150249.65,4862.39,0.0,212.06,-10452.69,Debit,474.87,Card,Healthcare,Successful
T301258,2026-01-01,C100296,L200118,36.0,Male,Rohini,Delhi,Contract,41400.0,Mass,700.0,5,5,0,485500.0,0.222,Personal,68913.17,36.0,15.86,Active,2026-03-15,2418.02,5.0,3.0,0.0,0.0,64198.03,4660.74,0.0,751.42,-1595.36,Debit,1669.28,Net Banking,Utilities,Successful
T300634,2026-01-01,C100417,L201398,21.0,Male,Pune,Maharashtra,Salaried,89800.0,Mass,742.0,4,2,1,351600.0,0.049,Personal,213295.74,12.0,13.55,Active,2026-01-25,19106.08,4.0,5.0,0.0,1.0,151200.99,61378.27,0.0,337.8,51191.62,Credit,1161.76,UPI,Education,Successful
T300733,2026-01-01,C100060,L200791,33.0,Male,Coimbatore,Tamil Nadu,Salaried,50800.0,Mass Affluent,765.0,3,3,1,285900.0,0.4,Personal,78975.49,36.0,14.92,Active,2025-12-04,2734.62,2.0,6.0,0.0,0.0,68310.48,10541.95,0.0,149.53,4685.18,Debit,1611.43,UPI,Utilities,Successful
T302059,2026-01-01,C100346,L202022,48.0,Female,Warangal,Telangana,Business Owner,112900.0,Mass,738.0,2,2,0,689600.0,0.196,Business,327401.4,60.0,14.49,Active,2026-04-18,7701.48,8.0,2.0,0.0,0.0,317389.47,9896.41,0.0,325.2,-20385.83,Debit,3545.37,IMPS,Education,Successful
T300881,2026-01-02,C100799,L200705,56.0,Female,Surat,Gujarat,Business Owner,112200.0,Affluent,657.0,9,3,1,550500.0,0.488,Auto,378579.6,60.0,11.04,Closed,2026-06-27,8238.79,9.0,1.0,0.0,1.0,373224.39,5293.42,0.0,648.68,-20849.59,Debit,481.23,UPI,Shopping,Successful
T300325,2026-01-02,C100659,L201792,35.0,Female,Coimbatore,Tamil Nadu,Self-employed,76500.0,SME,651.0,8,4,0,786200.0,0.244,Consumer Durable,56456.79,18.0,19.73,Delinquent,2026-01-08,3649.0,17.0,4.0,1.0,1.0,46969.39,9377.93,312.9,409.12,4230.62,Debit,1581.98,NEFT,Healthcare,Successful
T301679,2026-01-02,C100345,L201664,52.0,Male,Pune,Maharashtra,Business Owner,219900.0,Mass,744.0,2,2,1,2580100.0,0.282,Home,2814398.42,120.0,7.35,Closed,2025-08-15,33187.49,4.0,10.0,0.0,0.0,2598679.76,213229.6,0.0,783.54,3775.98,Debit,1971.37,IMPS,Groceries,Successful
T301528,2026-01-02,C100107,,48.0,Female,Bengaluru,Karnataka,Salaried,48600.0,Mass Affluent,744.0,5,5,1,239300.0,0.368,,,,,,,,,,,,,,,,,Debit,1384.8,UPI,Shopping,Successful
T300600,2026-01-02,C100677,,45.0,Female,Warangal,Telangana,Contract,70500.0,Mass Affluent,677.0,8,2,0,523300.0,0.293,,,,,,,,,,,,,,,,,Debit,2335.44,UPI,Education,Failed
T300879,2026-01-03,C100345,L201664,52.0,Male,Pune,Maharashtra,Business Owner,219900.0,Mass,744.0,2,2,1,2580100.0,0.282,Home,2814398.42,120.0,7.35,Closed,2025-08-15,33187.49,4.0,10.0,0.0,0.0,2598679.76,213229.6,0.0,783.54,3775.98,Debit,7186.92,Net Banking,Restaurants,Successful
T301896,2026-01-03,C100618,L201642,31.0,Male,Surat,Gujarat,Salaried,79500.0,Mass Affluent,722.0,8,2,0,690300.0,0.293,Personal,181084.89,18.0,15.74,Active,2026-03-03,11360.11,4.0,3.0,0.0,0.0,158932.68,21896.61,0.0,801.31,7530.57,Debit,9153.54,NEFT,Shopping,Successful
T300695,2026-01-03,C100405,L201689,49.0,Female,Kolkata,West Bengal,Retired,63700.0,Mass,649.0,5,4,0,666600.0,0.081,Consumer Durable,53180.32,6.0,19.71,Active,2025-09-15,9379.84,1.0,9.0,0.0,0.0,0.0,55169.36,0.0,0.0,53658.85,Credit,2259.38,UPI,Shopping,Reversed
T301469,2026-01-03,C100785,L201565,33.0,Male,Siliguri,West Bengal,Retired,50200.0,Mass Affluent,684.0,4,4,0,617600.0,0.135,Auto,266269.92,36.0,10.21,Active,2025-08-07,8618.06,0.0,10.0,0.0,0.0,210252.54,55371.02,0.0,577.51,36890.88,Debit,,Card,Travel,Successful
T300077,2026-01-03,C100722,L201238,40.0,Female,Nizamabad,Telangana,Salaried,41000.0,Mass Affluent,676.0,4,2,0,401700.0,0.516,Personal,28558.9,18.0,15.12,Active,2026-03-08,1783.25,8.0,3.0,0.0,0.0,25081.55,3437.22,0.0,556.23,-1829.16,Debit,813.33,UPI,Restaurants,Successful
T301749,2026-01-03,C100412,L200851,22.0,Male,Warangal,Telangana,Self-employed,84200.0,Affluent,734.0,1,1,1,904700.0,0.388,Personal,131369.6,36.0,14.78,Delinquent,2026-01-15,4539.83,0.0,5.0,0.0,0.0,116615.15,14584.2,0.0,170.15,6550.63,Debit,3539.01,NEFT,Utilities,Successful
T300757,2026-01-03,C100064,L200592,24.0,Female,Howrah,West Bengal,Business Owner,72500.0,Mass Affluent,803.0,7,4,0,563200.0,0.171,Education,272020.48,60.0,8.64,Active,2026-01-30,5599.29,3.0,5.0,0.0,0.0,253822.79,17987.72,0.0,309.86,-4392.27,Credit,4476.6,UPI,Restaurants,Successful
T300736,2026-01-03,C100716,,38.0,Male,Pune,Maharashtra,Salaried,39800.0,Mass,746.0,5,5,1,412700.0,0.281,,,,,,,,,,,,,,,,,Credit,292.64,IMPS,Shopping,Successful
T300703,2026-01-04,C100769,L200209,30.0,Male,Hyderabad,Telangana,Salaried,71800.0,Mass Affluent,726.0,6,2,2,336500.0,0.522,Auto,311659.49,48.0,11.12,Active,2025-09-23,8073.18,4.0,9.0,0.0,0.0,264431.41,46683.14,0.0,623.98,22208.79,Debit,502.98,UPI,Education,Successful
T302115,2026-01-04,C100285,L200890,49.0,Female,Chennai,Tamil Nadu,Self-employed,45000.0,SME,761.0,5,3,0,453500.0,0.46,Personal,47626.38,24.0,13.94,Active,2025-09-13,2285.33,5.0,9.0,0.0,1.0,34257.2,13214.92,0.0,930.86,17158.67,Credit,,UPI,Healthcare,Successful
T301851,2026-01-04,C100243,L200790,43.0,Female,Rohini,Delhi,Salaried,45400.0,Mass Affluent,730.0,11,2,0,414900.0,0.092,Home,546379.28,180.0,7.78,Active,2026-05-31,5152.33,8.0,1.0,0.0,0.0,543030.27,3310.37,0.0,830.17,-39178.4,Debit,2666.28,Net Banking,Shopping,Successful
T301713,2026-01-05,C100192,L201430,42.0,Male,Dwarka,Delhi,Salaried,91700.0,Affluent,850.0,3,3,0,553800.0,0.545,Business,308883.08,24.0,12.54,Active,2026-04-23,14618.21,2.0,2.0,0.0,1.0,289879.4,18784.41,0.0,691.73,-1015.52,Credit,712.98,NEFT,Travel,Successful
T300624,2026-01-05,C100760,L202163,30.0,Male,Mangaluru,Karnataka,Salaried,33100.0,Affluent,730.0,8,3,1,159300.0,0.35,Education,78980.99,48.0,9.82,Active,2025-12-16,1996.34,7.0,6.0,0.0,0.0,71195.26,7695.9,0.0,635.67,2781.05,Debit,1160.58,UPI,Groceries,Successful
T301684,2026-01-05,C100059,L202013,21.0,Female,New Delhi,Delhi,Salaried,102900.0,Mass,678.0,4,2,0,955400.0,0.144,Personal,271788.52,36.0,16.59,Active,2026-04-10,9634.63,5.0,2.0,0.0,0.0,259263.5,12380.51,0.0,914.96,-7121.13,Debit,8391.58,Net Banking,Groceries,Successful
T300820,2026-01-05,C100179,L200137,49.0,Female,Howrah,West Bengal,Contract,35400.0,Mass Affluent,684.0,6,1,1,145300.0,0.323,Home,349812.47,180.0,7.43,Closed,2026-05-31,3228.91,3.0,1.0,0.0,0.0,347713.68,2074.57,0.0,304.13,-23417.9,Debit,6179.89,Card,Education,Successful
T301817,2026-01-05,C100790,L201504,58.0,Male,Dwarka,Delhi,Self-employed,155700.0,Mass,719.0,6,2,0,1963600.0,0.207,Personal,238178.41,12.0,14.99,Closed,2026-02-28,21496.46,5.0,4.0,0.0,0.0,182287.62,55245.9,0.0,759.28,36961.99,Debit,3144.81,UPI,Travel,Successful
T301738,2026-01-06,C100029,L201143,38.0,Male,Vadodara,Gujarat,Salaried,86200.0,Affluent,750.0,4,4,0,424900.0,0.064,Personal,95648.89,18.0,14.41,Active,2025-08-23,5940.51,2.0,10.0,0.0,0.0,57035.57,38167.78,0.0,567.86,32097.64,Debit,264.48,IMPS,Restaurants,Successful
T301904,2026-01-06,C100334,L200310,31.0,Female,Siliguri,West Bengal,Contract,86500.0,Affluent,690.0,6,5,1,363700.0,0.47,Business,793645.17,60.0,16.93,Closed,2026-03-10,19694.27,9.0,3.0,0.0,0.0,755241.35,37960.7,0.0,716.24,-22541.2,Credit,2895.78,UPI,Education,Failed
T301356,2026-01-06,C100650,L201195,35.0,Female,Bengaluru,Karnataka,Salaried,63600.0,Mass,805.0,4,2,0,841300.0,0.391,Personal,121654.44,12.0,10.98,Active,2025-11-07,10750.89,1.0,7.0,0.0,0.0,72737.91,48352.11,0.0,794.78,43213.88,Debit,8356.27,UPI,Utilities,Successful
T301629,2026-01-06,C100624,L200922,32.0,Female,Bengaluru,Karnataka,Salaried,83100.0,Mass,736.0,3,3,0,722800.0,0.313,Personal,255249.0,36.0,14.08,Active,2026-02-08,8733.73,5.0,4.0,0.0,0.0,232541.31,22445.68,0.0,258.36,523.04,Debit,4657.68,Net Banking,Shopping,Successful
T300227,2026-01-06,C100778,L201349,42.0,Male,Siliguri,West Bengal,Salaried,34300.0,Affluent,642.0,4,3,0,424000.0,0.178,Auto,183683.46,48.0,12.28,Closed,2026-06-19,4862.38,2.0,1.0,0.0,0.0,180522.91,3124.08,0.0,909.64,-13533.49,Debit,4363.27,Card,Groceries,Successful
T301841,2026-01-06,C100319,L200431,38.0,Female,Nizamabad,Telangana,Salaried,123200.0,Mass,781.0,2,2,1,863800.0,0.105,Business,730799.33,24.0,15.23,Closed,2026-05-08,35513.92,0.0,1.0,0.0,0.0,707715.28,22817.69,0.0,521.43,-33062.42,Credit,4924.79,Net Banking,Healthcare,Successful
T301279,2026-01-06,C100419,L201207,46.0,Male,Rohini,Delhi,Salaried,81100.0,Mass Affluent,700.0,10,3,0,279000.0,0.03,Education,392111.26,60.0,11.4,Closed,2026-04-30,8603.88,1.0,2.0,0.0,0.0,380926.22,11055.98,0.0,143.43,-19800.77,Debit,18964.98,UPI,Shopping,Successful
T301756,2026-01-06,C100100,L200375,46.0,Other,Surat,Gujarat,Retired,45700.0,Mass Affluent,702.0,6,4,1,177300.0,0.516,Personal,67838.76,24.0,16.18,Active,2026-05-03,3327.43,9.0,1.0,0.0,0.0,65675.93,2137.88,0.0,51.14,-6783.67,Debit,4658.94,UPI,Healthcare,Successful
T301427,2026-01-06,C100478,,57.0,Female,Surat,Gujarat,Self-employed,52700.0,Mass,624.0,5,3,0,243200.0,0.868,,,,,,,,,,,,,,,,,Credit,2599.65,Net Banking,Groceries,Successful
T301923,2026-01-06,C100227,L200808,30.0,Male,Dwarka,Delhi,Salaried,86100.0,SME,736.0,5,1,0,611100.0,0.273,Education,596182.77,60.0,9.43,Active,2025-12-13,12500.56,0.0,6.0,0.0,0.0,547430.57,48189.67,0.0,269.22,2770.92,Debit,7195.63,UPI,Travel,Successful
T301324,2026-01-06,C100445,L202043,49.0,Male,Siliguri,West Bengal,Salaried,54900.0,Mass,639.0,7,3,1,230400.0,0.3,Education,57319.86,60.0,10.82,Delinquent,2026-01-25,1241.13,32.0,4.0,1.0,1.0,54092.91,3189.71,583.09,425.63,201.14,Debit,3303.21,Card,Shopping,Successful
T300874,2026-01-07,C100311,L200513,28.0,Male,Howrah,West Bengal,Salaried,68000.0,Mass,726.0,13,2,1,789100.0,0.29,Education,362647.02,24.0,10.13,Active,2026-01-10,16756.09,7.0,5.0,0.0,0.0,308189.73,53828.93,0.0,338.46,31450.64,Debit,2902.3,Net Banking,Education,Successful
T301852,2026-01-07,C100090,L200091,37.0,Male,Mangaluru,Karnataka,Self-employed,47600.0,Mass Affluent,693.0,5,4,0,233500.0,0.449,Home,400447.42,120.0,9.63,Active,2025-08-29,5210.24,8.0,10.0,0.0,0.0,366580.88,33475.77,0.0,171.89,3862.3,Debit,1448.42,Net Banking,Shopping,Successful
T300884,2026-01-07,C100351,L200594,47.0,Female,Dwarka,Delhi,Self-employed,71700.0,Mass,,2,2,0,346200.0,0.305,Auto,493015.25,60.0,10.27,Active,2025-07-01,10540.73,15.0,11.0,1.0,2.0,417649.0,74496.64,565.85,742.38,42132.5,Credit,716.69,UPI,Restaurants,Successful
T301597,2026-01-07,C100206,L200661,34.0,Female,Madurai,Tamil Nadu,Salaried,19300.0,Mass,667.0,8,2,0,146800.0,0.498,Consumer Durable,37857.43,18.0,18.57,Closed,2025-12-31,2425.82,1.0,6.0,0.0,1.0,28396.72,9351.54,0.0,827.94,7787.73,Debit,1366.14,Card,Restaurants,Successful
T300250,2026-01-07,C100242,L200842,60.0,Male,Mumbai,Maharashtra,Business Owner,52900.0,Mass Affluent,738.0,11,3,0,634000.0,0.375,Auto,122575.93,36.0,9.66,Delinquent,2026-04-16,3935.64,9.0,2.0,0.0,0.0,117459.59,5057.3,0.0,325.38,-3579.46,Debit,4820.4,Net Banking,Utilities,Successful
T301588,2026-01-07,C100588,L200099,52.0,Male,Mumbai,Maharashtra,Salaried,130200.0,Mass,733.0,6,3,2,1316800.0,0.073,Home,2420089.31,180.0,7.0,Active,2025-08-01,21752.45,3.0,11.0,0.0,0.0,2264559.31,153735.42,0.0,170.23,-21767.77,Debit,1108.67,Net Banking,Restaurants,Successful
T301366,2026-01-08,C100352,L200134,27.0,Female,Dwarka,Delhi,Salaried,117800.0,Affluent,780.0,8,4,0,768100.0,0.74,Home,864006.11,180.0,7.0,Active,2026-01-14,7765.93,9.0,5.0,0.0,1.0,838766.83,24948.05,0.0,695.25,-42509.77,Debit,6052.85,Card,Healthcare,Successful
T301132,2026-01-08,C100375,L200308,32.0,Male,Kolkata,West Bengal,Salaried,43000.0,Mass Affluent,654.0,5,1,0,206800.0,0.087,Business,322313.39,12.0,17.79,Active,2025-12-24,29517.49,1.0,6.0,0.0,1.0,207195.19,113789.91,0.0,382.88,101505.95,Debit,3196.05,UPI,Utilities,Successful
T301437,2026-01-08,C100516,L200585,25.0,Male,Madurai,Tamil Nadu,Salaried,31900.0,Mass Affluent,731.0,3,3,0,382200.0,0.27,Auto,142272.15,48.0,9.76,Active,2026-03-09,3592.01,2.0,3.0,0.0,0.0,135267.72,6923.61,0.0,222.24,-9732.94,Debit,481.35,UPI,Travel,Successful
T301673,2026-01-08,C100316,L200314,39.0,Male,Kolkata,West Bengal,Salaried,164500.0,Mass,706.0,5,4,1,1990400.0,0.507,Consumer Durable,246798.84,18.0,19.14,Active,2025-12-07,15881.63,8.0,6.0,0.0,1.0,184860.46,61223.7,0.0,132.67,44670.69,Debit,,UPI,Shopping,Successful
T301593,2026-01-08,C100401,L201086,42.0,Female,Dwarka,Delhi,Salaried,46500.0,Mass Affluent,690.0,3,2,0,322500.0,0.185,Education,95466.37,24.0,11.5,Closed,2025-09-03,4471.67,9.0,10.0,0.0,0.0,66400.48,28730.51,0.0,795.75,23276.52,Debit,2529.23,UPI,Utilities,Successful
T301554,2026-01-08,C100586,L200302,21.0,Female,Dwarka,Delhi,Self-employed,65400.0,Mass,731.0,4,2,0,270200.0,0.133,Personal,122766.89,18.0,14.57,Active,2025-11-26,7633.96,0.0,7.0,0.0,0.0,88032.35,34333.76,0.0,89.4,25420.96,Debit,2291.03,UPI,Travel,Successful
T300990,2026-01-08,C100351,L200594,47.0,Female,Dwarka,Delhi,Self-employed,71700.0,Mass,682.0,2,2,0,346200.0,0.305,Auto,493015.25,60.0,10.27,Active,2025-07-01,10540.73,15.0,11.0,1.0,2.0,417649.0,74496.64,565.85,742.38,42132.5,Debit,343.0,UPI,Utilities,Successful
T301008,2026-01-08,C100772,L200015,40.0,Male,Siliguri,West Bengal,Self-employed,69400.0,Mass Affluent,660.0,8,3,0,467900.0,0.124,Auto,345939.0,36.0,10.74,Delinquent,2026-05-04,11283.05,0.0,1.0,0.0,1.0,338605.02,7249.36,0.0,546.79,-17492.66,Credit,2764.65,NEFT,Travel,Successful
T301929,2026-01-08,C100677,,45.0,Female,Warangal,Telangana,Contract,70500.0,Mass Affluent,677.0,8,2,0,523300.0,0.293,,,,,,,,,,,,,,,,,Debit,261.78,Net Banking,Restaurants,Reversed
T301016,2026-01-08,C100745,L201390,56.0,Female,Nagpur,Maharashtra,Self-employed,106100.0,Mass Affluent,704.0,5,3,0,550500.0,0.225,Auto,861129.61,48.0,9.8,Closed,2026-01-01,21757.85,17.0,5.0,1.0,1.0,790416.58,69897.11,639.43,970.75,7925.57,Debit,2381.65,UPI,Groceries,Successful
T300222,2026-01-08,C100328,L200515,43.0,Female,Pune,Maharashtra,Self-employed,72400.0,Mass Affluent,694.0,3,3,1,617600.0,0.199,Auto,422729.38,72.0,11.37,Closed,2025-08-23,8126.6,4.0,10.0,0.0,0.0,369906.46,52213.43,0.0,363.75,23890.74,Debit,7171.39,UPI,Groceries,Successful
T300811,2026-01-08,C100717,L200130,41.0,Male,Nagpur,Maharashtra,Self-employed,96500.0,Mass,781.0,6,2,1,352900.0,0.22,Auto,216698.43,36.0,7.69,Delinquent,2026-06-10,6759.59,5.0,1.0,0.0,1.0,212304.69,4343.04,0.0,270.95,-16050.54,Debit,1995.02,Card,Education,Failed
T301493,2026-01-08,C100613,L200423,41.0,Male,Nizamabad,Telangana,Retired,48100.0,Affluent,718.0,5,3,0,220400.0,0.389,Personal,62440.94,24.0,14.05,Delinquent,2025-07-31,2999.44,7.0,11.0,0.0,0.0,40994.91,21198.58,0.0,916.24,15847.92,Debit,4879.33,UPI,,Successful
T301906,2026-01-08,C100211,L200582,42.0,Male,Mumbai,Maharashtra,Business Owner,112100.0,Mass Affluent,647.0,6,2,0,1128500.0,0.219,Home,1487779.56,120.0,9.86,Delinquent,2026-01-26,19545.96,8.0,4.0,1.0,1.0,1436960.07,50233.11,618.88,205.62,-63978.81,Debit,1123.31,Card,Travel,Successful
T301411,2026-01-09,C100242,L200842,60.0,Male,Mumbai,Maharashtra,Business Owner,52900.0,Mass Affluent,738.0,11,3,0,634000.0,0.375,Auto,122575.93,36.0,9.66,Delinquent,2026-04-16,3935.64,9.0,2.0,0.0,0.0,117459.59,5057.3,0.0,325.38,-3579.46,Debit,948.03,IMPS,Groceries,Successful
T300233,2026-01-09,C100473,,45.0,Female,Warangal,Telangana,Salaried,43700.0,Mass,625.0,4,2,1,194700.0,0.435,,,,,,,,,,,,,,,,,Debit,128.64,NEFT,Restaurants,Successful
T300370,2026-01-09,C100735,L200512,33.0,Male,Mangaluru,Karnataka,Salaried,46300.0,Mass,670.0,3,1,1,530300.0,0.304,Business,594288.03,24.0,17.74,Active,2025-11-15,29594.69,4.0,7.0,0.0,1.0,459632.18,133102.13,0.0,611.18,100965.14,Credit,2469.27,UPI,Travel,Successful
T302129,2026-01-09,C100100,L200375,46.0,Other,Surat,Gujarat,Retired,45700.0,Mass Affluent,702.0,6,4,1,177300.0,0.516,Personal,67838.76,24.0,16.18,Active,2026-05-03,3327.43,9.0,1.0,0.0,0.0,65675.93,2137.88,0.0,51.14,-6783.67,Debit,2609.39,UPI,,Successful
T301364,2026-01-09,C100699,L201452,47.0,Female,Chennai,Tamil Nadu,Self-employed,118100.0,Mass,725.0,3,3,1,1413800.0,0.291,Auto,226806.15,60.0,9.27,Closed,2026-04-18,4737.9,9.0,2.0,0.0,0.0,220646.88,6088.2,0.0,470.42,-12981.48,Debit,27522.43,NEFT,Travel,Successful
T300405,2026-01-10,C100021,L202079,27.0,Female,Hyderabad,Telangana,Business Owner,185600.0,Mass,659.0,6,6,0,2066500.0,0.642,Personal,431461.4,24.0,15.65,Delinquent,2026-02-06,21053.61,19.0,3.0,1.0,1.0,390406.86,40580.83,459.29,926.07,11794.32,Credit,172.96,NEFT,Utilities,Successful
T302125,2026-01-10,C100459,L201500,41.0,Male,Chennai,Tamil Nadu,Business Owner,163800.0,Mass Affluent,727.0,6,1,0,1895500.0,0.2,Personal,318729.84,36.0,16.38,Closed,2025-09-23,11265.48,0.0,9.0,0.0,2.0,252826.76,65142.66,0.0,567.58,43919.71,Debit,4024.72,IMPS,Utilities,Successful
T300944,2026-01-10,C100149,L200590,33.0,Male,Nagpur,Maharashtra,Salaried,53300.0,Affluent,728.0,8,4,0,720700.0,0.302,Business,170414.8,36.0,15.17,Delinquent,2026-01-29,5921.68,27.0,4.0,1.0,2.0,155018.43,15218.72,337.55,415.32,4371.78,Credit,132.95,IMPS,Groceries,Successful
T301664,2026-01-10,C100755,L200702,37.0,Male,Hyderabad,Telangana,Business Owner,55500.0,Mass,742.0,5,2,1,430100.0,0.583,Personal,165416.54,12.0,15.18,Closed,2025-10-05,14944.27,3.0,8.0,0.0,0.0,87706.33,76813.55,0.0,624.57,68782.18,Debit,1503.43,UPI,Groceries,Successful
T301970,2026-01-11,C100735,L200512,33.0,Male,Mangaluru,Karnataka,Salaried,46300.0,Mass,670.0,3,1,1,530300.0,0.304,Business,594288.03,24.0,17.74,Active,2025-11-15,29594.69,4.0,7.0,0.0,1.0,459632.18,133102.13,0.0,611.18,100965.14,Credit,5698.22,UPI,Groceries,Successful
T300318,2026-01-11,C100311,L200513,28.0,Male,Howrah,West Bengal,Salaried,68000.0,Mass,726.0,13,2,1,789100.0,0.29,Education,362647.02,24.0,10.13,Active,2026-01-10,16756.09,7.0,5.0,0.0,0.0,308189.73,53828.93,0.0,338.46,31450.64,Debit,18201.84,UPI,Education,Successful
T300568,2026-01-11,C100737,L200172,26.0,Male,New Delhi,Delhi,Salaried,41800.0,Affluent,638.0,5,3,0,583700.0,0.281,Education,171075.72,36.0,13.46,Written Off,2026-04-24,5802.19,6.0,2.0,0.0,0.0,191604.81,22895.39,0.0,143552.17,-67043.46,Credit,4415.17,Card,Shopping,Successful
T302179,2026-01-11,C100366,L200154,39.0,Male,Mangaluru,Karnataka,Salaried,56700.0,Affluent,701.0,7,1,1,293300.0,0.137,Personal,107152.74,36.0,14.35,Delinquent,2026-01-11,3680.47,24.0,4.0,1.0,2.0,97583.52,9458.8,741.82,618.79,3116.45,Debit,9127.83,NEFT,Education,Reversed
T300759,2026-01-11,C100692,L201699,37.0,Female,Kolkata,West Bengal,Contract,46100.0,Affluent,670.0,2,2,1,165300.0,0.296,Home,663963.66,240.0,7.88,Active,2026-03-31,5504.17,8.0,3.0,0.0,0.0,653230.52,10609.3,0.0,776.39,-43101.06,Debit,796.54,UPI,Healthcare,Successful
T301930,2026-01-11,C100677,,45.0,Female,Warangal,Telangana,Contract,70500.0,Mass Affluent,677.0,8,2,0,523300.0,0.293,,,,,,,,,,,,,,,,,Debit,4874.45,Net Banking,Shopping,Successful
T300545,2026-01-11,C100545,L201749,31.0,Male,Mysuru,Karnataka,Salaried,115800.0,SME,738.0,6,4,0,890200.0,0.149,Consumer Durable,150129.02,9.0,17.04,Active,2026-05-07,17887.61,8.0,1.0,0.0,1.0,138502.07,11492.79,0.0,565.56,-594.79,Debit,2237.1,IMPS,Restaurants,Successful
T300346,2026-01-12,C100061,L201399,29.0,Female,New Delhi,Delhi,Self-employed,81500.0,Affluent,732.0,5,5,0,709600.0,0.111,Consumer Durable,187510.35,9.0,16.76,Active,2025-11-16,22316.32,7.0,7.0,0.0,1.0,85971.07,100367.67,0.0,41.38,95174.52,Credit,1315.2,Card,Travel,Successful
T300589,2026-01-12,C100088,L201985,41.0,Female,Mangaluru,Karnataka,Salaried,90700.0,Mass,711.0,4,4,0,660200.0,0.22,Education,261807.14,36.0,9.97,Active,2026-03-02,8444.09,1.0,4.0,0.0,0.0,239852.5,21701.32,0.0,345.55,784.11,Debit,12223.37,UPI,Shopping,Failed
T300655,2026-01-12,C100035,L200971,45.0,Female,Warangal,Telangana,Salaried,88700.0,Affluent,668.0,9,4,2,827700.0,0.329,Consumer Durable,110437.44,9.0,18.26,Active,2025-09-08,13223.23,4.0,9.0,0.0,0.0,33081.57,76463.3,0.0,991.69,73152.78,Debit,1113.46,IMPS,Restaurants,Failed
T301730,2026-01-12,C100150,L201151,50.0,Male,Surat,Gujarat,Salaried,69600.0,Mass,692.0,3,2,0,748400.0,0.409,Business,602205.72,48.0,16.66,Active,2026-06-29,17270.92,1.0,1.0,0.0,0.0,590979.62,11096.57,0.0,294.4,-36257.82,Debit,1533.55,UPI,Restaurants,Successful
T300750,2026-01-13,C100645,L201738,33.0,Male,Kolkata,West Bengal,Self-employed,41200.0,Mass,741.0,6,3,0,535400.0,0.24,Business,276799.14,12.0,15.83,Active,2025-12-09,25091.96,3.0,6.0,0.0,1.0,178940.49,96729.51,0.0,799.75,89214.25,Debit,2619.91,NEFT,Shopping,Successful
T300804,2026-01-13,C100755,L200702,37.0,Male,Hyderabad,Telangana,Business Owner,55500.0,Mass,742.0,5,2,1,430100.0,0.583,Personal,165416.54,12.0,15.18,Closed,2025-10-05,14944.27,3.0,8.0,0.0,0.0,87706.33,76813.55,0.0,624.57,68782.18,Debit,915.92,UPI,Shopping,Successful
T301916,2026-01-13,C100120,L201937,38.0,Male,Mumbai,Maharashtra,Self-employed,55400.0,Mass Affluent,589.0,6,3,3,766000.0,0.494,Personal,107889.93,24.0,16.86,Active,2026-03-02,5327.07,2.0,4.0,0.0,0.0,94039.55,13690.56,0.0,194.01,5590.78,Debit,2039.6,UPI,Healthcare,Successful
T300433,2026-01-13,C100394,L200048,21.0,Male,New Delhi,Delhi,Business Owner,138000.0,SME,705.0,7,3,0,1693000.0,0.275,Personal,186001.78,12.0,14.78,Closed,2026-04-29,16768.9,1.0,2.0,0.0,1.0,164202.21,21548.04,0.0,17.42,4700.28,Debit,4639.33,UPI,Travel,Successful
T301778,2026-01-13,C100064,L200592,24.0,Female,Howrah,West Bengal,Business Owner,72500.0,Mass Affluent,803.0,7,4,0,563200.0,0.171,Education,272020.48,60.0,8.64,Active,2026-01-30,5599.29,3.0,5.0,0.0,0.0,253822.79,17987.72,0.0,309.86,-4392.27,Debit,1008.81,UPI,Restaurants,Failed
T300274,2026-01-14,C100079,L200853,38.0,Male,Kolkata,West Bengal,Self-employed,105500.0,Mass Affluent,708.0,6,5,1,1421900.0,0.169,Personal,129270.08,18.0,13.33,Active,2026-03-22,7963.25,1.0,3.0,0.0,0.0,113741.74,15349.17,0.0,898.9,9268.28,Debit,14792.74,IMPS,Restaurants,Successful
T302130,2026-01-14,C100158,L200122,42.0,Male,Kolkata,West Bengal,Self-employed,109800.0,Mass Affluent,782.0,5,5,2,828400.0,0.17,Personal,194601.15,36.0,13.22,Active,2025-09-30,6577.52,17.0,7.0,2.0,2.0,164673.43,29582.4,1149.93,975.71,15381.66,Debit,385.02,UPI,Shopping,Successful
T301734,2026-01-14,C100248,L200416,41.0,Male,New Delhi,Delhi,Salaried,57800.0,Affluent,618.0,4,3,1,658800.0,0.322,Personal,100307.02,18.0,16.84,Closed,2025-11-07,6344.84,62.0,4.0,3.0,4.0,83810.44,16306.23,750.55,232.12,13945.1,Credit,8613.11,NEFT,Shopping,Successful
T300167,2026-01-14,C100444,L202109,33.0,Female,Dwarka,Delhi,Salaried,79500.0,Mass,664.0,6,3,0,785500.0,0.422,Personal,177886.18,24.0,15.39,Delinquent,2025-12-25,8658.1,5.0,6.0,0.0,0.0,144119.58,33376.98,0.0,223.74,23928.91,Debit,6035.9,Net Banking,Restaurants,Successful
T300501,2026-01-14,C100493,L200497,44.0,Female,Mangaluru,Karnataka,Self-employed,76800.0,Mass Affluent,705.0,3,2,0,645000.0,0.577,Personal,123782.52,24.0,14.55,Default,2025-12-13,5975.37,11.0,5.0,1.0,1.0,138636.42,38046.49,182.88,91861.73,35228.95,Credit,952.66,UPI,Healthcare,Successful
T301101,2026-01-14,C100097,L200570,34.0,Male,Mysuru,Karnataka,Salaried,44500.0,Mass,,4,3,0,176200.0,0.179,Home,492710.56,180.0,8.31,Closed,2025-12-09,4797.2,16.0,5.0,1.0,1.0,477119.67,15411.0,357.98,249.22,-23204.25,Debit,2566.22,UPI,Groceries,Successful
T301783,2026-01-14,C100203,,34.0,Female,Mysuru,Karnataka,Self-employed,116000.0,Mass,740.0,5,3,1,937400.0,0.239,,,,,,,,,,,,,,,,,Debit,2604.03,UPI,Travel,Successful
T300418,2026-01-14,C100122,L202189,34.0,Female,Mangaluru,Karnataka,Self-employed,69100.0,Affluent,700.0,9,3,1,442300.0,0.601,Personal,89654.03,12.0,14.16,Closed,2026-06-29,8056.53,0.0,1.0,0.0,0.0,84417.29,5176.32,0.0,217.37,-1422.8,Debit,1483.55,UPI,Utilities,Successful
T301874,2026-01-15,C100062,L201020,54.0,Female,New Delhi,Delhi,Salaried,63200.0,Affluent,714.0,5,2,2,547300.0,0.388,Personal,156965.66,24.0,15.74,Closed,2026-04-20,7666.04,3.0,2.0,0.0,0.0,146999.81,9850.86,0.0,668.44,2924.37,Debit,5603.14,Net Banking,Groceries,Successful
T300337,2026-01-15,C100621,L200485,48.0,Male,Pune,Maharashtra,Business Owner,94400.0,Mass Affluent,705.0,4,1,0,1175900.0,0.124,Home,769061.42,240.0,7.68,Active,2025-07-29,6280.43,23.0,10.0,1.0,1.0,728238.65,40351.74,301.05,80.5,-17773.96,Credit,1735.33,NEFT,Groceries,Successful
T301500,2026-01-15,C100325,L200124,36.0,Female,Madurai,Tamil Nadu,Contract,26600.0,Mass Affluent,718.0,4,2,0,356900.0,0.499,Business,259885.08,60.0,15.69,Delinquent,2026-02-16,6277.17,5.0,4.0,0.0,0.0,243564.43,16132.34,0.0,486.7,-2004.07,Credit,1074.68,IMPS,Restaurants,Successful
T301102,2026-01-15,C100039,L201858,49.0,Male,Kolkata,West Bengal,Salaried,55300.0,Mass,762.0,5,2,0,346600.0,0.149,Consumer Durable,57480.13,12.0,15.97,Active,2025-11-01,5214.41,4.0,8.0,0.0,0.0,30365.22,26802.04,0.0,622.86,27193.08,Debit,914.5,NEFT,Healthcare,Successful
T301078,2026-01-15,C100567,L201562,54.0,Male,Nizamabad,Telangana,Business Owner,162600.0,Mass,767.0,7,6,0,833700.0,0.6,Business,1262805.58,48.0,15.61,Delinquent,2025-09-20,35536.54,12.0,8.0,1.0,1.0,1078015.6,182657.79,454.68,310.94,95295.34,Debit,4976.81,UPI,Travel,Failed
T300894,2026-01-15,C100745,L201390,56.0,Female,Nagpur,Maharashtra,Self-employed,106100.0,Mass Affluent,704.0,5,3,0,550500.0,0.225,Auto,861129.61,48.0,9.8,Closed,2026-01-01,21757.85,17.0,5.0,1.0,1.0,790416.58,69897.11,639.43,970.75,7925.57,Credit,6473.23,UPI,Healthcare,Successful
T300217,2026-01-16,C100619,L200806,58.0,Female,Warangal,Telangana,Salaried,98700.0,Affluent,741.0,2,2,0,338000.0,0.255,Consumer Durable,52947.1,6.0,17.57,Closed,2026-06-29,9282.21,5.0,1.0,0.0,0.0,46913.66,5963.82,0.0,301.37,5434.46,Credit,1469.73,NEFT,Travel,Successful
T300441,2026-01-16,C100732,L201354,27.0,Male,Nagpur,Maharashtra,Salaried,122400.0,Mass,,2,2,0,848400.0,0.615,Business,641498.54,48.0,17.23,Closed,2025-07-03,18586.89,6.0,12.0,0.0,0.0,496520.8,143304.92,0.0,927.13,104352.07,Credit,1874.98,UPI,Utilities,Failed
T302110,2026-01-16,C100440,L202130,34.0,Male,Hyderabad,Telangana,Self-employed,62500.0,Mass,790.0,8,5,0,415300.0,0.261,Personal,118875.03,24.0,14.14,Active,2026-05-31,5715.4,6.0,1.0,0.0,0.0,115160.02,3672.14,0.0,133.34,-7043.92,Credit,3283.99,NEFT,Shopping,Successful
T301184,2026-01-16,C100276,L201378,36.0,Male,Mangaluru,Karnataka,Salaried,77000.0,Mass,732.0,3,3,1,620900.0,0.369,Business,556892.19,36.0,18.21,Active,2025-10-18,20191.7,5.0,8.0,0.0,0.0,451895.34,103785.35,0.0,88.05,66988.54,Debit,1454.55,Net Banking,Restaurants,Successful
T301376,2026-01-16,C100545,L201749,31.0,Male,Mysuru,Karnataka,Salaried,115800.0,SME,738.0,6,4,0,890200.0,0.149,Consumer Durable,150129.02,9.0,17.04,Active,2026-05-07,17887.61,8.0,1.0,0.0,1.0,138502.07,11492.79,0.0,565.56,-594.79,Credit,2068.69,IMPS,Utilities,Successful
T301073,2026-01-16,C100165,L201084,39.0,Male,Mangaluru,Karnataka,Self-employed,130500.0,SME,680.0,6,4,0,1104800.0,0.1,Personal,267194.06,18.0,15.17,Active,2026-05-19,16690.23,8.0,1.0,0.0,1.0,256345.41,10723.47,0.0,860.08,-11835.26,Debit,1728.51,IMPS,Travel,Successful
T301530,2026-01-17,C100436,L202026,39.0,Female,Rohini,Delhi,Salaried,162200.0,Mass,710.0,3,3,0,1074400.0,0.574,Auto,982422.07,36.0,9.86,Closed,2026-05-07,31635.46,2.0,1.0,0.0,1.0,961859.02,20325.78,0.0,541.07,-56416.12,Debit,2312.12,NEFT,Healthcare,Successful
T300021,2026-01-17,C100504,L200148,40.0,Male,Siliguri,West Bengal,Self-employed,110600.0,Mass,738.0,8,2,0,1143600.0,0.125,Personal,183833.33,18.0,13.46,Delinquent,2026-03-06,11335.61,6.0,3.0,0.0,0.0,161728.89,21849.39,0.0,189.89,8078.9,Debit,3141.24,IMPS,Groceries,Reversed
T301256,2026-01-17,C100487,L200483,44.0,Female,Pune,Maharashtra,Salaried,57700.0,Mass,680.0,3,3,0,356800.0,0.273,Business,436783.48,24.0,17.87,Active,2026-01-06,21778.6,8.0,5.0,0.0,0.0,366003.04,69963.74,0.0,969.75,44525.46,Debit,3043.7,Net Banking,Healthcare,Successful
T301622,2026-01-17,C100034,L201817,33.0,Female,Mumbai,Maharashtra,Salaried,83800.0,Mass Affluent,642.0,3,3,0,694500.0,0.262,Auto,416157.82,36.0,11.06,Delinquent,2026-01-24,13636.3,19.0,4.0,1.0,1.0,380703.44,35045.29,204.98,819.23,3992.33,Debit,479.71,UPI,Education,Failed
T301657,2026-01-17,C100253,L201975,37.0,Male,Rohini,Delhi,Salaried,47200.0,Mass,730.0,7,3,1,634400.0,0.229,Education,184030.3,36.0,9.66,Active,2026-02-12,5908.81,5.0,4.0,0.0,0.0,168667.4,15185.63,0.0,337.43,-1971.58,Debit,6588.82,IMPS,Education,Successful
T300699,2026-01-17,C100275,,32.0,Female,Chennai,Tamil Nadu,Business Owner,408100.0,Affluent,758.0,3,2,1,4406500.0,0.179,,,,,,,,,,,,,,,,,Debit,1404.57,Net Banking,Travel,Successful
T301284,2026-01-18,C100305,L201127,38.0,Male,Nagpur,Maharashtra,Contract,92700.0,Mass,672.0,4,3,1,1053400.0,0.651,Auto,330479.78,48.0,10.08,Active,2026-02-22,8394.52,1.0,4.0,0.0,0.0,308654.02,21573.93,0.0,358.61,-681.15,Debit,230.84,Card,Healthcare,Successful
T301025,2026-01-19,C100034,L201817,33.0,Female,Mumbai,Maharashtra,Salaried,83800.0,Mass Affluent,642.0,3,3,0,694500.0,0.262,Auto,416157.82,36.0,11.06,Delinquent,2026-01-24,13636.3,19.0,4.0,1.0,1.0,380703.44,35045.29,204.98,819.23,3992.33,Credit,3852.64,Net Banking,Restaurants,Successful
T300720,2026-01-19,C100428,,33.0,Male,Mysuru,Karnataka,Contract,52200.0,Mass Affluent,698.0,5,5,0,614300.0,0.148,,,,,,,,,,,,,,,,,Debit,1320.56,Card,Healthcare,Successful
T300296,2026-01-19,C100100,L200375,46.0,Other,Surat,Gujarat,Retired,45700.0,Mass Affluent,702.0,6,4,1,177300.0,0.516,Personal,67838.76,24.0,16.18,Active,2026-05-03,3327.43,9.0,1.0,0.0,0.0,65675.93,2137.88,0.0,51.14,-6783.67,Credit,873.84,UPI,Restaurants,Successful
T301014,2026-01-20,C100408,L200863,41.0,Male,Hyderabad,Telangana,Contract,57700.0,Mass Affluent,685.0,3,3,0,745400.0,0.374,Home,543373.56,300.0,7.91,Active,2026-06-13,4161.5,5.0,1.0,0.0,0.0,540668.58,2673.76,0.0,851.01,-37483.42,Debit,975.65,UPI,Groceries,Successful
T300364,2026-01-20,C100594,L202187,35.0,Female,Nizamabad,Telangana,Self-employed,106300.0,Mass,667.0,4,4,0,1025600.0,0.459,Auto,391896.7,60.0,11.99,Active,2026-06-11,8715.55,7.0,1.0,0.0,0.0,386231.6,5599.74,0.0,583.86,-25956.25,Debit,3915.14,IMPS,Travel,Successful
T302153,2026-01-20,C100560,L200049,43.0,Male,Dwarka,Delhi,Self-employed,70600.0,Mass,,3,3,0,383200.0,0.233,Auto,224548.76,72.0,10.08,Active,2026-02-04,4169.02,32.0,3.0,1.0,1.0,216419.17,8035.78,310.39,531.47,-10319.0,Credit,344.98,Net Banking,Groceries,Successful
T300559,2026-01-20,C100255,L200758,50.0,Male,Surat,Gujarat,Salaried,32900.0,Mass,766.0,8,5,0,335500.0,0.228,Personal,48570.9,18.0,12.23,Delinquent,2026-03-25,2967.14,4.0,3.0,0.0,0.0,42784.97,5719.17,0.0,62.47,1161.43,Debit,1992.2,UPI,Travel,Successful
T300542,2026-01-20,C100627,L201782,30.0,Female,Chennai,Tamil Nadu,Business Owner,76500.0,Mass,665.0,5,3,0,253000.0,0.275,Auto,313555.62,60.0,11.65,Delinquent,2025-12-11,6919.54,26.0,5.0,1.0,1.0,291067.11,22229.03,290.54,116.93,-3867.96,Credit,971.53,IMPS,Travel,Reversed
T301007,2026-01-21,C100347,L201732,43.0,Male,Chennai,Tamil Nadu,Contract,75400.0,Affluent,694.0,2,2,0,403000.0,0.529,Auto,295552.29,48.0,10.57,Active,2025-09-15,7577.13,9.0,9.0,0.0,0.0,251226.06,43814.77,0.0,368.86,28757.76,Credit,3483.81,NEFT,,Successful
T300722,2026-01-21,C100424,L202057,36.0,Female,Dwarka,Delhi,Salaried,62900.0,Mass Affluent,799.0,9,4,2,867600.0,0.465,Personal,88225.08,18.0,12.74,Active,2025-07-12,5410.52,17.0,10.0,1.0,1.0,53056.68,34762.61,566.7,17.44,33052.03,Debit,2481.31,NEFT,Healthcare,Successful
T301718,2026-01-22,C100686,L200453,43.0,Male,Madurai,Tamil Nadu,Salaried,73800.0,Mass,644.0,5,5,0,428200.0,0.152,Auto,231993.73,48.0,11.92,Active,2026-02-20,6100.18,8.0,4.0,0.0,0.0,216133.27,15677.45,0.0,373.51,974.55,Credit,,UPI,Education,Successful
T301717,2026-01-22,C100178,L200636,34.0,Male,Nizamabad,Telangana,Retired,43200.0,Mass,686.0,4,2,0,367600.0,0.38,Personal,61101.65,18.0,16.31,Closed,2025-10-16,3849.59,5.0,8.0,0.0,0.0,41083.78,19786.89,0.0,432.91,13010.17,Debit,23207.58,Net Banking,Shopping,Successful
T301479,2026-01-22,C100302,L200258,21.0,Female,Warangal,Telangana,Salaried,89200.0,Mass,696.0,4,2,1,410900.0,0.071,Education,204894.09,48.0,9.54,Delinquent,2025-07-30,5151.5,55.0,8.0,3.0,4.0,178106.31,26478.69,871.5,671.77,11330.71,Debit,5932.85,UPI,Travel,Successful
T301307,2026-01-22,C100195,L201605,38.0,Male,Coimbatore,Tamil Nadu,Salaried,33600.0,SME,772.0,5,5,0,250200.0,0.183,Education,94449.67,36.0,9.3,Active,2025-12-26,3016.68,2.0,6.0,0.0,0.0,82684.62,11629.3,0.0,491.61,5659.78,Credit,5272.96,UPI,Shopping,Successful
T300585,2026-01-22,C100217,L201265,40.0,Male,Warangal,Telangana,Salaried,65900.0,Mass Affluent,647.0,5,4,0,416000.0,0.507,Consumer Durable,46491.02,12.0,18.54,Active,2026-05-13,4274.25,0.0,1.0,0.0,0.0,43712.76,2746.21,0.0,610.96,2314.49,Debit,934.86,UPI,Education,Successful
T300977,2026-01-23,C100350,L200386,29.0,Male,Warangal,Telangana,Salaried,84900.0,Affluent,705.0,2,2,0,515000.0,0.457,Personal,75272.62,18.0,14.46,Active,2026-04-14,4676.76,5.0,2.0,0.0,0.0,69192.83,6009.64,0.0,245.93,-1539.45,Debit,2589.71,NEFT,Restaurants,Successful
T300426,2026-01-23,C100718,L201940,42.0,Male,Vadodara,Gujarat,Salaried,137500.0,SME,764.0,7,4,0,877200.0,0.498,Personal,377147.49,24.0,14.77,Active,2025-09-12,18245.43,6.0,9.0,0.0,0.0,270411.72,105504.21,0.0,502.3,82620.5,Debit,643.19,Net Banking,Travel,Successful
T301431,2026-01-23,C100789,L201843,43.0,Female,Chennai,Tamil Nadu,Business Owner,118600.0,Mass,760.0,6,4,0,594400.0,0.448,Auto,811755.77,36.0,9.06,Delinquent,2026-03-20,25836.29,31.0,2.0,1.0,1.0,778168.59,33199.63,223.72,243.5,-29306.84,Credit,2902.64,UPI,Groceries,Successful
T301146,2026-01-23,C100096,L201241,64.0,Male,Surat,Gujarat,Self-employed,93100.0,Affluent,696.0,4,1,2,914000.0,0.154,Consumer Durable,89569.06,6.0,18.37,Delinquent,2026-02-14,15738.14,9.0,4.0,0.0,2.0,48649.89,40447.02,0.0,417.41,33633.46,Debit,2384.14,IMPS,Utilities,Successful
T301925,2026-01-23,C100656,L202139,33.0,Male,Hyderabad,Telangana,Salaried,19900.0,Mass,707.0,4,4,2,251300.0,0.217,Personal,51180.64,36.0,16.27,Closed,2026-01-16,1806.19,3.0,5.0,0.0,0.0,45310.52,5802.38,0.0,996.75,83.23,Debit,2715.64,Net Banking,Healthcare,Reversed
T300260,2026-01-23,C100679,L200528,30.0,Male,Mysuru,Karnataka,Salaried,72300.0,Mass Affluent,675.0,3,3,1,911100.0,0.215,Home,749590.54,120.0,9.35,Active,2026-06-01,9638.06,7.0,1.0,0.0,0.0,743325.8,6192.46,0.0,335.92,-49827.11,Credit,402.46,IMPS,Groceries,Successful
T302032,2026-01-23,C100779,L200542,31.0,Male,New Delhi,Delhi,Business Owner,60300.0,SME,724.0,3,3,0,237000.0,0.312,Business,285350.65,60.0,15.12,Active,2025-12-28,6806.46,8.0,6.0,0.0,0.0,258805.46,26238.9,0.0,444.46,9834.38,Credit,7496.67,Net Banking,Utilities,Successful
T301780,2026-01-23,C100288,L200701,36.0,Female,Siliguri,West Bengal,Salaried,68000.0,Affluent,719.0,3,3,0,298200.0,0.24,Business,355117.87,24.0,16.16,Active,2025-07-12,17414.84,13.0,10.0,1.0,1.0,241921.43,111890.32,711.35,437.45,89094.03,Debit,2389.79,NEFT,Utilities,Successful
T301661,2026-01-23,C100581,L201601,31.0,Female,Mumbai,Maharashtra,Self-employed,57500.0,Mass Affluent,754.0,5,4,0,581100.0,0.603,Auto,366982.64,48.0,9.63,Active,2025-12-22,9242.55,15.0,5.0,1.0,1.0,336944.34,29691.71,571.09,2.25,2504.53,Debit,5816.21,UPI,Travel,Successful
T301407,2026-01-24,C100424,L202057,36.0,Female,Dwarka,Delhi,Salaried,62900.0,Mass Affluent,799.0,9,4,2,867600.0,0.465,Personal,88225.08,18.0,12.74,Active,2025-07-12,5410.52,17.0,10.0,1.0,1.0,53056.68,34762.61,566.7,17.44,33052.03,Credit,1266.3,IMPS,Shopping,Successful
T300547,2026-01-24,C100015,L202017,63.0,Female,New Delhi,Delhi,Salaried,48600.0,Mass,681.0,6,3,0,542900.0,0.112,Consumer Durable,48659.47,12.0,16.68,Active,2026-05-12,4430.59,3.0,1.0,0.0,0.0,45779.59,2846.65,0.0,408.81,-849.68,Debit,6742.56,Net Banking,Shopping,Failed
T300482,2026-01-24,C100098,L201891,33.0,Female,Kolkata,West Bengal,Salaried,35400.0,Mass,671.0,1,1,0,426700.0,0.216,Consumer Durable,27210.72,12.0,20.28,Closed,2025-12-01,2524.3,5.0,7.0,0.0,0.0,15725.16,11353.04,0.0,989.81,11488.41,Credit,2890.57,IMPS,Restaurants,Successful
T301130,2026-01-24,C100732,L201354,27.0,Male,Nagpur,Maharashtra,Salaried,122400.0,Mass,730.0,2,2,0,848400.0,0.615,Business,641498.54,48.0,17.23,Closed,2025-07-03,18586.89,6.0,12.0,0.0,0.0,496520.8,143304.92,0.0,927.13,104352.07,Debit,1845.19,Card,Healthcare,Successful
T300190,2026-01-24,C100102,L201153,34.0,Male,Mangaluru,Karnataka,Business Owner,112700.0,Mass,714.0,2,2,1,1527200.0,0.462,Auto,450306.16,48.0,10.11,Active,2025-08-06,11444.73,0.0,10.0,0.0,0.0,375915.41,73532.39,0.0,52.38,49641.38,Debit,55378.00834570842,IMPS,,Successful
T301172,2026-01-24,C100381,L201150,26.0,Female,Siliguri,West Bengal,Self-employed,161500.0,Affluent,830.0,5,2,0,1372200.0,0.29,Home,1484543.09,300.0,7.0,Delinquent,2025-08-06,10492.44,44.0,7.0,3.0,4.0,1436802.48,47189.76,652.34,546.81,-68101.69,Credit,2301.1,NEFT,Travel,Successful
T300985,2026-01-24,C100051,L201668,34.0,Female,Chennai,Tamil Nadu,Salaried,50200.0,Mass,717.0,5,4,0,428100.0,0.463,Home,707460.36,180.0,9.25,Active,2026-06-20,7281.13,1.0,1.0,0.0,1.0,702727.63,4678.12,0.0,534.95,-51495.41,Debit,6500.11,IMPS,Restaurants,Successful
T300908,2026-01-24,C100326,L201261,42.0,Male,Mysuru,Karnataka,Self-employed,105300.0,Mass Affluent,695.0,7,3,0,1033800.0,0.221,Home,1216485.52,120.0,7.0,Delinquent,2026-04-08,14124.43,7.0,2.0,0.0,0.0,1198123.76,18149.89,0.0,418.37,-77881.98,Debit,3085.54,UPI,Travel,Successful
T302027,2026-01-24,C100094,L201305,45.0,Male,Coimbatore,Tamil Nadu,Salaried,73000.0,Mass,631.0,5,1,0,361400.0,0.285,Business,671241.89,24.0,18.67,Active,2026-05-09,33728.85,8.0,1.0,0.0,1.0,649318.14,21670.79,0.0,72.29,-29715.42,Debit,1128.82,UPI,Restaurants,Successful
T301831,2026-01-24,C100709,L200654,31.0,Male,Mangaluru,Karnataka,Salaried,54100.0,Mass,674.0,3,2,1,545400.0,0.444,Personal,113821.23,24.0,15.83,Delinquent,2026-02-02,5563.8,52.0,2.0,2.0,2.0,106588.29,7149.48,416.36,714.61,-939.32,Debit,1185.61,IMPS,Education,Successful
T300780,2026-01-25,C100155,L201881,50.0,Male,Kolkata,West Bengal,Salaried,260900.0,SME,733.0,4,4,0,3645000.0,0.385,Consumer Durable,209313.09,6.0,17.72,Active,2025-08-25,36710.54,23.0,9.0,1.0,2.0,0.0,215272.63,174.04,0.0,216885.81,Credit,2739.72,UPI,Utilities,Successful
T301752,2026-01-25,C100286,L201796,50.0,Female,Nagpur,Maharashtra,Salaried,82400.0,Affluent,738.0,5,5,1,656000.0,0.364,Business,447154.61,36.0,14.92,Active,2025-07-09,15483.25,7.0,11.0,0.0,0.0,336449.38,109427.86,0.0,760.07,78470.34,Credit,10556.27,Net Banking,Education,Successful
T301988,2026-01-25,C100165,L201084,39.0,Male,Mangaluru,Karnataka,Self-employed,130500.0,SME,680.0,6,4,0,1104800.0,0.1,Personal,267194.06,18.0,15.17,Active,2026-05-19,16690.23,8.0,1.0,0.0,1.0,256345.41,10723.47,0.0,860.08,-11835.26,Debit,22644.92,UPI,Restaurants,Successful
T301720,2026-01-25,C100227,L200808,30.0,Male,Dwarka,Delhi,Salaried,86100.0,SME,736.0,5,1,0,611100.0,0.273,Education,596182.77,60.0,9.43,Active,2025-12-13,12500.56,0.0,6.0,0.0,0.0,547430.57,48189.67,0.0,269.22,2770.92,Credit,2003.4,NEFT,Restaurants,Failed
T300608,2026-01-25,C100015,L202017,63.0,Female,New Delhi,Delhi,Salaried,48600.0,Mass,681.0,6,3,0,542900.0,0.112,Consumer Durable,48659.47,12.0,16.68,Active,2026-05-12,4430.59,3.0,1.0,0.0,0.0,45779.59,2846.65,0.0,408.81,-849.68,Debit,557.25,Card,Restaurants,Successful
T301908,2026-01-26,C100604,L201598,21.0,Male,Nagpur,Maharashtra,Business Owner,161700.0,Mass,755.0,5,3,0,2131000.0,0.384,Business,684188.65,36.0,15.82,Active,2026-03-16,23993.29,2.0,3.0,0.0,0.0,637401.74,46247.06,0.0,123.77,-7884.68,Debit,882.62,Net Banking,Restaurants,Successful
T300209,2026-01-26,C100036,L201204,32.0,Male,New Delhi,Delhi,Salaried,35100.0,Mass Affluent,669.0,8,3,0,322400.0,0.215,Home,314900.73,300.0,8.39,Active,2026-06-30,2512.37,9.0,1.0,0.0,0.0,313267.69,1614.19,0.0,8.59,-26255.87,Debit,807.86,NEFT,Restaurants,Successful
T301111,2026-01-26,C100774,L200893,43.0,Male,Mangaluru,Karnataka,Contract,64800.0,Affluent,686.0,6,1,0,631700.0,0.687,Consumer Durable,50230.07,6.0,17.94,Active,2025-07-03,8815.14,7.0,12.0,0.0,0.0,0.0,78155.17,0.0,0.0,74533.3,Debit,8823.19,Net Banking,Restaurants,Successful
T301276,2026-01-26,C100198,L200623,58.0,Male,Kolkata,West Bengal,Contract,52000.0,Mass,800.0,9,3,0,454400.0,0.445,Business,131362.04,48.0,14.53,Closed,2025-12-28,3624.68,5.0,6.0,0.0,0.0,117225.77,13973.16,0.0,674.68,2699.47,Debit,1279.68,UPI,Healthcare,Reversed
T301638,2026-01-26,C100539,L200464,34.0,Female,Nizamabad,Telangana,Salaried,211900.0,Affluent,767.0,4,3,1,2816800.0,0.251,Consumer Durable,103357.03,6.0,15.89,Closed,2026-02-14,18033.28,5.0,4.0,0.0,0.0,56470.49,46345.54,0.0,402.33,42921.3,Debit,2065.07,UPI,Groceries,Successful
T301886,2026-01-26,C100479,L200210,21.0,Male,Rohini,Delhi,Self-employed,139000.0,Affluent,721.0,4,1,0,1054300.0,0.215,Auto,458043.96,72.0,8.47,Active,2026-03-17,8136.52,2.0,3.0,0.0,0.0,442177.75,15683.14,0.0,180.41,-19566.74,Debit,5410.84,NEFT,Groceries,Successful
T301375,2026-01-27,C100154,L201164,43.0,Female,Vadodara,Gujarat,Self-employed,124100.0,Mass,815.0,5,3,0,484600.0,0.34,Business,621795.29,48.0,13.61,Closed,2025-12-10,16870.08,2.0,6.0,0.0,0.0,556001.98,65034.16,0.0,955.86,18148.53,Debit,771.78,NEFT,Restaurants,Successful
T301254,2026-01-27,C100310,L200332,42.0,Female,Coimbatore,Tamil Nadu,Salaried,92000.0,Mass,692.0,7,2,0,658700.0,0.03,Home,469782.77,120.0,8.34,Active,2025-09-11,5784.51,0.0,9.0,0.0,1.0,435943.38,33448.93,0.0,796.41,4238.41,Credit,466.57,IMPS,Healthcare,Successful
T301905,2026-01-27,C100778,L201349,42.0,Male,Siliguri,West Bengal,Salaried,34300.0,Affluent,642.0,4,3,0,424000.0,0.178,Auto,183683.46,48.0,12.28,Closed,2026-06-19,4862.38,2.0,1.0,0.0,0.0,180522.91,3124.08,0.0,909.64,-13533.49,Debit,4573.75,IMPS,Utilities,Successful
T302092,2026-01-28,C100286,L201796,50.0,Female,Nagpur,Maharashtra,Salaried,82400.0,Affluent,738.0,5,5,1,656000.0,0.364,Business,447154.61,36.0,14.92,Active,2025-07-09,15483.25,7.0,11.0,0.0,0.0,336449.38,109427.86,0.0,760.07,78470.34,Debit,1282.77,Net Banking,Education,Successful
T300067,2026-01-28,C100798,L201360,37.0,Female,Ahmedabad,Gujarat,Salaried,26800.0,Mass,633.0,5,2,1,306700.0,0.194,Personal,36986.21,36.0,17.69,Active,2026-01-25,1331.4,6.0,5.0,0.0,0.0,32659.18,4277.11,0.0,672.3,1223.86,Debit,993.97,IMPS,Travel,Successful
T301569,2026-01-28,C100503,L200554,52.0,Female,Mangaluru,Karnataka,Contract,70500.0,Affluent,633.0,8,2,0,607800.0,0.453,Personal,142006.36,18.0,16.64,Active,2025-08-09,8969.03,8.0,10.0,0.0,1.0,83707.68,57626.01,0.0,448.45,49752.99,Credit,5350.88,Net Banking,Groceries,Successful
T301126,2026-01-28,C100616,L200276,22.0,Male,Pune,Maharashtra,Business Owner,194700.0,Affluent,750.0,4,3,0,2030100.0,0.387,Business,1241098.13,60.0,16.17,Active,2025-10-05,30293.31,5.0,8.0,0.0,0.0,1083572.9,155707.63,0.0,607.34,67664.97,Credit,566.62,UPI,Travel,Successful
T301822,2026-01-28,C100096,L201241,64.0,Male,Surat,Gujarat,Self-employed,93100.0,Affluent,696.0,4,1,2,914000.0,0.154,Consumer Durable,89569.06,6.0,18.37,Delinquent,2026-02-14,15738.14,9.0,4.0,0.0,2.0,48649.89,40447.02,0.0,417.41,33633.46,Credit,1136.72,UPI,Groceries,Successful
T300572,2026-01-28,C100685,L200581,49.0,Female,Mysuru,Karnataka,Self-employed,152300.0,Mass Affluent,741.0,7,2,1,732200.0,0.153,Personal,229868.77,36.0,14.01,Delinquent,2026-01-09,7857.49,5.0,5.0,0.0,0.0,204331.94,25242.17,0.0,662.82,7829.78,Credit,1264.85,UPI,Utilities,Successful
T301127,2026-01-29,C100549,L200068,29.0,Female,Howrah,West Bengal,Business Owner,71300.0,Mass,723.0,5,2,0,638300.0,0.195,Business,348044.68,48.0,16.95,Closed,2025-11-02,10033.84,11.0,7.0,1.0,1.0,302390.69,45127.21,506.26,116.75,14481.56,Debit,1571.62,UPI,Education,Successful
T300590,2026-01-29,C100666,L201258,32.0,Female,Vadodara,Gujarat,Business Owner,82700.0,Mass Affluent,799.0,1,1,0,896300.0,0.153,Home,939824.64,240.0,7.0,Active,2026-06-14,7286.45,9.0,1.0,0.0,0.0,935088.45,4681.54,0.0,625.77,-71538.96,Debit,4634.45,UPI,Travel,Failed
T300124,2026-01-29,C100229,L201351,51.0,Female,Surat,Gujarat,Self-employed,51800.0,Affluent,589.0,4,2,1,434800.0,0.373,Education,171627.5,48.0,12.97,Delinquent,2026-03-19,4601.78,45.0,0.0,3.0,3.0,171627.5,0.0,1540.8,146.17,-12572.17,Debit,15630.2,Net Banking,Shopping,Successful
T300639,2026-01-29,C100180,L201222,33.0,Male,Coimbatore,Tamil Nadu,Business Owner,102200.0,Mass,666.0,5,5,0,908000.0,0.21,Education,233339.55,60.0,11.33,Closed,2025-09-02,5111.85,3.0,10.0,0.0,0.0,200112.5,32843.66,0.0,916.32,12658.75,Debit,1598.38,IMPS,Restaurants,Successful
T300837,2026-01-29,C100538,L200920,39.0,Female,Rohini,Delhi,Salaried,78800.0,Mass Affluent,655.0,10,2,0,917300.0,0.223,Business,741651.89,24.0,18.23,Closed,2026-03-13,37108.78,1.0,3.0,0.0,0.0,669289.77,71527.17,0.0,252.39,14555.07,Debit,2343.15,Net Banking,Shopping,Successful
T302074,2026-01-30,C100528,,33.0,Male,New Delhi,Delhi,Retired,55300.0,Mass Affluent,679.0,5,1,1,476100.0,0.173,,,,,,,,,,,,,,,,,Credit,4130.69,UPI,Education,Successful
T300229,2026-01-30,C100644,L201131,62.0,Female,Chennai,Tamil Nadu,Salaried,90000.0,Mass,689.0,7,4,0,401600.0,0.544,Personal,207658.02,24.0,14.06,Active,2026-03-31,9976.15,2.0,3.0,0.0,0.0,188204.53,19229.02,0.0,238.37,7769.94,Debit,378.68,UPI,Education,Successful
T300503,2026-01-30,C100628,L200970,37.0,Male,New Delhi,Delhi,Salaried,79900.0,Mass,584.0,4,4,1,893300.0,0.631,Auto,191313.55,36.0,14.23,Active,2025-10-22,6560.04,17.0,7.0,1.0,1.0,161465.39,29503.76,694.04,306.8,21345.66,Debit,1561.79,NEFT,Restaurants,Successful
T301390,2026-01-30,C100623,L201709,38.0,Female,Rohini,Delhi,Retired,50700.0,Mass Affluent,719.0,3,3,0,241300.0,0.412,Consumer Durable,43441.59,6.0,18.09,Active,2025-09-05,7627.04,17.0,8.0,1.0,2.0,3780.97,39203.0,508.25,730.77,38572.79,Debit,2668.64,IMPS,Shopping,Successful
T301922,2026-01-30,C100783,L201068,39.0,Male,Warangal,Telangana,Salaried,76100.0,Mass,825.0,5,2,0,1046800.0,0.081,Auto,571355.52,60.0,7.7,Active,2025-10-03,11503.17,2.0,9.0,0.0,0.0,504061.97,66517.09,0.0,658.83,24498.69,Credit,835.08,UPI,Restaurants,Successful
T302030,2026-01-31,C100618,L201642,31.0,Male,Surat,Gujarat,Salaried,79500.0,Mass Affluent,722.0,8,2,0,690300.0,0.293,Personal,181084.89,18.0,15.74,Active,2026-03-03,11360.11,4.0,3.0,0.0,0.0,158932.68,21896.61,0.0,801.31,7530.57,Credit,2889.06,NEFT,Travel,Successful
T302008,2026-01-31,C100415,L202154,33.0,Male,Surat,Gujarat,Salaried,121000.0,Mass,608.0,6,6,1,791900.0,0.433,Consumer Durable,246826.29,6.0,21.59,Closed,2026-01-06,43766.68,2.0,5.0,0.0,0.0,104584.59,140600.45,0.0,357.22,131303.6,Debit,2360.63,UPI,Restaurants,Successful
T301174,2026-01-31,C100231,L201701,28.0,Male,Bengaluru,Karnataka,Salaried,72000.0,Mass Affluent,774.0,5,5,2,932700.0,0.407,Business,430935.2,36.0,15.28,Active,2025-08-11,14997.67,8.0,10.0,0.0,0.0,333450.37,96360.01,0.0,176.22,64707.44,Debit,1275.84,NEFT,Restaurants,Reversed
T301746,2026-01-31,C100107,,48.0,Female,Bengaluru,Karnataka,Salaried,48600.0,Mass Affluent,744.0,5,5,1,239300.0,0.368,,,,,,,,,,,,,,,,,Credit,1817.75,Card,Travel,Successful
T300840,2026-02-01,C100557,L201470,49.0,Female,Hyderabad,Telangana,Salaried,60000.0,Mass Affluent,740.0,4,3,0,361800.0,0.21,Personal,50844.59,12.0,13.21,Closed,2026-01-28,4546.31,9.0,5.0,0.0,0.0,36069.08,14605.02,0.0,48.12,12498.02,Debit,943.14,Net Banking,Utilities,Successful
T301617,2026-02-01,C100644,L201131,62.0,Female,Chennai,Tamil Nadu,Salaried,90000.0,Mass,689.0,7,4,0,401600.0,0.544,Personal,207658.02,24.0,14.06,Active,2026-03-31,9976.15,2.0,3.0,0.0,0.0,188204.53,19229.02,0.0,238.37,7769.94,Debit,1013.16,UPI,Healthcare,Successful
T301682,2026-02-01,C100668,L200108,49.0,Male,Ahmedabad,Gujarat,Retired,45600.0,Mass,645.0,8,3,0,519300.0,0.496,Auto,234129.93,60.0,11.36,Active,2025-10-18,5132.69,18.0,7.0,1.0,1.0,210776.2,23084.26,540.24,728.11,8931.41,Debit,2358.12,Card,Healthcare,Successful
T300378,2026-02-01,C100603,L201925,35.0,Male,Ahmedabad,Gujarat,Contract,44300.0,SME,666.0,7,2,0,151500.0,0.287,Auto,340289.14,60.0,10.76,Active,2025-08-07,7358.05,7.0,10.0,0.0,0.0,292461.84,47275.45,0.0,267.21,23361.93,Credit,1320.09,IMPS,Healthcare,Successful
T302014,2026-02-01,C100540,L201165,35.0,Male,Vadodara,Gujarat,Contract,88100.0,Mass,696.0,2,2,1,630900.0,0.141,Home,1145705.12,300.0,9.46,Active,2026-05-06,9978.15,0.0,1.0,0.0,1.0,1139219.32,6410.96,0.0,911.43,-82774.3,Debit,5732.2,IMPS,Travel,Successful
T301038,2026-02-01,C100665,L200858,48.0,Male,Hyderabad,Telangana,Salaried,109000.0,Mass Affluent,685.0,3,3,0,989300.0,0.428,Consumer Durable,122556.76,9.0,18.51,Delinquent,2026-03-04,14689.09,9.0,3.0,0.0,0.0,93913.04,28313.22,0.0,231.49,20378.67,Debit,9666.1,UPI,Travel,Successful
T301544,2026-02-01,C100460,L201415,24.0,Male,Dwarka,Delhi,Self-employed,78600.0,SME,626.0,2,2,0,838000.0,0.167,Personal,187718.81,36.0,16.85,Active,2026-05-02,6678.68,7.0,1.0,0.0,0.0,183377.67,4291.05,0.0,734.78,-17296.96,Debit,919.44,NEFT,Utilities,Successful
T300506,2026-02-02,C100359,L200694,41.0,Male,Mangaluru,Karnataka,Self-employed,102300.0,Mass Affluent,732.0,5,3,0,1053900.0,0.411,Personal,143210.86,24.0,12.9,Closed,2026-02-19,6801.78,8.0,4.0,0.0,0.0,125526.23,17480.58,0.0,865.31,11256.41,Credit,4722.91,Net Banking,Healthcare,Successful
T301449,2026-02-02,C100374,,,Female,Madurai,Tamil Nadu,Salaried,31800.0,Affluent,703.0,5,2,0,197700.0,0.126,,,,,,,,,,,,,,,,,Credit,3389.14,UPI,Restaurants,Successful
T300528,2026-02-02,C100698,L200955,43.0,Female,Mumbai,Maharashtra,,274500.0,Mass Affluent,717.0,3,1,1,895700.0,0.544,Personal,347648.69,18.0,14.63,Delinquent,2026-01-08,21627.5,41.0,3.0,2.0,3.0,305475.06,41687.01,1071.21,452.1,18722.26,Debit,233.76,UPI,Groceries,Successful
T301380,2026-02-02,C100323,L202134,33.0,Female,Surat,Gujarat,Salaried,106400.0,Affluent,739.0,2,2,0,574500.0,0.738,Home,1095034.0,120.0,7.0,Active,2025-11-20,12714.27,14.0,6.0,1.0,2.0,1045448.33,49013.52,640.23,251.9,-35340.54,Debit,1096.72,UPI,Healthcare,Successful
T301549,2026-02-02,C100597,L201088,54.0,Male,Nizamabad,Telangana,Business Owner,54300.0,Mass Affluent,,4,3,1,476900.0,0.296,Home,704948.89,180.0,12.08,Written Off,2025-07-08,8496.89,70.0,7.0,4.0,4.0,789542.76,106004.84,892.19,427290.32,-279405.29,Debit,14260.75,Card,Restaurants,Successful
T301558,2026-02-02,C100486,L200107,37.0,Female,Mysuru,Karnataka,Salaried,36400.0,SME,744.0,7,4,0,391500.0,0.148,Auto,106552.83,48.0,8.67,Active,2026-01-16,2634.91,4.0,5.0,0.0,0.0,97989.38,8464.64,0.0,278.21,1231.97,Debit,3170.0,Card,Groceries,Successful
T300949,2026-02-03,C100560,L200049,43.0,Male,Dwarka,Delhi,Self-employed,70600.0,Mass,737.0,3,3,0,383200.0,0.233,Auto,224548.76,72.0,10.08,Active,2026-02-04,4169.02,32.0,3.0,1.0,1.0,216419.17,8035.78,310.39,531.47,-10319.0,Debit,697.53,UPI,Healthcare,Successful
T300886,2026-02-03,C100151,L201771,44.0,Male,Bengaluru,Karnataka,Business Owner,147300.0,Mass Affluent,754.0,2,2,0,1673600.0,0.427,Auto,1348791.51,48.0,9.4,Closed,2025-11-15,33821.5,3.0,7.0,0.0,0.0,1194903.69,152112.19,0.0,931.08,57725.6,Debit,11265.2,IMPS,Healthcare,Successful
T301262,2026-02-03,C100512,L200013,44.0,Male,Howrah,West Bengal,Contract,57500.0,SME,699.0,7,5,2,243300.0,0.413,Auto,198283.84,48.0,9.91,Closed,2026-01-27,5020.42,7.0,5.0,0.0,0.0,181967.46,16128.11,0.0,597.49,5799.8,Debit,8248.3,Net Banking,Restaurants,Successful
T300992,2026-02-03,C100346,L202022,48.0,Female,Warangal,Telangana,Business Owner,112900.0,Mass,738.0,2,2,0,689600.0,0.196,Business,327401.4,60.0,14.49,Active,2026-04-18,7701.48,8.0,2.0,0.0,0.0,317389.47,9896.41,0.0,325.2,-20385.83,Debit,5444.41,Net Banking,Healthcare,Successful
T301043,2026-02-03,C100798,L201360,37.0,Female,Ahmedabad,Gujarat,Salaried,26800.0,Mass,633.0,5,2,1,306700.0,0.194,Personal,36986.21,36.0,17.69,Active,2026-01-25,1331.4,6.0,5.0,0.0,0.0,32659.18,4277.11,0.0,672.3,1223.86,Debit,291.27,UPI,Groceries,Successful
T300511,2026-02-03,C100506,L201428,54.0,Female,Dwarka,Delhi,Business Owner,134500.0,SME,846.0,3,2,0,1497500.0,0.426,Business,1445022.69,24.0,13.51,Active,2026-06-25,69045.68,0.0,1.0,0.0,0.0,1400143.0,44361.85,0.0,804.33,-68975.1,Credit,1540.08,UPI,Travel,Successful
T300603,2026-02-04,C100570,L201744,47.0,Male,Chennai,Tamil Nadu,Self-employed,90800.0,Mass,619.0,5,5,2,376200.0,0.389,Auto,456006.82,36.0,13.56,Delinquent,2025-12-14,15487.96,29.0,5.0,1.0,1.0,405670.95,49755.07,408.7,682.53,15525.32,Debit,2726.08,IMPS,Healthcare,Successful
T301873,2026-02-04,C100370,L201181,27.0,Female,Mysuru,Karnataka,Contract,64500.0,Mass,850.0,8,4,0,600500.0,0.351,Personal,61309.48,18.0,10.82,Active,2026-01-08,3705.26,5.0,5.0,0.0,0.0,49267.39,11903.14,0.0,525.98,6016.18,Credit,2522.01,Net Banking,Utilities,Successful
T301613,2026-02-04,C100214,L201312,55.0,Female,Nagpur,Maharashtra,Business Owner,75700.0,SME,633.0,5,3,0,765200.0,0.197,Education,144184.95,24.0,12.56,Active,2025-11-16,6825.05,8.0,7.0,0.0,0.0,113130.95,30695.68,0.0,747.68,22769.17,Credit,1199.14,Net Banking,Shopping,Successful
T301667,2026-02-04,C100676,,38.0,Female,Warangal,Telangana,Salaried,57900.0,Mass Affluent,725.0,5,5,1,496900.0,0.401,,,,,,,,,,,,,,,,,Credit,15742.47,UPI,Healthcare,Successful
T300144,2026-02-05,C100513,L200948,30.0,Male,Ahmedabad,Gujarat,Salaried,53600.0,Mass Affluent,763.0,6,4,0,378200.0,0.226,Personal,78479.59,12.0,14.59,Active,2025-09-24,7068.26,8.0,9.0,0.0,0.0,37130.26,40872.22,0.0,659.09,35657.76,Debit,6865.92,IMPS,Utilities,Successful
T302159,2026-02-05,C100054,L200036,31.0,Male,Madurai,Tamil Nadu,Self-employed,131500.0,Affluent,842.0,9,6,0,1417100.0,0.397,Education,268731.32,24.0,7.82,Active,2026-03-01,12131.94,6.0,4.0,0.0,0.0,237188.28,31179.09,0.0,379.86,15216.75,Debit,39550.73,IMPS,Travel,Successful
T300170,2026-02-06,C100018,L201369,34.0,Male,New Delhi,Delhi,Salaried,49200.0,Mass Affluent,649.0,8,3,1,301900.0,0.49,Home,820777.1,300.0,9.32,Closed,2026-05-26,7068.67,6.0,1.0,0.0,0.0,816182.46,4541.62,0.0,165.71,-58268.39,Debit,4626.95,Net Banking,Shopping,Successful
T300715,2026-02-06,C100756,L200525,38.0,Male,Howrah,West Bengal,,195400.0,Affluent,769.0,4,4,1,1161400.0,0.12,Consumer Durable,237629.28,9.0,16.84,Closed,2025-12-27,28290.3,8.0,6.0,0.0,1.0,127297.12,109059.09,0.0,896.82,99811.91,Debit,5382.18,UPI,Travel,Successful
T301928,2026-02-06,C100294,L200477,28.0,Male,Ahmedabad,Gujarat,Salaried,54900.0,Mass,668.0,4,2,0,223300.0,0.38,Consumer Durable,99142.58,6.0,18.82,Active,2025-09-21,17442.54,25.0,8.0,1.0,2.0,8441.37,89654.66,624.93,920.74,84737.91,Debit,6976.02,UPI,Shopping,Successful
T301455,2026-02-06,C100706,L201788,27.0,Female,Ahmedabad,Gujarat,Self-employed,34500.0,Mass Affluent,698.0,6,3,1,252400.0,0.284,Auto,89516.34,36.0,10.05,Active,2026-06-24,2890.54,9.0,1.0,0.0,0.0,87637.49,1857.17,0.0,742.38,-6570.07,Credit,2826.07,Net Banking,Shopping,Successful
T301409,2026-02-06,C100724,,46.0,Male,Chennai,Tamil Nadu,Retired,24300.0,Affluent,701.0,5,2,0,215400.0,0.124,,,,,,,,,,,,,,,,,Debit,1456.61,UPI,Healthcare,Successful
T300114,2026-02-07,C100457,L201973,55.0,Male,Dwarka,Delhi,Retired,20000.0,Affluent,661.0,5,2,0,253600.0,0.583,Auto,110116.17,60.0,11.25,Closed,2025-09-05,2407.94,7.0,9.0,0.0,1.0,96029.7,13923.94,0.0,572.02,4366.62,Credit,3013.55,NEFT,Utilities,Successful
T300362,2026-02-07,C100240,L201631,44.0,Male,Ahmedabad,Gujarat,Salaried,51700.0,Mass,811.0,8,4,0,664800.0,0.498,Auto,352788.16,36.0,8.58,Active,2026-05-18,11149.74,7.0,1.0,0.0,0.0,345540.83,7163.71,0.0,129.06,-19338.62,Debit,,NEFT,Travel,Successful
T301513,2026-02-07,C100090,L200091,37.0,Male,Mangaluru,Karnataka,Self-employed,47600.0,Mass Affluent,693.0,5,4,0,233500.0,0.449,Home,400447.42,120.0,9.63,Active,2025-08-29,5210.24,8.0,10.0,0.0,0.0,366580.88,33475.77,0.0,171.89,3862.3,Debit,1539.52,IMPS,Utilities,Successful
T301762,2026-02-07,C100519,L200223,39.0,Male,Nizamabad,Telangana,Salaried,29800.0,Affluent,823.0,8,2,0,213400.0,0.592,Personal,47051.26,36.0,12.1,Active,2026-03-03,1565.02,4.0,3.0,0.0,0.0,43999.46,3016.58,0.0,338.35,-1050.21,Credit,440.12,UPI,Travel,Successful
T301893,2026-02-08,C100274,L200372,40.0,Male,Kolkata,West Bengal,Self-employed,51500.0,SME,640.0,8,5,2,250000.0,0.341,Auto,113879.59,72.0,11.49,Active,2025-11-23,2196.28,4.0,7.0,0.0,1.0,103886.51,9877.77,0.0,151.75,5120.73,Debit,4811.04,Card,Education,Successful
T302045,2026-02-08,C100233,L201030,37.0,Female,Mysuru,Karnataka,Retired,97800.0,Mass Affluent,641.0,7,1,2,1349500.0,0.429,Auto,632860.19,72.0,9.36,Closed,2025-11-17,11521.05,8.0,7.0,0.0,0.0,580439.43,51815.91,0.0,630.28,6276.74,Debit,2473.04,UPI,Restaurants,Successful
T302102,2026-02-08,C100575,L200780,31.0,Male,Rohini,Delhi,Contract,45900.0,SME,758.0,10,3,0,614200.0,0.298,Personal,119333.38,24.0,14.0,Active,2025-11-29,5729.54,5.0,7.0,0.0,1.0,93263.97,25768.6,0.0,937.25,19318.78,Debit,4884.69,NEFT,Healthcare,Successful
T302048,2026-02-08,C100442,L201818,37.0,Male,Howrah,West Bengal,Salaried,119200.0,Mass,787.0,10,3,1,525600.0,0.096,Auto,502851.73,48.0,8.92,Active,2025-07-24,12494.39,21.0,10.0,1.0,1.0,421638.17,80276.48,576.69,371.7,48703.28,Debit,1247.0,NEFT,Travel,Successful
T301162,2026-02-08,C100117,L202032,34.0,Male,Hyderabad,Telangana,Business Owner,33400.0,Mass,657.0,5,2,0,444200.0,0.288,Personal,31317.39,18.0,15.81,Active,2026-02-10,1965.69,1.0,4.0,0.0,1.0,26206.6,5051.82,0.0,190.81,3599.83,Credit,1891.44,UPI,Shopping,Successful
T300802,2026-02-08,C100646,L201203,30.0,Male,Dwarka,Delhi,Contract,44400.0,Mass Affluent,749.0,6,3,0,438400.0,0.426,Personal,69661.32,36.0,15.48,Closed,2026-02-23,2431.24,9.0,4.0,0.0,0.0,63340.1,6248.28,0.0,336.73,-1341.5,Debit,3314.3,Net Banking,Utilities,Successful
T302169,2026-02-08,C100798,L201360,37.0,Female,Ahmedabad,Gujarat,Salaried,26800.0,Mass,633.0,5,2,1,306700.0,0.194,Personal,36986.21,36.0,17.69,Active,2026-01-25,1331.4,6.0,5.0,0.0,0.0,32659.18,4277.11,0.0,672.3,1223.86,Debit,4998.29,UPI,Travel,Successful
T300571,2026-02-08,C100735,L200512,33.0,Male,Mangaluru,Karnataka,Salaried,46300.0,Mass,670.0,3,1,1,530300.0,0.304,Business,594288.03,24.0,17.74,Active,2025-11-15,29594.69,4.0,7.0,0.0,1.0,459632.18,133102.13,0.0,611.18,100965.14,Credit,718.13,UPI,Travel,Successful
T300562,2026-02-08,C100768,L200648,36.0,Other,Bengaluru,Karnataka,Salaried,48500.0,Mass,684.0,4,3,1,222900.0,0.299,Personal,99187.58,18.0,16.26,Active,2025-11-04,6246.77,0.0,7.0,0.0,0.0,70764.76,28094.86,0.0,810.06,18892.74,Credit,6299.64,UPI,Education,Successful
T301259,2026-02-08,C100275,,32.0,Female,Chennai,Tamil Nadu,Business Owner,408100.0,Affluent,758.0,3,2,1,4406500.0,0.179,,,,,,,,,,,,,,,,,Debit,834.18,UPI,Healthcare,Successful
T300685,2026-02-09,C100446,L202192,45.0,Female,Dwarka,Delhi,Business Owner,353100.0,Mass,789.0,4,4,1,4788900.0,0.164,Business,2056127.44,60.0,14.47,Closed,2026-06-15,48344.97,4.0,1.0,0.0,1.0,2024703.21,31061.64,0.0,65.71,-132720.1,Debit,925.37,IMPS,Utilities,Failed
T300830,2026-02-09,C100529,L201277,30.0,Male,Coimbatore,Tamil Nadu,Business Owner,84400.0,Mass,753.0,7,3,0,925800.0,0.299,Personal,139436.33,36.0,15.04,Active,2026-06-23,4836.34,7.0,1.0,0.0,0.0,136292.71,3107.35,0.0,681.02,-6471.91,Debit,3457.08,Net Banking,Education,Successful
T300614,2026-02-09,C100212,L201038,38.0,Female,Siliguri,West Bengal,Self-employed,28900.0,Mass Affluent,628.0,2,2,0,370000.0,0.219,Personal,33017.47,12.0,16.09,Delinquent,2026-02-16,2997.11,14.0,3.0,1.0,1.0,27173.11,5776.93,287.63,986.66,556.41,Debit,20639.1,UPI,Utilities,Successful
T300976,2026-02-09,C100301,L201157,27.0,Female,Mumbai,Maharashtra,Business Owner,56400.0,Mass,694.0,3,3,1,725400.0,0.309,Home,245508.02,300.0,8.05,Active,2025-11-09,1903.01,0.0,7.0,0.0,0.0,236849.33,8558.79,0.0,319.32,-12752.04,Debit,1712.33,IMPS,Groceries,Successful
T300255,2026-02-09,C100707,L202014,34.0,Male,Surat,Gujarat,Business Owner,68600.0,Affluent,663.0,5,2,0,638400.0,0.662,Auto,215781.45,72.0,10.95,Active,2025-08-11,4101.68,6.0,10.0,0.0,0.0,189120.55,26353.28,0.0,768.0,10637.42,Debit,1573.07,Net Banking,Utilities,Successful
T301821,2026-02-09,C100139,L200092,52.0,Male,Siliguri,West Bengal,Business Owner,95800.0,Affluent,686.0,4,4,0,715400.0,0.123,Consumer Durable,90099.76,12.0,16.85,Active,2025-08-18,8211.11,9.0,10.0,0.0,0.0,36727.52,52756.41,0.0,891.42,54126.35,Debit,2381.42,UPI,Restaurants,Successful
T300895,2026-02-10,C100756,L200525,38.0,Male,Howrah,West Bengal,Salaried,195400.0,Affluent,769.0,4,4,1,1161400.0,0.12,Consumer Durable,237629.28,9.0,16.84,Closed,2025-12-27,28290.3,8.0,6.0,0.0,1.0,127297.12,109059.09,0.0,896.82,99811.91,Credit,4055.37,Card,Groceries,Successful
T300574,2026-02-10,C100747,L200407,51.0,Female,Nagpur,Maharashtra,Salaried,35100.0,Mass,731.0,5,2,0,450300.0,0.327,Home,456815.9,180.0,7.86,Active,2025-09-24,4328.73,20.0,8.0,1.0,1.0,434306.5,22249.67,221.89,183.06,-15151.67,Credit,1053.38,NEFT,Groceries,Successful
T300172,2026-02-10,C100468,L200903,46.0,Male,Mangaluru,Karnataka,Contract,35000.0,SME,712.0,5,3,0,147900.0,0.166,Business,290537.29,60.0,15.82,Closed,2026-02-20,7037.55,3.0,4.0,0.0,1.0,272239.67,18086.49,0.0,532.44,-3446.69,Debit,1464.26,UPI,Education,Successful
T300518,2026-02-10,C100498,L202053,32.0,Male,Coimbatore,Tamil Nadu,Self-employed,67000.0,Mass,710.0,4,4,1,662800.0,0.148,Business,750140.03,24.0,15.75,Closed,2025-10-15,36639.65,5.0,8.0,0.0,0.0,559613.87,188327.78,0.0,988.57,142515.85,Credit,3306.39,IMPS,Shopping,Successful
T300469,2026-02-10,C100216,L201170,29.0,Male,Madurai,Tamil Nadu,Business Owner,64600.0,Mass,725.0,4,4,0,311200.0,0.234,Personal,113445.26,12.0,15.46,Active,2025-10-26,10264.02,6.0,8.0,0.0,0.0,60072.36,52757.05,0.0,735.74,52213.38,Debit,1505.24,IMPS,Travel,Successful
T300920,2026-02-10,C100634,L202142,41.0,Male,Hyderabad,Telangana,Salaried,119400.0,Mass,786.0,5,1,0,1271100.0,0.235,Business,665156.82,12.0,13.23,Closed,2025-10-11,59481.79,7.0,8.0,0.0,0.0,355851.49,305736.42,0.0,889.84,282162.67,Debit,858.89,UPI,Travel,Successful
T302143,2026-02-10,C100099,L202166,46.0,Female,Rohini,Delhi,Salaried,96200.0,Mass,702.0,7,2,0,1142200.0,0.403,Education,319233.86,48.0,9.8,Closed,2026-05-12,8065.97,3.0,1.0,0.0,0.0,313990.98,5182.38,0.0,101.66,-15156.0,Credit,2399.37,NEFT,Shopping,Successful
T300464,2026-02-11,C100375,L200308,32.0,Male,Kolkata,West Bengal,Salaried,43000.0,Mass Affluent,654.0,5,1,0,206800.0,0.087,Business,322313.39,12.0,17.79,Active,2025-12-24,29517.49,1.0,6.0,0.0,1.0,207195.19,113789.91,0.0,382.88,101505.95,Credit,1357.67,UPI,Education,Successful
T300839,2026-02-11,C100256,L202038,29.0,Female,Kolkata,West Bengal,Business Owner,65600.0,Mass Affluent,696.0,9,4,0,542700.0,0.223,Auto,262398.51,36.0,12.44,Delinquent,2026-01-20,8770.63,7.0,5.0,0.0,0.0,233893.96,28175.66,0.0,561.97,13986.98,Debit,643.46,Net Banking,Restaurants,Successful
T301098,2026-02-11,C100353,L201109,,Male,Howrah,West Bengal,Self-employed,106500.0,Mass,676.0,6,2,0,1216300.0,0.128,Personal,155705.09,24.0,15.25,Closed,2026-02-17,7568.13,4.0,4.0,0.0,1.0,136027.96,19450.08,0.0,124.64,11624.79,Credit,338.0,IMPS,Education,Successful
T300497,2026-02-11,C100147,L200054,37.0,Female,Warangal,Telangana,Salaried,79300.0,Mass Affluent,739.0,4,4,1,646700.0,0.236,Business,393829.15,60.0,14.44,Closed,2026-06-24,9253.8,4.0,1.0,0.0,0.0,387814.18,5945.57,0.0,353.89,-25210.98,Debit,3298.05,UPI,Utilities,Successful
T300756,2026-02-11,C100282,L201983,28.0,Female,Mangaluru,Karnataka,Salaried,122200.0,Affluent,761.0,8,1,0,670600.0,0.337,Education,223097.37,24.0,8.72,Closed,2026-06-24,10163.51,0.0,1.0,0.0,0.0,216491.09,6530.05,0.0,607.59,-10015.78,Credit,3893.78,Net Banking,Groceries,Successful
T302155,2026-02-12,C100167,L200462,38.0,Male,Warangal,Telangana,Business Owner,106900.0,SME,775.0,6,4,1,1068200.0,0.466,Auto,260840.85,72.0,8.9,Closed,2026-05-10,4688.86,7.0,1.0,0.0,0.0,257793.09,3012.59,0.0,144.12,-18633.16,Credit,4805.7,Card,Shopping,Successful
T301489,2026-02-12,C100528,,33.0,Male,New Delhi,Delhi,Retired,55300.0,Mass Affluent,679.0,5,1,1,476100.0,0.173,,,,,,,,,,,,,,,,,Debit,196.75,Net Banking,Groceries,Successful
T301012,2026-02-12,C100705,L200378,33.0,Female,Siliguri,West Bengal,Salaried,67700.0,Affluent,716.0,6,2,0,557000.0,0.375,Home,1530513.06,300.0,7.97,Active,2025-12-25,11782.35,3.0,6.0,0.0,0.0,1484561.9,45420.95,0.0,409.27,-73237.02,Credit,1786.46,IMPS,Healthcare,Successful
T300175,2026-02-12,C100361,L201902,37.0,Male,Mumbai,Maharashtra,Contract,60400.0,Mass,722.0,2,2,0,288900.0,0.089,Personal,62378.79,24.0,13.51,Active,2026-02-11,2980.57,4.0,4.0,0.0,0.0,54629.32,7660.06,0.0,783.63,2577.42,Credit,696.18,Card,Travel,Successful
T300041,2026-02-13,C100429,L201693,43.0,Male,Vadodara,Gujarat,Salaried,83500.0,SME,685.0,3,3,0,714700.0,0.238,Auto,383659.06,36.0,11.17,Closed,2025-10-08,12591.41,32.0,7.0,1.0,1.0,326368.12,56629.89,252.56,725.91,31940.98,Credit,1244.89,UPI,Education,Successful
T300486,2026-02-13,C100656,L202139,33.0,Male,Hyderabad,Telangana,Salaried,19900.0,Mass,707.0,4,4,2,251300.0,0.217,Personal,51180.64,36.0,16.27,Closed,2026-01-16,1806.19,3.0,5.0,0.0,0.0,45310.52,5802.38,0.0,996.75,83.23,Debit,16302.55,UPI,Utilities,Successful
T301424,2026-02-13,C100549,L200068,29.0,Female,Howrah,West Bengal,Business Owner,71300.0,Mass,723.0,5,2,0,638300.0,0.195,Business,348044.68,48.0,16.95,Closed,2025-11-02,10033.84,11.0,7.0,1.0,1.0,302390.69,45127.21,506.26,116.75,14481.56,Debit,2822.75,UPI,,Successful
T300531,2026-02-13,C100122,L202189,34.0,Female,Mangaluru,Karnataka,Self-employed,69100.0,Affluent,700.0,9,3,1,442300.0,0.601,Personal,89654.03,12.0,14.16,Closed,2026-06-29,8056.53,0.0,1.0,0.0,0.0,84417.29,5176.32,0.0,217.37,-1422.8,Credit,20833.73,NEFT,Travel,Reversed
T300615,2026-02-13,C100481,L201610,29.0,Female,Warangal,Telangana,Salaried,90200.0,Mass,713.0,5,3,0,629900.0,0.06,Education,230661.14,24.0,11.18,Active,2026-03-21,10769.9,2.0,3.0,0.0,0.0,209659.83,20758.99,0.0,183.47,7573.97,Debit,931.98,IMPS,Travel,Successful
T300208,2026-02-14,C100314,L200052,24.0,Female,Mumbai,Maharashtra,Salaried,34900.0,SME,749.0,3,3,0,301500.0,0.54,Consumer Durable,19664.48,6.0,16.15,Active,2026-05-18,3433.51,1.0,1.0,0.0,0.0,17432.7,2206.03,0.0,835.66,1522.81,Credit,10077.81,Card,Shopping,Successful
T300522,2026-02-15,C100750,L201334,44.0,Male,Mysuru,Karnataka,Contract,55500.0,Mass,702.0,7,2,2,448900.0,0.312,Auto,350601.66,48.0,9.35,Active,2025-07-29,8783.12,8.0,11.0,0.0,1.0,287802.35,62074.71,0.0,784.79,39993.16,Debit,12157.26,UPI,Restaurants,Successful
T301789,2026-02-15,C100336,L200656,39.0,Female,Pune,Maharashtra,Self-employed,130100.0,Mass,810.0,10,2,0,1422400.0,0.354,Personal,199268.83,36.0,12.92,Active,2026-05-14,6706.48,8.0,1.0,0.0,0.0,194909.62,4308.91,0.0,815.67,-9728.94,Debit,2375.36,UPI,Shopping,Successful
T301751,2026-02-15,C100043,L202156,21.0,Male,Siliguri,West Bengal,Business Owner,119600.0,Mass Affluent,710.0,7,2,1,1317800.0,0.364,Home,1382162.39,240.0,8.28,Closed,2025-09-23,11802.97,3.0,9.0,0.0,0.0,1313115.01,68250.68,0.0,782.79,-37753.55,Debit,930.95,UPI,Education,Successful
T300812,2026-02-15,C100280,L200318,38.0,Female,Vadodara,Gujarat,Contract,68600.0,Mass,754.0,5,2,0,428100.0,0.173,Business,313091.02,48.0,15.19,Delinquent,2025-12-16,8743.74,19.0,4.0,2.0,2.0,290357.29,22471.42,1189.37,372.76,849.12,Credit,1120.17,IMPS,Education,Successful
T300754,2026-02-15,C100687,L201348,39.0,Female,Nagpur,Maharashtra,Salaried,84300.0,SME,547.0,3,3,1,349400.0,0.378,Personal,170257.99,12.0,17.71,Closed,2025-07-29,15585.76,25.0,9.0,2.0,2.0,79081.28,90124.67,1108.89,424.82,82641.59,Debit,2700.72,UPI,Shopping,Successful
T302116,2026-02-15,C100125,L200871,29.0,Female,Rohini,Delhi,Salaried,27400.0,Mass,637.0,3,3,0,286000.0,0.33,Personal,35408.86,36.0,17.27,Active,2025-08-15,1267.19,56.0,8.0,2.0,2.0,28819.49,6513.33,459.69,905.67,3317.01,Debit,1504.38,UPI,Utilities,Successful
T302109,2026-02-15,C100567,L201562,54.0,Male,Nizamabad,Telangana,Business Owner,162600.0,Mass,767.0,7,6,0,833700.0,0.6,Business,1262805.58,48.0,15.61,Delinquent,2025-09-20,35536.54,12.0,8.0,1.0,1.0,1078015.6,182657.79,454.68,310.94,95295.34,Credit,2236.35,Card,Travel,Successful
T300220,2026-02-15,C100643,L200721,37.0,Female,Rohini,Delhi,Salaried,54900.0,Mass,717.0,2,2,0,602400.0,0.096,Home,662953.33,240.0,7.33,Active,2026-06-11,5272.01,7.0,1.0,0.0,1.0,659526.53,3387.26,0.0,941.26,-52089.23,Debit,3644.94,UPI,Shopping,Successful
T300838,2026-02-15,C100519,L200223,39.0,Male,Nizamabad,Telangana,Salaried,29800.0,Affluent,823.0,8,2,0,213400.0,0.592,Personal,47051.26,36.0,12.1,Active,2026-03-03,1565.02,4.0,3.0,0.0,0.0,43999.46,3016.58,0.0,338.35,-1050.21,Debit,4036.65,Card,Travel,Successful
T300932,2026-02-15,C100782,L201696,31.0,Female,Pune,Maharashtra,Contract,67400.0,Mass,694.0,3,3,0,367500.0,0.691,Personal,126588.63,36.0,16.76,Delinquent,2025-08-10,4498.12,15.0,9.0,1.0,1.0,100274.6,26010.4,561.18,245.13,17397.06,Debit,301.6,IMPS,Groceries,Successful
T300112,2026-02-16,C100741,L200877,50.0,Male,New Delhi,Delhi,Salaried,37600.0,Affluent,753.0,2,2,0,117200.0,0.631,Consumer Durable,54662.94,18.0,18.9,Active,2025-12-28,3511.31,2.0,6.0,0.0,0.0,40968.84,13536.09,0.0,589.79,13841.79,Debit,1240.2,UPI,Shopping,Failed
T300098,2026-02-16,C100203,,34.0,Female,Mysuru,Karnataka,Self-employed,116000.0,Mass,740.0,5,3,1,937400.0,0.239,,,,,,,,,,,,,,,,,Debit,3313.2,NEFT,Utilities,Successful
T301954,2026-02-16,C100082,L200228,48.0,Female,Ahmedabad,Gujarat,Salaried,128200.0,Mass Affluent,695.0,5,4,0,1610200.0,0.423,Personal,278961.1,12.0,15.54,Active,2026-02-26,25249.7,7.0,4.0,0.0,0.0,213311.89,64891.72,0.0,659.02,45835.69,Credit,7250.44,Net Banking,Utilities,Successful
T301809,2026-02-16,C100455,L201184,29.0,Female,Warangal,Telangana,Salaried,67100.0,Mass,706.0,4,4,0,808800.0,0.298,Home,1412266.43,300.0,8.83,Active,2026-02-09,11687.72,9.0,4.0,0.0,2.0,1381878.37,30037.43,0.0,36.89,-84336.79,Credit,25984.19,NEFT,Travel,Successful
T300009,2026-02-16,C100193,L200376,35.0,Female,Vadodara,Gujarat,Salaried,138900.0,Affluent,741.0,8,3,0,1780800.0,0.22,Education,392172.36,24.0,10.31,Active,2025-09-22,18152.93,6.0,9.0,0.0,0.0,285977.73,104969.31,0.0,836.72,80743.67,Credit,637.21,Card,Healthcare,Successful
T301917,2026-02-16,C100173,L200419,36.0,Female,Coimbatore,Tamil Nadu,Salaried,70000.0,Mass,656.0,4,4,1,809900.0,0.196,Auto,425408.46,72.0,12.39,Active,2026-06-14,8403.35,0.0,1.0,0.0,1.0,419946.28,5399.15,0.0,474.26,-26272.25,Debit,6353.2,IMPS,Restaurants,Successful
T300958,2026-02-16,C100272,L201066,31.0,Male,Surat,Gujarat,Salaried,61700.0,Mass Affluent,736.0,5,1,0,749800.0,0.124,Auto,483709.56,72.0,9.38,Active,2026-03-04,8810.63,2.0,3.0,0.0,1.0,466528.83,16982.49,0.0,876.7,-18950.48,Debit,3027.47,NEFT,Groceries,Successful
T300254,2026-02-16,C100504,L200148,40.0,Male,Siliguri,West Bengal,Self-employed,110600.0,Mass,738.0,8,2,0,1143600.0,0.125,Personal,183833.33,18.0,13.46,Delinquent,2026-03-06,11335.61,6.0,3.0,0.0,0.0,161728.89,21849.39,0.0,189.89,8078.9,Credit,2802.29,UPI,Restaurants,Successful
T300415,2026-02-17,C100654,L201124,23.0,Female,Chennai,Tamil Nadu,Salaried,74400.0,SME,743.0,4,4,0,975500.0,0.256,Auto,590444.28,60.0,9.76,Active,2026-03-14,12475.58,27.0,2.0,1.0,1.0,574226.02,16031.13,469.12,419.01,-34815.03,Debit,365.43,UPI,Education,Successful
T301958,2026-02-17,C100106,,39.0,Female,Mysuru,Karnataka,Business Owner,134100.0,Mass Affluent,743.0,5,3,0,1382900.0,0.445,,,,,,,,,,,,,,,,,Debit,3137.1,Net Banking,,Successful
T300694,2026-02-17,C100127,L201113,21.0,Female,Bengaluru,Karnataka,Salaried,100200.0,Mass,585.0,7,2,1,865400.0,0.567,Business,442123.45,36.0,18.63,Delinquent,2026-06-20,16123.9,29.0,0.0,1.0,2.0,442123.45,0.0,654.8,267.37,-30296.19,Debit,7243.38,UPI,Healthcare,Successful
T300816,2026-02-17,C100750,L201334,44.0,Male,Mysuru,Karnataka,Contract,55500.0,Mass,702.0,7,2,2,448900.0,0.312,Auto,350601.66,48.0,9.35,Active,2025-07-29,8783.12,8.0,11.0,0.0,1.0,287802.35,62074.71,0.0,784.79,39993.16,Debit,724.47,Card,Travel,Successful
T300570,2026-02-18,C100765,L201619,41.0,Male,Mysuru,Karnataka,Contract,18000.0,Affluent,663.0,3,3,0,250900.0,0.522,Education,61670.8,24.0,11.8,Active,2025-12-28,2897.3,23.0,5.0,1.0,1.0,52254.57,9307.58,388.53,772.8,6271.42,Debit,1503.63,NEFT,Education,Successful
T301538,2026-02-18,C100682,L200615,44.0,Male,Bengaluru,Karnataka,Salaried,170500.0,Mass,649.0,2,2,0,1074000.0,0.416,Business,1486581.41,12.0,18.06,Default,2025-08-03,136332.23,35.0,6.0,5.0,5.0,1664971.18,916107.73,1804.2,797871.31,865012.26,Debit,1305.93,Net Banking,Education,Successful
T301422,2026-02-18,C100182,L201594,43.0,Male,Surat,Gujarat,Contract,47300.0,Affluent,660.0,7,2,0,308300.0,0.205,Personal,211670.03,18.0,17.72,Written Off,2025-10-07,13477.54,12.0,7.0,1.0,2.0,236898.87,108218.61,676.58,153294.26,-12732.76,Debit,1906.04,UPI,Utilities,Successful
T300801,2026-02-18,C100784,L200149,32.0,Male,Nizamabad,Telangana,Self-employed,131200.0,Mass,608.0,5,3,0,1749800.0,0.389,Education,439846.11,60.0,13.08,Active,2026-02-12,10025.87,5.0,3.0,1.0,1.0,420295.66,19324.87,624.54,886.24,-14801.45,Debit,4389.56,UPI,Groceries,Successful
T300496,2026-02-18,C100438,L201892,37.0,Male,Rohini,Delhi,Self-employed,87700.0,Mass Affluent,744.0,5,2,0,1078500.0,0.244,Personal,202240.28,24.0,14.82,Delinquent,2025-11-19,9788.67,28.0,6.0,1.0,1.0,164064.48,37735.31,544.47,576.16,26657.93,Debit,949.13,UPI,Utilities,Successful
T300937,2026-02-19,C100282,L201983,28.0,Female,Mangaluru,Karnataka,Salaried,122200.0,Affluent,761.0,8,1,0,670600.0,0.337,Education,223097.37,24.0,8.72,Closed,2026-06-24,10163.51,0.0,1.0,0.0,0.0,216491.09,6530.05,0.0,607.59,-10015.78,Debit,607.79,Net Banking,Utilities,Successful
T300543,2026-02-19,C100350,L200386,29.0,Male,Warangal,Telangana,Salaried,84900.0,Affluent,705.0,2,2,0,515000.0,0.457,Personal,75272.62,18.0,14.46,Active,2026-04-14,4676.76,5.0,2.0,0.0,0.0,69192.83,6009.64,0.0,245.93,-1539.45,Debit,2105.19,Card,Travel,Successful
T301556,2026-02-19,C100686,L200453,43.0,Male,Madurai,Tamil Nadu,Salaried,73800.0,Mass,644.0,5,5,0,428200.0,0.152,Auto,231993.73,48.0,11.92,Active,2026-02-20,6100.18,8.0,4.0,0.0,0.0,216133.27,15677.45,0.0,373.51,974.55,Debit,9359.6,IMPS,Shopping,Successful
T300409,2026-02-19,C100545,L201749,31.0,Male,Mysuru,Karnataka,Salaried,115800.0,SME,738.0,6,4,0,890200.0,0.149,Consumer Durable,150129.02,9.0,17.04,Active,2026-05-07,17887.61,8.0,1.0,0.0,1.0,138502.07,11492.79,0.0,565.56,-594.79,Debit,1006.7,IMPS,Education,Successful
T301747,2026-02-20,C100393,L200992,30.0,Female,Kolkata,West Bengal,Self-employed,74600.0,Affluent,707.0,5,1,0,1019300.0,0.276,Home,736055.12,240.0,7.98,Closed,2026-03-27,6147.5,1.0,3.0,0.0,0.0,724067.49,11849.31,0.0,354.81,-44187.79,Debit,4710.97,IMPS,Shopping,Successful
T301753,2026-02-20,C100110,L200714,21.0,Other,Kolkata,West Bengal,Contract,41200.0,Mass,701.0,2,2,0,567000.0,0.32,Business,219893.0,48.0,16.84,Closed,2026-04-10,6326.83,2.0,2.0,0.0,1.0,211668.12,8129.98,0.0,872.01,-11606.25,Debit,7646.11,UPI,Shopping,Successful
T301472,2026-02-20,C100365,L201234,37.0,Male,Surat,Gujarat,Self-employed,93900.0,Mass,712.0,5,3,0,810000.0,0.385,Personal,227084.41,36.0,14.82,Delinquent,2025-11-30,7851.95,62.0,3.0,4.0,4.0,211773.1,15134.64,1358.92,895.88,414.89,Debit,256.26,IMPS,Shopping,Reversed
T301010,2026-02-20,C100784,L200149,32.0,Male,Nizamabad,Telangana,Self-employed,131200.0,Mass,608.0,5,3,0,1749800.0,0.389,Education,439846.11,60.0,13.08,Active,2026-02-12,10025.87,5.0,3.0,1.0,1.0,420295.66,19324.87,624.54,886.24,-14801.45,Debit,6802.24,NEFT,Groceries,Failed
T300430,2026-02-20,C100666,L201258,32.0,Female,Vadodara,Gujarat,Business Owner,82700.0,Mass Affluent,799.0,1,1,0,896300.0,0.153,Home,939824.64,240.0,7.0,Active,2026-06-14,7286.45,9.0,1.0,0.0,0.0,935088.45,4681.54,0.0,625.77,-71538.96,Debit,1732.97,UPI,Restaurants,Successful
T300159,2026-02-20,C100110,L200714,21.0,Other,Kolkata,West Bengal,Contract,41200.0,Mass,701.0,2,2,0,567000.0,0.32,Business,219893.0,48.0,16.84,Closed,2026-04-10,6326.83,2.0,2.0,0.0,1.0,211668.12,8129.98,0.0,872.01,-11606.25,Debit,12455.62,UPI,Shopping,Successful
T302149,2026-02-20,C100524,L200783,21.0,Male,Siliguri,West Bengal,Self-employed,33500.0,Affluent,750.0,5,3,0,251500.0,0.264,Personal,61068.82,24.0,13.61,Active,2025-07-10,2920.85,4.0,11.0,0.0,1.0,40184.73,20643.12,0.0,346.68,17512.13,Debit,6510.79,NEFT,Groceries,Successful
T300171,2026-02-20,C100671,L200289,26.0,Male,Mumbai,Maharashtra,Salaried,100100.0,SME,662.0,8,2,1,1058900.0,0.037,Personal,150489.49,36.0,16.03,Closed,2025-11-07,5292.99,15.0,6.0,1.0,1.0,129846.82,20404.49,500.82,82.17,6800.51,Credit,1405.26,Net Banking,Shopping,Successful
T301358,2026-02-20,C100230,L200041,52.0,Male,Chennai,Tamil Nadu,Salaried,57400.0,Mass,659.0,5,5,0,705300.0,0.175,Personal,165725.51,36.0,17.46,Active,2025-11-05,5946.58,5.0,7.0,0.0,1.0,138668.59,26744.73,0.0,512.99,17017.67,Credit,6272.39,UPI,Education,Successful
T301610,2026-02-21,C100110,L200714,21.0,Other,Kolkata,West Bengal,Contract,41200.0,Mass,701.0,2,2,0,567000.0,0.32,Business,219893.0,48.0,16.84,Closed,2026-04-10,6326.83,2.0,2.0,0.0,1.0,211668.12,8129.98,0.0,872.01,-11606.25,Debit,550.98,IMPS,Education,Successful
T302168,2026-02-21,C100023,L201962,37.0,Female,Surat,Gujarat,Retired,65200.0,Mass,719.0,4,4,0,229400.0,0.031,Education,329506.5,36.0,9.84,Closed,2025-09-18,10607.51,5.0,9.0,0.0,1.0,267452.55,61337.94,0.0,825.42,40085.11,Credit,4715.25,Card,Education,Successful
T301230,2026-02-21,C100255,L200758,50.0,Male,Surat,Gujarat,Salaried,32900.0,Mass,766.0,8,5,0,335500.0,0.228,Personal,48570.9,18.0,12.23,Delinquent,2026-03-25,2967.14,4.0,3.0,0.0,0.0,42784.97,5719.17,0.0,62.47,1161.43,Debit,8553.22,UPI,Utilities,Successful
T300158,2026-02-21,C100044,,41.0,Male,New Delhi,Delhi,Salaried,38200.0,Mass,663.0,2,2,1,353200.0,0.489,,,,,,,,,,,,,,,,,Credit,3969.63,Net Banking,Travel,Successful
T300692,2026-02-21,C100192,L201430,42.0,Male,Dwarka,Delhi,Salaried,91700.0,Affluent,850.0,3,3,0,553800.0,0.545,Business,308883.08,24.0,12.54,Active,2026-04-23,14618.21,2.0,2.0,0.0,1.0,289879.4,18784.41,0.0,691.73,-1015.52,Debit,8185.27,IMPS,Education,Reversed
T301042,2026-02-21,C100362,L200873,45.0,Male,Mangaluru,Karnataka,Salaried,34700.0,Mass Affluent,698.0,6,3,0,414900.0,0.163,Consumer Durable,26624.6,12.0,18.35,Active,2026-05-05,2445.38,6.0,1.0,0.0,0.0,25035.1,1571.16,0.0,492.89,-2265.6,Debit,4893.24,Net Banking,Shopping,Successful
T301895,2026-02-21,C100449,L200123,44.0,Male,Howrah,West Bengal,Salaried,29200.0,Affluent,642.0,3,2,0,362300.0,0.438,Personal,29553.39,24.0,16.51,Active,2025-07-29,1454.24,30.0,10.0,1.0,1.0,20100.84,9343.48,508.7,359.94,8003.34,Debit,3321.01,UPI,Shopping,Successful
T301524,2026-02-21,C100196,L201953,33.0,Male,Surat,Gujarat,Salaried,58500.0,Mass Affluent,611.0,6,4,0,665900.0,0.499,Home,202110.87,120.0,10.33,Active,2026-03-28,2707.98,0.0,3.0,0.0,1.0,196830.31,5219.63,0.0,894.29,-11090.34,Credit,1119.45,IMPS,Healthcare,Successful
T300161,2026-02-21,C100628,L200970,37.0,Male,New Delhi,Delhi,Salaried,79900.0,Mass,584.0,4,4,1,893300.0,0.631,Auto,191313.55,36.0,14.23,Active,2025-10-22,6560.04,17.0,7.0,1.0,1.0,161465.39,29503.76,694.04,306.8,21345.66,Credit,3150.94,Net Banking,Travel,Successful
T300749,2026-02-22,C100670,L201979,21.0,Male,Warangal,Telangana,Salaried,56800.0,Mass,741.0,4,4,1,342100.0,0.403,Consumer Durable,113942.91,18.0,18.62,Active,2026-05-18,7303.94,9.0,1.0,0.0,0.0,109195.35,4692.78,0.0,936.45,-4191.82,Credit,666.58,UPI,Shopping,Successful
T301255,2026-02-22,C100170,L202012,21.0,Male,Nagpur,Maharashtra,Retired,59500.0,Mass,673.0,6,1,1,347800.0,0.204,Auto,160542.3,60.0,11.72,Closed,2025-09-13,3548.5,8.0,9.0,0.0,0.0,139783.57,20519.21,0.0,94.61,5005.05,Debit,7496.37,UPI,Education,Successful
T300320,2026-02-22,C100429,L201693,43.0,Male,Vadodara,Gujarat,Salaried,83500.0,SME,685.0,3,3,0,714700.0,0.238,Auto,383659.06,36.0,11.17,Closed,2025-10-08,12591.41,32.0,7.0,1.0,1.0,326368.12,56629.89,252.56,725.91,31940.98,Credit,282.4,Card,Restaurants,Successful
T300565,2026-02-22,C100607,L201829,43.0,Male,Mumbai,Maharashtra,Contract,43900.0,SME,718.0,6,3,0,462800.0,0.263,Auto,183888.46,72.0,9.52,Closed,2025-07-10,3362.35,1.0,11.0,0.0,0.0,159847.69,23763.37,0.0,562.95,14236.91,Debit,1118.33,Net Banking,Education,Successful
T301660,2026-02-22,C100639,L200349,40.0,Male,Howrah,West Bengal,Business Owner,256300.0,SME,665.0,2,2,0,2153100.0,0.21,Consumer Durable,216754.19,6.0,18.77,Active,2025-07-04,38129.01,21.0,11.0,1.0,1.0,0.0,300204.26,215.94,0.0,298807.79,Credit,1169.88,UPI,Travel,Successful
T300027,2026-02-23,C100457,L201973,55.0,Male,Dwarka,Delhi,Retired,20000.0,Affluent,661.0,5,2,0,253600.0,0.583,Auto,110116.17,60.0,11.25,Closed,2025-09-05,2407.94,7.0,9.0,0.0,1.0,96029.7,13923.94,0.0,572.02,4366.62,Credit,1096.74,UPI,Groceries,Successful
T300183,2026-02-23,C100111,L201799,25.0,Female,New Delhi,Delhi,Salaried,68200.0,Affluent,724.0,9,6,1,949200.0,0.116,Education,332197.99,48.0,9.56,Active,2026-01-14,8355.38,3.0,5.0,0.0,0.0,305043.01,26841.65,0.0,906.99,337.15,Credit,406.04,IMPS,Education,Failed
T300039,2026-02-23,C100234,L200190,41.0,Female,Chennai,Tamil Nadu,Self-employed,59200.0,Affluent,826.0,2,2,1,224500.0,0.379,Home,1021227.0,180.0,7.0,Active,2025-11-09,9179.08,1.0,7.0,0.0,1.0,979462.2,41282.9,0.0,429.32,-38226.42,Credit,2319.66,UPI,Groceries,Successful
T301468,2026-02-23,C100311,L200513,28.0,Male,Howrah,West Bengal,Salaried,68000.0,Mass,726.0,13,2,1,789100.0,0.29,Education,362647.02,24.0,10.13,Active,2026-01-10,16756.09,7.0,5.0,0.0,0.0,308189.73,53828.93,0.0,338.46,31450.64,Debit,1429.6,UPI,Travel,Successful
T300360,2026-02-23,C100351,L200594,47.0,Female,Dwarka,Delhi,Self-employed,71700.0,Mass,682.0,2,2,0,346200.0,0.305,Auto,493015.25,60.0,10.27,Active,2025-07-01,10540.73,15.0,11.0,1.0,2.0,417649.0,74496.64,565.85,742.38,42132.5,Debit,5092.38,NEFT,Restaurants,Successful
T300199,2026-02-23,C100552,L201519,24.0,Male,Ahmedabad,Gujarat,Salaried,43500.0,Affluent,762.0,7,2,0,350900.0,0.287,Home,362153.33,180.0,8.33,Active,2025-08-04,3530.27,9.0,11.0,0.0,0.0,336911.89,24950.19,0.0,423.98,-3160.59,Debit,1164.85,NEFT,Travel,Successful
T301072,2026-02-23,C100566,,57.0,Male,Coimbatore,Tamil Nadu,Self-employed,54300.0,Mass Affluent,747.0,6,1,0,709500.0,0.215,,,,,,,,,,,,,,,,,Debit,988.09,NEFT,Healthcare,Successful
T301071,2026-02-23,C100768,L200648,36.0,Other,Bengaluru,Karnataka,Salaried,48500.0,Mass,684.0,4,3,1,222900.0,0.299,Personal,99187.58,18.0,16.26,Active,2025-11-04,6246.77,0.0,7.0,0.0,0.0,70764.76,28094.86,0.0,810.06,18892.74,Debit,7323.45,Net Banking,Education,Successful
T301183,2026-02-23,C100252,L200765,52.0,Male,Pune,Maharashtra,Contract,69600.0,Mass,599.0,9,5,2,716700.0,0.366,Personal,212647.83,12.0,17.67,Closed,2026-02-08,19462.17,15.0,3.0,1.0,1.0,174696.6,37513.33,574.98,987.18,29128.41,Credit,2358.81,IMPS,Healthcare,Successful
T301240,2026-02-24,C100420,L201599,46.0,Male,Mumbai,Maharashtra,Contract,70400.0,Mass,743.0,7,1,0,814900.0,0.308,Business,748538.97,24.0,15.16,Closed,2025-07-01,36351.07,1.0,12.0,0.0,0.0,465000.59,280266.78,0.0,684.59,244997.78,Debit,1136.85,Net Banking,Groceries,Successful
T302145,2026-02-24,C100774,L200893,43.0,Male,Mangaluru,Karnataka,Contract,64800.0,Affluent,686.0,6,1,0,631700.0,0.687,Consumer Durable,50230.07,6.0,17.94,Active,2025-07-03,8815.14,7.0,12.0,0.0,0.0,0.0,78155.17,0.0,0.0,74533.3,Debit,679.1,Net Banking,Education,Successful
T300020,2026-02-24,C100408,L200863,41.0,Male,Hyderabad,Telangana,Contract,57700.0,Mass Affluent,685.0,3,3,0,745400.0,0.374,Home,543373.56,300.0,7.91,Active,2026-06-13,4161.5,5.0,1.0,0.0,0.0,540668.58,2673.76,0.0,851.01,-37483.42,Debit,783.75,UPI,,Successful
T301373,2026-02-24,C100751,L200394,28.0,Male,Chennai,Tamil Nadu,Salaried,86800.0,Mass,756.0,6,1,0,616500.0,0.576,Personal,167469.71,24.0,14.69,Delinquent,2026-06-06,8095.4,2.0,1.0,0.0,0.0,162207.7,5201.29,0.0,421.53,-9738.65,Debit,704.88,Card,Healthcare,Reversed
T301716,2026-02-24,C100018,L201369,34.0,Male,New Delhi,Delhi,Salaried,49200.0,Mass Affluent,649.0,8,3,1,301900.0,0.49,Home,820777.1,300.0,9.32,Closed,2026-05-26,7068.67,6.0,1.0,0.0,0.0,816182.46,4541.62,0.0,165.71,-58268.39,Credit,3490.93,UPI,Travel,Successful
T301959,2026-02-24,C100202,L200113,37.0,Female,Siliguri,West Bengal,Retired,50700.0,Mass Affluent,779.0,6,1,0,646000.0,0.336,Personal,60919.06,36.0,12.84,Active,2026-03-04,2047.91,16.0,2.0,1.0,2.0,58256.77,2631.57,327.98,946.61,2391.26,Credit,1957.55,NEFT,Shopping,Successful
T301477,2026-02-25,C100442,L201818,37.0,Male,Howrah,West Bengal,Salaried,119200.0,Mass,787.0,10,3,1,525600.0,0.096,Auto,502851.73,48.0,8.92,Active,2025-07-24,12494.39,21.0,10.0,1.0,1.0,421638.17,80276.48,576.69,371.7,48703.28,Credit,251.1,IMPS,Education,Successful
T300057,2026-02-25,C100006,L201606,21.0,Female,Nizamabad,Telangana,Retired,29600.0,Mass,599.0,6,2,0,286200.0,0.299,Education,34248.28,36.0,10.88,Active,2026-05-23,1119.3,2.0,1.0,0.0,0.0,33520.74,719.15,0.0,291.3,393.11,Debit,2400.73,NEFT,Groceries,Successful
T300129,2026-02-25,C100538,L200920,39.0,Female,Rohini,Delhi,Salaried,78800.0,Mass Affluent,655.0,10,2,0,917300.0,0.223,Business,741651.89,24.0,18.23,Closed,2026-03-13,37108.78,1.0,3.0,0.0,0.0,669289.77,71527.17,0.0,252.39,14555.07,Credit,404.22,UPI,Healthcare,Successful
T300852,2026-02-25,C100269,L202145,30.0,Male,New Delhi,Delhi,Salaried,69100.0,Mass,799.0,4,2,0,223500.0,0.394,Personal,82049.54,12.0,13.55,Active,2026-05-10,7349.63,6.0,1.0,0.0,0.0,77272.28,4722.14,0.0,784.43,-2710.19,Debit,6336.05,NEFT,Education,Failed
T301691,2026-02-25,C100139,L200092,52.0,Male,Siliguri,West Bengal,Business Owner,95800.0,Affluent,686.0,4,4,0,715400.0,0.123,Consumer Durable,90099.76,12.0,16.85,Active,2025-08-18,8211.11,9.0,10.0,0.0,0.0,36727.52,52756.41,0.0,891.42,54126.35,Debit,2197.19,UPI,Education,Successful
T301553,2026-02-25,C100321,L200138,45.0,Male,Surat,Gujarat,Contract,23900.0,Mass Affluent,627.0,5,2,0,288300.0,0.532,Education,73137.56,36.0,13.27,Written Off,2026-04-25,2473.82,1.0,2.0,0.0,0.0,81914.07,9774.71,0.0,20057.37,-31624.57,Credit,941.57,UPI,Restaurants,Successful
T301996,2026-02-25,C100249,L201662,21.0,Male,Nizamabad,Telangana,Salaried,28200.0,Affluent,597.0,7,2,0,232500.0,0.169,Home,162027.61,180.0,11.65,Delinquent,2025-08-09,1908.27,37.0,7.0,3.0,3.0,153344.98,8582.44,706.4,489.53,-5281.92,Debit,1814.72,UPI,Utilities,Successful
T301185,2026-02-25,C100225,L201815,37.0,Male,Nizamabad,Telangana,Salaried,64800.0,Mass Affluent,651.0,4,4,0,444900.0,0.283,Education,186307.48,48.0,10.94,Active,2025-07-09,4809.79,21.0,10.0,1.0,1.0,155043.86,30902.88,583.95,692.68,20860.25,Credit,21210.25,NEFT,Groceries,Successful
T301316,2026-02-25,C100735,L200512,33.0,Male,Mangaluru,Karnataka,Salaried,46300.0,Mass,670.0,3,1,1,530300.0,0.304,Business,594288.03,24.0,17.74,Active,2025-11-15,29594.69,4.0,7.0,0.0,1.0,459632.18,133102.13,0.0,611.18,100965.14,Debit,1638.66,Net Banking,Healthcare,Successful
T302144,2026-02-26,C100390,L201868,52.0,Female,Howrah,West Bengal,Contract,33300.0,Mass Affluent,680.0,4,3,1,183900.0,0.042,Consumer Durable,42203.02,12.0,18.46,Delinquent,2025-11-26,3878.42,1.0,7.0,0.0,0.0,24556.22,17443.18,0.0,802.07,17966.55,Debit,2029.08,NEFT,Utilities,Successful
T300385,2026-02-26,C100399,L200282,36.0,Male,Bengaluru,Karnataka,Salaried,46200.0,Mass,723.0,6,3,0,145900.0,0.501,Personal,103959.92,18.0,14.62,Active,2025-10-17,6466.94,7.0,8.0,0.0,0.0,70331.83,33240.08,0.0,186.84,25736.01,Credit,609.72,IMPS,Education,Successful
T300128,2026-02-26,C100181,L200499,49.0,Female,Surat,Gujarat,Contract,48400.0,SME,751.0,5,5,0,504800.0,0.367,Auto,379234.44,36.0,8.96,Closed,2025-08-29,12052.5,6.0,10.0,0.0,0.0,300893.22,77437.28,0.0,439.43,54240.21,Credit,4872.5,Net Banking,Restaurants,Successful
T300162,2026-02-26,C100630,L200207,61.0,Male,Mysuru,Karnataka,Business Owner,49200.0,Mass Affluent,734.0,5,3,0,496400.0,0.292,Business,215927.75,12.0,15.95,Active,2026-06-27,19586.2,6.0,1.0,0.0,1.0,203196.72,12584.13,0.0,333.27,-7204.55,Debit,2250.4,UPI,Restaurants,Successful
T300862,2026-02-26,C100100,L200375,46.0,Other,Surat,Gujarat,Retired,45700.0,Mass Affluent,702.0,6,4,1,177300.0,0.516,Personal,67838.76,24.0,16.18,Active,2026-05-03,3327.43,9.0,1.0,0.0,0.0,65675.93,2137.88,0.0,51.14,-6783.67,Credit,2804.93,UPI,Education,Successful
T300753,2026-02-26,C100617,,52.0,Female,New Delhi,Delhi,Business Owner,174300.0,Mass Affluent,569.0,6,3,0,1356200.0,0.341,,,,,,,,,,,,,,,,,Debit,2292.3,IMPS,Utilities,Successful
T300824,2026-02-27,C100339,L200022,51.0,Female,Rohini,Delhi,Salaried,67700.0,Mass,696.0,3,2,1,391700.0,0.183,Home,525328.78,180.0,9.44,Active,2026-04-11,5466.61,2.0,2.0,0.0,0.0,518222.19,7024.59,0.0,404.59,-34762.72,Debit,7391.9,UPI,Education,Successful
T300081,2026-02-27,C100726,L200665,29.0,Female,Warangal,Telangana,Salaried,77900.0,Mass,781.0,3,3,0,821900.0,0.208,Business,554852.24,36.0,15.65,Delinquent,2026-02-07,19411.22,27.0,3.0,1.0,2.0,517000.36,37415.12,637.15,729.69,-1358.46,Debit,1832.74,UPI,Healthcare,Successful
T300414,2026-02-27,C100296,L200118,36.0,Male,Rohini,Delhi,Contract,41400.0,Mass,700.0,5,5,0,485500.0,0.222,Personal,68913.17,36.0,15.86,Active,2026-03-15,2418.02,5.0,3.0,0.0,0.0,64198.03,4660.74,0.0,751.42,-1595.36,Credit,2999.64,IMPS,Restaurants,Successful
T301897,2026-02-27,C100341,L200548,25.0,Female,Ahmedabad,Gujarat,Salaried,37700.0,Mass,681.0,5,2,0,184500.0,0.233,Auto,113405.79,48.0,9.94,Active,2025-07-21,2873.0,19.0,10.0,1.0,1.0,94731.31,18459.01,678.22,952.97,10843.17,Credit,1233.19,UPI,Shopping,Successful
T300721,2026-02-27,C100387,L200571,29.0,Male,New Delhi,Delhi,Business Owner,175400.0,Mass,745.0,5,1,0,1457400.0,0.222,Consumer Durable,105214.45,12.0,17.05,Closed,2025-07-10,9598.55,7.0,11.0,0.0,0.0,36584.78,67837.78,0.0,180.66,63476.26,Debit,9279.67,IMPS,Travel,Successful
T300253,2026-02-27,C100358,L200834,21.0,Female,Chennai,Tamil Nadu,Business Owner,140700.0,Mass,,6,4,0,1171600.0,0.544,Business,846942.38,60.0,12.99,Active,2026-03-13,19266.21,16.0,2.0,1.0,1.0,821896.31,24757.08,258.15,608.02,-43166.1,Debit,1281.69,UPI,Utilities,Successful
T301201,2026-02-27,C100461,L200153,32.0,Male,New Delhi,Delhi,Self-employed,106900.0,Mass,793.0,7,3,1,864700.0,0.477,Auto,426185.08,36.0,7.95,Delinquent,2026-02-28,13345.26,9.0,4.0,0.0,0.0,391487.4,34297.33,0.0,253.9,4136.76,Credit,6513.92,Card,Healthcare,Successful
T301458,2026-02-27,C100545,L201749,31.0,Male,Mysuru,Karnataka,Salaried,115800.0,SME,738.0,6,4,0,890200.0,0.149,Consumer Durable,150129.02,9.0,17.04,Active,2026-05-07,17887.61,8.0,1.0,0.0,1.0,138502.07,11492.79,0.0,565.56,-594.79,Debit,8680.35,IMPS,Travel,Successful
T301685,2026-02-27,C100299,L201292,41.0,Male,Mumbai,Maharashtra,Business Owner,90300.0,Affluent,679.0,6,4,0,606500.0,0.565,Business,763960.5,12.0,16.16,Active,2025-09-06,69372.65,0.0,9.0,0.0,0.0,358130.51,401147.34,0.0,766.74,374024.52,Debit,2203.07,UPI,Utilities,Successful
T301249,2026-02-27,C100286,L201796,50.0,Female,Nagpur,Maharashtra,Salaried,82400.0,Affluent,738.0,5,5,1,656000.0,0.364,Business,447154.61,36.0,14.92,Active,2025-07-09,15483.25,7.0,11.0,0.0,0.0,336449.38,109427.86,0.0,760.07,78470.34,Debit,2390.07,Net Banking,Education,Successful
T300502,2026-02-27,C100562,L201959,57.0,Male,Dwarka,Delhi,Salaried,87800.0,Mass,,4,1,0,643800.0,0.234,Consumer Durable,66908.82,6.0,18.19,Closed,2026-03-07,11750.52,8.0,3.0,0.0,0.0,43995.31,22649.12,0.0,204.91,22331.68,Debit,1388.43,NEFT,Groceries,Successful
T301173,2026-02-28,C100416,L200144,31.0,Male,Dwarka,Delhi,Salaried,138200.0,Mass Affluent,777.0,6,4,1,493300.0,0.546,Auto,321440.93,72.0,8.9,Closed,2026-04-08,5778.2,2.0,2.0,0.0,0.0,313929.26,7424.99,0.0,37.96,-18747.2,Credit,2259.98,IMPS,Healthcare,Successful
T302076,2026-02-28,C100191,L200493,43.0,Female,Mysuru,Karnataka,Contract,41000.0,Mass Affluent,691.0,3,3,0,345300.0,0.198,Personal,95454.79,24.0,15.39,Active,2025-12-31,4645.99,9.0,6.0,0.0,1.0,77335.43,17910.29,0.0,689.87,11799.09,Credit,2670.25,Card,Travel,Failed
T302062,2026-02-28,C100684,L201411,42.0,Female,New Delhi,Delhi,Salaried,45900.0,Mass,639.0,7,3,0,548800.0,0.405,Education,80602.3,36.0,11.65,Closed,2025-10-14,2663.7,9.0,8.0,0.0,1.0,66751.08,13691.4,0.0,608.74,7522.25,Debit,3111.31,UPI,Utilities,Successful
T301326,2026-02-28,C100547,L200325,48.0,Female,Dwarka,Delhi,Salaried,47500.0,Mass Affluent,673.0,5,3,0,385700.0,0.585,Education,206943.96,36.0,11.91,Active,2026-06-11,6864.61,5.0,1.0,0.0,0.0,202481.96,4410.51,0.0,774.82,-11789.43,Credit,1967.82,UPI,Groceries,Successful
T301797,2026-02-28,C100775,L200812,40.0,Other,Mumbai,Maharashtra,Salaried,65400.0,Mass,718.0,5,3,0,624800.0,0.179,Consumer Durable,70772.86,18.0,18.58,Active,2026-03-17,4535.31,9.0,3.0,0.0,1.0,61929.01,8741.81,0.0,670.66,7265.11,Debit,586.05,UPI,Restaurants,Successful
T301676,2026-02-28,C100227,L200808,30.0,Male,Dwarka,Delhi,Salaried,86100.0,SME,736.0,5,1,0,611100.0,0.273,Education,596182.77,60.0,9.43,Active,2025-12-13,12500.56,0.0,6.0,0.0,0.0,547430.57,48189.67,0.0,269.22,2770.92,Debit,135.35,Card,Education,Failed
T300965,2026-02-28,C100421,L200699,48.0,Male,Siliguri,West Bengal,Self-employed,110900.0,Mass,633.0,4,3,1,1388900.0,0.172,Personal,164851.55,18.0,16.96,Active,2025-07-24,10436.93,0.0,11.0,0.0,0.0,90227.47,73763.03,0.0,9.63,68247.83,Debit,618.2,NEFT,Restaurants,Successful
T301188,2026-03-01,C100738,L202097,29.0,Male,Dwarka,Delhi,Salaried,54000.0,Affluent,629.0,4,1,0,717200.0,0.345,Home,618605.5,300.0,9.98,Default,2025-07-22,5612.55,48.0,7.0,4.0,4.0,692838.16,80115.84,1696.12,306514.81,52670.25,Debit,1069.26,NEFT,Utilities,Successful
T300342,2026-03-01,C100254,L201991,40.0,Female,Coimbatore,Tamil Nadu,Salaried,104300.0,Mass,826.0,2,2,0,920300.0,0.163,Business,572178.41,24.0,13.76,Closed,2025-08-06,27407.11,4.0,10.0,0.0,0.0,394032.22,176090.66,0.0,831.43,143863.56,Credit,18594.58,Card,Shopping,Successful
T301329,2026-03-01,C100564,L201932,21.0,Male,Hyderabad,Telangana,Self-employed,83000.0,Mass,678.0,5,2,1,987400.0,0.337,Consumer Durable,89242.08,18.0,18.64,Delinquent,2025-12-09,5721.42,2.0,6.0,0.0,0.0,66928.53,22056.09,0.0,196.61,17265.71,Debit,3393.71,UPI,Travel,Successful
T301786,2026-03-01,C100358,L200834,21.0,Female,Chennai,Tamil Nadu,Business Owner,140700.0,Mass,840.0,6,4,0,1171600.0,0.544,Business,846942.38,60.0,12.99,Active,2026-03-13,19266.21,16.0,2.0,1.0,1.0,821896.31,24757.08,258.15,608.02,-43166.1,Credit,1466.41,Net Banking,Healthcare,Successful
T300111,2026-03-01,C100203,,34.0,Female,Mysuru,Karnataka,Self-employed,116000.0,Mass,740.0,5,3,1,937400.0,0.239,,,,,,,,,,,,,,,,,Debit,20906.4,Card,Healthcare,Successful
T300070,2026-03-01,C100565,L201299,42.0,Female,Madurai,Tamil Nadu,Self-employed,56300.0,Mass Affluent,707.0,6,4,0,436300.0,0.399,Business,217073.2,48.0,15.21,Default,2025-07-15,6064.44,40.0,9.0,2.0,2.0,228171.22,60683.89,406.61,96592.83,54390.53,Debit,2675.88,NEFT,Education,Successful
T300140,2026-03-01,C100155,L201881,50.0,Male,Kolkata,West Bengal,Salaried,260900.0,SME,733.0,4,4,0,3645000.0,0.385,Consumer Durable,209313.09,6.0,17.72,Active,2025-08-25,36710.54,23.0,9.0,1.0,2.0,0.0,215272.63,174.04,0.0,216885.81,Debit,3206.18,Card,Shopping,Successful
T301196,2026-03-02,C100393,L200992,30.0,Female,Kolkata,West Bengal,Self-employed,74600.0,Affluent,707.0,5,1,0,1019300.0,0.276,Home,736055.12,240.0,7.98,Closed,2026-03-27,6147.5,1.0,3.0,0.0,0.0,724067.49,11849.31,0.0,354.81,-44187.79,Debit,2051.6,NEFT,Utilities,Successful
T300576,2026-03-02,C100480,L201789,63.0,Female,Surat,Gujarat,Salaried,86300.0,Mass Affluent,625.0,5,2,0,668000.0,0.285,Personal,98401.55,36.0,16.97,Active,2026-05-12,3506.81,5.0,1.0,0.0,0.0,96122.12,2253.13,0.0,48.96,-8636.29,Debit,965.01,NEFT,Healthcare,Successful
T300242,2026-03-02,C100734,L201320,33.0,Male,Ahmedabad,Gujarat,Salaried,113400.0,Mass Affluent,688.0,12,5,1,434000.0,0.209,Personal,206218.59,24.0,14.84,Closed,2025-11-21,9983.18,1.0,7.0,0.0,1.0,160795.13,44899.35,0.0,490.83,30695.49,Debit,695.0,IMPS,Healthcare,Successful
T300978,2026-03-02,C100164,L200904,46.0,Female,Ahmedabad,Gujarat,Salaried,69200.0,Mass,733.0,7,3,0,315100.0,0.079,Home,634009.53,240.0,7.83,Active,2025-11-05,5236.23,6.0,7.0,0.0,0.0,610184.69,23549.94,0.0,640.01,-28414.65,Credit,2132.81,UPI,Travel,Successful
T301117,2026-03-02,C100786,L200177,27.0,Male,Coimbatore,Tamil Nadu,Salaried,71400.0,SME,712.0,1,1,0,930200.0,0.482,Personal,77053.42,36.0,14.75,Active,2026-03-14,2661.66,2.0,3.0,0.0,0.0,71863.19,5130.35,0.0,470.7,-4710.01,Debit,1542.65,UPI,Healthcare,Successful
T301075,2026-03-03,C100774,L200893,43.0,Male,Mangaluru,Karnataka,Contract,64800.0,Affluent,686.0,6,1,0,631700.0,0.687,Consumer Durable,50230.07,6.0,17.94,Active,2025-07-03,8815.14,7.0,12.0,0.0,0.0,0.0,78155.17,0.0,0.0,74533.3,Credit,4225.91,Net Banking,Restaurants,Reversed
T301349,2026-03-03,C100086,L201065,28.0,Female,Dwarka,Delhi,Salaried,83100.0,Mass,723.0,1,1,0,738200.0,0.498,Auto,441711.56,48.0,8.02,Active,2025-07-17,10787.62,2.0,11.0,0.0,0.0,364580.1,76241.49,0.0,959.11,50572.87,Debit,978.89,UPI,Utilities,Failed
T300618,2026-03-04,C100328,L200515,43.0,Female,Pune,Maharashtra,Self-employed,72400.0,Mass Affluent,694.0,3,3,1,617600.0,0.199,Auto,422729.38,72.0,11.37,Closed,2025-08-23,8126.6,4.0,10.0,0.0,0.0,369906.46,52213.43,0.0,363.75,23890.74,Credit,5887.16,UPI,Groceries,Successful
T300353,2026-03-04,C100480,L201789,63.0,Female,Surat,Gujarat,Salaried,86300.0,Mass Affluent,625.0,5,2,0,668000.0,0.285,Personal,98401.55,36.0,16.97,Active,2026-05-12,3506.81,5.0,1.0,0.0,0.0,96122.12,2253.13,0.0,48.96,-8636.29,Debit,2495.12,IMPS,Groceries,Successful
T300343,2026-03-04,C100076,L201853,49.0,Male,Kolkata,West Bengal,Salaried,49800.0,Affluent,648.0,7,2,0,609400.0,0.251,Education,120058.2,24.0,11.92,Closed,2025-12-10,5647.07,9.0,6.0,0.0,2.0,98034.62,21769.46,0.0,683.84,12672.86,Credit,1122.38,UPI,Education,Successful
T300898,2026-03-04,C100049,L201370,32.0,Female,Pune,Maharashtra,Business Owner,182400.0,Mass,704.0,1,1,0,547300.0,0.261,Personal,397331.43,36.0,14.48,Closed,2025-09-21,13672.66,8.0,9.0,0.0,0.0,317346.36,79062.16,0.0,16.69,51755.69,Credit,2973.07,Net Banking,Restaurants,Successful
T300579,2026-03-04,C100531,L202037,41.0,Male,Ahmedabad,Gujarat,Business Owner,86500.0,Affluent,722.0,3,2,0,1016800.0,0.474,Auto,965878.89,48.0,10.27,Closed,2026-03-02,24622.62,5.0,4.0,0.0,0.0,901860.09,63280.12,0.0,790.11,-9112.6,Debit,7439.25,UPI,Shopping,Successful
T300224,2026-03-04,C100402,L200312,34.0,Female,Hyderabad,Telangana,Contract,28200.0,Mass Affluent,639.0,6,3,0,105100.0,0.425,Personal,78085.32,18.0,16.19,Active,2025-07-13,4915.18,6.0,11.0,0.0,0.0,42941.79,34738.03,0.0,838.15,28652.99,Debit,997.07,IMPS,Healthcare,Successful
T300580,2026-03-04,C100688,L201967,37.0,Female,Bengaluru,Karnataka,Retired,39500.0,Mass Affluent,646.0,5,1,0,188100.0,0.249,Business,141359.15,12.0,18.42,Closed,2026-06-19,12988.08,21.0,0.0,1.0,1.0,141359.15,0.0,448.73,534.63,-7063.26,Debit,1466.34,IMPS,Groceries,Successful
T300319,2026-03-04,C100641,,44.0,Female,Siliguri,West Bengal,Business Owner,92800.0,Mass,755.0,8,1,0,726600.0,0.314,,,,,,,,,,,,,,,,,Debit,4342.5,UPI,Groceries,Successful
T302127,2026-03-05,C100745,L201390,56.0,Female,Nagpur,Maharashtra,Self-employed,106100.0,Mass Affluent,704.0,5,3,0,550500.0,0.225,Auto,861129.61,48.0,9.8,Closed,2026-01-01,21757.85,17.0,5.0,1.0,1.0,790416.58,69897.11,639.43,970.75,7925.57,Debit,7601.63,UPI,Shopping,Reversed
T301081,2026-03-05,C100336,L200656,39.0,Female,Pune,Maharashtra,Self-employed,130100.0,Mass,810.0,10,2,0,1422400.0,0.354,Personal,199268.83,36.0,12.92,Active,2026-05-14,6706.48,8.0,1.0,0.0,0.0,194909.62,4308.91,0.0,815.67,-9728.94,Credit,1756.34,NEFT,Groceries,Successful
T300218,2026-03-05,C100558,,38.0,Female,Rohini,Delhi,Self-employed,104700.0,Mass Affluent,664.0,5,2,0,1038600.0,0.572,,,,,,,,,,,,,,,,,Debit,100.0,Card,Travel,Successful
T301801,2026-03-05,C100098,L201891,33.0,Female,Kolkata,West Bengal,Salaried,35400.0,Mass,671.0,1,1,0,426700.0,0.216,Consumer Durable,27210.72,12.0,20.28,Closed,2025-12-01,2524.3,5.0,7.0,0.0,0.0,15725.16,11353.04,0.0,989.81,11488.41,Debit,306.79,Net Banking,Groceries,Successful
T301238,2026-03-06,C100376,L200947,34.0,Male,Warangal,Telangana,Salaried,131600.0,Affluent,701.0,3,2,0,987800.0,0.175,Education,639168.85,48.0,11.37,Active,2026-02-18,16634.74,2.0,4.0,0.0,0.0,595918.54,42751.27,0.0,415.9,-3373.8,Debit,3539.28,NEFT,Education,Successful
T300391,2026-03-06,C100244,L200990,45.0,Female,Bengaluru,Karnataka,Self-employed,49900.0,Mass Affluent,648.0,5,4,0,418900.0,0.423,Auto,463186.65,48.0,10.58,Active,2025-12-05,11877.05,8.0,6.0,0.0,1.0,416866.17,45786.02,0.0,547.92,11518.63,Credit,1447.43,IMPS,Healthcare,Successful
T300160,2026-03-06,C100590,L201497,30.0,Female,Chennai,Tamil Nadu,Salaried,52500.0,Mass,742.0,5,2,0,271700.0,0.277,Consumer Durable,55812.47,12.0,17.77,Active,2025-07-18,5110.78,5.0,11.0,0.0,0.0,19270.4,36120.43,0.0,617.99,35645.64,Debit,982.83,IMPS,Groceries,Reversed
T302096,2026-03-06,C100277,,52.0,Male,New Delhi,Delhi,Salaried,77200.0,Mass Affluent,725.0,2,2,0,1012000.0,0.368,,,,,,,,,,,,,,,,,Debit,639.38,UPI,Shopping,Successful
T300485,2026-03-07,C100425,,34.0,Female,Ahmedabad,Gujarat,Self-employed,60800.0,Mass,752.0,2,2,0,202700.0,0.575,,,,,,,,,,,,,,,,,Debit,7280.12,IMPS,Groceries,Successful
T302140,2026-03-07,C100110,L200714,21.0,Other,Kolkata,West Bengal,Contract,41200.0,Mass,701.0,2,2,0,567000.0,0.32,Business,219893.0,48.0,16.84,Closed,2026-04-10,6326.83,2.0,2.0,0.0,1.0,211668.12,8129.98,0.0,872.01,-11606.25,Debit,846.54,UPI,Shopping,Successful
T300911,2026-03-07,C100483,L200005,48.0,Male,Mangaluru,Karnataka,Self-employed,59600.0,Mass Affluent,729.0,9,2,0,618000.0,0.55,Personal,124956.01,12.0,14.43,Delinquent,2026-05-17,11244.74,7.0,1.0,0.0,0.0,117646.93,7224.74,0.0,583.32,-5702.5,Debit,5728.34,Card,Utilities,Successful
T300793,2026-03-07,C100240,L201631,44.0,Male,Ahmedabad,Gujarat,Salaried,51700.0,Mass,811.0,8,4,0,664800.0,0.498,Auto,352788.16,36.0,8.58,Active,2026-05-18,11149.74,7.0,1.0,0.0,0.0,345540.83,7163.71,0.0,129.06,-19338.62,Credit,8322.76,NEFT,Restaurants,Successful
T300950,2026-03-07,C100706,L201788,27.0,Female,Ahmedabad,Gujarat,Self-employed,34500.0,Mass Affluent,698.0,6,3,1,252400.0,0.284,Auto,89516.34,36.0,10.05,Active,2026-06-24,2890.54,9.0,1.0,0.0,0.0,87637.49,1857.17,0.0,742.38,-6570.07,Debit,7992.77,Net Banking,Travel,Successful
T300746,2026-03-07,C100027,L201513,43.0,Male,Hyderabad,Telangana,Salaried,95800.0,Mass Affluent,728.0,4,2,0,1128400.0,0.6,Home,945159.79,120.0,8.02,Active,2025-07-14,11477.39,8.0,11.0,0.0,0.0,863096.47,81116.43,0.0,675.39,11761.35,Credit,651.9,UPI,Shopping,Successful
T300422,2026-03-08,C100788,L201304,49.0,Male,Mumbai,Maharashtra,Salaried,80300.0,Mass Affluent,753.0,3,2,0,442100.0,0.334,Auto,281221.42,48.0,9.52,Closed,2025-12-05,7067.85,1.0,6.0,0.0,0.0,253656.8,27246.56,0.0,101.84,6055.13,Credit,5003.09,UPI,Healthcare,Successful
T301577,2026-03-08,C100152,L200035,40.0,Female,Howrah,West Bengal,Contract,121400.0,Mass,729.0,7,1,1,1564800.0,0.191,Home,729050.03,120.0,7.04,Closed,2025-08-04,8479.93,4.0,11.0,0.0,0.0,668418.56,59931.88,0.0,618.8,5964.47,Debit,1017.91,Card,Groceries,Failed
T301899,2026-03-08,C100511,L200472,23.0,Female,Chennai,Tamil Nadu,Salaried,65400.0,Mass,731.0,4,4,0,851500.0,0.333,Education,229047.45,60.0,11.04,Closed,2026-03-14,4984.62,3.0,3.0,0.0,0.0,219327.45,9607.85,0.0,339.64,-10248.72,Debit,3605.34,Card,Utilities,Successful
T301725,2026-03-08,C100296,L200118,36.0,Male,Rohini,Delhi,Contract,41400.0,Mass,700.0,5,5,0,485500.0,0.222,Personal,68913.17,36.0,15.86,Active,2026-03-15,2418.02,5.0,3.0,0.0,0.0,64198.03,4660.74,0.0,751.42,-1595.36,Credit,2430.3,NEFT,Groceries,Failed
T301754,2026-03-09,C100635,L201482,25.0,Female,Mumbai,Maharashtra,Salaried,147800.0,Mass,716.0,7,5,0,1373800.0,0.548,Consumer Durable,97400.62,6.0,16.99,Active,2025-07-16,17047.29,1.0,11.0,0.0,0.0,0.0,133949.9,0.0,0.0,131867.06,Credit,3377.6,IMPS,Education,Successful
T300311,2026-03-09,C100059,L202013,21.0,Female,New Delhi,Delhi,Salaried,102900.0,Mass,678.0,4,2,0,955400.0,0.144,Personal,271788.52,36.0,16.59,Active,2026-04-10,9634.63,5.0,2.0,0.0,0.0,259263.5,12380.51,0.0,914.96,-7121.13,Debit,1773.96,Card,Utilities,Successful
T301099,2026-03-09,C100138,L201183,46.0,Male,Mumbai,Maharashtra,Self-employed,129700.0,Mass,630.0,7,4,0,708600.0,0.143,Personal,270609.48,12.0,16.7,Default,2025-11-25,24642.36,68.0,3.0,4.0,4.0,303082.62,91787.31,1485.23,165009.37,85277.72,Credit,1972.92,Net Banking,Healthcare,Successful
T300279,2026-03-09,C100768,L200648,36.0,Other,Bengaluru,Karnataka,Salaried,48500.0,Mass,684.0,4,3,1,222900.0,0.299,Personal,99187.58,18.0,16.26,Active,2025-11-04,6246.77,0.0,7.0,0.0,0.0,70764.76,28094.86,0.0,810.06,18892.74,Debit,387.58,UPI,Shopping,Successful
T301330,2026-03-09,C100332,,36.0,Other,Mumbai,Maharashtra,Salaried,97000.0,Mass Affluent,583.0,8,4,2,876900.0,0.276,,,,,,,,,,,,,,,,,Credit,3799.68,NEFT,Travel,Successful
T302063,2026-03-09,C100198,L200623,58.0,Male,Kolkata,West Bengal,Contract,52000.0,Mass,,9,3,0,454400.0,0.445,Business,131362.04,48.0,14.53,Closed,2025-12-28,3624.68,5.0,6.0,0.0,0.0,117225.77,13973.16,0.0,674.68,2699.47,Debit,10233.42,NEFT,Education,Successful
T301087,2026-03-09,C100071,L200029,21.0,Female,Bengaluru,Karnataka,Salaried,123500.0,Affluent,737.0,6,3,0,1529800.0,0.415,Business,876473.44,12.0,15.33,Active,2025-08-14,79245.56,20.0,9.0,1.0,1.0,412886.91,458237.45,670.6,709.66,425714.61,Credit,861.6,IMPS,Shopping,Successful
T301065,2026-03-10,C100177,L200050,37.0,Female,New Delhi,Delhi,Salaried,84600.0,Mass Affluent,764.0,7,4,0,1083800.0,0.144,Personal,118423.88,36.0,14.18,Closed,2026-01-10,4057.81,20.0,4.0,1.0,2.0,107873.58,10428.57,267.96,247.51,-232.99,Debit,2201.53,NEFT,Shopping,Successful
T300105,2026-03-10,C100012,L201569,28.0,Male,Mangaluru,Karnataka,Contract,61400.0,Mass,779.0,2,2,0,459300.0,0.366,Personal,74813.45,24.0,13.21,Closed,2026-06-12,3564.15,3.0,1.0,0.0,0.0,72496.75,2289.97,0.0,806.56,-3362.75,Credit,816.93,UPI,Travel,Successful
T301712,2026-03-10,C100394,L200048,21.0,Male,New Delhi,Delhi,Business Owner,138000.0,SME,705.0,7,3,0,1693000.0,0.275,Personal,186001.78,12.0,14.78,Closed,2026-04-29,16768.9,1.0,2.0,0.0,1.0,164202.21,21548.04,0.0,17.42,4700.28,Debit,930.63,Net Banking,Education,Successful
T301584,2026-03-10,C100006,L201606,21.0,Female,Nizamabad,Telangana,Retired,29600.0,Mass,599.0,6,2,0,286200.0,0.299,Education,34248.28,36.0,10.88,Active,2026-05-23,1119.3,2.0,1.0,0.0,0.0,33520.74,719.15,0.0,291.3,393.11,Credit,796.54,UPI,Utilities,Successful
T301882,2026-03-10,C100313,L200356,35.0,Male,Pune,Maharashtra,Salaried,36000.0,Mass Affluent,676.0,5,3,0,483300.0,0.295,Consumer Durable,40231.41,18.0,16.8,Closed,2025-11-10,2544.04,7.0,7.0,0.0,0.0,28656.02,11441.83,0.0,98.55,11373.86,Debit,5883.69,NEFT,Restaurants,Successful
T302058,2026-03-10,C100690,L201945,37.0,Female,Vadodara,Gujarat,Self-employed,74100.0,Mass Affluent,677.0,5,4,1,854700.0,0.323,Consumer Durable,52557.17,9.0,18.48,Active,2026-04-07,6298.5,17.0,1.0,1.0,1.0,48463.14,4046.79,254.96,945.35,-27.12,Credit,1983.87,Net Banking,Travel,Successful
T302085,2026-03-11,C100514,L201081,68.0,Male,Mangaluru,Karnataka,Salaried,74900.0,Mass,666.0,7,3,0,650500.0,0.283,Education,237432.6,36.0,11.51,Active,2025-07-23,7830.71,9.0,11.0,0.0,0.0,181443.04,55343.53,0.0,777.22,37822.35,Debit,5617.51,NEFT,Education,Successful
T301793,2026-03-11,C100408,L200863,41.0,Male,Hyderabad,Telangana,Contract,57700.0,Mass Affluent,685.0,3,3,0,745400.0,0.374,Home,543373.56,300.0,7.91,Active,2026-06-13,4161.5,5.0,1.0,0.0,0.0,540668.58,2673.76,0.0,851.01,-37483.42,Debit,1221.87,UPI,Education,Successful
T301768,2026-03-11,C100609,L200446,40.0,Male,Rohini,Delhi,Business Owner,137500.0,Affluent,,4,2,0,637100.0,0.307,Personal,280467.52,18.0,14.53,Active,2026-06-05,17434.93,1.0,1.0,0.0,2.0,269134.81,11201.94,0.0,927.08,-10031.35,Credit,4425.18,UPI,Utilities,Successful
T301781,2026-03-11,C100681,L200637,37.0,Male,Kolkata,West Bengal,Salaried,42100.0,Mass Affluent,609.0,6,2,1,312900.0,0.715,Business,237074.4,24.0,17.04,Default,2025-07-12,11726.05,165.0,3.0,8.0,8.0,265523.33,50825.07,2939.35,74125.54,37384.46,Debit,554.75,UPI,Groceries,Failed
T300304,2026-03-11,C100188,,22.0,Female,Ahmedabad,Gujarat,Salaried,81000.0,Mass,726.0,5,2,0,1133000.0,0.475,,,,,,,,,,,,,,,,,Debit,5226.31,UPI,Groceries,Successful
T301396,2026-03-11,C100717,L200130,41.0,Male,Nagpur,Maharashtra,Self-employed,,Mass,781.0,6,2,1,352900.0,0.22,Auto,216698.43,36.0,7.69,Delinquent,2026-06-10,6759.59,5.0,1.0,0.0,1.0,212304.69,4343.04,0.0,270.95,-16050.54,Credit,6268.99,UPI,Healthcare,Successful
T302195,2026-03-11,C100190,L202024,44.0,Male,Nizamabad,Telangana,Salaried,31200.0,Affluent,712.0,5,5,0,100500.0,0.133,Education,60324.92,60.0,11.0,Active,2025-12-20,1311.61,4.0,6.0,0.0,1.0,55209.64,5056.26,0.0,462.34,1131.69,Credit,11069.42,UPI,Utilities,Successful
T301359,2026-03-12,C100166,L201209,32.0,Female,Vadodara,Gujarat,Salaried,95900.0,Mass Affluent,684.0,2,2,0,903200.0,0.138,Personal,163741.34,24.0,14.67,Closed,2025-08-21,7913.62,9.0,10.0,0.0,0.0,112302.81,50845.01,0.0,839.22,41427.05,Credit,1927.56,Card,Groceries,Successful
T301921,2026-03-12,C100287,L201301,35.0,Female,Madurai,Tamil Nadu,Salaried,48500.0,Affluent,714.0,1,1,1,201300.0,0.335,Personal,109640.73,36.0,15.64,Active,2026-06-26,3835.18,6.0,1.0,0.0,0.0,107147.86,2464.11,0.0,493.21,-7306.93,Credit,10861.13,NEFT,Healthcare,Successful
T300799,2026-03-12,C100179,L200137,49.0,Female,Howrah,West Bengal,Contract,35400.0,Mass Affluent,684.0,6,1,1,145300.0,0.323,Home,349812.47,180.0,7.43,Closed,2026-05-31,3228.91,3.0,1.0,0.0,0.0,347713.68,2074.57,0.0,304.13,-23417.9,Credit,100.12,NEFT,Utilities,Successful
T300261,2026-03-12,C100717,L200130,41.0,Male,Nagpur,Maharashtra,Self-employed,96500.0,Mass,781.0,6,2,1,352900.0,0.22,Auto,216698.43,36.0,7.69,Delinquent,2026-06-10,6759.59,5.0,1.0,0.0,1.0,212304.69,4343.04,0.0,270.95,-16050.54,Debit,3333.69,UPI,Restaurants,Failed
T300263,2026-03-12,C100364,L201294,27.0,Female,Vadodara,Gujarat,Salaried,105500.0,Mass,733.0,4,1,1,876000.0,0.314,Education,486955.56,24.0,10.84,Delinquent,2025-09-18,22659.79,38.0,5.0,4.0,4.0,413311.24,72794.58,2017.92,795.54,36746.67,Debit,1692.73,NEFT,Shopping,Successful
T300891,2026-03-12,C100570,L201744,47.0,Male,Chennai,Tamil Nadu,Self-employed,90800.0,Mass,619.0,5,5,2,376200.0,0.389,Auto,456006.82,36.0,13.56,Delinquent,2025-12-14,15487.96,29.0,5.0,1.0,1.0,405670.95,49755.07,408.7,682.53,15525.32,Debit,922.7,UPI,Travel,Failed
T302180,2026-03-12,C100051,L201668,34.0,Female,Chennai,Tamil Nadu,Salaried,50200.0,Mass,717.0,5,4,0,428100.0,0.463,Home,707460.36,180.0,9.25,Active,2026-06-20,7281.13,1.0,1.0,0.0,1.0,702727.63,4678.12,0.0,534.95,-51495.41,Debit,1535.16,UPI,Restaurants,Successful
T300642,2026-03-13,C100400,,45.0,Male,Warangal,Telangana,Salaried,83900.0,Affluent,736.0,2,2,0,948300.0,0.279,,,,,,,,,,,,,,,,,Debit,34313.11,UPI,Utilities,Successful
T300201,2026-03-13,C100590,L201497,30.0,Female,Chennai,Tamil Nadu,Salaried,52500.0,Mass,742.0,5,2,0,271700.0,0.277,Consumer Durable,55812.47,12.0,17.77,Active,2025-07-18,5110.78,5.0,11.0,0.0,0.0,19270.4,36120.43,0.0,617.99,35645.64,Debit,1293.38,UPI,Healthcare,Successful
T301156,2026-03-13,C100100,L200375,46.0,Other,Surat,Gujarat,Retired,45700.0,Mass Affluent,702.0,6,4,1,177300.0,0.516,Personal,67838.76,24.0,16.18,Active,2026-05-03,3327.43,9.0,1.0,0.0,0.0,65675.93,2137.88,0.0,51.14,-6783.67,Debit,755.36,UPI,Shopping,Successful
T301430,2026-03-13,C100774,L200893,43.0,Male,Mangaluru,Karnataka,Contract,64800.0,Affluent,686.0,6,1,0,631700.0,0.687,Consumer Durable,50230.07,6.0,17.94,Active,2025-07-03,8815.14,7.0,12.0,0.0,0.0,0.0,78155.17,0.0,0.0,74533.3,Debit,1118.74,Net Banking,Shopping,Successful
T302126,2026-03-13,C100298,,33.0,Female,Rohini,Delhi,Business Owner,178600.0,Affluent,762.0,5,3,0,2275900.0,0.14,,,,,,,,,,,,,,,,,Debit,117.11,UPI,Healthcare,Reversed
T300644,2026-03-13,C100682,L200615,44.0,Male,Bengaluru,Karnataka,Salaried,170500.0,Mass,649.0,2,2,0,1074000.0,0.416,Business,1486581.41,12.0,18.06,Default,2025-08-03,136332.23,35.0,6.0,5.0,5.0,1664971.18,916107.73,1804.2,797871.31,865012.26,Credit,1793.23,Card,Shopping,Successful
T300474,2026-03-14,C100210,L200199,53.0,Male,Dwarka,Delhi,Self-employed,86200.0,Mass Affluent,730.0,7,2,0,608600.0,0.571,Home,2020887.53,240.0,7.46,Closed,2026-03-22,16230.74,5.0,3.0,0.0,0.0,1989237.59,31284.75,0.0,16.97,-124437.38,Debit,966.84,IMPS,Groceries,Successful
T301271,2026-03-14,C100695,L201039,40.0,Male,Nizamabad,Telangana,Contract,49900.0,Mass Affluent,700.0,4,4,0,365700.0,0.461,Personal,67934.86,18.0,15.81,Delinquent,2025-08-08,4264.04,12.0,9.0,1.0,2.0,42990.2,24656.84,414.72,346.51,20281.68,Debit,196.64,Card,Healthcare,Successful
T301151,2026-03-14,C100574,L201010,32.0,Female,Nagpur,Maharashtra,Business Owner,173300.0,Affluent,739.0,3,3,0,1263900.0,0.555,Home,1123466.99,300.0,7.64,Active,2026-06-21,8404.9,6.0,1.0,0.0,0.0,1118003.81,5400.15,0.0,430.1,-79444.42,Debit,3699.09,UPI,Groceries,Successful
T300480,2026-03-14,C100660,L200880,45.0,Female,Dwarka,Delhi,Salaried,77900.0,Mass,685.0,4,3,0,493600.0,0.282,Home,573025.63,240.0,7.39,Active,2025-10-30,4577.79,7.0,8.0,0.0,0.0,549221.12,23529.84,0.0,404.54,-17808.89,Debit,1553.88,Card,Restaurants,Successful
T301787,2026-03-14,C100740,,48.0,Male,Dwarka,Delhi,Salaried,46900.0,Mass Affluent,667.0,8,4,1,209500.0,0.291,,,,,,,,,,,,,,,,,Credit,713.78,IMPS,Travel,Failed
T301194,2026-03-14,C100135,L201684,37.0,Male,Nagpur,Maharashtra,Self-employed,57300.0,Affluent,758.0,1,1,1,440300.0,0.442,Personal,108315.08,18.0,14.1,Active,2026-03-24,6711.42,3.0,3.0,0.0,1.0,95227.8,12936.27,0.0,148.5,3178.59,Debit,1371.88,NEFT,Restaurants,Successful
T301983,2026-03-15,C100005,L200111,26.0,Male,Madurai,Tamil Nadu,Salaried,49400.0,Mass,708.0,4,3,0,188200.0,0.278,Personal,108116.13,18.0,14.2,Active,2026-04-17,6704.17,4.0,2.0,0.0,0.0,99400.71,8614.85,0.0,805.07,434.7,Debit,375.64,NEFT,Shopping,Successful
T301807,2026-03-15,C100390,L201868,52.0,Female,Howrah,West Bengal,Contract,33300.0,Mass Affluent,680.0,4,3,1,183900.0,0.042,Consumer Durable,42203.02,12.0,18.46,Delinquent,2025-11-26,3878.42,1.0,7.0,0.0,0.0,24556.22,17443.18,0.0,802.07,17966.55,Credit,7617.32,NEFT,Travel,Successful
T300323,2026-03-15,C100070,L201327,21.0,Male,Kolkata,West Bengal,Salaried,102000.0,Mass,722.0,6,5,1,460800.0,0.497,Home,402770.99,120.0,7.6,Active,2025-10-05,4802.01,2.0,8.0,0.0,0.0,377800.54,24682.33,0.0,669.01,-7498.15,Debit,1680.38,Card,Shopping,Successful
T301703,2026-03-15,C100012,L201569,28.0,Male,Mangaluru,Karnataka,Contract,61400.0,Mass,779.0,2,2,0,459300.0,0.366,Personal,74813.45,24.0,13.21,Closed,2026-06-12,3564.15,3.0,1.0,0.0,0.0,72496.75,2289.97,0.0,806.56,-3362.75,Debit,2697.08,UPI,Shopping,Successful
T300307,2026-03-15,C100043,L202156,21.0,Male,Siliguri,West Bengal,Business Owner,119600.0,Mass Affluent,710.0,7,2,1,1317800.0,0.364,Home,1382162.39,240.0,8.28,Closed,2025-09-23,11802.97,3.0,9.0,0.0,0.0,1313115.01,68250.68,0.0,782.79,-37753.55,Credit,2346.21,IMPS,Shopping,Successful
T301920,2026-03-15,C100084,L200438,39.0,Male,Nagpur,Maharashtra,Salaried,96100.0,Mass Affluent,745.0,2,2,1,568300.0,0.239,Home,984312.07,240.0,8.62,Active,2025-11-03,8616.99,8.0,7.0,0.0,0.0,945104.75,38754.93,0.0,415.53,-40564.86,Credit,3625.36,Net Banking,Restaurants,Successful
T300786,2026-03-15,C100093,,28.0,Female,Mysuru,Karnataka,Salaried,73100.0,Mass,710.0,4,4,0,276200.0,0.173,,,,,,,,,,,,,,,,,Debit,11836.87,Card,Education,Successful
T301510,2026-03-15,C100615,L200358,38.0,Male,Coimbatore,Tamil Nadu,Salaried,63100.0,Mass,732.0,4,3,1,811100.0,0.422,Consumer Durable,116969.02,9.0,17.66,Active,2026-02-24,13971.51,5.0,4.0,0.0,0.0,80643.09,35906.78,0.0,227.34,29018.36,Debit,3961.97,Net Banking,Shopping,Successful
T300211,2026-03-16,C100498,L202053,32.0,Male,Coimbatore,Tamil Nadu,Self-employed,67000.0,Mass,710.0,4,4,1,662800.0,0.148,Business,750140.03,24.0,15.75,Closed,2025-10-15,36639.65,5.0,8.0,0.0,0.0,559613.87,188327.78,0.0,988.57,142515.85,Debit,3197.59,IMPS,Shopping,Successful
T300267,2026-03-16,C100534,L201328,49.0,Male,Siliguri,West Bengal,Self-employed,65400.0,SME,714.0,5,3,0,820800.0,0.217,Education,395422.39,48.0,9.23,Active,2026-01-23,9883.34,0.0,5.0,0.0,0.0,363301.52,31750.24,0.0,537.65,1640.68,Debit,3132.93,UPI,Shopping,Successful
T300118,2026-03-16,C100565,L201299,42.0,Female,Madurai,Tamil Nadu,Self-employed,56300.0,Mass Affluent,707.0,6,4,0,436300.0,0.399,Business,217073.2,48.0,15.21,Default,2025-07-15,6064.44,40.0,9.0,2.0,2.0,228171.22,60683.89,406.61,96592.83,54390.53,Debit,763.83,Card,Education,Successful
T301460,2026-03-16,C100047,,34.0,Male,Surat,Gujarat,Salaried,36200.0,Mass,753.0,5,4,0,237000.0,0.209,,,,,,,,,,,,,,,,,Debit,2133.63,Net Banking,Restaurants,Failed
T301340,2026-03-16,C100467,L200014,23.0,Female,Nizamabad,Telangana,Self-employed,136800.0,Mass,794.0,5,1,2,1225700.0,0.209,Personal,154021.1,24.0,14.77,Closed,2026-06-20,7451.15,0.0,1.0,0.0,0.0,149177.85,4787.36,0.0,68.58,-9421.67,Debit,874.85,NEFT,Restaurants,Successful
T301968,2026-03-16,C100267,L201772,38.0,Male,Dwarka,Delhi,Salaried,68500.0,Mass,770.0,5,4,0,299500.0,0.492,Home,718123.79,300.0,7.0,Closed,2025-11-23,5075.55,4.0,7.0,0.0,1.0,695030.04,22827.28,0.0,327.64,-33077.72,Debit,2684.45,IMPS,Utilities,Successful
T300797,2026-03-16,C100093,,28.0,Female,Mysuru,Karnataka,Salaried,73100.0,Mass,710.0,4,4,0,276200.0,0.173,,,,,,,,,,,,,,,,,Debit,569.83,IMPS,Shopping,Successful
T301286,2026-03-17,C100365,L201234,37.0,Male,Surat,Gujarat,Self-employed,93900.0,Mass,712.0,5,3,0,810000.0,0.385,Personal,227084.41,36.0,14.82,Delinquent,2025-11-30,7851.95,62.0,3.0,4.0,4.0,211773.1,15134.64,1358.92,895.88,414.89,Credit,1145.27,UPI,Travel,Successful
T300239,2026-03-17,C100182,L201594,43.0,Male,Surat,Gujarat,Contract,47300.0,Affluent,660.0,7,2,0,308300.0,0.205,Personal,211670.03,18.0,17.72,Written Off,2025-10-07,13477.54,12.0,7.0,1.0,2.0,236898.87,108218.61,676.58,153294.26,-12732.76,Debit,3512.83,IMPS,Education,Successful
T300032,2026-03-17,C100284,L201128,38.0,Male,Mysuru,Karnataka,Salaried,68200.0,Affluent,780.0,4,4,0,350300.0,0.136,Auto,317671.46,48.0,9.02,Delinquent,2025-10-01,7908.28,74.0,6.0,3.0,4.0,286829.15,30486.44,1893.55,402.17,10536.23,Debit,3727.73,IMPS,Groceries,Successful
T300132,2026-03-17,C100317,L201623,34.0,Female,Mangaluru,Karnataka,Salaried,120000.0,Mass,680.0,5,3,1,992000.0,0.331,Home,1255034.22,240.0,8.2,Active,2025-11-02,10654.36,4.0,8.0,0.0,0.0,1199631.54,54763.41,0.0,845.33,-38243.87,Debit,9347.75,Net Banking,Healthcare,Successful
T301825,2026-03-18,C100104,L200362,30.0,Male,Bengaluru,Karnataka,Retired,64900.0,Mass Affluent,681.0,5,2,0,873100.0,0.63,Home,971331.18,240.0,7.98,Closed,2026-01-21,8112.52,2.0,5.0,0.0,0.0,944965.5,26061.46,0.0,224.14,-48961.76,Debit,1222.06,NEFT,Utilities,Successful
T300022,2026-03-18,C100288,L200701,36.0,Female,Siliguri,West Bengal,Salaried,68000.0,Affluent,719.0,3,3,0,298200.0,0.24,Business,355117.87,24.0,16.16,Active,2025-07-12,17414.84,13.0,10.0,1.0,1.0,241921.43,111890.32,711.35,437.45,89094.03,Credit,1873.33,UPI,Travel,Successful
T301080,2026-03-18,C100336,L200656,39.0,Female,Pune,Maharashtra,Self-employed,130100.0,Mass,810.0,10,2,0,1422400.0,0.354,Personal,199268.83,36.0,12.92,Active,2026-05-14,6706.48,8.0,1.0,0.0,0.0,194909.62,4308.91,0.0,815.67,-9728.94,Credit,444.91,UPI,Healthcare,Successful
T300625,2026-03-18,C100615,L200358,38.0,Male,Coimbatore,Tamil Nadu,Salaried,63100.0,Mass,732.0,4,3,1,811100.0,0.422,Consumer Durable,116969.02,9.0,17.66,Active,2026-02-24,13971.51,5.0,4.0,0.0,0.0,80643.09,35906.78,0.0,227.34,29018.36,Credit,424.7,UPI,Travel,Failed
T301987,2026-03-18,C100366,L200154,39.0,Male,Mangaluru,Karnataka,Salaried,56700.0,Affluent,701.0,7,1,1,293300.0,0.137,Personal,107152.74,36.0,14.35,Delinquent,2026-01-11,3680.47,24.0,4.0,1.0,2.0,97583.52,9458.8,741.82,618.79,3116.45,Credit,2333.69,UPI,Education,Successful
T301438,2026-03-18,C100761,L200859,40.0,Female,Siliguri,West Bengal,Business Owner,,SME,764.0,3,2,1,2238600.0,0.227,Home,3550357.11,300.0,7.07,Closed,2025-10-30,25251.95,9.0,8.0,0.0,0.0,3419046.98,129795.02,0.0,920.66,-140639.18,Debit,11889.83,NEFT,Education,Successful
T302051,2026-03-18,C100469,,46.0,Female,Madurai,Tamil Nadu,Salaried,76000.0,Mass Affluent,725.0,5,2,0,247200.0,0.153,,,,,,,,,,,,,,,,,Credit,1380.06,UPI,Healthcare,Successful
T301094,2026-03-18,C100014,L202009,43.0,Other,Howrah,West Bengal,Business Owner,155900.0,Mass Affluent,704.0,6,2,0,2037200.0,0.349,Consumer Durable,123514.25,9.0,18.29,Active,2026-06-08,14790.76,1.0,1.0,0.0,0.0,113900.26,9503.06,0.0,305.8,-2868.81,Debit,2722.95,UPI,Restaurants,Successful
T300667,2026-03-18,C100631,L201692,37.0,Male,Kolkata,West Bengal,Contract,56800.0,SME,686.0,3,2,1,519800.0,0.423,Auto,534592.43,48.0,11.48,Delinquent,2025-08-15,13941.77,32.0,9.0,1.0,1.0,453033.1,80618.26,690.25,888.91,47024.66,Debit,673.03,UPI,Travel,Successful
T300069,2026-03-18,C100440,L202130,34.0,Male,Hyderabad,Telangana,Self-employed,62500.0,Mass,790.0,8,5,0,415300.0,0.261,Personal,118875.03,24.0,14.14,Active,2026-05-31,5715.4,6.0,1.0,0.0,0.0,115160.02,3672.14,0.0,133.34,-7043.92,Debit,2395.5,UPI,Education,Successful
T300294,2026-03-18,C100708,L201120,33.0,Male,Howrah,West Bengal,Business Owner,,Mass Affluent,724.0,5,5,0,420900.0,0.313,Personal,225994.05,36.0,14.14,Closed,2025-09-11,7739.32,4.0,9.0,0.0,0.0,180719.05,44752.6,0.0,690.76,32898.66,Debit,3907.57,Card,Shopping,Successful
T300456,2026-03-18,C100018,L201369,34.0,Male,New Delhi,Delhi,Salaried,49200.0,Mass Affluent,649.0,8,3,1,301900.0,0.49,Home,820777.1,300.0,9.32,Closed,2026-05-26,7068.67,6.0,1.0,0.0,0.0,816182.46,4541.62,0.0,165.71,-58268.39,Debit,3460.14,NEFT,Healthcare,Successful
T301443,2026-03-18,C100413,L201255,33.0,Male,Warangal,Telangana,Salaried,36900.0,Mass Affluent,682.0,4,4,0,171700.0,0.512,Home,212354.17,180.0,8.82,Closed,2026-03-05,2131.16,3.0,3.0,0.0,0.0,208198.41,4107.81,0.0,384.72,-12233.8,Credit,899.43,UPI,Restaurants,Successful
T301663,2026-03-18,C100197,L201098,35.0,Male,Dwarka,Delhi,Self-employed,89800.0,Mass Affluent,718.0,5,3,0,606400.0,0.186,Personal,126588.62,18.0,13.6,Closed,2025-11-25,7814.05,3.0,7.0,0.0,0.0,91034.7,35143.69,0.0,370.57,27907.7,Debit,4244.72,UPI,Utilities,Successful
T300093,2026-03-19,C100067,L200344,31.0,Female,Vadodara,Gujarat,Self-employed,44200.0,Affluent,782.0,2,2,1,567500.0,0.328,Home,484065.57,120.0,7.0,Closed,2025-07-02,5620.41,7.0,12.0,0.0,0.0,440226.36,43333.37,0.0,232.82,4546.77,Credit,1766.89,Net Banking,Healthcare,Successful
T301305,2026-03-19,C100192,L201430,42.0,Male,Dwarka,Delhi,Salaried,91700.0,Affluent,850.0,3,3,0,553800.0,0.545,Business,308883.08,24.0,12.54,Active,2026-04-23,14618.21,2.0,2.0,0.0,1.0,289879.4,18784.41,0.0,691.73,-1015.52,Debit,1879.86,UPI,Travel,Successful
T300993,2026-03-19,C100111,L201799,25.0,Female,New Delhi,Delhi,Salaried,68200.0,Affluent,724.0,9,6,1,949200.0,0.116,Education,332197.99,48.0,9.56,Active,2026-01-14,8355.38,3.0,5.0,0.0,0.0,305043.01,26841.65,0.0,906.99,337.15,Credit,7640.14,IMPS,Groceries,Successful
T301447,2026-03-19,C100338,,36.0,Female,Mumbai,Maharashtra,Business Owner,129600.0,Mass Affluent,688.0,4,3,0,1794300.0,0.473,,,,,,,,,,,,,,,,,Debit,376.33,UPI,Travel,Successful
T301285,2026-03-19,C100328,L200515,,Female,Pune,Maharashtra,Self-employed,72400.0,Mass Affluent,694.0,3,3,1,617600.0,0.199,Auto,422729.38,72.0,11.37,Closed,2025-08-23,8126.6,4.0,10.0,0.0,0.0,369906.46,52213.43,0.0,363.75,23890.74,Debit,1357.0,IMPS,Restaurants,Successful
T301113,2026-03-19,C100694,L200778,33.0,Female,Mangaluru,Karnataka,,149500.0,Affluent,728.0,5,3,0,1756400.0,0.611,Home,1592155.69,120.0,7.68,Closed,2026-03-01,19049.08,1.0,4.0,0.0,0.0,1542628.08,48956.14,0.0,275.54,-76865.69,Debit,986.23,UPI,,Successful
T302003,2026-03-20,C100557,L201470,49.0,Female,Hyderabad,Telangana,Salaried,60000.0,Mass Affluent,740.0,4,3,0,361800.0,0.21,Personal,50844.59,12.0,13.21,Closed,2026-01-28,4546.31,9.0,5.0,0.0,0.0,36069.08,14605.02,0.0,48.12,12498.02,Credit,2107.1,Net Banking,Education,Reversed
T300372,2026-03-20,C100629,L200800,32.0,Female,Nizamabad,Telangana,Self-employed,77500.0,Affluent,687.0,6,2,0,439600.0,0.29,Home,1009691.1,120.0,8.06,Active,2026-04-09,12282.37,7.0,2.0,0.0,0.0,993724.01,15782.85,0.0,545.59,-59266.87,Credit,2846.01,Net Banking,Restaurants,Successful
T302174,2026-03-20,C100250,L201735,48.0,Male,Dwarka,Delhi,Salaried,52000.0,Mass,716.0,8,4,0,244000.0,0.321,Auto,274845.37,72.0,10.3,Default,2025-07-21,5133.42,30.0,8.0,3.0,3.0,307826.81,59207.14,669.21,92225.92,42447.39,Credit,3233.47,IMPS,Groceries,Successful
T300766,2026-03-20,C100780,L200046,42.0,Female,Bengaluru,Karnataka,Contract,34200.0,Affluent,680.0,9,3,2,425700.0,0.339,Personal,83381.99,12.0,15.96,Active,2025-09-06,7563.74,5.0,9.0,0.0,0.0,39134.1,43737.33,0.0,219.14,41321.02,Debit,1352.55,IMPS,Travel,Successful
T301204,2026-03-20,C100344,L201741,34.0,Male,Ahmedabad,Gujarat,Self-employed,89200.0,Affluent,780.0,6,2,0,705100.0,0.46,Consumer Durable,115053.9,9.0,15.94,Closed,2026-03-01,13647.76,5.0,4.0,0.0,0.0,79569.73,35074.74,0.0,190.52,29591.24,Debit,731.62,Card,Utilities,Successful
T302031,2026-03-20,C100302,L200258,21.0,Female,Warangal,Telangana,Salaried,89200.0,Mass,696.0,4,2,1,410900.0,0.071,Education,204894.09,48.0,9.54,Delinquent,2025-07-30,5151.5,55.0,8.0,3.0,4.0,178106.31,26478.69,871.5,671.77,11330.71,Debit,7995.96,UPI,Groceries,Successful
T300650,2026-03-20,C100730,L202091,48.0,Female,Surat,Gujarat,Self-employed,91400.0,Mass,652.0,4,1,1,431100.0,0.324,Consumer Durable,125392.56,18.0,18.47,Active,2026-03-25,8028.89,19.0,1.0,2.0,3.0,120173.78,5158.56,699.0,417.14,-3600.72,Debit,1208.75,UPI,Education,Successful
T301019,2026-03-20,C100256,L202038,29.0,Female,Kolkata,West Bengal,Business Owner,65600.0,Mass Affluent,696.0,9,4,0,542700.0,0.223,Auto,262398.51,36.0,12.44,Delinquent,2026-01-20,8770.63,7.0,5.0,0.0,0.0,233893.96,28175.66,0.0,561.97,13986.98,Debit,891.53,UPI,Restaurants,Successful
T301465,2026-03-20,C100364,L201294,27.0,Female,Vadodara,Gujarat,Salaried,105500.0,Mass,733.0,4,1,1,876000.0,0.314,Education,486955.56,24.0,10.84,Delinquent,2025-09-18,22659.79,38.0,5.0,4.0,4.0,413311.24,72794.58,2017.92,795.54,36746.67,Debit,7840.89,IMPS,Education,Successful
T301160,2026-03-20,C100556,L200950,38.0,Male,Chennai,Tamil Nadu,Salaried,58600.0,Mass,788.0,4,2,0,517600.0,0.458,Home,533219.23,180.0,7.0,Active,2025-12-14,4792.73,3.0,6.0,0.0,0.0,514527.6,18475.96,0.0,381.74,-26915.35,Credit,456.91,IMPS,Healthcare,Successful
T300052,2026-03-20,C100197,L201098,35.0,Male,Dwarka,Delhi,Self-employed,89800.0,Mass Affluent,718.0,5,3,0,606400.0,0.186,Personal,126588.62,18.0,13.6,Closed,2025-11-25,7814.05,3.0,7.0,0.0,0.0,91034.7,35143.69,0.0,370.57,27907.7,Debit,2258.93,Card,Utilities,Successful
T300347,2026-03-21,C100606,L200381,28.0,Female,Surat,Gujarat,Business Owner,92000.0,Mass,801.0,5,4,0,404500.0,0.133,Business,547000.2,24.0,13.78,Default,2025-11-03,26206.24,20.0,5.0,2.0,2.0,612640.22,167133.22,892.56,265955.81,147446.74,Debit,2142.28,NEFT,Travel,Successful
T301942,2026-03-21,C100241,L202006,30.0,Female,Howrah,West Bengal,Business Owner,70900.0,Mass,763.0,5,4,0,429200.0,0.418,Personal,133539.6,36.0,13.41,Active,2026-06-23,4525.89,9.0,1.0,0.0,0.0,130597.77,2907.89,0.0,889.9,-9441.43,Credit,1138.01,IMPS,Utilities,Successful
T301155,2026-03-21,C100650,L201195,35.0,Female,Bengaluru,Karnataka,Salaried,63600.0,Mass,805.0,4,2,0,841300.0,0.391,Personal,121654.44,12.0,10.98,Active,2025-11-07,10750.89,1.0,7.0,0.0,0.0,72737.91,48352.11,0.0,794.78,43213.88,Credit,7946.51,Net Banking,Restaurants,Successful
T301962,2026-03-21,C100105,,34.0,Female,Mumbai,Maharashtra,Business Owner,97300.0,SME,745.0,6,4,2,591000.0,0.039,,,,,,,,,,,,,,,,,Debit,11952.62,UPI,Travel,Successful
T300582,2026-03-21,C100247,L201929,50.0,Female,Chennai,Tamil Nadu,Self-employed,53300.0,Mass,714.0,4,2,0,387700.0,0.03,Home,409714.77,180.0,7.0,Active,2025-10-06,3682.63,36.0,5.0,3.0,3.0,397746.22,11830.46,1302.86,761.17,-17063.74,Debit,337.69,NEFT,Shopping,Successful
T300302,2026-03-21,C100723,L201848,22.0,Male,Rohini,Delhi,Salaried,52100.0,Affluent,738.0,9,6,0,320100.0,0.33,Consumer Durable,43418.49,6.0,17.87,Active,2025-10-23,7618.23,1.0,8.0,0.0,0.0,3803.7,39157.69,0.0,497.85,39098.55,Debit,4577.93,NEFT,Shopping,Successful
T302099,2026-03-22,C100072,L200384,35.0,Male,Madurai,Tamil Nadu,Salaried,67500.0,Mass,727.0,6,3,0,338600.0,0.134,Auto,383089.11,36.0,10.37,Active,2025-11-12,12427.86,4.0,7.0,0.0,0.0,326542.34,55894.31,0.0,180.78,29550.92,Debit,9063.53,IMPS,Groceries,Successful
T300019,2026-03-22,C100508,L201149,39.0,Male,Surat,Gujarat,Contract,113700.0,Mass Affluent,704.0,6,1,1,958600.0,0.603,Personal,244438.64,12.0,15.37,Closed,2025-12-29,22105.32,1.0,6.0,0.0,0.0,158227.9,85216.0,0.0,252.46,75786.59,Debit,28220.11,NEFT,Restaurants,Successful
T301903,2026-03-22,C100773,L201540,45.0,Female,Mumbai,Maharashtra,Self-employed,48700.0,Mass Affluent,697.0,4,2,1,430200.0,0.289,Personal,52369.58,12.0,14.58,Delinquent,2025-12-23,4716.42,21.0,4.0,2.0,2.0,40106.9,12121.19,1413.52,327.44,7860.23,Credit,3769.55,Card,Education,Successful
T301281,2026-03-22,C100194,,46.0,Other,Bengaluru,Karnataka,Contract,68200.0,Mass,684.0,10,2,0,738400.0,0.338,,,,,,,,,,,,,,,,,Debit,2851.67,NEFT,Healthcare,Successful
T301277,2026-03-22,C100482,L200432,48.0,Male,Mumbai,Maharashtra,Salaried,111100.0,Mass,628.0,6,2,1,939000.0,0.221,Auto,579909.93,60.0,10.83,Default,2025-09-10,12559.54,22.0,6.0,3.0,3.0,649499.12,113631.28,1230.55,396830.97,103100.92,Debit,957.78,IMPS,Shopping,Successful
T301727,2026-03-23,C100562,L201959,57.0,Male,Dwarka,Delhi,Salaried,,Mass,696.0,4,1,0,643800.0,0.234,Consumer Durable,66908.82,6.0,18.19,Closed,2026-03-07,11750.52,8.0,3.0,0.0,0.0,43995.31,22649.12,0.0,204.91,22331.68,Debit,4435.41,UPI,Restaurants,Successful
T300384,2026-03-23,C100208,L201148,46.0,Male,Nizamabad,Telangana,Self-employed,63200.0,Mass,773.0,4,3,0,472100.0,0.408,Business,304917.0,48.0,13.57,Delinquent,2026-05-24,8266.69,2.0,1.0,0.0,0.0,299543.65,5311.35,0.0,277.59,-19347.51,Credit,5081.78,NEFT,Utilities,Successful
T300903,2026-03-23,C100059,L202013,21.0,Female,New Delhi,Delhi,Salaried,102900.0,Mass,678.0,4,2,0,955400.0,0.144,Personal,271788.52,36.0,16.59,Active,2026-04-10,9634.63,5.0,2.0,0.0,0.0,259263.5,12380.51,0.0,914.96,-7121.13,Debit,2859.83,UPI,Education,Successful
T301137,2026-03-23,C100494,,45.0,Female,Chennai,Tamil Nadu,Salaried,48600.0,Mass,647.0,3,3,0,192700.0,0.255,,,,,,,,,,,,,,,,,Credit,4447.65,Net Banking,Groceries,Successful
T300127,2026-03-23,C100587,L201013,21.0,Male,Bengaluru,Karnataka,Salaried,52200.0,Mass Affluent,661.0,5,5,0,701700.0,0.246,Personal,61172.01,12.0,16.06,Closed,2025-08-25,5551.93,30.0,9.0,1.0,1.0,28693.24,32104.01,258.15,338.41,28544.88,Debit,26259.66,UPI,Groceries,Successful
T301960,2026-03-23,C100003,L200246,38.0,Male,Ahmedabad,Gujarat,Contract,57900.0,Affluent,701.0,3,1,0,263400.0,0.139,Education,179646.0,24.0,9.91,Closed,2025-11-29,8282.29,4.0,7.0,0.0,1.0,141961.58,37249.6,0.0,963.45,23660.36,Debit,1585.2,NEFT,Groceries,Successful
T300653,2026-03-24,C100543,L200247,37.0,Male,Siliguri,West Bengal,Contract,20100.0,Mass Affluent,657.0,5,3,0,205000.0,0.147,Auto,71268.86,36.0,10.71,Closed,2026-05-15,2323.48,2.0,1.0,0.0,0.0,69758.6,1492.83,0.0,357.04,-2339.27,Debit,1844.4,Net Banking,Restaurants,Successful
T301578,2026-03-24,C100172,L200575,,Male,Bengaluru,Karnataka,Self-employed,69500.0,Mass,739.0,5,3,1,920800.0,0.149,Business,622310.28,24.0,15.51,Active,2026-03-14,30324.75,4.0,3.0,0.0,0.0,563177.02,58450.95,0.0,930.42,9521.61,Debit,3073.51,UPI,Restaurants,Successful
T300643,2026-03-24,C100257,,28.0,Male,Ahmedabad,Gujarat,Business Owner,158300.0,Affluent,734.0,7,2,1,1660300.0,0.47,,,,,,,,,,,,,,,,,Credit,1628.73,UPI,Healthcare,Successful
T302200,2026-03-24,C100488,L201790,40.0,Male,Kolkata,West Bengal,Salaried,118600.0,Mass,761.0,4,3,0,1445800.0,0.296,Personal,229415.85,12.0,12.99,Active,2026-03-28,20489.72,4.0,3.0,0.0,0.0,189460.89,39493.94,0.0,634.7,23776.74,Debit,2425.53,UPI,Shopping,Successful
T301292,2026-03-24,C100568,L200201,56.0,Female,Vadodara,Gujarat,Salaried,79400.0,Mass,695.0,3,2,1,1003600.0,0.369,Business,385629.88,36.0,16.52,Delinquent,2025-08-29,13656.81,42.0,8.0,2.0,2.0,314614.46,70196.01,339.78,393.5,43498.88,Debit,1083.62,UPI,Utilities,Successful
T301491,2026-03-24,C100467,L200014,23.0,Female,Nizamabad,Telangana,Self-employed,136800.0,Mass,794.0,5,1,2,1225700.0,0.209,Personal,154021.1,24.0,14.77,Closed,2026-06-20,7451.15,0.0,1.0,0.0,0.0,149177.85,4787.36,0.0,68.58,-9421.67,Debit,2390.74,Net Banking,Healthcare,Successful
T300443,2026-03-24,C100141,L200275,46.0,Male,Rohini,Delhi,Self-employed,72600.0,Mass,824.0,5,4,0,779300.0,0.606,Business,642946.79,24.0,13.22,Active,2025-11-23,30633.34,9.0,7.0,0.0,1.0,503565.08,137773.46,0.0,659.7,97901.37,Debit,2999.62,Net Banking,Groceries,Successful
T301456,2026-03-24,C100427,L200023,44.0,Male,Ahmedabad,Gujarat,Salaried,75700.0,Mass Affluent,628.0,9,3,0,1059000.0,0.271,Auto,546622.27,72.0,11.14,Default,2025-07-09,10443.69,33.0,9.0,2.0,2.0,612216.94,130070.28,316.7,363575.81,116034.85,Debit,4843.55,UPI,Travel,Successful
T301991,2026-03-24,C100172,L200575,56.0,Male,Bengaluru,Karnataka,Self-employed,69500.0,Mass,739.0,5,3,1,920800.0,0.149,Business,622310.28,24.0,15.51,Active,2026-03-14,30324.75,4.0,3.0,0.0,0.0,563177.02,58450.95,0.0,930.42,9521.61,Debit,8499.85,NEFT,Healthcare,Successful
T300935,2026-03-24,C100575,L200780,31.0,Male,Rohini,Delhi,Contract,45900.0,SME,758.0,10,3,0,614200.0,0.298,Personal,119333.38,24.0,14.0,Active,2025-11-29,5729.54,5.0,7.0,0.0,1.0,93263.97,25768.6,0.0,937.25,19318.78,Credit,9091.41,IMPS,Travel,Successful
T301428,2026-03-24,C100378,L201949,36.0,Male,Ahmedabad,Gujarat,Salaried,35800.0,Mass,724.0,4,4,0,264800.0,0.169,Personal,53030.45,24.0,14.88,Active,2026-02-03,2568.25,1.0,4.0,0.0,0.0,46353.01,6600.39,0.0,287.74,-1607.89,Credit,1020.97,Net Banking,Shopping,Successful
T301392,2026-03-25,C100354,L200960,50.0,Male,Warangal,Telangana,Self-employed,46800.0,Mass,667.0,2,2,1,202600.0,0.178,Consumer Durable,43711.96,12.0,20.31,Closed,2026-05-12,4055.72,9.0,1.0,0.0,0.0,41075.74,2605.8,0.0,441.78,-65.11,Debit,907.04,UPI,Healthcare,Successful
T301599,2026-03-25,C100524,L200783,21.0,Male,Siliguri,West Bengal,Self-employed,33500.0,Affluent,750.0,5,3,0,251500.0,0.264,Personal,61068.82,24.0,13.61,Active,2025-07-10,2920.85,4.0,11.0,0.0,1.0,40184.73,20643.12,0.0,346.68,17512.13,Debit,4853.98,IMPS,Restaurants,Successful
T300452,2026-03-25,C100160,L200524,35.0,Female,New Delhi,Delhi,Business Owner,94200.0,Mass Affluent,716.0,9,3,0,1115900.0,0.487,Personal,224213.5,12.0,14.35,Active,2025-10-01,20168.43,5.0,9.0,0.0,0.0,106228.21,116623.93,0.0,660.08,111763.33,Debit,299.11,NEFT,Travel,Successful
T301498,2026-03-25,C100770,L200545,26.0,Female,Hyderabad,Telangana,Self-employed,95600.0,Mass Affluent,726.0,3,1,0,1228600.0,0.078,Business,580871.6,36.0,15.34,Active,2026-02-02,20232.95,6.0,4.0,0.0,0.0,528265.92,51998.69,0.0,616.54,8122.65,Credit,1071.13,NEFT,Travel,Successful
T301931,2026-03-25,C100323,L202134,33.0,Female,Surat,Gujarat,Salaried,106400.0,Affluent,739.0,2,2,0,574500.0,0.738,Home,1095034.0,120.0,7.0,Active,2025-11-20,12714.27,14.0,6.0,1.0,2.0,1045448.33,49013.52,640.23,251.9,-35340.54,Credit,223.89,UPI,Shopping,Successful
T300143,2026-03-25,C100020,L200345,46.0,Male,Rohini,Delhi,Self-employed,46900.0,Mass,645.0,3,2,1,616800.0,0.453,Business,258772.54,12.0,16.72,Active,2026-03-09,23566.91,6.0,3.0,0.0,0.0,212817.06,45425.23,0.0,301.86,34913.99,Debit,3768.32,UPI,Education,Successful
T300829,2026-03-25,C100145,L202072,49.0,Male,New Delhi,Delhi,Salaried,50000.0,Mass Affluent,727.0,4,2,0,567700.0,0.152,Business,297751.42,60.0,16.19,Active,2026-02-25,7270.83,4.0,4.0,0.0,0.0,278847.26,18686.03,0.0,669.87,-7286.22,Credit,1721.72,IMPS,Travel,Failed
T301233,2026-03-25,C100408,L200863,41.0,Male,Hyderabad,Telangana,Contract,57700.0,Mass Affluent,685.0,3,3,0,745400.0,0.374,Home,543373.56,300.0,7.91,Active,2026-06-13,4161.5,5.0,1.0,0.0,0.0,540668.58,2673.76,0.0,851.01,-37483.42,Debit,931.33,IMPS,Restaurants,Successful
T302104,2026-03-25,C100409,L200578,46.0,Female,Hyderabad,Telangana,Salaried,84400.0,Mass,685.0,3,2,0,303600.0,0.06,Personal,100052.12,24.0,15.29,Active,2026-06-26,4864.99,4.0,1.0,0.0,1.0,96889.88,3125.76,0.0,221.16,-6909.31,Credit,2473.21,UPI,Travel,Successful
T300090,2026-03-25,C100480,L201789,63.0,Female,Surat,Gujarat,Salaried,86300.0,Mass Affluent,625.0,5,2,0,668000.0,0.285,Personal,98401.55,36.0,16.97,Active,2026-05-12,3506.81,5.0,1.0,0.0,0.0,96122.12,2253.13,0.0,48.96,-8636.29,Debit,2631.04,IMPS,Groceries,Successful
T300764,2026-03-26,C100632,L201750,53.0,Female,Bengaluru,Karnataka,Business Owner,50000.0,Mass Affluent,739.0,3,3,1,387000.0,0.168,Auto,291387.18,60.0,10.23,Active,2026-06-02,6224.14,3.0,1.0,0.0,1.0,287341.49,3999.01,0.0,965.63,-13459.03,Credit,654.27,Net Banking,Utilities,Successful
T302021,2026-03-26,C100395,L201900,48.0,Other,Mysuru,Karnataka,Salaried,57700.0,Affluent,672.0,5,5,1,227800.0,0.191,Personal,96028.06,24.0,15.39,Active,2026-06-28,4673.89,5.0,1.0,0.0,0.0,92990.03,3002.98,0.0,670.04,-6637.09,Debit,3980.76,Card,Education,Failed
T300647,2026-03-26,C100021,L202079,27.0,Female,Hyderabad,Telangana,Business Owner,185600.0,Mass,659.0,6,6,0,2066500.0,0.642,Personal,431461.4,24.0,15.65,Delinquent,2026-02-06,21053.61,19.0,3.0,1.0,1.0,390406.86,40580.83,459.29,926.07,11794.32,Debit,1142.87,IMPS,Restaurants,Successful
T301805,2026-03-26,C100687,L201348,39.0,Female,Nagpur,Maharashtra,Salaried,84300.0,SME,547.0,3,3,1,349400.0,0.378,Personal,170257.99,12.0,17.71,Closed,2025-07-29,15585.76,25.0,9.0,2.0,2.0,79081.28,90124.67,1108.89,424.82,82641.59,Debit,319.2,Net Banking,Healthcare,Successful
T302067,2026-03-26,C100747,L200407,51.0,Female,Nagpur,Maharashtra,Salaried,35100.0,Mass,731.0,5,2,0,450300.0,0.327,Home,456815.9,180.0,7.86,Active,2025-09-24,4328.73,20.0,8.0,1.0,1.0,434306.5,22249.67,221.89,183.06,-15151.67,Debit,7356.49,UPI,Restaurants,Successful
T301260,2026-03-26,C100386,L201417,34.0,Male,Mangaluru,Karnataka,Retired,23000.0,Affluent,653.0,6,1,0,146600.0,0.199,Personal,37664.83,36.0,15.45,Delinquent,2026-04-26,1313.98,2.0,2.0,0.0,0.0,35956.66,1688.46,0.0,661.17,-951.59,Debit,7934.06,Net Banking,Travel,Successful
T300395,2026-03-26,C100541,L201232,30.0,Male,Mysuru,Karnataka,Retired,58000.0,Mass,799.0,2,2,0,224300.0,0.312,Auto,177115.64,36.0,7.74,Active,2025-09-22,5528.94,1.0,9.0,0.0,0.0,144771.33,31971.1,0.0,936.18,23829.23,Debit,1935.39,IMPS,Utilities,Reversed
T300800,2026-03-27,C100477,L201908,56.0,Female,Madurai,Tamil Nadu,Salaried,66400.0,Mass,709.0,2,1,1,789900.0,0.156,Personal,75552.35,12.0,14.6,Closed,2026-06-26,6804.98,7.0,1.0,0.0,0.0,71129.12,4372.2,0.0,841.15,-1590.81,Debit,1407.19,UPI,Shopping,Successful
T301287,2026-03-27,C100471,L202132,23.0,Female,Mysuru,Karnataka,Salaried,75300.0,SME,774.0,6,1,0,356900.0,0.213,Personal,204173.76,12.0,14.28,Active,2025-09-04,18359.08,3.0,9.0,0.0,1.0,96773.12,106161.4,0.0,130.64,95975.17,Debit,385.09,UPI,Travel,Successful
T300963,2026-03-27,C100235,L200401,43.0,Male,Bengaluru,Karnataka,Contract,46400.0,Mass,698.0,2,2,0,280200.0,0.33,Auto,124949.61,36.0,10.37,Delinquent,2025-07-15,4053.51,44.0,9.0,2.0,2.0,101236.56,23439.44,589.44,837.65,15535.06,Credit,8644.66,NEFT,Travel,Failed
T300607,2026-03-27,C100683,,26.0,Male,Nizamabad,Telangana,Salaried,60000.0,Mass Affluent,663.0,2,2,0,613400.0,0.194,,,,,,,,,,,,,,,,,Debit,1328.88,UPI,Education,Successful
T300243,2026-03-27,C100668,L200108,49.0,Male,Ahmedabad,Gujarat,Retired,,Mass,645.0,8,3,0,519300.0,0.496,Auto,234129.93,60.0,11.36,Active,2025-10-18,5132.69,18.0,7.0,1.0,1.0,210776.2,23084.26,540.24,728.11,8931.41,Debit,1145.82,Card,Utilities,Successful
T302134,2026-03-27,C100266,L201783,31.0,Female,Vadodara,Gujarat,Salaried,66900.0,SME,781.0,4,2,1,440700.0,0.191,Auto,163975.97,48.0,8.2,Closed,2026-03-08,4018.54,0.0,3.0,0.0,0.0,156139.81,7745.74,0.0,88.12,-3060.63,Debit,585.48,UPI,Healthcare,Successful
T300616,2026-03-27,C100701,,48.0,Female,Rohini,Delhi,Salaried,84800.0,Mass Affluent,659.0,3,3,0,1082700.0,0.465,,,,,,,,,,,,,,,,,Debit,909.48,NEFT,Healthcare,Successful
T302095,2026-03-27,C100506,L201428,54.0,Female,Dwarka,Delhi,Business Owner,134500.0,SME,846.0,3,2,0,1497500.0,0.426,Business,1445022.69,24.0,13.51,Active,2026-06-25,69045.68,0.0,1.0,0.0,0.0,1400143.0,44361.85,0.0,804.33,-68975.1,Debit,316.3,UPI,Groceries,Successful
T302098,2026-03-28,C100600,L200188,50.0,Female,Nagpur,Maharashtra,Self-employed,143600.0,Mass,679.0,4,3,0,1843500.0,0.292,Home,936328.34,180.0,7.81,Active,2025-11-14,8845.64,1.0,7.0,0.0,1.0,896080.67,39783.27,0.0,127.94,-29130.72,Debit,9823.13,IMPS,Healthcare,Successful
T301771,2026-03-28,C100603,L201925,35.0,Male,Ahmedabad,Gujarat,Contract,44300.0,SME,666.0,7,2,0,151500.0,0.287,Auto,340289.14,60.0,10.76,Active,2025-08-07,7358.05,7.0,10.0,0.0,0.0,292461.84,47275.45,0.0,267.21,23361.93,Debit,5648.79,IMPS,Healthcare,Successful
T300882,2026-03-28,C100419,L201207,46.0,Male,Rohini,Delhi,Salaried,81100.0,Mass Affluent,700.0,10,3,0,279000.0,0.03,Education,392111.26,60.0,11.4,Closed,2026-04-30,8603.88,1.0,2.0,0.0,0.0,380926.22,11055.98,0.0,143.43,-19800.77,Debit,1453.82,UPI,Education,Failed
T301386,2026-03-28,C100192,L201430,42.0,Male,Dwarka,Delhi,Salaried,91700.0,Affluent,850.0,3,3,0,553800.0,0.545,Business,308883.08,24.0,12.54,Active,2026-04-23,14618.21,2.0,2.0,0.0,1.0,289879.4,18784.41,0.0,691.73,-1015.52,Debit,1374.09,Net Banking,Groceries,Successful
T301687,2026-03-28,C100162,L201577,55.0,Male,Surat,Gujarat,Contract,64200.0,Mass Affluent,729.0,5,2,0,334300.0,0.174,Business,167349.63,48.0,16.09,Closed,2026-06-21,4750.45,7.0,1.0,0.0,0.0,164261.84,3052.17,0.0,62.21,-10417.97,Debit,1730.9,UPI,Utilities,Failed
T301263,2026-03-28,C100580,L200368,35.0,Male,New Delhi,Delhi,Salaried,72600.0,Mass Affluent,784.0,6,4,1,797300.0,0.26,Education,153851.76,48.0,9.09,Closed,2026-05-18,3835.19,1.0,1.0,0.0,1.0,151358.89,2464.11,0.0,957.64,-10127.15,Credit,1860.93,IMPS,Shopping,Successful
T301116,2026-03-28,C100097,L200570,34.0,Male,Mysuru,Karnataka,Salaried,44500.0,Mass,694.0,4,3,0,176200.0,0.179,Home,492710.56,180.0,8.31,Closed,2025-12-09,4797.2,16.0,5.0,1.0,1.0,477119.67,15411.0,357.98,249.22,-23204.25,Credit,930.94,Net Banking,Restaurants,Successful
T301140,2026-03-29,C100284,L201128,38.0,Male,Mysuru,Karnataka,Salaried,68200.0,Affluent,780.0,4,4,0,350300.0,0.136,Auto,317671.46,48.0,9.02,Delinquent,2025-10-01,7908.28,74.0,6.0,3.0,4.0,286829.15,30486.44,1893.55,402.17,10536.23,Credit,2617.76,IMPS,Groceries,Successful
T301546,2026-03-29,C100251,L200685,33.0,Male,Dwarka,Delhi,Self-employed,95700.0,Mass Affluent,674.0,7,1,0,1087000.0,0.09,Consumer Durable,117687.93,12.0,19.86,Closed,2025-08-01,10894.08,1.0,11.0,0.0,0.0,39795.26,76993.91,0.0,283.81,69370.54,Debit,1306.71,Net Banking,Healthcare,Successful
T301257,2026-03-29,C100481,L201610,29.0,Female,Warangal,Telangana,Salaried,90200.0,Mass,713.0,5,3,0,629900.0,0.06,Education,230661.14,24.0,11.18,Active,2026-03-21,10769.9,2.0,3.0,0.0,0.0,209659.83,20758.99,0.0,183.47,7573.97,Debit,2690.21,UPI,Groceries,Successful
T302122,2026-03-29,C100237,L202035,39.0,Female,Madurai,Tamil Nadu,Salaried,64300.0,Mass,727.0,3,3,0,605000.0,0.577,Auto,442013.13,36.0,10.27,Closed,2026-01-08,14318.62,4.0,5.0,0.0,0.0,395477.62,45998.56,0.0,688.88,16791.7,Credit,3820.11,UPI,Healthcare,Failed
T300989,2026-03-29,C100444,L202109,33.0,Female,Dwarka,Delhi,Salaried,79500.0,Mass,664.0,6,3,0,785500.0,0.422,Personal,177886.18,24.0,15.39,Delinquent,2025-12-25,8658.1,5.0,6.0,0.0,0.0,144119.58,33376.98,0.0,223.74,23928.91,Debit,567.6,UPI,Restaurants,Successful
T300917,2026-03-29,C100282,L201983,28.0,Female,Mangaluru,Karnataka,Salaried,122200.0,Affluent,761.0,8,1,0,670600.0,0.337,Education,223097.37,24.0,8.72,Closed,2026-06-24,10163.51,0.0,1.0,0.0,0.0,216491.09,6530.05,0.0,607.59,-10015.78,Credit,2208.25,IMPS,Groceries,Successful
T300899,2026-03-29,C100359,L200694,41.0,Male,Mangaluru,Karnataka,Self-employed,102300.0,Mass Affluent,732.0,5,3,0,1053900.0,0.411,Personal,143210.86,24.0,12.9,Closed,2026-02-19,6801.78,8.0,4.0,0.0,0.0,125526.23,17480.58,0.0,865.31,11256.41,Debit,11833.37,NEFT,Shopping,Successful
T301267,2026-03-29,C100251,L200685,33.0,Male,Dwarka,Delhi,Self-employed,95700.0,Mass Affluent,674.0,7,1,0,1087000.0,0.09,Consumer Durable,117687.93,12.0,19.86,Closed,2025-08-01,10894.08,1.0,11.0,0.0,0.0,39795.26,76993.91,0.0,283.81,69370.54,Credit,15379.91,UPI,Restaurants,Successful
T301637,2026-03-30,C100488,L201790,40.0,Male,Kolkata,West Bengal,Salaried,118600.0,Mass,761.0,4,3,0,1445800.0,0.296,Personal,229415.85,12.0,12.99,Active,2026-03-28,20489.72,4.0,3.0,0.0,0.0,189460.89,39493.94,0.0,634.7,23776.74,Debit,688.82,Net Banking,Education,Successful
T300387,2026-03-30,C100256,L202038,29.0,Female,Kolkata,West Bengal,Business Owner,65600.0,Mass Affluent,696.0,9,4,0,542700.0,0.223,Auto,262398.51,36.0,12.44,Delinquent,2026-01-20,8770.63,7.0,5.0,0.0,0.0,233893.96,28175.66,0.0,561.97,13986.98,Debit,2917.52,UPI,Healthcare,Successful
T300365,2026-03-30,C100786,L200177,27.0,Male,Coimbatore,Tamil Nadu,Salaried,71400.0,SME,712.0,1,1,0,930200.0,0.482,Personal,77053.42,36.0,14.75,Active,2026-03-14,2661.66,2.0,3.0,0.0,0.0,71863.19,5130.35,0.0,470.7,-4710.01,Debit,823.2,Net Banking,Utilities,Successful
T301861,2026-03-30,C100260,L201615,25.0,Male,Chennai,Tamil Nadu,Self-employed,78600.0,Mass Affluent,696.0,4,4,0,1088900.0,0.129,Education,202480.54,60.0,11.53,Active,2025-07-15,4456.13,1.0,11.0,0.0,1.0,170619.25,31493.66,0.0,532.95,18828.47,Credit,251.47,UPI,Travel,Successful
T301666,2026-03-30,C100634,L202142,41.0,Male,Hyderabad,Telangana,Salaried,119400.0,Mass,786.0,5,1,0,1271100.0,0.235,Business,665156.82,12.0,13.23,Closed,2025-10-11,59481.79,7.0,8.0,0.0,0.0,355851.49,305736.42,0.0,889.84,282162.67,Credit,1466.97,NEFT,Healthcare,Successful
T301070,2026-03-30,C100131,L200191,56.0,Male,Hyderabad,Telangana,Salaried,142500.0,Mass,777.0,6,5,0,874300.0,0.311,Personal,395324.91,24.0,12.03,Active,2025-09-28,18614.86,0.0,9.0,0.0,1.0,286428.01,107640.4,0.0,127.38,86009.61,Debit,,IMPS,Shopping,Successful
T302087,2026-03-30,C100699,L201452,47.0,Female,Chennai,Tamil Nadu,Self-employed,118100.0,Mass,725.0,3,3,1,1413800.0,0.291,Auto,226806.15,60.0,9.27,Closed,2026-04-18,4737.9,9.0,2.0,0.0,0.0,220646.88,6088.2,0.0,470.42,-12981.48,Debit,2300.19,Card,Healthcare,Successful
T300631,2026-03-30,C100717,L200130,41.0,Male,Nagpur,Maharashtra,Self-employed,96500.0,Mass,781.0,6,2,1,352900.0,0.22,Auto,216698.43,36.0,7.69,Delinquent,2026-06-10,6759.59,5.0,1.0,0.0,1.0,212304.69,4343.04,0.0,270.95,-16050.54,Debit,2062.81,UPI,Travel,Successful
T301759,2026-03-30,C100618,L201642,31.0,Male,Surat,Gujarat,Salaried,79500.0,Mass Affluent,722.0,8,2,0,690300.0,0.293,Personal,181084.89,18.0,15.74,Active,2026-03-03,11360.11,4.0,3.0,0.0,0.0,158932.68,21896.61,0.0,801.31,7530.57,Debit,1280.11,UPI,Travel,Reversed
T301002,2026-03-30,C100158,L200122,42.0,Male,Kolkata,West Bengal,Self-employed,109800.0,Mass Affluent,782.0,5,5,2,828400.0,0.17,Personal,194601.15,36.0,13.22,Active,2025-09-30,6577.52,17.0,7.0,2.0,2.0,164673.43,29582.4,1149.93,975.71,15381.66,Debit,1304.11,NEFT,Travel,Failed
T300029,2026-03-30,C100292,L200565,37.0,Other,Nizamabad,Telangana,Salaried,66400.0,Mass Affluent,663.0,2,2,0,349000.0,0.458,Personal,162481.22,12.0,15.71,Closed,2025-09-14,14719.77,2.0,9.0,0.0,0.0,76370.56,85117.08,0.0,768.76,80998.79,Debit,975.12,NEFT,Travel,Successful
T301631,2026-03-30,C100740,,48.0,Male,Dwarka,Delhi,Salaried,46900.0,Mass Affluent,667.0,8,4,1,209500.0,0.291,,,,,,,,,,,,,,,,,Credit,259.5,Net Banking,Utilities,Successful
T300915,2026-03-30,C100236,L201766,48.0,Male,Hyderabad,Telangana,Business Owner,139300.0,Mass Affluent,741.0,4,2,1,1056400.0,0.443,Personal,312373.27,24.0,14.92,Closed,2026-02-11,15134.06,6.0,4.0,0.0,0.0,273024.71,38894.54,0.0,399.06,11719.49,Debit,572.54,UPI,Groceries,Successful
T300765,2026-03-31,C100390,L201868,52.0,Female,Howrah,West Bengal,Contract,33300.0,Mass Affluent,680.0,4,3,1,183900.0,0.042,Consumer Durable,42203.02,12.0,18.46,Delinquent,2025-11-26,3878.42,1.0,7.0,0.0,0.0,24556.22,17443.18,0.0,802.07,17966.55,Credit,312.71,IMPS,Utilities,Successful
T300299,2026-03-31,C100062,L201020,54.0,Female,New Delhi,Delhi,Salaried,63200.0,Affluent,714.0,5,2,2,547300.0,0.388,Personal,156965.66,24.0,15.74,Closed,2026-04-20,7666.04,3.0,2.0,0.0,0.0,146999.81,9850.86,0.0,668.44,2924.37,Debit,954.07,Net Banking,Restaurants,Failed
T300235,2026-03-31,C100747,L200407,51.0,Female,Nagpur,Maharashtra,Salaried,35100.0,Mass,731.0,5,2,0,450300.0,0.327,Home,456815.9,180.0,7.86,Active,2025-09-24,4328.73,20.0,8.0,1.0,1.0,434306.5,22249.67,221.89,183.06,-15151.67,Debit,2069.74,UPI,Shopping,Successful
T301890,2026-03-31,C100556,L200950,38.0,Male,Chennai,Tamil Nadu,Salaried,58600.0,Mass,788.0,4,2,0,517600.0,0.458,Home,533219.23,180.0,7.0,Active,2025-12-14,4792.73,3.0,6.0,0.0,0.0,514527.6,18475.96,0.0,381.74,-26915.35,Debit,934.89,IMPS,Restaurants,Reversed
T300040,2026-03-31,C100135,L201684,37.0,Male,Nagpur,Maharashtra,Self-employed,57300.0,Affluent,758.0,1,1,1,440300.0,0.442,Personal,108315.08,18.0,14.1,Active,2026-03-24,6711.42,3.0,3.0,0.0,1.0,95227.8,12936.27,0.0,148.5,3178.59,Credit,1164.7,NEFT,Travel,Successful
T300282,2026-03-31,C100108,L201745,32.0,Female,Nagpur,Maharashtra,Salaried,136200.0,Mass,763.0,3,3,1,1633300.0,0.096,Auto,392013.81,36.0,10.63,Active,2025-07-14,12765.45,1.0,11.0,0.0,0.0,300740.84,90219.82,0.0,743.42,67645.13,Debit,1855.0,UPI,Groceries,Successful
T300202,2026-03-31,C100700,L200910,52.0,Female,Kolkata,West Bengal,Salaried,45100.0,Mass Affluent,684.0,5,4,0,534300.0,0.369,Personal,56741.9,36.0,16.44,Closed,2026-02-22,2007.22,2.0,4.0,0.0,0.0,51523.12,5158.57,0.0,963.94,3975.17,Credit,3636.19,Net Banking,Shopping,Successful
T300575,2026-04-01,C100019,L201830,29.0,Male,Kolkata,West Bengal,Business Owner,76100.0,Mass Affluent,680.0,7,1,0,1009800.0,0.131,Consumer Durable,161715.83,12.0,18.59,Active,2026-06-30,14871.55,5.0,1.0,0.0,1.0,152049.32,9554.97,0.0,229.1,-3677.83,Debit,1370.29,UPI,Healthcare,Successful
T300442,2026-04-01,C100244,L200990,45.0,Female,Bengaluru,Karnataka,Self-employed,49900.0,Mass Affluent,648.0,5,4,0,418900.0,0.423,Auto,463186.65,48.0,10.58,Active,2025-12-05,11877.05,8.0,6.0,0.0,1.0,416866.17,45786.02,0.0,547.92,11518.63,Credit,2623.92,IMPS,Healthcare,Successful
T300806,2026-04-01,C100336,L200656,39.0,Female,Pune,Maharashtra,Self-employed,130100.0,Mass,810.0,10,2,0,1422400.0,0.354,Personal,199268.83,36.0,12.92,Active,2026-05-14,6706.48,8.0,1.0,0.0,0.0,194909.62,4308.91,0.0,815.67,-9728.94,Debit,1478.31,IMPS,Restaurants,Successful
T300371,2026-04-01,C100166,L201209,32.0,Female,Vadodara,Gujarat,Salaried,95900.0,Mass Affluent,684.0,2,2,0,903200.0,0.138,Personal,163741.34,24.0,14.67,Closed,2025-08-21,7913.62,9.0,10.0,0.0,0.0,112302.81,50845.01,0.0,839.22,41427.05,Debit,4180.83,IMPS,Shopping,Successful
T300354,2026-04-02,C100767,L201269,31.0,Male,Surat,Gujarat,Salaried,56400.0,Mass,752.0,5,3,0,336000.0,0.517,Personal,102074.53,24.0,13.46,Closed,2026-01-28,4874.89,4.0,5.0,0.0,0.0,86231.13,15660.59,0.0,83.47,9583.97,Debit,3559.59,UPI,Restaurants,Successful
T300424,2026-04-02,C100250,L201735,48.0,Male,Dwarka,Delhi,Salaried,52000.0,Mass,716.0,8,4,0,244000.0,0.321,Auto,274845.37,72.0,10.3,Default,2025-07-21,5133.42,30.0,8.0,3.0,3.0,307826.81,59207.14,669.21,92225.92,42447.39,Credit,1444.76,UPI,Shopping,Successful
T301820,2026-04-02,C100546,L201446,26.0,Male,Siliguri,West Bengal,Salaried,45600.0,Mass Affluent,634.0,7,2,2,305900.0,0.098,Personal,83069.38,24.0,16.41,Delinquent,2025-12-20,4083.63,54.0,3.0,3.0,3.0,75106.31,7871.19,688.97,706.25,6534.66,Debit,1392.71,UPI,Utilities,Successful
T300327,2026-04-02,C100191,L200493,43.0,Female,Mysuru,Karnataka,Contract,41000.0,Mass Affluent,691.0,3,3,0,345300.0,0.198,Personal,95454.79,24.0,15.39,Active,2025-12-31,4645.99,9.0,6.0,0.0,1.0,77335.43,17910.29,0.0,689.87,11799.09,Debit,1081.43,IMPS,Shopping,Successful
T300285,2026-04-02,C100219,L202034,21.0,Female,Pune,Maharashtra,Contract,55000.0,Mass,705.0,4,4,0,376500.0,0.132,Auto,269007.4,60.0,10.2,Active,2026-01-06,5742.12,24.0,4.0,1.0,3.0,254077.89,14757.25,447.65,23.96,-4945.44,Credit,13613.32,UPI,Groceries,Successful
T300887,2026-04-02,C100327,L201993,54.0,Male,Nagpur,Maharashtra,Business Owner,44000.0,Mass Affluent,735.0,6,3,1,608200.0,0.227,Auto,131373.38,36.0,8.03,Active,2026-01-30,4118.58,7.0,5.0,0.0,1.0,117987.99,13230.95,0.0,95.29,7403.63,Debit,1576.6,UPI,Education,Successful
T300191,2026-04-02,C100458,L202108,21.0,Female,Kolkata,West Bengal,Salaried,125800.0,Affluent,740.0,4,4,0,1238900.0,0.051,Personal,189886.95,36.0,13.96,Closed,2025-10-15,6486.2,8.0,8.0,0.0,0.0,156158.72,33339.05,0.0,822.67,21715.88,Credit,241.9,Card,Restaurants,Successful
T300691,2026-04-02,C100687,L201348,39.0,Female,Nagpur,Maharashtra,Salaried,84300.0,SME,547.0,3,3,1,349400.0,0.378,Personal,170257.99,12.0,17.71,Closed,2025-07-29,15585.76,25.0,9.0,2.0,2.0,79081.28,90124.67,1108.89,424.82,82641.59,Debit,590.51,UPI,Utilities,Successful
T301241,2026-04-02,C100470,L200007,46.0,Female,Mangaluru,Karnataka,Self-employed,71000.0,Mass Affluent,776.0,2,2,0,224800.0,0.184,Education,208744.63,48.0,9.14,Active,2026-03-09,5208.51,5.0,3.0,0.0,1.0,198588.04,10039.4,0.0,29.59,-3253.33,Debit,3270.59,UPI,Travel,Successful
T301501,2026-04-03,C100171,L201362,36.0,Female,Howrah,West Bengal,Salaried,31500.0,Mass,665.0,7,1,0,304800.0,0.13,Home,216552.44,180.0,8.66,Closed,2025-07-06,2152.84,6.0,11.0,0.0,1.0,201159.66,15215.17,0.0,656.66,-1215.75,Debit,1026.55,UPI,Shopping,Successful
T302010,2026-04-03,C100351,L200594,47.0,Female,Dwarka,Delhi,Self-employed,71700.0,Mass,682.0,2,2,0,346200.0,0.305,Auto,1093507.6220129766,60.0,10.27,Active,2025-07-01,10540.73,15.0,11.0,1.0,2.0,417649.0,74496.64,565.85,742.38,42132.5,Credit,1387.77,Card,Healthcare,Successful
T300524,2026-04-03,C100558,,38.0,Female,Rohini,Delhi,Self-employed,104700.0,Mass Affluent,664.0,5,2,0,1038600.0,0.572,,,,,,,,,,,,,,,,,Debit,823.19,UPI,Groceries,Successful
T302033,2026-04-03,C100126,L202050,38.0,Male,Surat,Gujarat,Self-employed,48100.0,Mass,659.0,5,1,0,389300.0,0.345,Personal,88235.97,24.0,16.02,Active,2025-11-05,4321.15,4.0,7.0,0.0,0.0,68574.73,19434.38,0.0,669.65,14574.97,Debit,6128.58,NEFT,Restaurants,Successful
T302041,2026-04-03,C100222,L201321,44.0,Male,Surat,Gujarat,Self-employed,40100.0,Affluent,729.0,4,4,1,499500.0,0.656,Education,86429.52,48.0,8.64,Delinquent,2026-06-07,2136.06,5.0,1.0,0.0,0.0,85041.08,1372.42,0.0,414.18,-212.57,Debit,23395.99,UPI,Travel,Successful
T301519,2026-04-03,C100068,L201544,32.0,Male,Warangal,Telangana,Salaried,112000.0,Affluent,770.0,4,3,0,634500.0,0.155,Home,986708.57,240.0,7.0,Active,2026-03-10,7649.94,1.0,3.0,0.0,0.0,971791.18,14745.26,0.0,734.81,-62694.39,Debit,3884.34,UPI,Healthcare,Successful
T300470,2026-04-03,C100779,L200542,31.0,Male,New Delhi,Delhi,Business Owner,60300.0,SME,724.0,3,3,0,237000.0,0.312,Business,285350.65,60.0,15.12,Active,2025-12-28,6806.46,8.0,6.0,0.0,0.0,258805.46,26238.9,0.0,444.46,9834.38,Debit,3770.72,IMPS,Shopping,Successful
T301001,2026-04-04,C100179,L200137,49.0,Female,Howrah,West Bengal,Contract,35400.0,Mass Affluent,684.0,6,1,1,145300.0,0.323,Home,349812.47,180.0,7.43,Closed,2026-05-31,3228.91,3.0,1.0,0.0,0.0,347713.68,2074.57,0.0,304.13,-23417.9,Credit,7129.51,UPI,Utilities,Successful
T302043,2026-04-05,C100325,L200124,36.0,Female,Madurai,Tamil Nadu,Contract,26600.0,Mass Affluent,718.0,4,2,0,356900.0,0.499,Business,259885.08,60.0,15.69,Delinquent,2026-02-16,6277.17,5.0,4.0,0.0,0.0,243564.43,16132.34,0.0,486.7,-2004.07,Debit,1849.65,NEFT,Healthcare,Successful
T301226,2026-04-05,C100508,L201149,39.0,Male,Surat,Gujarat,Contract,113700.0,Mass Affluent,704.0,6,1,1,958600.0,0.603,Personal,244438.64,12.0,15.37,Closed,2025-12-29,22105.32,1.0,6.0,0.0,0.0,158227.9,85216.0,0.0,252.46,75786.59,Debit,5402.28,IMPS,Restaurants,Successful
T300257,2026-04-05,C100642,L200933,54.0,Female,New Delhi,Delhi,Business Owner,230900.0,Mass,823.0,4,3,0,1227000.0,0.287,Personal,275587.06,18.0,11.95,Active,2026-03-03,16799.46,4.0,3.0,0.0,0.0,242828.11,32380.97,0.0,562.81,14742.53,Debit,4562.22,IMPS,Healthcare,Successful
T301774,2026-04-05,C100138,L201183,46.0,Male,Mumbai,Maharashtra,Self-employed,129700.0,Mass,630.0,7,4,0,708600.0,0.143,Personal,270609.48,12.0,16.7,Default,2025-11-25,24642.36,68.0,3.0,4.0,4.0,303082.62,91787.31,1485.23,165009.37,85277.72,Debit,1328.01,UPI,Healthcare,Successful
T301733,2026-04-05,C100074,L200673,34.0,Female,Madurai,Tamil Nadu,Salaried,28300.0,Mass,618.0,4,4,1,391200.0,0.158,Education,98189.18,36.0,13.4,Active,2025-11-17,3327.33,14.0,6.0,1.0,2.0,85212.59,12826.86,243.73,637.4,7913.16,Debit,,IMPS,Travel,Successful
T300212,2026-04-06,C100534,L201328,49.0,Male,Siliguri,West Bengal,Self-employed,65400.0,SME,714.0,5,3,0,820800.0,0.217,Education,395422.39,48.0,9.23,Active,2026-01-23,9883.34,0.0,5.0,0.0,0.0,363301.52,31750.24,0.0,537.65,1640.68,Debit,603.91,UPI,Groceries,Successful
T300366,2026-04-06,C100456,L201475,39.0,Female,New Delhi,Delhi,Salaried,93400.0,Affluent,779.0,4,2,0,928100.0,0.558,Auto,504040.97,48.0,9.46,Active,2025-12-06,12653.46,6.0,6.0,0.0,0.0,454692.46,48779.1,0.0,114.45,16016.29,Debit,594.18,Net Banking,Groceries,Successful
T300303,2026-04-06,C100265,,21.0,Female,Coimbatore,Tamil Nadu,Contract,,Mass,697.0,3,3,2,128300.0,0.427,,,,,,,,,,,,,,,,,Debit,13156.66,IMPS,Restaurants,Successful
T301653,2026-04-06,C100371,L200928,40.0,Female,Surat,Gujarat,Business Owner,82900.0,Mass,673.0,4,3,0,390500.0,0.297,Education,426273.43,36.0,9.75,Active,2025-12-23,13704.67,5.0,6.0,0.0,0.0,372825.23,52831.49,0.0,965.01,22120.88,Credit,15126.63,NEFT,Education,Successful
T300423,2026-04-06,C100594,L202187,35.0,Female,Nizamabad,Telangana,Self-employed,106300.0,Mass,667.0,4,4,0,1025600.0,0.459,Auto,391896.7,60.0,11.99,Active,2026-06-11,8715.55,7.0,1.0,0.0,0.0,386231.6,5599.74,0.0,583.86,-25956.25,Debit,1602.17,Net Banking,Healthcare,Successful
T301788,2026-04-06,C100145,L202072,49.0,Male,New Delhi,Delhi,Salaried,50000.0,Mass Affluent,727.0,4,2,0,567700.0,0.152,Business,297751.42,60.0,16.19,Active,2026-02-25,7270.83,4.0,4.0,0.0,0.0,278847.26,18686.03,0.0,669.87,-7286.22,Debit,18667.13,Card,Education,Successful
T301626,2026-04-06,C100422,L202010,44.0,Male,Mangaluru,Karnataka,Salaried,92500.0,Mass,680.0,3,2,0,291100.0,0.256,Home,1276825.85,240.0,9.14,Active,2026-06-09,11603.15,6.0,1.0,0.0,1.0,1269283.8,7455.02,0.0,178.35,-97265.77,Debit,6590.19,IMPS,Shopping,Successful
T300363,2026-04-06,C100264,L200010,34.0,Male,Nagpur,Maharashtra,Salaried,55300.0,Mass Affluent,698.0,9,4,2,598700.0,0.211,Home,543248.75,240.0,7.99,Closed,2025-10-16,4540.57,1.0,8.0,0.0,2.0,519637.79,23338.53,0.0,430.62,-13606.19,Credit,7371.93,UPI,Healthcare,Reversed
T301011,2026-04-07,C100480,L201789,63.0,Female,Surat,Gujarat,Salaried,86300.0,Mass Affluent,625.0,5,2,0,668000.0,0.285,Personal,98401.55,36.0,16.97,Active,2026-05-12,3506.81,5.0,1.0,0.0,0.0,96122.12,2253.13,0.0,48.96,-8636.29,Credit,170.64,Net Banking,Restaurants,Reversed
T301509,2026-04-07,C100511,L200472,23.0,Female,Chennai,Tamil Nadu,Salaried,65400.0,Mass,731.0,4,4,0,851500.0,0.333,Education,229047.45,60.0,11.04,Closed,2026-03-14,4984.62,3.0,3.0,0.0,0.0,219327.45,9607.85,0.0,339.64,-10248.72,Debit,1105.34,Net Banking,Shopping,Successful
T301321,2026-04-07,C100587,L201013,21.0,Male,Bengaluru,Karnataka,Salaried,52200.0,Mass Affluent,661.0,5,5,0,701700.0,0.246,Personal,61172.01,12.0,16.06,Closed,2025-08-25,5551.93,30.0,9.0,1.0,1.0,28693.24,32104.01,258.15,338.41,28544.88,Credit,2071.35,UPI,,Successful
T301218,2026-04-08,C100169,L201093,44.0,Female,Coimbatore,Tamil Nadu,Salaried,108300.0,Mass Affluent,678.0,6,4,1,438800.0,0.18,Consumer Durable,203830.05,18.0,18.74,Active,2025-09-03,13077.55,8.0,10.0,0.0,0.0,118825.97,84023.26,0.0,954.25,73031.26,Debit,3668.5,IMPS,Shopping,Successful
T300925,2026-04-08,C100550,L202129,46.0,Male,Siliguri,West Bengal,Salaried,37400.0,Mass,671.0,4,2,0,179800.0,0.419,Personal,60377.61,18.0,16.3,Closed,2025-08-01,3803.69,1.0,11.0,0.0,1.0,33181.24,26882.56,0.0,166.53,20295.89,Debit,10114.81,Net Banking,Healthcare,Successful
T300916,2026-04-08,C100718,L201940,42.0,Male,Vadodara,Gujarat,Salaried,137500.0,SME,764.0,7,4,0,877200.0,0.498,Personal,377147.49,24.0,14.77,Active,2025-09-12,18245.43,6.0,9.0,0.0,0.0,270411.72,105504.21,0.0,502.3,82620.5,Debit,4629.29,IMPS,Restaurants,Successful
T300458,2026-04-09,C100104,L200362,30.0,Male,Bengaluru,Karnataka,Retired,64900.0,Mass Affluent,681.0,5,2,0,873100.0,0.63,Home,971331.18,240.0,7.98,Closed,2026-01-21,8112.52,2.0,5.0,0.0,0.0,944965.5,26061.46,0.0,224.14,-48961.76,Credit,1197.38,UPI,Education,Successful
T301994,2026-04-09,C100535,L201780,38.0,Female,Chennai,Tamil Nadu,Salaried,40500.0,SME,703.0,3,3,0,311600.0,0.099,Business,383598.89,36.0,16.73,Delinquent,2026-01-04,13624.86,31.0,4.0,1.0,1.0,348174.26,35015.88,707.75,139.01,7989.12,Debit,852.53,Net Banking,Healthcare,Successful
T301047,2026-04-09,C100321,L200138,45.0,Male,Surat,Gujarat,Contract,23900.0,Mass Affluent,627.0,5,2,0,288300.0,0.532,Education,73137.56,36.0,13.27,Written Off,2026-04-25,2473.82,1.0,2.0,0.0,0.0,81914.07,9774.71,0.0,20057.37,-31624.57,Debit,1230.42,Net Banking,Shopping,Successful
T300922,2026-04-09,C100155,L201881,50.0,Male,Kolkata,West Bengal,Salaried,260900.0,SME,733.0,4,4,0,3645000.0,0.385,Consumer Durable,209313.09,6.0,17.72,Active,2025-08-25,36710.54,23.0,9.0,1.0,2.0,0.0,215272.63,174.04,0.0,216885.81,Credit,303.29,IMPS,Groceries,Reversed
T301539,2026-04-09,C100473,,45.0,Female,Warangal,Telangana,Salaried,43700.0,Mass,625.0,4,2,1,194700.0,0.435,,,,,,,,,,,,,,,,,Credit,317.89,IMPS,Healthcare,Successful
T300537,2026-04-09,C100703,L202021,29.0,Male,Dwarka,Delhi,Salaried,35300.0,Mass,724.0,5,5,1,147700.0,0.087,Home,475967.85,180.0,7.0,Closed,2025-07-31,4278.13,0.0,11.0,0.0,0.0,445379.19,30235.71,0.0,878.69,-6987.23,Debit,8739.93,NEFT,Healthcare,Successful
T300108,2026-04-09,C100202,L200113,37.0,Female,Siliguri,West Bengal,Retired,50700.0,Mass Affluent,779.0,6,1,0,646000.0,0.336,Personal,60919.06,36.0,12.84,Active,2026-03-04,2047.91,16.0,2.0,1.0,2.0,58256.77,2631.57,327.98,946.61,2391.26,Debit,2020.28,Card,Education,Successful
T300885,2026-04-09,C100792,L201363,68.0,Male,Vadodara,Gujarat,Salaried,56700.0,Mass,688.0,1,1,1,781900.0,0.162,Business,253042.42,48.0,16.52,Closed,2025-11-08,7238.86,8.0,7.0,0.0,0.0,220105.6,32556.78,0.0,215.7,13945.95,Debit,3729.57,IMPS,Groceries,Successful
T301534,2026-04-10,C100007,L201449,40.0,Female,Kolkata,West Bengal,Business Owner,382700.0,Mass Affluent,,7,2,0,4535600.0,0.313,Personal,568439.18,12.0,13.05,Active,2025-10-01,50784.77,13.0,8.0,1.0,1.0,304358.35,261033.74,455.97,533.9,234584.92,Debit,2041.82,UPI,Groceries,Successful
T300266,2026-04-10,C100206,L200661,34.0,Female,Madurai,Tamil Nadu,Salaried,19300.0,Mass,667.0,8,2,0,146800.0,0.498,Consumer Durable,37857.43,18.0,18.57,Closed,2025-12-31,2425.82,1.0,6.0,0.0,1.0,28396.72,9351.54,0.0,827.94,7787.73,Credit,2761.6,IMPS,Healthcare,Successful
T302026,2026-04-10,C100258,L201032,36.0,Female,Mumbai,Maharashtra,Salaried,137900.0,Mass,771.0,6,6,1,1075200.0,0.617,Business,1036772.24,36.0,14.74,Closed,2026-06-25,35808.19,8.0,1.0,0.0,0.0,1013496.92,23006.76,0.0,803.43,-61963.16,Debit,1590.88,Card,Travel,Successful
T302015,2026-04-10,C100644,L201131,62.0,Female,Chennai,Tamil Nadu,Salaried,90000.0,Mass,689.0,7,4,0,401600.0,0.544,Personal,207658.02,24.0,14.06,Active,2026-03-31,9976.15,2.0,3.0,0.0,0.0,188204.53,19229.02,0.0,238.37,7769.94,Credit,780.43,UPI,Shopping,Successful
T301775,2026-04-10,C100758,,39.0,Female,Ahmedabad,Gujarat,Contract,30000.0,Mass Affluent,679.0,4,3,1,90500.0,0.521,,,,,,,,,,,,,,,,,Debit,2584.9,IMPS,Shopping,Successful
T301945,2026-04-11,C100614,L200902,31.0,Male,Dwarka,Delhi,Retired,54800.0,SME,694.0,7,2,0,460900.0,0.128,Auto,188491.42,72.0,11.02,Closed,2025-11-09,3589.69,4.0,7.0,0.0,0.0,172158.32,16144.64,0.0,793.18,2747.95,Debit,2463.61,Card,Healthcare,Successful
T300929,2026-04-11,C100103,L201526,43.0,Male,Hyderabad,Telangana,Salaried,34500.0,Mass,718.0,5,3,1,120000.0,0.2,Consumer Durable,37931.4,6.0,17.98,Active,2026-06-28,6657.54,6.0,1.0,0.0,0.0,33604.0,4277.47,0.0,728.04,2014.13,Credit,12300.34,UPI,Shopping,Successful
T302167,2026-04-11,C100003,L200246,38.0,Male,Ahmedabad,Gujarat,Contract,57900.0,Affluent,701.0,3,1,0,263400.0,0.139,Education,179646.0,24.0,9.91,Closed,2025-11-29,8282.29,4.0,7.0,0.0,1.0,141961.58,37249.6,0.0,963.45,23660.36,Debit,699.42,UPI,Restaurants,Successful
T301022,2026-04-11,C100379,L202019,56.0,Female,Kolkata,West Bengal,Salaried,32500.0,Mass,721.0,3,2,0,136200.0,0.234,Personal,64087.78,36.0,14.32,Active,2026-04-25,2200.34,5.0,2.0,0.0,1.0,61227.34,2827.44,0.0,834.21,1887.31,Debit,3708.11,NEFT,Healthcare,Successful
T300018,2026-04-11,C100075,L202106,39.0,Male,Bengaluru,Karnataka,Salaried,72900.0,Mass Affluent,662.0,4,3,1,296500.0,0.146,Auto,271524.05,60.0,10.04,Active,2025-12-14,5774.43,6.0,6.0,0.0,0.0,249003.78,22260.42,0.0,354.41,-4752.5,Debit,580.42,UPI,Travel,Successful
T302132,2026-04-11,C100425,,34.0,Female,Ahmedabad,Gujarat,Self-employed,60800.0,Mass,752.0,2,2,0,202700.0,0.575,,,,,,,,,,,,,,,,,Debit,3081.51,Net Banking,Restaurants,Successful
T301142,2026-04-12,C100381,L201150,26.0,Female,Siliguri,West Bengal,Self-employed,161500.0,Affluent,830.0,5,2,0,1372200.0,0.29,Home,1484543.09,300.0,7.0,Delinquent,2025-08-06,10492.44,44.0,7.0,3.0,4.0,1436802.48,47189.76,652.34,546.81,-68101.69,Debit,2521.48,NEFT,Groceries,Successful
T300101,2026-04-12,C100440,L202130,34.0,Male,Hyderabad,Telangana,Self-employed,62500.0,Mass,790.0,8,5,0,415300.0,0.261,Personal,118875.03,24.0,14.14,Active,2026-05-31,5715.4,6.0,1.0,0.0,0.0,115160.02,3672.14,0.0,133.34,-7043.92,Debit,721.88,NEFT,Utilities,Successful
T300034,2026-04-12,C100480,L201789,63.0,Female,Surat,Gujarat,Salaried,86300.0,Mass Affluent,625.0,5,2,0,668000.0,0.285,Personal,98401.55,36.0,16.97,Active,2026-05-12,3506.81,5.0,1.0,0.0,0.0,96122.12,2253.13,0.0,48.96,-8636.29,Debit,4116.88,Net Banking,Education,Successful
T301965,2026-04-12,C100747,L200407,51.0,Female,Nagpur,Maharashtra,Salaried,35100.0,Mass,731.0,5,2,0,450300.0,0.327,Home,456815.9,180.0,7.86,Active,2025-09-24,4328.73,20.0,8.0,1.0,1.0,434306.5,22249.67,221.89,183.06,-15151.67,Debit,2224.26,UPI,Travel,Successful
T301354,2026-04-12,C100377,L200739,29.0,Male,Hyderabad,Telangana,Contract,57100.0,Mass Affluent,762.0,4,3,0,725000.0,0.458,Auto,308145.34,36.0,9.12,Active,2026-01-15,9816.16,3.0,5.0,0.0,0.0,276242.83,31534.41,0.0,795.4,10038.19,Debit,391.9,IMPS,Shopping,Successful
T300225,2026-04-12,C100419,L201207,46.0,Male,Rohini,Delhi,Salaried,81100.0,Mass Affluent,700.0,10,3,0,279000.0,0.03,Education,392111.26,60.0,11.4,Closed,2026-04-30,8603.88,1.0,2.0,0.0,0.0,380926.22,11055.98,0.0,143.43,-19800.77,Debit,914.86,IMPS,Utilities,Successful
T301824,2026-04-12,C100762,L202085,50.0,Male,Siliguri,West Bengal,Salaried,193300.0,Mass Affluent,705.0,6,3,0,2319000.0,0.608,Auto,1038508.91,60.0,9.98,Active,2025-07-07,22055.03,6.0,11.0,0.0,0.0,880815.47,155873.9,0.0,801.78,87970.82,Debit,1611.43,NEFT,Utilities,Successful
T300798,2026-04-13,C100273,L200786,53.0,Male,Vadodara,Gujarat,Salaried,104900.0,Mass Affluent,850.0,4,2,1,1358300.0,0.19,Consumer Durable,128666.1,12.0,15.03,Closed,2026-04-29,11615.01,3.0,2.0,0.0,0.0,113566.59,14925.28,0.0,984.84,4270.04,Debit,1004.84,UPI,Utilities,Successful
T300281,2026-04-13,C100392,L200055,44.0,Male,Madurai,Tamil Nadu,Salaried,76200.0,Mass,765.0,8,3,0,865500.0,0.546,Personal,119590.76,18.0,14.64,Active,2026-05-23,7440.4,4.0,1.0,0.0,0.0,114754.5,4780.46,0.0,71.6,-5958.56,Debit,1973.58,UPI,Restaurants,Successful
T301319,2026-04-13,C100613,L200423,41.0,Male,Nizamabad,Telangana,Retired,48100.0,Affluent,718.0,5,3,0,220400.0,0.389,Personal,62440.94,24.0,14.05,Delinquent,2025-07-31,2999.44,7.0,11.0,0.0,0.0,40994.91,21198.58,0.0,916.24,15847.92,Credit,1061.84,Card,Education,Successful
T301036,2026-04-13,C100756,L200525,38.0,Male,Howrah,West Bengal,Salaried,195400.0,Affluent,769.0,4,4,1,1161400.0,0.12,Consumer Durable,237629.28,9.0,16.84,Closed,2025-12-27,28290.3,8.0,6.0,0.0,1.0,127297.12,109059.09,0.0,896.82,99811.91,Debit,1842.64,IMPS,Healthcare,Successful
T300271,2026-04-13,C100361,L201902,37.0,Male,Mumbai,Maharashtra,Contract,60400.0,Mass,722.0,2,2,0,288900.0,0.089,Personal,62378.79,24.0,13.51,Active,2026-02-11,2980.57,4.0,4.0,0.0,0.0,54629.32,7660.06,0.0,783.63,2577.42,Credit,786.95,Net Banking,Groceries,Successful
T301843,2026-04-14,C100237,L202035,39.0,Female,Madurai,Tamil Nadu,Salaried,64300.0,Mass,727.0,3,3,0,605000.0,0.577,Auto,442013.13,36.0,10.27,Closed,2026-01-08,14318.62,4.0,5.0,0.0,0.0,395477.62,45998.56,0.0,688.88,16791.7,Credit,1393.78,Net Banking,Education,Successful
T301745,2026-04-14,C100218,L201400,42.0,Male,Howrah,West Bengal,Salaried,57200.0,Affluent,650.0,4,1,0,203400.0,0.414,Business,446267.79,24.0,16.99,Closed,2025-12-02,22062.35,6.0,7.0,0.0,1.0,345884.12,99225.4,0.0,299.63,74865.67,Debit,2757.47,IMPS,Healthcare,Successful
T302173,2026-04-14,C100718,L201940,42.0,Male,Vadodara,Gujarat,Salaried,137500.0,SME,764.0,7,4,0,877200.0,0.498,Personal,377147.49,24.0,14.77,Active,2025-09-12,18245.43,6.0,9.0,0.0,0.0,270411.72,105504.21,0.0,502.3,82620.5,Debit,1677.84,UPI,Shopping,Successful
T302147,2026-04-14,C100007,L201449,40.0,Female,Kolkata,West Bengal,Business Owner,382700.0,Mass Affluent,745.0,7,2,0,4535600.0,0.313,Personal,568439.18,12.0,13.05,Active,2025-10-01,50784.77,13.0,8.0,1.0,1.0,304358.35,261033.74,455.97,533.9,234584.92,Credit,1893.21,UPI,Restaurants,Successful
T301813,2026-04-14,C100518,L200354,53.0,Male,Bengaluru,Karnataka,Business Owner,70100.0,Mass,686.0,5,2,0,893700.0,0.126,Auto,476330.81,72.0,11.5,Delinquent,2025-12-02,9188.97,74.0,4.0,3.0,3.0,452439.48,23615.66,1087.57,844.6,-13365.76,Credit,3341.94,Net Banking,Travel,Successful
T301818,2026-04-14,C100102,L201153,34.0,Male,Mangaluru,Karnataka,Business Owner,112700.0,Mass,714.0,2,2,1,1527200.0,0.462,Auto,450306.16,48.0,10.11,Active,2025-08-06,11444.73,,10.0,0.0,0.0,375915.41,73532.39,0.0,52.38,49641.38,Debit,5066.12,UPI,Restaurants,Successful
T301625,2026-04-14,C100146,L201101,60.0,Male,Ahmedabad,Gujarat,Salaried,85900.0,Mass,612.0,4,4,0,748900.0,0.446,Personal,99432.28,18.0,18.24,Delinquent,2025-08-06,6355.74,60.0,6.0,4.0,5.0,74644.91,24501.36,1894.84,846.77,21684.23,Debit,498.31,UPI,Utilities,Successful
T300994,2026-04-14,C100412,L200851,22.0,Male,Warangal,Telangana,Self-employed,84200.0,Affluent,734.0,1,1,1,904700.0,0.388,Personal,131369.6,36.0,14.78,Delinquent,2026-01-15,4539.83,0.0,5.0,0.0,0.0,116615.15,14584.2,0.0,170.15,6550.63,Debit,524.51,UPI,Education,Successful
T301269,2026-04-15,C100639,L200349,40.0,Male,Howrah,West Bengal,Business Owner,256300.0,SME,665.0,2,2,0,2153100.0,0.21,Consumer Durable,216754.19,6.0,18.77,Active,2025-07-04,38129.01,21.0,11.0,1.0,1.0,0.0,300204.26,215.94,0.0,298807.79,Debit,35656.96,NEFT,Groceries,Successful
T301583,2026-04-15,C100185,L200906,36.0,Male,Ahmedabad,Gujarat,Business Owner,117900.0,Mass,665.0,6,2,0,405700.0,0.222,Home,1740455.96,120.0,8.13,Active,2025-07-23,21236.28,0.0,11.0,0.0,0.0,1588616.57,150087.4,0.0,116.83,26671.03,Debit,819.96,UPI,Groceries,Successful
T300417,2026-04-15,C100231,L201701,28.0,Male,Bengaluru,Karnataka,Salaried,72000.0,Mass Affluent,774.0,5,5,2,932700.0,0.407,Business,430935.2,36.0,15.28,Active,2025-08-11,14997.67,8.0,10.0,0.0,0.0,333450.37,96360.01,0.0,176.22,64707.44,Debit,23562.15,IMPS,Travel,Successful
T300078,2026-04-15,C100031,L200832,35.0,Female,Surat,Gujarat,Business Owner,73800.0,Mass Affluent,727.0,5,3,1,265300.0,0.723,Education,203716.49,48.0,10.95,Active,2025-12-03,5260.21,1.0,6.0,0.0,0.0,183201.66,20278.12,0.0,49.84,3967.21,Debit,15634.56,IMPS,Education,Successful
T300640,2026-04-15,C100563,L200718,38.0,Female,Hyderabad,Telangana,Contract,44900.0,Mass Affluent,767.0,4,2,1,212500.0,0.132,Personal,35628.17,18.0,14.71,Active,2026-01-10,2217.8,7.0,5.0,0.0,1.0,28420.33,7124.67,0.0,842.1,6132.58,Credit,8110.92,IMPS,Shopping,Failed
T300711,2026-04-16,C100349,L201126,42.0,Male,Madurai,Tamil Nadu,Self-employed,72100.0,Mass Affluent,794.0,6,2,0,307800.0,0.461,Business,628798.96,12.0,12.74,Active,2025-09-08,56085.94,5.0,9.0,0.0,0.0,300696.23,324316.93,0.0,587.54,301081.43,Debit,1900.62,UPI,Shopping,Successful
T300967,2026-04-16,C100717,L200130,41.0,Male,Nagpur,Maharashtra,Self-employed,96500.0,Mass,781.0,6,2,1,352900.0,0.22,Auto,216698.43,36.0,7.69,Delinquent,2026-06-10,6759.59,5.0,1.0,0.0,1.0,212304.69,4343.04,0.0,270.95,-16050.54,Credit,79643.45,UPI,Shopping,Successful
T301261,2026-04-16,C100340,L200494,21.0,Female,Surat,Gujarat,Contract,43100.0,Mass Affluent,728.0,6,3,0,528200.0,0.159,Consumer Durable,83520.09,18.0,16.18,Active,2025-10-29,5256.88,8.0,8.0,0.0,1.0,56184.3,27020.38,0.0,260.95,23113.15,Credit,16345.25,Net Banking,Restaurants,Successful
T300166,2026-04-16,C100381,L201150,26.0,Female,Siliguri,West Bengal,Self-employed,161500.0,Affluent,830.0,5,2,0,1372200.0,0.29,Home,1484543.09,300.0,7.0,Delinquent,2025-08-06,10492.44,44.0,7.0,3.0,4.0,1436802.48,47189.76,652.34,546.81,-68101.69,Credit,13505.52,Net Banking,Groceries,Successful
T301206,2026-04-16,C100225,L201815,37.0,Male,Nizamabad,Telangana,Salaried,64800.0,Mass Affluent,651.0,4,4,0,444900.0,0.283,Education,186307.48,48.0,10.94,Active,2025-07-09,4809.79,21.0,10.0,1.0,1.0,155043.86,30902.88,583.95,692.68,20860.25,Credit,1515.4,NEFT,Education,Successful
T301830,2026-04-16,C100451,L200901,35.0,Male,Nagpur,Maharashtra,Salaried,100500.0,Mass,714.0,3,3,0,680600.0,0.312,Auto,309343.74,72.0,10.13,Active,2026-03-19,5751.15,5.0,3.0,0.0,1.0,298128.99,11085.35,0.0,270.79,-12305.66,Debit,35023.76,Card,Travel,Successful
T300510,2026-04-16,C100035,L200971,45.0,Female,Warangal,Telangana,Salaried,88700.0,Affluent,668.0,9,4,2,827700.0,0.329,Consumer Durable,110437.44,9.0,18.26,Active,2025-09-08,13223.23,4.0,9.0,0.0,0.0,33081.57,76463.3,0.0,991.69,73152.78,Debit,538.4,NEFT,Travel,Successful
T300087,2026-04-17,C100079,L200853,38.0,Male,Kolkata,West Bengal,Self-employed,105500.0,Mass Affluent,708.0,6,5,1,1421900.0,0.169,Personal,129270.08,18.0,13.33,Active,2026-03-22,7963.25,1.0,3.0,0.0,0.0,113741.74,15349.17,0.0,898.9,9268.28,Debit,5256.13,Card,Restaurants,Successful
T302089,2026-04-17,C100466,,33.0,Male,New Delhi,Delhi,Business Owner,169500.0,Affluent,689.0,5,2,0,997300.0,0.161,,,,,,,,,,,,,,,,,Debit,449.34,UPI,Shopping,Successful
T302037,2026-04-17,C100301,L201157,27.0,Female,Mumbai,Maharashtra,Business Owner,56400.0,Mass,694.0,3,3,1,725400.0,0.309,Home,245508.02,300.0,8.05,Active,2025-11-09,1903.01,0.0,7.0,0.0,0.0,236849.33,8558.79,0.0,319.32,-12752.04,Debit,9131.42,NEFT,Travel,Successful
T302061,2026-04-17,C100713,L201896,63.0,Female,Mangaluru,Karnataka,Business Owner,67500.0,Mass Affluent,728.0,4,4,1,916000.0,0.545,Consumer Durable,72594.83,12.0,18.49,Closed,2026-02-08,6672.43,6.0,4.0,0.0,0.0,55246.5,17148.16,0.0,18.39,10345.78,Debit,1809.2,IMPS,Shopping,Failed
T300678,2026-04-17,C100585,,30.0,Female,Howrah,West Bengal,Contract,49600.0,SME,705.0,3,1,0,466600.0,0.489,,,,,,,,,,,,,,,,,Debit,2801.7,Net Banking,Groceries,Successful
T302080,2026-04-18,C100720,L200568,30.0,Male,Hyderabad,Telangana,Retired,54100.0,Mass,665.0,12,3,1,290600.0,0.219,Home,593874.78,120.0,8.39,Active,2026-06-14,7328.31,1.0,1.0,0.0,1.0,589111.38,4708.44,0.0,381.42,-43555.07,Credit,3104.74,NEFT,Education,Successful
T301092,2026-04-18,C100488,L201790,40.0,Male,Kolkata,West Bengal,Salaried,118600.0,Mass,761.0,4,3,0,1445800.0,0.296,Personal,229415.85,12.0,12.99,Active,2026-03-28,20489.72,4.0,3.0,0.0,0.0,189460.89,39493.94,0.0,634.7,23776.74,Credit,4212.66,Net Banking,Groceries,Successful
T301997,2026-04-18,C100176,L201454,45.0,Male,Dwarka,Delhi,Salaried,73900.0,Mass Affluent,701.0,6,3,0,312500.0,0.05,Consumer Durable,60477.72,9.0,17.67,Delinquent,2026-04-07,7224.13,20.0,1.0,1.0,1.0,55782.04,4641.5,464.75,893.0,-786.94,Debit,1285.15,IMPS,Restaurants,Successful
T300010,2026-04-18,C100436,L202026,39.0,Female,Rohini,Delhi,Salaried,162200.0,Mass,710.0,3,3,0,1074400.0,0.574,Auto,982422.07,36.0,9.86,Closed,2026-05-07,31635.46,2.0,1.0,0.0,1.0,961859.02,20325.78,0.0,541.07,-56416.12,Debit,8662.44,UPI,Utilities,Successful
T301834,2026-04-18,C100135,L201684,37.0,Male,Nagpur,Maharashtra,Self-employed,57300.0,Affluent,758.0,1,1,1,440300.0,0.442,Personal,108315.08,18.0,14.1,Active,2026-03-24,6711.42,3.0,3.0,0.0,1.0,95227.8,12936.27,0.0,148.5,3178.59,Debit,4808.85,UPI,Groceries,Successful
T300492,2026-04-18,C100406,L200101,26.0,Male,Nagpur,Maharashtra,Contract,42800.0,Mass,666.0,7,3,0,203100.0,0.569,Personal,99758.18,18.0,15.73,Closed,2025-07-07,6257.72,2.0,11.0,0.0,0.0,55015.49,44226.43,0.0,525.5,39171.58,Credit,4153.9,NEFT,Groceries,Successful
T300672,2026-04-18,C100429,L201693,43.0,Male,Vadodara,Gujarat,Salaried,83500.0,SME,685.0,3,3,0,714700.0,0.238,Auto,383659.06,36.0,11.17,Closed,2025-10-08,12591.41,32.0,7.0,1.0,1.0,326368.12,56629.89,252.56,725.91,31940.98,Credit,2249.57,IMPS,Healthcare,Successful
T302002,2026-04-18,C100785,L201565,33.0,Male,Siliguri,West Bengal,Retired,50200.0,Mass Affluent,684.0,4,4,0,617600.0,0.135,Auto,266269.92,36.0,10.21,Active,2025-08-07,8618.06,0.0,10.0,0.0,0.0,210252.54,55371.02,0.0,577.51,36890.88,Debit,1037.46,Card,Restaurants,Reversed
T301505,2026-04-19,C100253,L201975,37.0,Male,Rohini,Delhi,Salaried,47200.0,Mass,730.0,7,3,1,634400.0,0.229,Education,184030.3,36.0,9.66,Active,2026-02-12,5908.81,5.0,4.0,0.0,0.0,168667.4,15185.63,0.0,337.43,-1971.58,Debit,5335.06,UPI,Healthcare,Reversed
T301077,2026-04-19,C100439,L202001,32.0,Female,Pune,Maharashtra,Business Owner,80200.0,Mass,627.0,11,3,1,862600.0,0.639,Business,583025.37,24.0,18.06,Active,2025-08-09,29123.92,6.0,10.0,0.0,0.0,393719.87,187121.21,0.0,426.36,155858.63,Credit,3282.55,UPI,Shopping,Successful
T300017,2026-04-19,C100102,L201153,34.0,Male,Mangaluru,Karnataka,Business Owner,112700.0,Mass,714.0,2,2,1,1527200.0,0.462,Auto,450306.16,48.0,10.11,Active,2025-08-06,11444.73,0.0,10.0,0.0,0.0,375915.41,73532.39,0.0,52.38,49641.38,Debit,3423.84,UPI,Groceries,Successful
T301785,2026-04-19,C100103,L201526,43.0,Male,Hyderabad,Telangana,Salaried,34500.0,Mass,718.0,5,3,1,120000.0,0.2,Consumer Durable,37931.4,6.0,17.98,Active,2026-06-28,6657.54,6.0,1.0,0.0,0.0,33604.0,4277.47,0.0,728.04,2014.13,Debit,2535.89,IMPS,Shopping,Successful
T300180,2026-04-19,C100735,L200512,33.0,Male,Mangaluru,Karnataka,Salaried,46300.0,Mass,670.0,3,1,1,530300.0,0.304,Business,594288.03,24.0,17.74,Active,2025-11-15,29594.69,4.0,7.0,0.0,1.0,459632.18,133102.13,0.0,611.18,100965.14,Debit,1505.67,UPI,Groceries,Successful
T301145,2026-04-19,C100221,,61.0,Female,New Delhi,Delhi,Salaried,57900.0,Affluent,752.0,3,3,0,383400.0,0.258,,,,,,,,,,,,,,,,,Credit,139.83,IMPS,Restaurants,Successful
T302120,2026-04-20,C100374,,40.0,Female,Madurai,Tamil Nadu,Salaried,31800.0,Affluent,703.0,5,2,0,197700.0,0.126,,,,,,,,,,,,,,,,,Debit,4048.72,Card,Travel,Successful
T301377,2026-04-20,C100595,L201675,37.0,Female,Howrah,West Bengal,Salaried,229100.0,Affluent,777.0,6,3,0,1945600.0,0.197,Home,1658187.89,240.0,7.0,Active,2026-04-15,12855.91,6.0,2.0,0.0,0.0,1641475.2,16519.85,0.0,799.63,-112291.52,Debit,1395.87,NEFT,Education,Successful
T300290,2026-04-20,C100528,,33.0,Male,New Delhi,Delhi,Retired,55300.0,Mass Affluent,679.0,5,1,1,476100.0,0.173,,,,,,,,,,,,,,,,,Credit,1030.34,Card,Education,Failed
T300926,2026-04-20,C100418,L201214,56.0,Male,Chennai,Tamil Nadu,Business Owner,67300.0,Mass Affluent,691.0,7,4,1,540600.0,0.559,Personal,221503.53,36.0,15.4,Active,2025-07-11,7721.95,4.0,11.0,0.0,1.0,166291.57,54574.9,0.0,894.1,40187.16,Credit,12657.11,Card,Travel,Successful
T300459,2026-04-20,C100026,L201161,21.0,Female,Ahmedabad,Gujarat,Salaried,29400.0,Mass,719.0,5,5,0,280900.0,0.204,Business,199587.0,60.0,16.0,Closed,2026-03-02,4853.57,5.0,4.0,0.0,0.0,186967.72,12473.67,0.0,581.08,-2674.16,Credit,11270.17,UPI,Education,Successful
T301564,2026-04-20,C100491,L200357,36.0,Female,Chennai,Tamil Nadu,Business Owner,57100.0,Mass Affluent,722.0,5,4,0,664200.0,0.429,Education,292473.68,60.0,11.18,Closed,2026-04-15,6385.37,4.0,2.0,0.0,1.0,284172.7,8205.2,0.0,227.89,-15381.82,Debit,3362.78,IMPS,Healthcare,Successful
T301027,2026-04-20,C100503,L200554,52.0,Female,Mangaluru,Karnataka,Contract,70500.0,Affluent,633.0,8,2,0,607800.0,0.453,Personal,142006.36,18.0,16.64,Active,2025-08-09,8969.03,8.0,10.0,0.0,1.0,83707.68,57626.01,0.0,448.45,49752.99,Credit,1714.91,IMPS,Education,Successful
T300996,2026-04-20,C100730,L202091,48.0,Female,Surat,Gujarat,Self-employed,91400.0,Mass,652.0,4,1,1,431100.0,0.324,Consumer Durable,125392.56,18.0,18.47,Active,2026-03-25,8028.89,19.0,1.0,2.0,3.0,120173.78,5158.56,699.0,417.14,-3600.72,Debit,393.3,NEFT,Groceries,Failed
T301892,2026-04-20,C100019,L201830,29.0,Male,Kolkata,West Bengal,Business Owner,76100.0,Mass Affluent,680.0,7,1,0,1009800.0,0.131,Consumer Durable,161715.83,12.0,18.59,Active,2026-06-30,14871.55,5.0,1.0,0.0,1.0,152049.32,9554.97,0.0,229.1,-3677.83,Debit,1239.83,UPI,Groceries,Reversed
T301128,2026-04-21,C100455,L201184,29.0,Female,Warangal,Telangana,Salaried,67100.0,Mass,706.0,4,4,0,808800.0,0.298,Home,1412266.43,300.0,8.83,Active,2026-02-09,11687.72,9.0,4.0,0.0,2.0,1381878.37,30037.43,0.0,36.89,-84336.79,Credit,4123.39,IMPS,Travel,Successful
T301236,2026-04-21,C100722,L201238,40.0,Female,Nizamabad,Telangana,Salaried,41000.0,Mass Affluent,676.0,4,2,0,401700.0,0.516,Personal,28558.9,18.0,15.12,Active,2026-03-08,1783.25,8.0,3.0,0.0,0.0,25081.55,3437.22,0.0,556.23,-1829.16,Debit,560.76,NEFT,Groceries,Reversed
T301381,2026-04-21,C100216,L201170,29.0,Male,Madurai,Tamil Nadu,Business Owner,64600.0,Mass,725.0,4,4,0,311200.0,0.234,Personal,113445.26,12.0,15.46,Active,2025-10-26,10264.02,6.0,8.0,0.0,0.0,60072.36,52757.05,0.0,735.74,52213.38,Credit,6472.09,UPI,Utilities,Successful
T302057,2026-04-21,C100118,,51.0,Male,Chennai,Tamil Nadu,Business Owner,113000.0,Mass,710.0,4,3,0,1188800.0,0.398,,,,,,,,,,,,,,,,,Debit,2715.85,NEFT,Groceries,Successful
T300689,2026-04-21,C100626,L201487,41.0,Male,Howrah,West Bengal,Salaried,42700.0,Mass,718.0,5,2,0,289400.0,0.3,Consumer Durable,46338.94,6.0,17.35,Delinquent,2026-04-25,8118.66,3.0,2.0,0.0,0.0,35784.69,10432.47,0.0,295.58,7438.96,Debit,3268.54,NEFT,Restaurants,Successful
T300889,2026-04-21,C100214,L201312,55.0,Female,Nagpur,Maharashtra,Business Owner,75700.0,SME,633.0,5,3,0,765200.0,0.197,Education,144184.95,24.0,12.56,Active,2025-11-16,6825.05,8.0,7.0,0.0,0.0,113130.95,30695.68,0.0,747.68,22769.17,Credit,4441.32,Card,Healthcare,Successful
T300588,2026-04-22,C100392,L200055,44.0,Male,Madurai,Tamil Nadu,Salaried,76200.0,Mass,765.0,8,3,0,865500.0,0.546,Personal,119590.76,18.0,14.64,Active,2026-05-23,7440.4,4.0,1.0,0.0,0.0,114754.5,4780.46,0.0,71.6,-5958.56,Debit,1850.63,Net Banking,Utilities,Successful
T300181,2026-04-22,C100753,L201044,46.0,Male,Vadodara,Gujarat,Salaried,32800.0,Mass,601.0,6,3,0,375600.0,0.573,Auto,196554.94,60.0,12.81,Active,2025-12-25,4453.13,4.0,6.0,0.0,0.0,179187.71,17166.83,0.0,228.95,4657.85,Debit,3796.0,IMPS,Education,Successful
T301857,2026-04-22,C100167,L200462,38.0,Male,Warangal,Telangana,Business Owner,106900.0,SME,775.0,6,4,1,1068200.0,0.466,Auto,260840.85,72.0,8.9,Closed,2026-05-10,4688.86,7.0,1.0,0.0,0.0,257793.09,3012.59,0.0,144.12,-18633.16,Credit,4858.66,UPI,Utilities,Successful
T301557,2026-04-22,C100800,L200689,40.0,Male,Dwarka,Delhi,Business Owner,112900.0,Mass,627.0,5,5,0,1475700.0,0.067,Personal,192411.26,12.0,16.45,Active,2026-04-28,17498.64,3.0,2.0,0.0,0.0,169663.03,22485.75,0.0,675.85,11437.55,Debit,884.85,UPI,Travel,Successful
T301177,2026-04-22,C100105,,34.0,Female,Mumbai,Maharashtra,Business Owner,97300.0,SME,745.0,6,4,2,591000.0,0.039,,,,,,,,,,,,,,,,,Debit,1226.05,Net Banking,Travel,Successful
T301814,2026-04-22,C100107,,48.0,Female,Bengaluru,Karnataka,Salaried,48600.0,Mass Affluent,744.0,5,5,1,239300.0,0.368,,,,,,,,,,,,,,,,,Debit,2473.57,Net Banking,Healthcare,Successful
T300381,2026-04-23,C100662,L201368,34.0,Male,Warangal,Telangana,Contract,41800.0,Mass Affluent,805.0,2,2,0,441200.0,0.42,Personal,70292.13,24.0,13.01,Closed,2026-06-22,3342.15,2.0,1.0,0.0,0.0,68119.74,2147.33,0.0,698.75,628.81,Debit,2836.31,Card,Restaurants,Successful
T301245,2026-04-23,C100534,L201328,49.0,Male,Siliguri,West Bengal,Self-employed,65400.0,SME,714.0,5,3,0,820800.0,0.217,Education,395422.39,48.0,9.23,Active,2026-01-23,9883.34,0.0,5.0,0.0,0.0,363301.52,31750.24,0.0,537.65,1640.68,Debit,1914.16,UPI,Groceries,Successful
T301400,2026-04-23,C100062,L201020,54.0,Female,New Delhi,Delhi,Salaried,63200.0,Affluent,714.0,5,2,2,547300.0,0.388,Personal,156965.66,24.0,15.74,Closed,2026-04-20,7666.04,3.0,2.0,0.0,0.0,146999.81,9850.86,0.0,668.44,2924.37,Debit,4166.11,Card,Utilities,Failed
T301757,2026-04-23,C100638,L201571,54.0,Female,Warangal,Telangana,Business Owner,117200.0,Mass Affluent,792.0,8,2,0,906000.0,0.208,Consumer Durable,181448.66,18.0,16.05,Closed,2026-06-18,11409.5,2.0,1.0,0.0,0.0,174032.48,7330.61,0.0,383.48,-8563.47,Debit,7757.12,UPI,Travel,Reversed
T301777,2026-04-24,C100248,L200416,41.0,Male,New Delhi,Delhi,Salaried,57800.0,Affluent,618.0,4,3,1,658800.0,0.322,Personal,100307.02,18.0,16.84,Closed,2025-11-07,6344.84,62.0,4.0,3.0,4.0,83810.44,16306.23,750.55,232.12,13945.1,Debit,15130.47,UPI,Education,Successful
T301440,2026-04-24,C100566,,57.0,Male,Coimbatore,Tamil Nadu,Self-employed,54300.0,Mass Affluent,,6,1,0,709500.0,0.215,,,,,,,,,,,,,,,,,Debit,3915.36,IMPS,Utilities,Successful
T301737,2026-04-24,C100056,L202152,22.0,Male,Mysuru,Karnataka,Business Owner,98600.0,Mass Affluent,704.0,4,4,0,1017500.0,0.186,Business,389466.05,36.0,16.59,Closed,2026-03-18,13806.19,5.0,3.0,0.0,0.0,362543.99,26611.42,0.0,222.84,-2288.98,Credit,4004.97,Card,Healthcare,Successful
T300287,2026-04-25,C100787,,51.0,Male,Coimbatore,Tamil Nadu,Business Owner,197300.0,Mass,694.0,9,6,0,1421300.0,0.161,,,,,,,,,,,,,,,,,Debit,485.95,IMPS,Healthcare,Successful
T300471,2026-04-25,C100735,L200512,33.0,Male,Mangaluru,Karnataka,Salaried,46300.0,Mass,670.0,3,1,1,530300.0,0.304,Business,594288.03,24.0,17.74,Active,2025-11-15,29594.69,4.0,7.0,0.0,1.0,459632.18,133102.13,0.0,611.18,100965.14,Credit,4681.52,IMPS,Restaurants,Successful
T300258,2026-04-25,C100459,L201500,41.0,Male,Chennai,Tamil Nadu,Business Owner,163800.0,Mass Affluent,727.0,6,1,0,1895500.0,0.2,Personal,318729.84,36.0,16.38,Closed,2025-09-23,11265.48,0.0,9.0,0.0,2.0,252826.76,65142.66,0.0,567.58,43919.71,Debit,2242.5,UPI,Travel,Successful
T301374,2026-04-25,C100547,L200325,48.0,Female,Dwarka,Delhi,Salaried,47500.0,Mass Affluent,673.0,5,3,0,385700.0,0.585,Education,206943.96,36.0,11.91,Active,2026-06-11,6864.61,5.0,1.0,0.0,0.0,202481.96,4410.51,0.0,774.82,-11789.43,Debit,3597.37,Card,Groceries,Failed
T301103,2026-04-25,C100740,,48.0,Male,Dwarka,Delhi,Salaried,46900.0,Mass Affluent,667.0,8,4,1,209500.0,0.291,,,,,,,,,,,,,,,,,Credit,2560.3,UPI,Healthcare,Successful
T301434,2026-04-26,C100055,L200677,29.0,Female,Bengaluru,Karnataka,Business Owner,139500.0,Mass,802.0,3,3,0,1435400.0,0.255,Personal,148124.68,36.0,13.06,Active,2026-02-03,4995.19,7.0,4.0,0.0,0.0,135137.19,12837.63,0.0,519.07,492.93,Debit,588.68,UPI,Travel,Successful
T301582,2026-04-26,C100736,L201984,45.0,Female,Surat,Gujarat,Business Owner,117900.0,Mass Affluent,680.0,2,2,0,1383000.0,0.39,Home,1545525.64,240.0,9.42,Delinquent,2026-03-14,14325.68,9.0,3.0,0.0,0.0,1517590.56,27612.75,0.0,607.63,-98576.65,Debit,1246.92,IMPS,Education,Successful
T300402,2026-04-26,C100192,L201430,42.0,Male,Dwarka,Delhi,Salaried,91700.0,Affluent,850.0,3,3,0,553800.0,0.545,Business,308883.08,24.0,12.54,Active,2026-04-23,14618.21,2.0,2.0,0.0,1.0,289879.4,18784.41,0.0,691.73,-1015.52,Credit,13316.29,UPI,Education,Successful
T301448,2026-04-26,C100447,L201345,44.0,Female,Hyderabad,Telangana,Retired,34600.0,Mass Affluent,700.0,4,4,0,210000.0,0.164,Business,355307.11,60.0,16.29,Active,2025-08-29,8695.22,2.0,10.0,0.0,1.0,298788.17,55866.8,0.0,54.62,30536.61,Debit,3058.73,UPI,Restaurants,Successful
T300892,2026-04-26,C100535,L201780,38.0,Female,Chennai,Tamil Nadu,Salaried,40500.0,SME,703.0,3,3,0,311600.0,0.099,Business,383598.89,36.0,16.73,Delinquent,2026-01-04,13624.86,31.0,4.0,1.0,1.0,348174.26,35015.88,707.75,139.01,7989.12,Credit,6663.98,IMPS,Groceries,Successful
T300980,2026-04-26,C100381,L201150,26.0,Female,Siliguri,West Bengal,Self-employed,161500.0,Affluent,830.0,5,2,0,1372200.0,0.29,Home,1484543.09,300.0,7.0,Delinquent,2025-08-06,10492.44,44.0,7.0,3.0,4.0,1436802.48,47189.76,652.34,546.81,-68101.69,Debit,9516.61,Net Banking,Education,Successful
T302101,2026-04-26,C100088,L201985,41.0,Female,Mangaluru,Karnataka,Salaried,90700.0,Mass,711.0,4,4,0,660200.0,0.22,Education,261807.14,36.0,9.97,Active,2026-03-02,8444.09,1.0,4.0,0.0,0.0,239852.5,21701.32,0.0,345.55,784.11,Debit,2573.27,Card,Travel,Successful
T301981,2026-04-26,C100138,L201183,46.0,Male,Mumbai,Maharashtra,Self-employed,129700.0,Mass,,7,4,0,708600.0,0.143,Personal,270609.48,12.0,16.7,Default,2025-11-25,24642.36,68.0,3.0,4.0,4.0,303082.62,91787.31,1485.23,165009.37,85277.72,Debit,7702.3,UPI,Utilities,Failed
T300834,2026-04-26,C100494,,45.0,Female,Chennai,Tamil Nadu,Salaried,48600.0,Mass,647.0,3,3,0,192700.0,0.255,,,,,,,,,,,,,,,,,Credit,5255.5,NEFT,Restaurants,Successful
T302068,2026-04-27,C100743,L201236,47.0,Female,Howrah,West Bengal,Contract,18000.0,Mass,705.0,2,2,0,224400.0,0.368,Business,173347.55,36.0,16.15,Closed,2025-07-27,6107.23,0.0,11.0,0.0,0.0,129680.85,43162.85,0.0,338.43,28957.34,Debit,4954.15,UPI,Education,Successful
T302171,2026-04-27,C100226,,42.0,Female,Kolkata,West Bengal,Contract,36500.0,Mass,671.0,8,4,1,190400.0,0.189,,,,,,,,,,,,,,,,,Debit,6680.63,IMPS,Groceries,Successful
T301698,2026-04-27,C100693,L200604,29.0,Male,Rohini,Delhi,Salaried,74300.0,Mass Affluent,758.0,5,4,0,733800.0,0.456,Personal,189176.3,18.0,14.33,Delinquent,2026-05-06,11742.16,5.0,1.0,0.0,1.0,181543.9,7544.34,0.0,715.89,-10020.96,Debit,1071.2,IMPS,Travel,Successful
T302151,2026-04-27,C100446,L202192,45.0,Female,Dwarka,Delhi,Business Owner,353100.0,Mass,789.0,4,4,1,4788900.0,0.164,Business,2056127.44,60.0,14.47,Closed,2026-06-15,48344.97,4.0,1.0,0.0,1.0,2024703.21,31061.64,0.0,65.71,-132720.1,Credit,1014.06,Net Banking,Utilities,Reversed
T301871,2026-04-28,C100133,L202183,40.0,Female,Mangaluru,Karnataka,Self-employed,62300.0,Mass,709.0,2,2,0,631600.0,0.351,Personal,95001.5,24.0,14.49,Active,2026-01-24,4583.32,0.0,5.0,0.0,0.0,80105.72,14723.91,0.0,967.97,7901.63,Credit,629.89,Card,Healthcare,Successful
T301334,2026-04-28,C100135,L201684,37.0,Male,Nagpur,Maharashtra,Self-employed,57300.0,Affluent,758.0,1,1,1,440300.0,0.442,Personal,108315.08,18.0,14.1,Active,2026-03-24,6711.42,3.0,3.0,0.0,1.0,95227.8,12936.27,0.0,148.5,3178.59,Debit,3537.87,UPI,Shopping,Successful
T300051,2026-04-28,C100557,L201470,49.0,Female,Hyderabad,Telangana,Salaried,60000.0,Mass Affluent,740.0,4,3,0,361800.0,0.21,Personal,50844.59,12.0,13.21,Closed,2026-01-28,4546.31,9.0,5.0,0.0,0.0,36069.08,14605.02,0.0,48.12,12498.02,Debit,3696.72,UPI,Restaurants,Failed
T301948,2026-04-28,C100503,L200554,52.0,Female,Mangaluru,Karnataka,Contract,70500.0,Affluent,633.0,8,2,0,607800.0,0.453,Personal,142006.36,18.0,16.64,Active,2025-08-09,8969.03,8.0,10.0,0.0,1.0,83707.68,57626.01,0.0,448.45,49752.99,Debit,282.56,UPI,Travel,Successful
T300120,2026-04-28,C100236,L201766,48.0,Male,Hyderabad,Telangana,Business Owner,139300.0,Mass Affluent,741.0,4,2,1,1056400.0,0.443,Personal,312373.27,24.0,14.92,Closed,2026-02-11,15134.06,6.0,4.0,0.0,0.0,273024.71,38894.54,0.0,399.06,11719.49,Debit,3384.82,Net Banking,Shopping,Successful
T300462,2026-04-28,C100610,L200078,58.0,Male,Warangal,Telangana,Salaried,29100.0,Mass Affluent,625.0,4,4,0,406800.0,0.305,Personal,41681.96,24.0,16.54,Active,2025-11-01,2051.65,6.0,8.0,0.0,0.0,31013.38,10545.48,0.0,169.82,5972.19,Credit,360.55,UPI,Groceries,Successful
T300094,2026-04-28,C100105,,34.0,Female,Mumbai,Maharashtra,Business Owner,97300.0,SME,745.0,6,4,2,591000.0,0.039,,,,,,,,,,,,,,,,,Debit,5417.9,UPI,Travel,Successful
T300390,2026-04-29,C100520,L200557,44.0,Female,Mysuru,Karnataka,Business Owner,122300.0,Affluent,676.0,3,3,0,731700.0,0.247,Personal,221875.33,18.0,16.32,Active,2026-03-13,13979.87,32.0,2.0,1.0,1.0,203701.5,17964.14,463.25,633.34,3378.02,Debit,3984.08,IMPS,Restaurants,Successful
T301325,2026-04-29,C100021,L202079,27.0,Female,Hyderabad,Telangana,Business Owner,185600.0,Mass,659.0,6,6,0,2066500.0,0.642,Personal,431461.4,24.0,15.65,Delinquent,2026-02-06,21053.61,19.0,3.0,1.0,1.0,390406.86,40580.83,459.29,926.07,11794.32,Debit,976.91,UPI,Education,Successful
T300933,2026-04-29,C100613,L200423,41.0,Male,Nizamabad,Telangana,Retired,48100.0,Affluent,718.0,5,3,0,220400.0,0.389,Personal,62440.94,24.0,14.05,Delinquent,2025-07-31,2999.44,7.0,11.0,0.0,0.0,40994.91,21198.58,0.0,916.24,15847.92,Credit,2437.09,NEFT,Restaurants,Successful
T300448,2026-04-29,C100071,L200029,21.0,Female,Bengaluru,Karnataka,Salaried,123500.0,Affluent,737.0,6,3,0,1529800.0,0.415,Business,876473.44,12.0,15.33,Active,2025-08-14,79245.56,20.0,9.0,1.0,1.0,412886.91,458237.45,670.6,709.66,425714.61,Debit,1711.17,UPI,Travel,Successful
T302156,2026-04-30,C100469,,46.0,Female,Madurai,Tamil Nadu,Salaried,76000.0,Mass Affluent,725.0,5,2,0,247200.0,0.153,,,,,,,,,,,,,,,,,Debit,715.82,Net Banking,Utilities,Successful
T300876,2026-04-30,C100755,L200702,37.0,Male,Hyderabad,Telangana,Business Owner,55500.0,Mass,742.0,5,2,1,430100.0,0.583,Personal,165416.54,12.0,15.18,Closed,2025-10-05,14944.27,3.0,8.0,0.0,0.0,87706.33,76813.55,0.0,624.57,68782.18,Debit,7090.84,UPI,Education,Successful
T300709,2026-04-30,C100476,L201473,37.0,Male,New Delhi,Delhi,Salaried,161500.0,Mass,769.0,7,6,0,2226800.0,0.143,Personal,286513.3,18.0,11.9,Closed,2025-12-21,17458.86,16.0,5.0,1.0,2.0,229772.0,56086.59,157.47,463.2,32885.29,Debit,14154.96,UPI,Restaurants,Successful
T300553,2026-04-30,C100379,L202019,56.0,Female,Kolkata,West Bengal,Salaried,32500.0,Mass,721.0,3,2,0,136200.0,0.234,Personal,64087.78,36.0,14.32,Active,2026-04-25,2200.34,5.0,2.0,0.0,1.0,61227.34,2827.44,0.0,834.21,1887.31,Credit,5187.56,IMPS,Restaurants,Successful
T300419,2026-05-01,C100528,,33.0,Male,New Delhi,Delhi,Retired,55300.0,Mass Affluent,679.0,5,1,1,476100.0,0.173,,,,,,,,,,,,,,,,,Credit,1129.89,Card,Utilities,Successful
T301029,2026-05-01,C100046,L200710,26.0,Male,Ahmedabad,Gujarat,Business Owner,185200.0,Affluent,705.0,7,1,2,2493600.0,0.238,Consumer Durable,206969.86,12.0,17.2,Active,2025-09-07,18896.28,20.0,8.0,1.0,1.0,108709.18,97126.9,520.28,409.56,83567.53,Debit,1282.52,UPI,Education,Successful
T300332,2026-05-02,C100424,L202057,36.0,Female,Dwarka,Delhi,Salaried,62900.0,Mass Affluent,799.0,9,4,2,867600.0,0.465,Personal,88225.08,18.0,12.74,Active,2025-07-12,5410.52,17.0,10.0,1.0,1.0,53056.68,34762.61,566.7,17.44,33052.03,Debit,564.46,UPI,Travel,Successful
T301365,2026-05-02,C100782,L201696,31.0,Female,Pune,Maharashtra,Contract,67400.0,Mass,694.0,3,3,0,367500.0,0.691,Personal,126588.63,36.0,16.76,Delinquent,2025-08-10,4498.12,15.0,9.0,1.0,1.0,100274.6,26010.4,561.18,245.13,17397.06,Debit,723.32,Card,Healthcare,Successful
T302106,2026-05-02,C100066,L200470,52.0,Male,Warangal,Telangana,Self-employed,98700.0,Affluent,704.0,3,2,0,1364900.0,0.585,Education,268256.73,48.0,9.24,Active,2026-03-09,6706.19,4.0,3.0,0.0,0.0,255179.65,12926.19,0.0,455.92,-10771.05,Debit,2696.64,IMPS,Groceries,Successful
T302084,2026-05-02,C100428,,33.0,Male,Mysuru,Karnataka,Contract,52200.0,Mass Affluent,698.0,5,5,0,614300.0,0.148,,,,,,,,,,,,,,,,,Debit,1713.75,UPI,Groceries,Successful
T301739,2026-05-03,C100467,L200014,23.0,Female,Nizamabad,Telangana,Self-employed,136800.0,Mass,794.0,5,1,2,1225700.0,0.209,Personal,154021.1,24.0,14.77,Closed,2026-06-20,7451.15,0.0,1.0,0.0,0.0,149177.85,4787.36,0.0,68.58,-9421.67,Debit,1324.82,NEFT,Healthcare,Successful
T300924,2026-05-03,C100635,L201482,25.0,Female,Mumbai,Maharashtra,Salaried,147800.0,Mass,716.0,7,5,0,1373800.0,0.548,Consumer Durable,97400.62,6.0,16.99,Active,2025-07-16,17047.29,1.0,11.0,0.0,0.0,0.0,133949.9,0.0,0.0,131867.06,Credit,1014.21,UPI,Travel,Successful
T300498,2026-05-03,C100651,L200816,50.0,Male,Surat,Gujarat,Salaried,56300.0,Affluent,738.0,3,3,0,748600.0,0.413,Auto,244791.14,60.0,9.27,Active,2025-09-29,5113.6,6.0,9.0,0.0,0.0,214876.59,29569.38,0.0,599.02,9204.88,Debit,31850.43,UPI,Groceries,Reversed
T300168,2026-05-03,C100618,L201642,31.0,Male,Surat,Gujarat,Salaried,79500.0,Mass Affluent,722.0,8,2,0,690300.0,0.293,Personal,181084.89,18.0,15.74,Active,2026-03-03,11360.11,4.0,3.0,0.0,0.0,158932.68,21896.61,0.0,801.31,7530.57,Debit,2919.22,UPI,Education,Successful
T301648,2026-05-03,C100552,L201519,24.0,Male,Ahmedabad,Gujarat,Salaried,43500.0,Affluent,762.0,7,2,0,350900.0,0.287,Home,362153.33,180.0,8.33,Active,2025-08-04,3530.27,9.0,11.0,0.0,0.0,336911.89,24950.19,0.0,423.98,-3160.59,Credit,6398.16,Net Banking,Groceries,Successful
T301634,2026-05-03,C100630,L200207,61.0,Male,Mysuru,Karnataka,Business Owner,49200.0,Mass Affluent,734.0,5,3,0,496400.0,0.292,Business,215927.75,12.0,15.95,Active,2026-06-27,19586.2,6.0,1.0,0.0,1.0,203196.72,12584.13,0.0,333.27,-7204.55,Debit,9332.06,IMPS,Education,Successful
T300197,2026-05-03,C100380,,25.0,Male,Nagpur,Maharashtra,Business Owner,109300.0,Mass,630.0,5,2,0,1511800.0,0.359,,,,,,,,,,,,,,,,,Credit,1836.39,UPI,Groceries,Successful
T300792,2026-05-03,C100764,L201285,46.0,Female,Chennai,Tamil Nadu,Salaried,35900.0,Affluent,650.0,5,5,0,393300.0,0.454,Education,118078.07,36.0,12.52,Closed,2026-01-13,3951.27,2.0,5.0,0.0,0.0,105236.43,12693.46,0.0,36.7,3077.03,Debit,1601.46,Card,Shopping,Successful
T301697,2026-05-03,C100500,L200576,48.0,Male,Surat,Gujarat,Self-employed,81900.0,Mass,707.0,8,2,1,324600.0,0.226,Auto,559881.65,36.0,10.13,Default,2026-03-07,18100.0,28.0,2.0,1.0,2.0,627067.45,73152.18,687.43,260500.24,51188.91,Debit,8154.35,UPI,Travel,Successful
T300951,2026-05-03,C100060,L200791,33.0,Male,Coimbatore,Tamil Nadu,Salaried,50800.0,Mass Affluent,765.0,3,3,1,285900.0,0.4,Personal,78975.49,36.0,14.92,Active,2025-12-04,2734.62,2.0,6.0,0.0,0.0,68310.48,10541.95,0.0,149.53,4685.18,Debit,4509.86,UPI,Healthcare,Successful
T301602,2026-05-04,C100013,L201724,34.0,Female,Madurai,Tamil Nadu,Self-employed,102700.0,SME,744.0,3,2,0,384900.0,0.463,Education,439294.38,60.0,11.02,Active,2025-11-25,9555.71,4.0,7.0,0.0,0.0,395815.92,42976.79,0.0,742.53,9496.68,Debit,2767.2,UPI,Healthcare,Successful
T301568,2026-05-04,C100604,L201598,21.0,Male,Nagpur,Maharashtra,Business Owner,161700.0,Mass,755.0,5,3,0,2131000.0,0.384,Business,684188.65,36.0,15.82,Active,2026-03-16,23993.29,2.0,3.0,0.0,0.0,637401.74,46247.06,0.0,123.77,-7884.68,Debit,3142.71,IMPS,Shopping,Successful
T301776,2026-05-04,C100693,L200604,29.0,Male,Rohini,Delhi,Salaried,74300.0,Mass Affluent,758.0,5,4,0,733800.0,0.456,Personal,189176.3,18.0,14.33,Delinquent,2026-05-06,11742.16,5.0,1.0,0.0,1.0,181543.9,7544.34,0.0,715.89,-10020.96,Credit,339.46,UPI,Restaurants,Reversed
T300873,2026-05-04,C100378,L201949,36.0,Male,Ahmedabad,Gujarat,Salaried,35800.0,Mass,724.0,4,4,0,264800.0,0.169,Personal,53030.45,24.0,14.88,Active,2026-02-03,2568.25,1.0,4.0,0.0,0.0,46353.01,6600.39,0.0,287.74,-1607.89,Credit,1022.04,Card,Utilities,Successful
T300998,2026-05-04,C100063,L202147,21.0,Male,Surat,Gujarat,Self-employed,109800.0,Affluent,759.0,8,3,1,1324200.0,0.319,Consumer Durable,179802.51,18.0,16.09,Active,2025-10-03,11309.39,0.0,9.0,0.0,1.0,113642.56,65396.57,0.0,621.6,59553.97,Debit,2245.5,UPI,Travel,Successful
T301828,2026-05-04,C100765,L201619,41.0,Male,Mysuru,Karnataka,Contract,18000.0,Affluent,663.0,3,3,0,250900.0,0.522,Education,61670.8,24.0,11.8,Active,2025-12-28,2897.3,23.0,5.0,1.0,1.0,52254.57,9307.58,388.53,772.8,6271.42,Credit,3779.16,IMPS,Groceries,Successful
T300145,2026-05-04,C100484,L200226,28.0,Male,New Delhi,Delhi,Salaried,61400.0,Mass Affluent,729.0,3,1,0,617100.0,0.186,Auto,151448.44,60.0,9.38,Active,2026-01-15,3171.83,9.0,5.0,0.0,0.0,141140.01,10189.49,0.0,294.71,-1261.84,Debit,4687.02,UPI,Education,Successful
T300007,2026-05-05,C100031,L200832,35.0,Female,Surat,Gujarat,Business Owner,73800.0,Mass Affluent,727.0,5,3,1,265300.0,0.723,Education,203716.49,48.0,10.95,Active,2025-12-03,5260.21,1.0,6.0,0.0,0.0,183201.66,20278.12,0.0,49.84,3967.21,Credit,3510.43,Net Banking,Utilities,Successful
T301522,2026-05-05,C100175,L200733,57.0,Male,Warangal,Telangana,Salaried,97900.0,Mass,,7,2,0,649300.0,0.285,Personal,356216.56,36.0,13.88,Closed,2026-03-12,12153.89,6.0,3.0,0.0,0.0,332516.48,23426.62,0.0,712.83,-3033.8,Credit,24714.43,UPI,Education,Successful
T300813,2026-05-05,C100068,L201544,32.0,Male,Warangal,Telangana,Salaried,112000.0,Affluent,770.0,4,3,0,634500.0,0.155,Home,986708.57,240.0,7.0,Active,2026-03-10,7649.94,1.0,3.0,0.0,0.0,971791.18,14745.26,0.0,734.81,-62694.39,Debit,2382.07,Card,Shopping,Successful
T301414,2026-05-05,C100644,L201131,62.0,Female,Chennai,Tamil Nadu,Salaried,90000.0,Mass,689.0,7,4,0,401600.0,0.544,Personal,207658.02,24.0,14.06,Active,2026-03-31,9976.15,2.0,3.0,0.0,0.0,188204.53,19229.02,0.0,238.37,7769.94,Debit,4561.98,UPI,Shopping,Successful
T300656,2026-05-05,C100100,L200375,46.0,Other,Surat,Gujarat,Retired,45700.0,Mass Affluent,702.0,6,4,1,177300.0,0.516,Personal,67838.76,24.0,16.18,Active,2026-05-03,3327.43,9.0,1.0,0.0,0.0,65675.93,2137.88,0.0,51.14,-6783.67,Credit,2137.65,IMPS,Groceries,Successful
T301387,2026-05-05,C100038,L201283,45.0,Female,Howrah,West Bengal,Salaried,46900.0,SME,722.0,5,4,1,236300.0,0.346,Business,403314.94,24.0,15.93,Closed,2026-06-24,19734.07,8.0,1.0,0.0,1.0,390487.8,12679.14,0.0,224.32,-17293.73,Debit,2906.27,UPI,Healthcare,Successful
T301426,2026-05-06,C100110,L200714,21.0,Other,Kolkata,West Bengal,Contract,41200.0,Mass,701.0,2,2,0,567000.0,0.32,Business,219893.0,48.0,16.84,Closed,2026-04-10,6326.83,2.0,2.0,0.0,1.0,211668.12,8129.98,0.0,872.01,-11606.25,Debit,301.43,Card,Travel,Successful
T301337,2026-05-06,C100666,L201258,32.0,Female,Vadodara,Gujarat,Business Owner,82700.0,Mass Affluent,799.0,1,1,0,896300.0,0.153,Home,939824.64,240.0,7.0,Active,2026-06-14,7286.45,9.0,1.0,0.0,0.0,935088.45,4681.54,0.0,625.77,-71538.96,Credit,5403.12,UPI,Travel,Successful
T301401,2026-05-06,C100691,L200502,51.0,Male,New Delhi,Delhi,Salaried,34900.0,Mass,773.0,9,4,0,312600.0,0.437,Auto,183191.56,72.0,9.14,Closed,2025-10-04,3314.87,21.0,7.0,1.0,1.0,168108.9,14908.63,451.62,180.97,6999.04,Credit,862.92,NEFT,Restaurants,Failed
T300198,2026-05-06,C100565,L201299,42.0,Female,Madurai,Tamil Nadu,Self-employed,56300.0,Mass Affluent,707.0,6,4,0,436300.0,0.399,Business,217073.2,48.0,15.21,Default,2025-07-15,6064.44,40.0,9.0,2.0,2.0,228171.22,60683.89,406.61,96592.83,54390.53,Debit,930.7,Net Banking,Education,Successful
T300902,2026-05-06,C100579,L202069,,Male,Kolkata,West Bengal,Contract,54500.0,Mass Affluent,672.0,9,2,0,653400.0,0.213,Personal,62544.64,36.0,15.07,Closed,2026-03-31,2170.28,7.0,3.0,0.0,0.0,58312.6,4183.21,0.0,563.01,-4826.0,Credit,16358.89,UPI,Shopping,Successful
T301246,2026-05-06,C100535,L201780,38.0,Female,Chennai,Tamil Nadu,Salaried,40500.0,SME,703.0,3,3,0,311600.0,0.099,Business,383598.89,36.0,16.73,Delinquent,2026-01-04,13624.86,31.0,4.0,1.0,1.0,348174.26,35015.88,707.75,139.01,7989.12,Debit,2129.17,IMPS,Education,Successful
T300049,2026-05-06,C100190,L202024,44.0,Male,Nizamabad,Telangana,Salaried,31200.0,Affluent,712.0,5,5,0,100500.0,0.133,Education,60324.92,60.0,11.0,Active,2025-12-20,1311.61,4.0,6.0,0.0,1.0,55209.64,5056.26,0.0,462.34,1131.69,Credit,862.1,IMPS,Restaurants,Successful
T301879,2026-05-06,C100672,L201455,53.0,Female,Nagpur,Maharashtra,Self-employed,139300.0,Mass,717.0,1,1,1,618500.0,0.511,Home,685279.48,240.0,7.23,Active,2025-08-03,5407.98,2.0,11.0,0.0,0.0,646612.4,38220.92,0.0,399.34,-13829.28,Debit,1615.92,NEFT,Restaurants,Successful
T301552,2026-05-06,C100511,L200472,23.0,Female,Chennai,Tamil Nadu,Salaried,65400.0,Mass,731.0,4,4,0,851500.0,0.333,Education,229047.45,60.0,11.04,Closed,2026-03-14,4984.62,3.0,3.0,0.0,0.0,219327.45,9607.85,0.0,339.64,-10248.72,Debit,3811.53,UPI,Healthcare,Reversed
T301362,2026-05-07,C100193,L200376,35.0,Female,Vadodara,Gujarat,Salaried,138900.0,Affluent,741.0,8,3,0,1780800.0,0.22,Education,392172.36,24.0,10.31,Active,2025-09-22,18152.93,6.0,9.0,0.0,0.0,285977.73,104969.31,0.0,836.72,80743.67,Debit,4857.17,UPI,Groceries,Successful
T300393,2026-05-07,C100485,L201009,43.0,Female,Howrah,West Bengal,Salaried,60200.0,SME,803.0,4,4,1,417100.0,0.533,Auto,331327.46,72.0,8.0,Closed,2026-01-05,5809.24,7.0,5.0,0.0,2.0,312447.42,18662.2,0.0,324.31,-9626.77,Debit,461.59,NEFT,Groceries,Failed
T302152,2026-05-08,C100056,L202152,22.0,Male,Mysuru,Karnataka,Business Owner,98600.0,Mass Affluent,704.0,4,4,0,1017500.0,0.186,Business,389466.05,36.0,16.59,Closed,2026-03-18,13806.19,5.0,3.0,0.0,0.0,362543.99,26611.42,0.0,222.84,-2288.98,Debit,3268.36,IMPS,Education,Successful
T300657,2026-05-08,C100394,L200048,21.0,Male,New Delhi,Delhi,Business Owner,138000.0,SME,705.0,7,3,0,1693000.0,0.275,Personal,186001.78,12.0,14.78,Closed,2026-04-29,16768.9,1.0,2.0,0.0,1.0,164202.21,21548.04,0.0,17.42,4700.28,Debit,5195.46,Net Banking,Restaurants,Successful
T300549,2026-05-08,C100624,L200922,32.0,Female,Bengaluru,Karnataka,Salaried,83100.0,Mass,736.0,3,3,0,722800.0,0.313,Personal,255249.0,36.0,14.08,Active,2026-02-08,8733.73,5.0,4.0,0.0,0.0,232541.31,22445.68,0.0,258.36,523.04,Credit,5048.54,IMPS,Healthcare,Successful
T301439,2026-05-08,C100604,L201598,21.0,Male,Nagpur,Maharashtra,Business Owner,161700.0,Mass,755.0,5,3,0,2131000.0,0.384,Business,684188.65,36.0,15.82,Active,2026-03-16,23993.29,2.0,3.0,0.0,0.0,637401.74,46247.06,0.0,123.77,-7884.68,Debit,2532.93,Card,Travel,Successful
T300946,2026-05-08,C100176,L201454,45.0,Male,Dwarka,Delhi,Salaried,73900.0,Mass Affluent,701.0,6,3,0,312500.0,0.05,Consumer Durable,60477.72,9.0,17.67,Delinquent,2026-04-07,7224.13,20.0,1.0,1.0,1.0,55782.04,4641.5,464.75,893.0,-786.94,Debit,2325.15,Net Banking,Education,Successful
T300200,2026-05-08,C100501,L200225,36.0,Female,Mangaluru,Karnataka,Business Owner,218800.0,Mass,705.0,2,2,0,3023900.0,0.177,Home,2226734.06,300.0,7.51,Active,2025-12-14,16469.86,0.0,6.0,0.0,0.0,2162501.63,63491.29,0.0,298.99,-107164.23,Debit,6444.25,IMPS,Restaurants,Successful
T300726,2026-05-09,C100547,L200325,48.0,Female,Dwarka,Delhi,Salaried,47500.0,Mass Affluent,673.0,5,3,0,385700.0,0.585,Education,206943.96,36.0,11.91,Active,2026-06-11,6864.61,5.0,1.0,0.0,0.0,202481.96,4410.51,0.0,774.82,-11789.43,Credit,692.74,UPI,Education,Successful
T301085,2026-05-09,C100630,L200207,61.0,Male,Mysuru,Karnataka,Business Owner,49200.0,Mass Affluent,734.0,5,3,0,496400.0,0.292,Business,215927.75,12.0,15.95,Active,2026-06-27,19586.2,6.0,1.0,0.0,1.0,203196.72,12584.13,0.0,333.27,-7204.55,Debit,435.2,Card,Travel,Successful
T302165,2026-05-09,C100301,L201157,27.0,Female,Mumbai,Maharashtra,Business Owner,56400.0,Mass,694.0,3,3,1,725400.0,0.309,Home,245508.02,300.0,8.05,Active,2025-11-09,1903.01,0.0,7.0,0.0,0.0,236849.33,8558.79,0.0,319.32,-12752.04,Credit,412.51,Card,,Successful
T300436,2026-05-10,C100312,L201223,31.0,Female,Nizamabad,Telangana,Salaried,34400.0,Mass Affluent,759.0,3,3,0,184300.0,0.139,Personal,46967.71,24.0,15.16,Active,2025-08-13,2280.88,0.0,10.0,0.0,0.0,32142.0,14654.65,0.0,676.64,14874.02,Debit,1793.53,Net Banking,Groceries,Successful
T300276,2026-05-10,C100193,L200376,35.0,Female,Vadodara,Gujarat,Salaried,138900.0,Affluent,741.0,8,3,0,1780800.0,0.22,Education,392172.36,24.0,10.31,Active,2025-09-22,18152.93,6.0,9.0,0.0,0.0,285977.73,104969.31,0.0,836.72,80743.67,Credit,1028.63,UPI,Groceries,Successful
T301415,2026-05-10,C100240,L201631,44.0,Male,Ahmedabad,Gujarat,Salaried,51700.0,Mass,811.0,8,4,0,664800.0,0.498,Auto,352788.16,36.0,8.58,Active,2026-05-18,11149.74,7.0,1.0,0.0,0.0,345540.83,7163.71,0.0,129.06,-19338.62,Credit,1404.1,Card,Restaurants,Successful
T300516,2026-05-10,C100049,L201370,32.0,Female,Pune,Maharashtra,Business Owner,182400.0,Mass,704.0,1,1,0,547300.0,0.261,Personal,397331.43,36.0,14.48,Closed,2025-09-21,13672.66,8.0,9.0,0.0,0.0,317346.36,79062.16,0.0,16.69,51755.69,Debit,5074.85,UPI,Healthcare,Reversed
T300176,2026-05-10,C100636,L201585,34.0,Female,Vadodara,Gujarat,Salaried,37600.0,SME,725.0,4,3,1,343400.0,0.317,Home,462580.72,300.0,7.0,Active,2026-03-24,3269.42,5.0,3.0,0.0,0.0,456205.34,6301.82,0.0,911.64,-32820.88,Credit,1132.52,NEFT,Travel,Successful
T301665,2026-05-10,C100546,L201446,26.0,Male,Siliguri,West Bengal,Salaried,45600.0,Mass Affluent,634.0,7,2,2,305900.0,0.098,Personal,83069.38,24.0,16.41,Delinquent,2025-12-20,4083.63,54.0,3.0,3.0,3.0,75106.31,7871.19,688.97,706.25,6534.66,Debit,821.14,Card,Shopping,Successful
T301502,2026-05-10,C100168,L202080,52.0,Female,Chennai,Tamil Nadu,Business Owner,85100.0,Mass,757.0,3,2,0,391300.0,0.419,Business,867526.48,12.0,13.64,Delinquent,2025-11-20,77745.83,7.0,7.0,0.0,1.0,513782.95,349661.87,0.0,821.62,306817.63,Debit,1641.81,IMPS,Shopping,Successful
T300351,2026-05-10,C100048,L200506,36.0,Male,Mumbai,Maharashtra,Salaried,59200.0,Mass Affluent,693.0,2,2,1,591300.0,0.352,Personal,151654.8,18.0,16.18,Active,2026-04-18,9545.39,0.0,2.0,0.0,1.0,139245.8,12265.82,0.0,262.7,-1034.89,Debit,14763.09,UPI,Utilities,Successful
T300466,2026-05-10,C100309,L200353,36.0,Male,Nagpur,Maharashtra,Salaried,58700.0,SME,784.0,5,2,0,354200.0,0.194,Auto,391777.18,36.0,8.77,Active,2026-01-10,12416.51,2.0,5.0,0.0,0.0,351423.51,39888.05,0.0,166.38,10282.9,Debit,4884.96,IMPS,Education,Successful
T300447,2026-05-11,C100236,L201766,48.0,Male,Hyderabad,Telangana,Business Owner,139300.0,Mass Affluent,,4,2,1,1056400.0,0.443,Personal,312373.27,24.0,14.92,Closed,2026-02-11,15134.06,6.0,4.0,0.0,0.0,273024.71,38894.54,0.0,399.06,11719.49,Debit,2372.0,Net Banking,Education,Successful
T300533,2026-05-11,C100299,L201292,41.0,Male,Mumbai,Maharashtra,Business Owner,90300.0,Affluent,679.0,6,4,0,606500.0,0.565,Business,763960.5,12.0,16.16,Active,2025-09-06,69372.65,0.0,9.0,0.0,0.0,358130.51,401147.34,0.0,766.74,374024.52,Debit,7580.88,NEFT,Groceries,Successful
T301616,2026-05-11,C100208,L201148,46.0,Male,Nizamabad,Telangana,Self-employed,63200.0,Mass,773.0,4,3,0,472100.0,0.408,Business,304917.0,48.0,13.57,Delinquent,2026-05-24,8266.69,2.0,1.0,0.0,0.0,299543.65,5311.35,0.0,277.59,-19347.51,Credit,5255.07,NEFT,Shopping,Successful
T301823,2026-05-11,C100557,L201470,49.0,Female,Hyderabad,Telangana,Salaried,60000.0,Mass Affluent,740.0,4,3,0,361800.0,0.21,Personal,50844.59,12.0,13.21,Closed,2026-01-28,4546.31,9.0,5.0,0.0,0.0,36069.08,14605.02,0.0,48.12,12498.02,Credit,6568.6,UPI,Groceries,Successful
T300525,2026-05-12,C100087,L200291,28.0,Male,Mumbai,Maharashtra,Business Owner,188400.0,Mass,850.0,3,3,0,714100.0,0.264,Business,1766655.34,60.0,13.3,Closed,2026-04-03,40468.67,5.0,2.0,0.0,0.0,1714046.07,52002.24,0.0,496.2,-83052.22,Credit,1768.22,Net Banking,Restaurants,Successful
T300264,2026-05-12,C100725,L200222,51.0,Female,Hyderabad,Telangana,Salaried,36600.0,Mass Affluent,709.0,4,2,0,214900.0,0.332,Education,144109.5,24.0,9.71,Active,2026-04-23,6630.65,8.0,2.0,0.0,0.0,135489.66,8520.39,0.0,163.71,-3907.61,Debit,201.36,UPI,Restaurants,Successful
T301074,2026-05-12,C100259,L201713,46.0,Female,Surat,Gujarat,Salaried,81200.0,Mass Affluent,766.0,4,1,0,366700.0,0.512,Business,499177.39,12.0,15.63,Delinquent,2025-07-19,45203.44,27.0,9.0,2.0,2.0,234737.28,261388.88,1150.28,718.66,242452.14,Debit,1269.32,Card,Healthcare,Successful
T302146,2026-05-12,C100340,L200494,21.0,Female,Surat,Gujarat,Contract,43100.0,Mass Affluent,728.0,6,3,0,528200.0,0.159,Consumer Durable,83520.09,18.0,16.18,Active,2025-10-29,5256.88,8.0,8.0,0.0,1.0,56184.3,27020.38,0.0,260.95,23113.15,Debit,2101.51,UPI,Restaurants,Successful
T300921,2026-05-12,C100185,L200906,36.0,Male,Ahmedabad,Gujarat,Business Owner,117900.0,Mass,665.0,6,2,0,405700.0,0.222,Home,1740455.96,120.0,8.13,Active,2025-07-23,21236.28,0.0,11.0,0.0,0.0,1588616.57,150087.4,0.0,116.83,26671.03,Credit,4798.04,Card,Utilities,Successful
T301154,2026-05-12,C100131,L200191,56.0,Male,Hyderabad,Telangana,Salaried,142500.0,Mass,777.0,6,5,0,874300.0,0.311,Personal,395324.91,24.0,12.03,Active,2025-09-28,18614.86,0.0,9.0,0.0,1.0,286428.01,107640.4,0.0,127.38,86009.61,Debit,2153.57,UPI,Utilities,Successful
T300383,2026-05-12,C100423,L200178,36.0,Male,Madurai,Tamil Nadu,Salaried,76500.0,Affluent,651.0,7,4,0,911100.0,0.341,Auto,461810.08,36.0,10.65,Active,2026-04-25,15042.64,0.0,2.0,0.0,0.0,442254.65,19329.79,0.0,558.47,-17946.87,Debit,1828.61,UPI,Utilities,Successful
T301678,2026-05-12,C100585,,30.0,Female,Howrah,West Bengal,Contract,49600.0,SME,705.0,3,1,0,466600.0,0.489,,,,,,,,,,,,,,,,,Credit,569.9,IMPS,Travel,Successful
T301397,2026-05-13,C100504,L200148,40.0,Male,Siliguri,West Bengal,Self-employed,110600.0,Mass,738.0,8,2,0,1143600.0,0.125,Personal,183833.33,18.0,13.46,Delinquent,2026-03-06,11335.61,6.0,3.0,0.0,0.0,161728.89,21849.39,0.0,189.89,8078.9,Debit,957.18,UPI,Travel,Successful
T301517,2026-05-13,C100158,L200122,42.0,Male,Kolkata,West Bengal,Self-employed,109800.0,Mass Affluent,782.0,5,5,2,828400.0,0.17,Personal,194601.15,36.0,13.22,Active,2025-09-30,6577.52,17.0,7.0,2.0,2.0,164673.43,29582.4,1149.93,975.71,15381.66,Debit,4277.93,NEFT,Shopping,Successful
T300818,2026-05-13,C100332,,36.0,Other,Mumbai,Maharashtra,Salaried,97000.0,Mass Affluent,583.0,8,4,2,876900.0,0.276,,,,,,,,,,,,,,,,,Debit,3503.91,Net Banking,Utilities,Successful
T301205,2026-05-13,C100518,L200354,53.0,Male,Bengaluru,Karnataka,Business Owner,,Mass,686.0,5,2,0,893700.0,0.126,Auto,476330.81,72.0,11.5,Delinquent,2025-12-02,9188.97,74.0,4.0,3.0,3.0,452439.48,23615.66,1087.57,844.6,-13365.76,Debit,12340.71,Card,Utilities,Successful
T300461,2026-05-13,C100088,L201985,41.0,Female,Mangaluru,Karnataka,Salaried,90700.0,Mass,711.0,4,4,0,660200.0,0.22,Education,261807.14,36.0,9.97,Active,2026-03-02,8444.09,1.0,4.0,0.0,0.0,239852.5,21701.32,0.0,345.55,784.11,Debit,2089.39,Net Banking,Healthcare,Successful
T300536,2026-05-13,C100125,L200871,29.0,Female,Rohini,Delhi,Salaried,27400.0,Mass,637.0,3,3,0,286000.0,0.33,Personal,35408.86,36.0,17.27,Active,2025-08-15,1267.19,56.0,8.0,2.0,2.0,28819.49,6513.33,459.69,905.67,3317.01,Debit,3189.86,UPI,Shopping,Failed
T300668,2026-05-13,C100091,L201747,39.0,Female,Madurai,Tamil Nadu,Salaried,107300.0,Mass,721.0,6,2,0,1149600.0,0.257,Personal,134773.19,18.0,14.98,Closed,2025-08-25,8406.53,4.0,10.0,0.0,0.0,80130.76,54011.94,0.0,77.09,48099.92,Debit,6738.64,IMPS,Healthcare,Failed
T301133,2026-05-13,C100169,L201093,44.0,Female,Coimbatore,Tamil Nadu,Salaried,108300.0,Mass Affluent,678.0,6,4,1,438800.0,0.18,Consumer Durable,203830.05,18.0,18.74,Active,2025-09-03,13077.55,8.0,10.0,0.0,0.0,118825.97,84023.26,0.0,954.25,73031.26,Debit,2459.41,NEFT,Restaurants,Successful
T301499,2026-05-13,C100675,L202047,36.0,Male,Nizamabad,Telangana,Self-employed,69000.0,Mass Affluent,804.0,8,2,0,575500.0,0.261,Business,321396.78,36.0,14.07,Active,2026-01-25,10995.51,5.0,5.0,0.0,0.0,285661.37,35323.08,0.0,0.37,14179.7,Debit,4541.91,IMPS,Restaurants,Reversed
T300179,2026-05-14,C100717,L200130,41.0,Male,Nagpur,Maharashtra,Self-employed,96500.0,Mass,781.0,6,2,1,352900.0,0.22,Auto,216698.43,36.0,7.69,Delinquent,2026-06-10,6759.59,5.0,1.0,0.0,1.0,212304.69,4343.04,0.0,270.95,-16050.54,Debit,382.08,UPI,Travel,Successful
T301067,2026-05-14,C100280,L200318,38.0,Female,Vadodara,Gujarat,Contract,68600.0,Mass,,5,2,0,428100.0,0.173,Business,313091.02,48.0,15.19,Delinquent,2025-12-16,8743.74,19.0,4.0,2.0,2.0,290357.29,22471.42,1189.37,372.76,849.12,Debit,2499.85,UPI,Utilities,Successful
T300738,2026-05-14,C100394,L200048,21.0,Male,New Delhi,Delhi,Business Owner,138000.0,SME,705.0,7,3,0,1693000.0,0.275,Personal,186001.78,12.0,14.78,Closed,2026-04-29,16768.9,1.0,2.0,0.0,1.0,164202.21,21548.04,0.0,17.42,4700.28,Debit,3620.66,UPI,Healthcare,Successful
T300149,2026-05-14,C100637,L200930,40.0,Male,Mangaluru,Karnataka,Self-employed,69000.0,Mass,733.0,5,3,0,538000.0,0.243,Personal,163591.09,36.0,12.9,Active,2026-05-31,5504.15,6.0,1.0,0.0,0.0,160013.39,3536.42,0.0,914.26,-9419.83,Debit,3531.07,IMPS,Travel,Successful
T300237,2026-05-14,C100394,L200048,21.0,Male,New Delhi,Delhi,Business Owner,138000.0,SME,705.0,7,3,0,1693000.0,0.275,Personal,186001.78,12.0,14.78,Closed,2026-04-29,16768.9,1.0,2.0,0.0,1.0,164202.21,21548.04,0.0,17.42,4700.28,Debit,953.07,UPI,Healthcare,Successful
T300826,2026-05-14,C100603,L201925,35.0,Male,Ahmedabad,Gujarat,Contract,44300.0,SME,666.0,7,2,0,151500.0,0.287,Auto,340289.14,60.0,10.76,Active,2025-08-07,7358.05,7.0,10.0,0.0,0.0,292461.84,47275.45,0.0,267.21,23361.93,Debit,2274.69,UPI,Education,Successful
T301533,2026-05-14,C100749,L201432,58.0,Male,Siliguri,West Bengal,Business Owner,86400.0,Mass,761.0,7,4,0,946100.0,0.118,Home,893533.7,300.0,7.0,Active,2026-06-04,6315.31,4.0,1.0,0.0,0.0,889428.75,4057.59,0.0,302.57,-67126.92,Debit,6137.46,Net Banking,Utilities,Successful
T300025,2026-05-14,C100516,L200585,25.0,Male,Madurai,Tamil Nadu,Salaried,31900.0,Mass Affluent,731.0,3,3,0,382200.0,0.27,Auto,142272.15,48.0,9.76,Active,2026-03-09,3592.01,2.0,3.0,0.0,0.0,135267.72,6923.61,0.0,222.24,-9732.94,Credit,6795.0,NEFT,Healthcare,Successful
T301167,2026-05-14,C100421,L200699,48.0,Male,Siliguri,West Bengal,Self-employed,110900.0,Mass,633.0,4,3,1,1388900.0,0.172,Personal,164851.55,18.0,16.96,Active,2025-07-24,10436.93,0.0,11.0,0.0,0.0,90227.47,73763.03,0.0,9.63,68247.83,Credit,370.41,Card,Utilities,Successful
T301885,2026-05-14,C100244,L200990,45.0,Female,Bengaluru,Karnataka,Self-employed,49900.0,Mass Affluent,648.0,5,4,0,418900.0,0.423,Auto,463186.65,48.0,10.58,Active,2025-12-05,11877.05,8.0,6.0,0.0,1.0,416866.17,45786.02,0.0,547.92,11518.63,Credit,925.06,Card,Education,Successful
T301106,2026-05-14,C100073,L200176,53.0,Male,Nizamabad,Telangana,Contract,22700.0,SME,620.0,7,4,0,174400.0,0.187,Personal,47510.15,36.0,16.69,Default,2026-05-21,1686.55,1.0,1.0,0.0,1.0,53211.37,4822.22,0.0,16845.5,5088.59,Credit,1755.04,NEFT,Travel,Successful
T300356,2026-05-14,C100732,L201354,27.0,Male,Nagpur,Maharashtra,Salaried,122400.0,Mass,730.0,2,2,0,848400.0,0.615,Business,641498.54,48.0,17.23,Closed,2025-07-03,18586.89,6.0,12.0,0.0,0.0,496520.8,143304.92,0.0,927.13,104352.07,Debit,1263.85,UPI,Education,Successful
T301891,2026-05-14,C100420,L201599,46.0,Male,Mumbai,Maharashtra,Contract,70400.0,Mass,743.0,7,1,0,814900.0,0.308,Business,748538.97,24.0,15.16,Closed,2025-07-01,36351.07,1.0,12.0,0.0,0.0,465000.59,280266.78,0.0,684.59,244997.78,Credit,146.82,Net Banking,Education,Successful
T300368,2026-05-14,C100051,L201668,34.0,Female,Chennai,Tamil Nadu,Salaried,,Mass,717.0,5,4,0,428100.0,0.463,Home,707460.36,180.0,9.25,Active,2026-06-20,7281.13,1.0,1.0,0.0,1.0,702727.63,4678.12,0.0,534.95,-51495.41,Debit,4824.18,Net Banking,Education,Successful
T301244,2026-05-14,C100471,L202132,23.0,Female,Mysuru,Karnataka,Salaried,75300.0,SME,774.0,6,1,0,356900.0,0.213,Personal,204173.76,12.0,14.28,Active,2025-09-04,18359.08,3.0,9.0,0.0,1.0,96773.12,106161.4,0.0,130.64,95975.17,Credit,1735.24,Card,Shopping,Successful
T301317,2026-05-14,C100791,L200804,36.0,Female,Ahmedabad,Gujarat,Salaried,68500.0,Mass,694.0,5,3,0,828400.0,0.482,Personal,174688.4,12.0,13.52,Delinquent,2026-01-04,15645.34,4.0,5.0,0.0,0.0,123841.04,50260.66,0.0,488.68,39669.48,Credit,3713.76,UPI,Shopping,Successful
T301270,2026-05-14,C100140,L200327,38.0,Female,Howrah,West Bengal,Salaried,40900.0,Mass,739.0,5,5,0,208300.0,0.491,Business,252173.38,24.0,14.8,Active,2025-10-23,12203.09,1.0,8.0,0.0,0.0,188717.29,62723.9,0.0,912.12,45872.25,Debit,2671.63,NEFT,Utilities,Successful
T300494,2026-05-14,C100653,L202073,58.0,Male,Mumbai,Maharashtra,Self-employed,72400.0,Affluent,698.0,5,2,1,669400.0,0.148,Consumer Durable,67956.29,18.0,18.69,Active,2025-09-08,4358.39,29.0,8.0,1.0,1.0,45292.67,22402.12,231.32,381.04,15786.38,Debit,1082.72,UPI,Healthcare,Successful
T301620,2026-05-15,C100356,L201407,36.0,Male,Rohini,Delhi,Self-employed,168000.0,Mass,733.0,7,5,0,1584600.0,0.518,Business,893026.49,48.0,15.32,Delinquent,2026-01-12,24998.69,29.0,4.0,1.0,2.0,828029.89,64246.64,730.6,140.42,2058.08,Debit,2571.74,IMPS,Utilities,Successful
T301295,2026-05-15,C100016,L200586,53.0,Female,Bengaluru,Karnataka,Salaried,75800.0,Affluent,662.0,3,2,1,799800.0,0.199,Personal,81672.23,18.0,15.71,Delinquent,2026-05-05,5122.44,7.0,1.0,0.0,0.0,78342.65,3291.17,0.0,931.97,-3315.21,Debit,1246.21,UPI,Healthcare,Successful
T301636,2026-05-15,C100028,L200943,31.0,Male,Coimbatore,Tamil Nadu,Salaried,70400.0,Mass,697.0,2,2,0,945700.0,0.12,Education,382886.51,24.0,10.06,Active,2025-08-01,17678.87,3.0,11.0,0.0,0.0,256482.55,124945.45,0.0,818.36,101875.99,Debit,1781.75,IMPS,Shopping,Successful
T301854,2026-05-15,C100758,,39.0,Female,Ahmedabad,Gujarat,Contract,30000.0,Mass Affluent,679.0,4,3,1,90500.0,0.521,,,,,,,,,,,,,,,,,Credit,1971.21,NEFT,Healthcare,Successful
T300321,2026-05-15,C100063,L202147,21.0,Male,Surat,Gujarat,Self-employed,109800.0,Affluent,759.0,8,3,1,1324200.0,0.319,Consumer Durable,179802.51,18.0,16.09,Active,2025-10-03,11309.39,0.0,9.0,0.0,1.0,113642.56,65396.57,0.0,621.6,59553.97,Debit,2125.87,Net Banking,Utilities,Successful
T301651,2026-05-15,C100601,L200639,26.0,Male,Siliguri,West Bengal,Salaried,57300.0,Mass Affluent,760.0,3,2,0,650500.0,0.233,Consumer Durable,79824.11,12.0,16.72,Delinquent,2025-12-19,7269.74,7.0,6.0,0.0,0.0,51472.14,28024.83,0.0,253.46,26065.2,Debit,697.53,NEFT,Groceries,Successful
T301274,2026-05-15,C100316,L200314,39.0,Male,Kolkata,West Bengal,Salaried,164500.0,Mass,706.0,5,4,1,1990400.0,0.507,Consumer Durable,246798.84,18.0,19.14,Active,2025-12-07,15881.63,8.0,6.0,0.0,1.0,184860.46,61223.7,0.0,132.67,44670.69,Debit,2614.83,IMPS,Groceries,Successful
T301722,2026-05-15,C100517,L200953,43.0,Male,Coimbatore,Tamil Nadu,Salaried,65300.0,Mass Affluent,704.0,7,1,0,473500.0,0.198,Personal,159385.21,12.0,14.4,Delinquent,2025-12-15,14340.75,13.0,5.0,1.0,1.0,112777.76,46069.67,535.63,475.66,37004.31,Debit,2058.23,Net Banking,Education,Successful
T301504,2026-05-15,C100769,L200209,30.0,Male,Hyderabad,Telangana,Salaried,71800.0,Mass Affluent,726.0,6,2,2,336500.0,0.522,Auto,311659.49,48.0,11.12,Active,2025-09-23,8073.18,4.0,9.0,0.0,0.0,264431.41,46683.14,0.0,623.98,22208.79,Debit,4658.28,NEFT,Restaurants,Successful
T301706,2026-05-15,C100783,L201068,39.0,Male,Warangal,Telangana,Salaried,76100.0,Mass,825.0,5,2,0,1046800.0,0.081,Auto,571355.52,60.0,7.7,Active,2025-10-03,11503.17,2.0,9.0,0.0,0.0,504061.97,66517.09,0.0,658.83,24498.69,Debit,380.86,UPI,Healthcare,Successful
T301179,2026-05-15,C100135,L201684,37.0,Male,Nagpur,Maharashtra,Self-employed,57300.0,Affluent,758.0,1,1,1,440300.0,0.442,Personal,108315.08,18.0,14.1,Active,2026-03-24,6711.42,3.0,3.0,0.0,1.0,95227.8,12936.27,0.0,148.5,3178.59,Debit,7571.53,Net Banking,Restaurants,Successful
T300878,2026-05-15,C100221,,61.0,Female,New Delhi,Delhi,Salaried,57900.0,Affluent,752.0,3,3,0,383400.0,0.258,,,,,,,,,,,,,,,,,Debit,26142.74,UPI,Travel,Successful
T301300,2026-05-16,C100417,L201398,21.0,Male,Pune,Maharashtra,Salaried,89800.0,Mass,742.0,4,2,1,351600.0,0.049,Personal,213295.74,12.0,13.55,Active,2026-01-25,19106.08,4.0,5.0,0.0,1.0,151200.99,61378.27,0.0,337.8,51191.62,Debit,2459.49,NEFT,Education,Successful
T301445,2026-05-16,C100044,,41.0,Male,New Delhi,Delhi,Salaried,38200.0,Mass,663.0,2,2,1,353200.0,0.489,,,,,,,,,,,,,,,,,Debit,13217.09,NEFT,Healthcare,Successful
T300317,2026-05-16,C100629,L200800,32.0,Female,Nizamabad,Telangana,Self-employed,77500.0,Affluent,687.0,6,2,0,439600.0,0.29,Home,1009691.1,120.0,8.06,Active,2026-04-09,12282.37,7.0,2.0,0.0,0.0,993724.01,15782.85,0.0,545.59,-59266.87,Debit,2197.32,UPI,Healthcare,Successful
T300308,2026-05-16,C100694,L200778,33.0,Female,Mangaluru,Karnataka,Salaried,149500.0,Affluent,728.0,5,3,0,1756400.0,0.611,Home,1592155.69,120.0,7.68,Closed,2026-03-01,19049.08,1.0,4.0,0.0,0.0,1542628.08,48956.14,0.0,275.54,-76865.69,Debit,3169.63,IMPS,Education,Successful
T300428,2026-05-16,C100019,L201830,29.0,Male,Kolkata,West Bengal,Business Owner,76100.0,Mass Affluent,680.0,7,1,0,1009800.0,0.131,Consumer Durable,161715.83,12.0,18.59,Active,2026-06-30,14871.55,5.0,1.0,0.0,1.0,152049.32,9554.97,0.0,229.1,-3677.83,Debit,1289.04,Net Banking,Restaurants,Successful
T300530,2026-05-16,C100053,L201823,41.0,Male,Mangaluru,Karnataka,Business Owner,100200.0,Affluent,728.0,2,2,0,302300.0,0.456,Business,1019519.18,48.0,15.72,Active,2025-10-28,28747.47,2.0,8.0,0.0,1.0,870032.35,147761.98,0.0,778.78,78289.6,Debit,1411.38,NEFT,Groceries,Successful
T300412,2026-05-16,C100589,L200820,34.0,Female,Howrah,West Bengal,Salaried,48000.0,Affluent,646.0,4,4,1,437400.0,0.236,Personal,53100.1,18.0,15.43,Active,2026-06-14,3323.39,4.0,1.0,0.0,0.0,50939.89,2135.28,0.0,658.66,-3281.16,Debit,710.54,UPI,Restaurants,Successful
T301003,2026-05-17,C100064,L200592,24.0,Female,Howrah,West Bengal,Business Owner,72500.0,Mass Affluent,803.0,7,4,0,563200.0,0.171,Education,272020.48,60.0,8.64,Active,2026-01-30,5599.29,3.0,5.0,0.0,0.0,253822.79,17987.72,0.0,309.86,-4392.27,Credit,8514.93,IMPS,Travel,Successful
T301883,2026-05-17,C100002,L202005,44.0,Female,Siliguri,West Bengal,Salaried,43200.0,Mass,823.0,4,2,0,426000.0,0.523,Personal,89464.03,18.0,12.3,Closed,2026-04-02,5468.18,7.0,2.0,0.0,0.0,82355.4,7026.61,0.0,148.32,2902.99,Credit,1838.53,IMPS,Groceries,Successful
T301129,2026-05-17,C100645,L201738,33.0,Male,Kolkata,West Bengal,Self-employed,41200.0,Mass,741.0,6,3,0,535400.0,0.24,Business,276799.14,12.0,15.83,Active,2025-12-09,25091.96,3.0,6.0,0.0,1.0,178940.49,96729.51,0.0,799.75,89214.25,Debit,1867.37,UPI,Travel,Successful
T300659,2026-05-17,C100787,,51.0,Male,Coimbatore,Tamil Nadu,Business Owner,197300.0,Mass,694.0,9,6,0,1421300.0,0.161,,,,,,,,,,,,,,,,,Debit,1628.2,Net Banking,Travel,Successful
T300931,2026-05-17,C100766,L200764,45.0,Female,Ahmedabad,Gujarat,Salaried,58200.0,Mass Affluent,787.0,5,2,1,790900.0,0.385,Personal,155002.52,36.0,12.57,Active,2025-12-05,5190.6,6.0,6.0,0.0,0.0,134759.17,20009.77,0.0,254.58,4917.92,Debit,551.23,IMPS,Healthcare,Successful
T300013,2026-05-17,C100365,L201234,37.0,Male,Surat,Gujarat,Self-employed,93900.0,Mass,712.0,5,3,0,810000.0,0.385,Personal,227084.41,36.0,14.82,Delinquent,2025-11-30,7851.95,62.0,3.0,4.0,4.0,211773.1,15134.64,1358.92,895.88,414.89,Debit,6128.79,Net Banking,Travel,Successful
T300578,2026-05-17,C100092,L200869,44.0,Male,New Delhi,Delhi,Business Owner,78400.0,SME,700.0,5,5,0,632200.0,0.437,Education,224897.29,24.0,11.61,Closed,2025-11-16,10545.78,6.0,7.0,0.0,0.0,176913.98,47429.66,0.0,655.84,30645.06,Credit,2046.38,Net Banking,Healthcare,Successful
T302166,2026-05-18,C100242,L200842,60.0,Male,Mumbai,Maharashtra,Business Owner,52900.0,Mass Affluent,738.0,11,3,0,634000.0,0.375,Auto,122575.93,36.0,9.66,Delinquent,2026-04-16,3935.64,9.0,2.0,0.0,0.0,117459.59,5057.3,0.0,325.38,-3579.46,Credit,271.72,UPI,Healthcare,Successful
T301741,2026-05-18,C100636,L201585,34.0,Female,Vadodara,Gujarat,Salaried,37600.0,SME,725.0,4,3,1,343400.0,0.317,Home,462580.72,300.0,7.0,Active,2026-03-24,3269.42,5.0,3.0,0.0,0.0,456205.34,6301.82,0.0,911.64,-32820.88,Debit,399.19,NEFT,Healthcare,Successful
T301866,2026-05-18,C100071,L200029,21.0,Female,Bengaluru,Karnataka,Salaried,123500.0,Affluent,737.0,6,3,0,1529800.0,0.415,Business,876473.44,12.0,15.33,Active,2025-08-14,79245.56,20.0,9.0,1.0,1.0,412886.91,458237.45,670.6,709.66,425714.61,Credit,937.61,Net Banking,Travel,Reversed
T300306,2026-05-18,C100759,L201966,25.0,Female,Pune,Maharashtra,Salaried,40700.0,Mass Affluent,663.0,4,2,0,172800.0,0.409,Business,242521.91,48.0,18.41,Active,2025-08-27,7176.14,1.0,10.0,0.0,1.0,195876.97,46106.73,0.0,594.43,25588.49,Debit,1067.34,Card,Travel,Successful
T301017,2026-05-18,C100578,L202049,41.0,Male,Ahmedabad,Gujarat,Self-employed,106300.0,Affluent,725.0,3,1,0,1308400.0,0.364,Education,280823.7,36.0,10.44,Active,2025-10-24,9119.51,1.0,8.0,0.0,0.0,233402.23,46874.3,0.0,494.02,33318.22,Debit,10810.68,IMPS,Travel,Successful
T302177,2026-05-18,C100364,L201294,27.0,Female,Vadodara,Gujarat,Salaried,105500.0,Mass,733.0,4,1,1,876000.0,0.314,Education,486955.56,24.0,10.84,Delinquent,2025-09-18,22659.79,38.0,5.0,4.0,4.0,413311.24,72794.58,2017.92,795.54,36746.67,Debit,1999.13,UPI,Utilities,Successful
T300677,2026-05-18,C100418,L201214,56.0,Male,Chennai,Tamil Nadu,Business Owner,67300.0,Mass Affluent,691.0,7,4,1,540600.0,0.559,Personal,221503.53,36.0,15.4,Active,2025-07-11,7721.95,4.0,11.0,0.0,1.0,166291.57,54574.9,0.0,894.1,40187.16,Debit,410.37,Card,Shopping,Failed
T301006,2026-05-18,C100303,,51.0,Male,Chennai,Tamil Nadu,Self-employed,191600.0,Affluent,758.0,5,3,0,699900.0,0.287,,,,,,,,,,,,,,,,,Credit,3814.21,Card,Education,Successful
T301555,2026-05-18,C100746,L200860,27.0,Male,Ahmedabad,Gujarat,Self-employed,39000.0,Mass,722.0,4,2,0,305300.0,0.182,Home,469892.56,180.0,8.07,Delinquent,2026-04-16,4509.55,2.0,2.0,0.0,1.0,464030.15,5794.77,0.0,401.77,-30846.61,Credit,808.41,UPI,Groceries,Successful
T300457,2026-05-19,C100232,L200651,48.0,Female,Vadodara,Gujarat,Salaried,75200.0,Mass Affluent,709.0,9,2,1,624200.0,0.203,Home,392300.09,120.0,10.21,Closed,2026-04-13,5230.0,1.0,2.0,0.0,0.0,385501.09,6720.55,0.0,509.52,-17955.13,Debit,2927.0,Net Banking,Utilities,Successful
T300953,2026-05-19,C100087,L200291,28.0,Male,Mumbai,Maharashtra,Business Owner,188400.0,Mass,850.0,3,3,0,714100.0,0.264,Business,1766655.34,60.0,13.3,Closed,2026-04-03,40468.67,5.0,2.0,0.0,0.0,1714046.07,52002.24,0.0,496.2,-83052.22,Debit,1542.6,Card,Groceries,Successful
T301953,2026-05-19,C100255,L200758,50.0,Male,Surat,Gujarat,Salaried,32900.0,Mass,766.0,8,5,0,335500.0,0.228,Personal,48570.9,18.0,12.23,Delinquent,2026-03-25,2967.14,4.0,3.0,0.0,0.0,42784.97,5719.17,0.0,62.47,1161.43,Debit,16406.74,Card,Shopping,Successful
T300540,2026-05-19,C100756,L200525,38.0,Male,Howrah,West Bengal,Salaried,195400.0,Affluent,769.0,4,4,1,1161400.0,0.12,Consumer Durable,237629.28,9.0,16.84,Closed,2025-12-27,28290.3,8.0,6.0,0.0,1.0,127297.12,109059.09,0.0,896.82,99811.91,Credit,6215.71,UPI,Education,Successful
T300515,2026-05-19,C100799,L200705,56.0,Female,Surat,Gujarat,Business Owner,112200.0,Affluent,657.0,9,3,1,550500.0,0.488,Auto,378579.6,60.0,11.04,Closed,2026-06-27,8238.79,9.0,1.0,0.0,1.0,373224.39,5293.42,0.0,648.68,-20849.59,Debit,3433.45,Net Banking,Healthcare,Successful
T300901,2026-05-19,C100522,L200785,31.0,Female,Nizamabad,Telangana,Salaried,82400.0,Mass Affluent,674.0,5,4,0,569800.0,0.222,Education,337477.45,36.0,11.86,Active,2025-11-12,11186.53,3.0,7.0,0.0,1.0,286578.75,50311.41,0.0,529.27,27986.0,Debit,4049.42,Card,Restaurants,Successful
T301280,2026-05-19,C100615,L200358,38.0,Male,Coimbatore,Tamil Nadu,Salaried,63100.0,Mass,732.0,4,3,1,811100.0,0.422,Consumer Durable,116969.02,9.0,17.66,Active,2026-02-24,13971.51,5.0,4.0,0.0,0.0,80643.09,35906.78,0.0,227.34,29018.36,Credit,1387.77,NEFT,Utilities,Successful
T300036,2026-05-19,C100423,L200178,36.0,Male,Madurai,Tamil Nadu,Salaried,76500.0,Affluent,651.0,7,4,0,911100.0,0.341,Auto,461810.08,36.0,10.65,Active,2026-04-25,15042.64,0.0,2.0,0.0,0.0,442254.65,19329.79,0.0,558.47,-17946.87,Credit,2896.8,NEFT,Healthcare,Successful
T301237,2026-05-19,C100028,L200943,31.0,Male,Coimbatore,Tamil Nadu,Salaried,70400.0,Mass,697.0,2,2,0,945700.0,0.12,Education,382886.51,24.0,10.06,Active,2025-08-01,17678.87,3.0,11.0,0.0,0.0,256482.55,124945.45,0.0,818.36,101875.99,Credit,5654.61,NEFT,Groceries,Successful
T301674,2026-05-20,C100485,L201009,43.0,Female,Howrah,West Bengal,Salaried,60200.0,SME,803.0,4,4,1,417100.0,0.533,Auto,331327.46,72.0,8.0,Closed,2026-01-05,5809.24,7.0,5.0,0.0,2.0,312447.42,18662.2,0.0,324.31,-9626.77,Debit,7981.07,Net Banking,Shopping,Successful
T300936,2026-05-20,C100051,L201668,34.0,Female,Chennai,Tamil Nadu,Salaried,50200.0,Mass,717.0,5,4,0,428100.0,0.463,Home,707460.36,180.0,9.25,Active,2026-06-20,7281.13,1.0,1.0,0.0,1.0,702727.63,4678.12,0.0,534.95,-51495.41,Credit,1231.23,UPI,Utilities,Reversed
T300131,2026-05-20,C100713,L201896,63.0,Female,Mangaluru,Karnataka,Business Owner,67500.0,Mass Affluent,728.0,4,4,1,916000.0,0.545,Consumer Durable,72594.83,12.0,18.49,Closed,2026-02-08,6672.43,6.0,4.0,0.0,0.0,55246.5,17148.16,0.0,18.39,10345.78,Debit,3948.84,UPI,Groceries,Successful
T300045,2026-05-20,C100045,L200215,29.0,Female,Surat,Gujarat,Contract,45600.0,Mass,736.0,5,3,0,403800.0,0.316,Personal,114987.99,36.0,14.63,Active,2026-01-24,3965.29,24.0,4.0,1.0,1.0,104678.23,10190.8,224.7,740.19,3085.75,Debit,355.25,Card,Shopping,Successful
T301867,2026-05-21,C100614,L200902,31.0,Male,Dwarka,Delhi,,54800.0,SME,694.0,7,2,0,460900.0,0.128,Auto,188491.42,72.0,11.02,Closed,2025-11-09,3589.69,4.0,7.0,0.0,0.0,172158.32,16144.64,0.0,793.18,2747.95,Credit,643.01,Card,Shopping,Successful
T301084,2026-05-21,C100352,L200134,27.0,Female,Dwarka,Delhi,Salaried,117800.0,Affluent,780.0,8,4,0,768100.0,0.74,Home,864006.11,180.0,7.0,Active,2026-01-14,7765.93,9.0,5.0,0.0,1.0,838766.83,24948.05,0.0,695.25,-42509.77,Debit,185.87,UPI,Education,Successful
T301677,2026-05-21,C100433,L202081,43.0,Female,Nagpur,Maharashtra,Business Owner,119100.0,Mass,743.0,7,4,0,651200.0,0.224,Auto,359340.16,60.0,8.43,Active,2025-11-05,7360.3,6.0,7.0,0.0,0.0,325850.81,33102.93,0.0,40.78,6880.01,Credit,2993.38,UPI,Restaurants,Successful
T301606,2026-05-21,C100675,L202047,36.0,Male,Nizamabad,Telangana,Self-employed,69000.0,Mass Affluent,804.0,8,2,0,575500.0,0.261,Business,321396.78,36.0,14.07,Active,2026-01-25,10995.51,5.0,5.0,0.0,0.0,285661.37,35323.08,0.0,0.37,14179.7,Debit,1226.33,Card,Restaurants,Successful
T301096,2026-05-22,C100222,L201321,44.0,Male,Surat,Gujarat,Self-employed,40100.0,Affluent,729.0,4,4,1,499500.0,0.656,Education,86429.52,48.0,8.64,Delinquent,2026-06-07,2136.06,5.0,1.0,0.0,0.0,85041.08,1372.42,0.0,414.18,-212.57,Debit,3523.72,Card,Shopping,Successful
T300082,2026-05-22,C100334,L200310,31.0,Female,Siliguri,West Bengal,Contract,86500.0,Affluent,690.0,6,5,1,363700.0,0.47,Business,793645.17,60.0,16.93,Closed,2026-03-10,19694.27,9.0,3.0,0.0,0.0,755241.35,37960.7,0.0,716.24,-22541.2,Credit,4609.66,NEFT,Travel,Successful
T302075,2026-05-22,C100129,L200675,46.0,Male,Coimbatore,Tamil Nadu,Salaried,46000.0,Mass Affluent,678.0,8,3,0,391300.0,0.315,Business,296069.12,60.0,17.17,Active,2026-06-18,7385.17,4.0,1.0,0.0,0.0,291268.76,4744.97,0.0,17.08,-21839.29,Credit,6028.14,UPI,Education,Failed
T300762,2026-05-22,C100760,L202163,30.0,Male,Mangaluru,Karnataka,Salaried,33100.0,Affluent,730.0,8,3,1,159300.0,0.35,Education,78980.99,48.0,9.82,Active,2025-12-16,1996.34,7.0,6.0,0.0,0.0,71195.26,7695.9,0.0,635.67,2781.05,Debit,430.12,NEFT,Education,Successful
T300630,2026-05-22,C100100,L200375,46.0,Other,Surat,Gujarat,Retired,45700.0,Mass Affluent,702.0,6,4,1,177300.0,0.516,Personal,67838.76,24.0,16.18,Active,2026-05-03,3327.43,9.0,1.0,0.0,0.0,65675.93,2137.88,0.0,51.14,-6783.67,Debit,4363.09,UPI,Education,Successful
T301141,2026-05-23,C100515,L201990,27.0,Male,Vadodara,Gujarat,Salaried,60200.0,Mass,760.0,5,3,0,789800.0,0.365,Home,504818.17,240.0,7.0,Active,2026-04-27,3913.85,6.0,2.0,0.0,0.0,499730.17,5029.3,0.0,396.9,-32411.69,Debit,9888.27,IMPS,Utilities,Successful
T300823,2026-05-23,C100693,L200604,29.0,Male,Rohini,Delhi,Salaried,74300.0,Mass Affluent,758.0,5,4,0,733800.0,0.456,Personal,189176.3,18.0,14.33,Delinquent,2026-05-06,11742.16,5.0,1.0,0.0,1.0,181543.9,7544.34,0.0,715.89,-10020.96,Debit,1903.53,IMPS,Shopping,Successful
T301808,2026-05-23,C100684,L201411,42.0,Female,New Delhi,Delhi,Salaried,45900.0,Mass,639.0,7,3,0,548800.0,0.405,Education,80602.3,36.0,11.65,Closed,2025-10-14,2663.7,9.0,8.0,0.0,1.0,66751.08,13691.4,0.0,608.74,7522.25,Debit,813.88,UPI,Utilities,Successful
T301050,2026-05-23,C100200,L201031,43.0,Male,Ahmedabad,Gujarat,Salaried,43000.0,Mass,609.0,4,1,2,223700.0,0.504,Business,310789.33,24.0,18.65,Active,2025-11-29,15613.66,7.0,7.0,0.0,0.0,239747.17,70222.45,0.0,427.85,48251.3,Debit,5729.64,Card,Groceries,Successful
T300335,2026-05-23,C100488,L201790,40.0,Male,Kolkata,West Bengal,Salaried,118600.0,Mass,761.0,4,3,0,1445800.0,0.296,Personal,229415.85,12.0,12.99,Active,2026-03-28,20489.72,4.0,3.0,0.0,0.0,189460.89,39493.94,0.0,634.7,23776.74,Credit,898.44,NEFT,Healthcare,Successful
T301095,2026-05-24,C100263,L201468,32.0,Female,Kolkata,West Bengal,Salaried,68900.0,Mass,738.0,6,3,1,571600.0,0.066,Business,581457.38,60.0,15.95,Active,2025-12-12,14124.47,1.0,6.0,0.0,0.0,526371.94,54449.84,0.0,531.38,9201.81,Credit,7532.97,UPI,Travel,Successful
T300048,2026-05-24,C100785,L201565,33.0,Male,Siliguri,West Bengal,Retired,50200.0,Mass Affluent,684.0,4,4,0,617600.0,0.135,Auto,266269.92,36.0,10.21,Active,2025-08-07,8618.06,0.0,10.0,0.0,0.0,210252.54,55371.02,0.0,577.51,36890.88,Debit,3138.43,NEFT,Healthcare,Successful
T300265,2026-05-24,C100217,L201265,40.0,Male,Warangal,Telangana,Salaried,65900.0,Mass Affluent,647.0,5,4,0,416000.0,0.507,Consumer Durable,46491.02,12.0,18.54,Active,2026-05-13,4274.25,0.0,1.0,0.0,0.0,43712.76,2746.21,0.0,610.96,2314.49,Debit,414.71,Net Banking,Groceries,Successful
T300075,2026-05-24,C100459,L201500,41.0,Male,Chennai,Tamil Nadu,Business Owner,163800.0,Mass Affluent,727.0,6,1,0,1895500.0,0.2,Personal,318729.84,36.0,16.38,Closed,2025-09-23,11265.48,0.0,9.0,0.0,2.0,252826.76,65142.66,0.0,567.58,43919.71,Credit,10621.39,UPI,Shopping,Successful
T301764,2026-05-24,C100532,L201686,47.0,Male,Kolkata,West Bengal,Business Owner,148100.0,Mass Affluent,722.0,7,1,1,1394000.0,0.457,Auto,533912.77,60.0,11.34,Active,2025-08-23,11699.29,3.0,10.0,0.0,0.0,457867.37,75167.96,0.0,41.54,41895.22,Debit,9542.93,Net Banking,Utilities,Successful
T301846,2026-05-24,C100312,L201223,31.0,Female,Nizamabad,Telangana,Salaried,34400.0,Mass Affluent,759.0,3,3,0,184300.0,0.139,Personal,46967.71,24.0,15.16,Active,2025-08-13,2280.88,0.0,10.0,0.0,0.0,32142.0,14654.65,0.0,676.64,14874.02,Debit,554.51,NEFT,Education,Successful
T300016,2026-05-24,C100504,L200148,40.0,Male,Siliguri,West Bengal,Self-employed,110600.0,Mass,738.0,8,2,0,1143600.0,0.125,Personal,183833.33,18.0,13.46,Delinquent,2026-03-06,11335.61,6.0,3.0,0.0,0.0,161728.89,21849.39,0.0,189.89,8078.9,Debit,956.7,NEFT,Utilities,Successful
T301485,2026-05-25,C100509,,35.0,Female,New Delhi,Delhi,Self-employed,53200.0,Mass,674.0,4,1,0,468800.0,0.439,,,,,,,,,,,,,,,,,Debit,3600.05,NEFT,Healthcare,Successful
T300846,2026-05-25,C100126,L202050,38.0,Male,Surat,Gujarat,Self-employed,48100.0,Mass,659.0,5,1,0,389300.0,0.345,Personal,88235.97,24.0,16.02,Active,2025-11-05,4321.15,4.0,7.0,0.0,0.0,68574.73,19434.38,0.0,669.65,14574.97,Debit,22574.84,UPI,Education,Successful
T300844,2026-05-25,C100215,L201311,49.0,Female,Nizamabad,Telangana,Business Owner,143100.0,Mass,710.0,4,2,0,1715100.0,0.391,Consumer Durable,111418.52,12.0,17.6,Closed,2025-12-30,10193.65,5.0,6.0,0.0,0.0,71663.28,39296.52,0.0,799.15,37046.46,Debit,1784.62,UPI,Utilities,Successful
T301207,2026-05-25,C100615,L200358,38.0,Male,Coimbatore,Tamil Nadu,Salaried,63100.0,Mass,732.0,4,3,1,811100.0,0.422,Consumer Durable,116969.02,9.0,17.66,Active,2026-02-24,13971.51,5.0,4.0,0.0,0.0,80643.09,35906.78,0.0,227.34,29018.36,Credit,778.8,Net Banking,Utilities,Successful
T300195,2026-05-25,C100432,L201367,31.0,Male,New Delhi,Delhi,Business Owner,289900.0,Mass Affluent,781.0,3,2,0,1802300.0,0.072,Business,3808162.53,12.0,14.84,Closed,2026-03-17,343430.88,5.0,3.0,0.0,0.0,3138472.32,661963.01,0.0,158.75,407507.48,Credit,1162.21,NEFT,Education,Successful
T301982,2026-05-25,C100216,L201170,29.0,Male,Madurai,Tamil Nadu,Business Owner,64600.0,Mass,725.0,4,4,0,311200.0,0.234,Personal,113445.26,12.0,15.46,Active,2025-10-26,10264.02,6.0,8.0,0.0,0.0,60072.36,52757.05,0.0,735.74,52213.38,Debit,1953.78,NEFT,Restaurants,Successful
T301683,2026-05-25,C100392,L200055,44.0,Male,Madurai,Tamil Nadu,Salaried,76200.0,Mass,765.0,8,3,0,865500.0,0.546,Personal,119590.76,18.0,14.64,Active,2026-05-23,7440.4,4.0,1.0,0.0,0.0,114754.5,4780.46,0.0,71.6,-5958.56,Debit,2886.36,IMPS,Utilities,Successful
T300805,2026-05-26,C100774,L200893,43.0,Male,Mangaluru,Karnataka,Contract,64800.0,Affluent,686.0,6,1,0,631700.0,0.687,Consumer Durable,50230.07,6.0,17.94,Active,2025-07-03,8815.14,7.0,12.0,0.0,0.0,0.0,78155.17,0.0,0.0,74533.3,Debit,1818.59,NEFT,Shopping,Successful
T300481,2026-05-26,C100015,L202017,63.0,Female,New Delhi,Delhi,Salaried,48600.0,Mass,681.0,6,3,0,542900.0,0.112,Consumer Durable,48659.47,12.0,16.68,Active,2026-05-12,4430.59,3.0,1.0,0.0,0.0,45779.59,2846.65,0.0,408.81,-849.68,Debit,2166.99,NEFT,Groceries,Successful
T301005,2026-05-26,C100317,L201623,34.0,Female,Mangaluru,Karnataka,Salaried,120000.0,Mass,680.0,5,3,1,992000.0,0.331,Home,1255034.22,240.0,8.2,Active,2025-11-02,10654.36,4.0,8.0,0.0,0.0,1199631.54,54763.41,0.0,845.33,-38243.87,Credit,3196.71,UPI,Shopping,Successful
T301581,2026-05-26,C100691,L200502,51.0,Male,New Delhi,Delhi,Salaried,34900.0,Mass,773.0,9,4,0,312600.0,0.437,Auto,183191.56,72.0,9.14,Closed,2025-10-04,3314.87,21.0,7.0,1.0,1.0,168108.9,14908.63,451.62,180.97,6999.04,Credit,2412.08,Net Banking,Travel,Successful
T300291,2026-05-26,C100587,L201013,21.0,Male,Bengaluru,Karnataka,Salaried,52200.0,Mass Affluent,661.0,5,5,0,701700.0,0.246,Personal,61172.01,12.0,16.06,Closed,2025-08-25,5551.93,30.0,9.0,1.0,1.0,28693.24,32104.01,258.15,338.41,28544.88,Credit,528.55,UPI,Education,Successful
T301859,2026-05-26,C100373,L201406,21.0,Male,Hyderabad,Telangana,Salaried,56500.0,Mass,632.0,6,3,0,728200.0,0.093,Personal,52989.12,36.0,15.74,Closed,2026-06-10,1856.15,2.0,1.0,0.0,0.0,51782.63,1192.57,0.0,326.98,-919.15,Credit,699.82,IMPS,Education,Successful
T300979,2026-05-27,C100336,L200656,39.0,Female,Pune,Maharashtra,Self-employed,130100.0,Mass,810.0,10,2,0,1422400.0,0.354,Personal,199268.83,36.0,12.92,Active,2026-05-14,6706.48,8.0,1.0,0.0,0.0,194909.62,4308.91,0.0,815.67,-9728.94,Debit,681.3,UPI,Education,Failed
T300940,2026-05-27,C100447,L201345,44.0,Female,Hyderabad,Telangana,Retired,34600.0,Mass Affluent,700.0,4,4,0,210000.0,0.164,Business,355307.11,60.0,16.29,Active,2025-08-29,8695.22,2.0,10.0,0.0,1.0,298788.17,55866.8,0.0,54.62,30536.61,Credit,11610.06,UPI,Healthcare,Successful
T301523,2026-05-27,C100055,L200677,29.0,Female,Bengaluru,Karnataka,Business Owner,139500.0,Mass,802.0,3,3,0,1435400.0,0.255,Personal,148124.68,36.0,13.06,Active,2026-02-03,4995.19,7.0,4.0,0.0,0.0,135137.19,12837.63,0.0,519.07,492.93,Debit,1083.83,IMPS,Utilities,Successful
T300240,2026-05-27,C100661,,62.0,Female,Rohini,Delhi,Salaried,73300.0,Affluent,705.0,6,5,0,1024400.0,0.342,,,,,,,,,,,,,,,,,Debit,1501.29,IMPS,Groceries,Successful
T301832,2026-05-27,C100162,L201577,55.0,Male,Surat,Gujarat,Contract,64200.0,Mass Affluent,729.0,5,2,0,334300.0,0.174,Business,167349.63,48.0,16.09,Closed,2026-06-21,4750.45,7.0,1.0,0.0,0.0,164261.84,3052.17,0.0,62.21,-10417.97,Credit,1683.92,NEFT,Travel,Successful
T300053,2026-05-27,C100117,L202032,34.0,Male,Hyderabad,Telangana,Business Owner,33400.0,Mass,657.0,5,2,0,444200.0,0.288,Personal,31317.39,18.0,15.81,Active,2026-02-10,1965.69,1.0,4.0,0.0,1.0,26206.6,5051.82,0.0,190.81,3599.83,Debit,1094.74,IMPS,Travel,Successful
T301939,2026-05-28,C100016,L200586,53.0,Female,Bengaluru,Karnataka,Salaried,75800.0,Affluent,662.0,3,2,1,799800.0,0.199,Personal,81672.23,18.0,15.71,Delinquent,2026-05-05,5122.44,7.0,1.0,0.0,0.0,78342.65,3291.17,0.0,931.97,-3315.21,Debit,2082.52,UPI,Healthcare,Successful
T300732,2026-05-28,C100623,L201709,38.0,Female,Rohini,Delhi,Retired,50700.0,Mass Affluent,719.0,3,3,0,241300.0,0.412,Consumer Durable,43441.59,6.0,18.09,Active,2025-09-05,7627.04,17.0,8.0,1.0,2.0,3780.97,39203.0,508.25,730.77,38572.79,Credit,1712.77,Net Banking,Restaurants,Failed
T301647,2026-05-28,C100405,L201689,49.0,Female,Kolkata,West Bengal,Retired,63700.0,Mass,649.0,5,4,0,666600.0,0.081,Consumer Durable,53180.32,6.0,19.71,Active,2025-09-15,9379.84,1.0,9.0,0.0,0.0,0.0,55169.36,0.0,0.0,53658.85,Credit,2949.03,Net Banking,Healthcare,Successful
T300664,2026-05-28,C100098,L201891,33.0,Female,Kolkata,West Bengal,Salaried,35400.0,Mass,671.0,1,1,0,426700.0,0.216,Consumer Durable,27210.72,12.0,20.28,Closed,2025-12-01,2524.3,5.0,7.0,0.0,0.0,15725.16,11353.04,0.0,989.81,11488.41,Debit,1537.42,Net Banking,Groceries,Successful
T300775,2026-05-28,C100275,,32.0,Female,Chennai,Tamil Nadu,Business Owner,408100.0,Affluent,758.0,3,2,1,4406500.0,0.179,,,,,,,,,,,,,,,,,Debit,384.44,IMPS,Education,Successful
T301950,2026-05-28,C100612,L200643,38.0,Male,New Delhi,Delhi,Self-employed,112600.0,SME,680.0,1,1,0,1554900.0,0.195,Consumer Durable,126988.78,9.0,18.49,Active,2025-08-10,15219.07,2.0,10.0,0.0,0.0,28064.84,97782.51,0.0,337.12,93991.52,Debit,2470.95,Net Banking,Travel,Successful
T300972,2026-05-29,C100734,L201320,33.0,Male,Ahmedabad,Gujarat,Salaried,113400.0,Mass Affluent,688.0,12,5,1,434000.0,0.209,Personal,206218.59,24.0,14.84,Closed,2025-11-21,9983.18,1.0,7.0,0.0,1.0,160795.13,44899.35,0.0,490.83,30695.49,Debit,4447.79,UPI,Education,Successful
T300591,2026-05-29,C100273,L200786,53.0,Male,Vadodara,Gujarat,Salaried,104900.0,Mass Affluent,850.0,4,2,1,1358300.0,0.19,Consumer Durable,128666.1,12.0,15.03,Closed,2026-04-29,11615.01,3.0,2.0,0.0,0.0,113566.59,14925.28,0.0,984.84,4270.04,Debit,312.33,Net Banking,Restaurants,Successful
T301089,2026-05-29,C100017,L200891,49.0,Male,Mumbai,Maharashtra,Self-employed,53900.0,Affluent,648.0,1,1,0,566500.0,0.267,Education,141904.5,60.0,12.04,Closed,2025-10-12,3159.46,6.0,8.0,0.0,0.0,125475.33,16239.61,0.0,256.02,5887.01,Debit,1075.55,IMPS,Groceries,Successful
T300316,2026-05-29,C100114,L201776,26.0,Female,Mangaluru,Karnataka,Self-employed,165200.0,SME,703.0,7,1,0,991800.0,0.336,Personal,215115.57,18.0,14.42,Active,2026-06-05,13361.29,8.0,1.0,0.0,1.0,206430.73,8584.63,0.0,691.15,-7559.34,Credit,2355.45,IMPS,Travel,Successful
T300071,2026-05-29,C100178,L200636,34.0,Male,Nizamabad,Telangana,Retired,43200.0,Mass,686.0,4,2,0,367600.0,0.38,Personal,61101.65,18.0,16.31,Closed,2025-10-16,3849.59,5.0,8.0,0.0,0.0,41083.78,19786.89,0.0,432.91,13010.17,Debit,1060.31,NEFT,Shopping,Successful
T301253,2026-05-29,C100789,L201843,43.0,Female,Chennai,Tamil Nadu,Business Owner,118600.0,Mass,760.0,6,4,0,594400.0,0.448,Auto,811755.77,36.0,9.06,Delinquent,2026-03-20,25836.29,31.0,2.0,1.0,1.0,778168.59,33199.63,223.72,243.5,-29306.84,Debit,1679.67,NEFT,Utilities,Successful
T301395,2026-05-29,C100288,L200701,36.0,Female,Siliguri,West Bengal,Salaried,68000.0,Affluent,719.0,3,3,0,298200.0,0.24,Business,355117.87,24.0,16.16,Active,2025-07-12,17414.84,13.0,10.0,1.0,1.0,241921.43,111890.32,711.35,437.45,89094.03,Credit,5466.6,Net Banking,Restaurants,Successful
T302157,2026-05-30,C100415,L202154,33.0,Male,Surat,Gujarat,Salaried,121000.0,Mass,608.0,6,6,1,791900.0,0.433,Consumer Durable,246826.29,6.0,21.59,Closed,2026-01-06,43766.68,2.0,5.0,0.0,0.0,104584.59,140600.45,0.0,357.22,131303.6,Debit,2233.29,UPI,Groceries,Successful
T301294,2026-05-30,C100182,L201594,43.0,Male,Surat,Gujarat,Contract,47300.0,Affluent,660.0,7,2,0,308300.0,0.205,Personal,211670.03,18.0,17.72,Written Off,2025-10-07,13477.54,12.0,7.0,1.0,2.0,236898.87,108218.61,676.58,153294.26,-12732.76,Debit,8872.45,UPI,Groceries,Failed
T300399,2026-05-30,C100380,,25.0,Male,Nagpur,Maharashtra,Business Owner,109300.0,Mass,630.0,5,2,0,1511800.0,0.359,,,,,,,,,,,,,,,,,Credit,4968.34,UPI,Groceries,Successful
T300716,2026-05-31,C100136,L201551,37.0,Female,Mangaluru,Karnataka,Salaried,102400.0,Mass,715.0,3,3,0,486500.0,0.373,Personal,116698.62,24.0,14.44,Closed,2025-09-09,5627.32,1.0,9.0,0.0,0.0,83778.77,32540.01,0.0,429.02,23547.04,Debit,1324.35,IMPS,Travel,Successful
T300476,2026-05-31,C100369,L200907,48.0,Female,Vadodara,Gujarat,Salaried,65400.0,Affluent,654.0,3,2,0,223000.0,0.287,Home,766213.52,240.0,8.91,Delinquent,2025-11-03,6849.53,29.0,5.0,2.0,2.0,743952.53,22004.13,1127.87,680.56,-35990.34,Debit,1595.3,NEFT,Education,Failed
T301100,2026-06-01,C100354,L200960,50.0,Male,Warangal,Telangana,Self-employed,46800.0,Mass,667.0,2,2,1,202600.0,0.178,Consumer Durable,43711.96,12.0,20.31,Closed,2026-05-12,4055.72,9.0,1.0,0.0,0.0,41075.74,2605.8,0.0,441.78,-65.11,Debit,3382.99,UPI,Groceries,Successful
T301847,2026-06-01,C100176,L201454,45.0,Male,Dwarka,Delhi,Salaried,73900.0,Mass Affluent,701.0,6,3,0,312500.0,0.05,Consumer Durable,60477.72,9.0,17.67,Delinquent,2026-04-07,7224.13,20.0,1.0,1.0,1.0,55782.04,4641.5,464.75,893.0,-786.94,Debit,4315.55,UPI,Groceries,Successful
T301936,2026-06-01,C100518,L200354,53.0,Male,Bengaluru,Karnataka,Business Owner,70100.0,Mass,686.0,5,2,0,893700.0,0.126,Auto,476330.81,72.0,11.5,Delinquent,2025-12-02,9188.97,74.0,4.0,3.0,3.0,452439.48,23615.66,1087.57,844.6,-13365.76,Debit,3519.87,UPI,Education,Successful
T300079,2026-06-01,C100080,L200389,56.0,Male,Vadodara,Gujarat,Business Owner,59800.0,Mass Affluent,709.0,3,2,0,540700.0,0.059,Personal,83367.34,24.0,16.08,Closed,2026-05-15,4085.11,5.0,1.0,0.0,0.0,80712.02,2624.68,0.0,620.67,-8270.61,Debit,5856.54,UPI,Restaurants,Successful
T301521,2026-06-01,C100276,L201378,36.0,Male,Mangaluru,Karnataka,Salaried,,Mass,732.0,3,3,1,620900.0,0.369,Business,556892.19,36.0,18.21,Active,2025-10-18,20191.7,5.0,8.0,0.0,0.0,451895.34,103785.35,0.0,88.05,66988.54,Debit,297.7,UPI,Shopping,Successful
T300665,2026-06-01,C100675,L202047,36.0,Male,Nizamabad,Telangana,Self-employed,69000.0,Mass Affluent,804.0,8,2,0,575500.0,0.261,Business,321396.78,36.0,14.07,Active,2026-01-25,10995.51,5.0,5.0,0.0,0.0,285661.37,35323.08,0.0,0.37,14179.7,Debit,400.34,Net Banking,Groceries,Failed
T300781,2026-06-01,C100259,L201713,46.0,Female,Surat,Gujarat,Salaried,81200.0,Mass Affluent,766.0,4,1,0,366700.0,0.512,Business,499177.39,12.0,15.63,Delinquent,2025-07-19,45203.44,27.0,9.0,2.0,2.0,234737.28,261388.88,1150.28,718.66,242452.14,Debit,1999.61,UPI,Shopping,Failed
T300877,2026-06-01,C100013,L201724,34.0,Female,Madurai,Tamil Nadu,Self-employed,102700.0,SME,744.0,3,2,0,384900.0,0.463,Education,439294.38,60.0,11.02,Active,2025-11-25,9555.71,4.0,7.0,0.0,0.0,395815.92,42976.79,0.0,742.53,9496.68,Debit,325.94,UPI,Education,Successful
T301054,2026-06-01,C100244,L200990,45.0,Female,Bengaluru,Karnataka,Self-employed,49900.0,Mass Affluent,648.0,5,4,0,418900.0,0.423,Auto,463186.65,48.0,10.58,Active,2025-12-05,11877.05,8.0,6.0,0.0,1.0,416866.17,45786.02,0.0,547.92,11518.63,Debit,5004.77,Card,Groceries,Successful
T301104,2026-06-01,C100701,,48.0,Female,Rohini,Delhi,Salaried,84800.0,Mass Affluent,659.0,3,3,0,1082700.0,0.465,,,,,,,,,,,,,,,,,Debit,4255.84,NEFT,Groceries,Successful
T301836,2026-06-02,C100615,L200358,38.0,Male,Coimbatore,Tamil Nadu,Salaried,63100.0,Mass,732.0,4,3,1,811100.0,0.422,Consumer Durable,116969.02,9.0,17.66,Active,2026-02-24,13971.51,5.0,4.0,0.0,0.0,80643.09,35906.78,0.0,227.34,29018.36,Debit,1663.16,UPI,Restaurants,Successful
T302005,2026-06-02,C100181,L200499,49.0,Female,Surat,Gujarat,Contract,48400.0,SME,751.0,5,5,0,504800.0,0.367,Auto,379234.44,36.0,8.96,Closed,2025-08-29,12052.5,6.0,10.0,0.0,0.0,300893.22,77437.28,0.0,439.43,54240.21,Credit,2431.58,NEFT,Utilities,Successful
T301018,2026-06-02,C100302,L200258,21.0,Female,Warangal,Telangana,Salaried,89200.0,Mass,696.0,4,2,1,410900.0,0.071,Education,204894.09,48.0,9.54,Delinquent,2025-07-30,5151.5,55.0,8.0,3.0,4.0,178106.31,26478.69,871.5,671.77,11330.71,Credit,772.4,IMPS,Education,Successful
T302193,2026-06-02,C100313,L200356,35.0,Male,Pune,Maharashtra,Salaried,36000.0,Mass Affluent,676.0,5,3,0,483300.0,0.295,Consumer Durable,40231.41,18.0,16.8,Closed,2025-11-10,2544.04,7.0,7.0,0.0,0.0,28656.02,11441.83,0.0,98.55,11373.86,Debit,1121.03,IMPS,Utilities,Successful
T300194,2026-06-03,C100145,L202072,49.0,Male,New Delhi,Delhi,Salaried,50000.0,Mass Affluent,727.0,4,2,0,567700.0,0.152,Business,297751.42,60.0,16.19,Active,2026-02-25,7270.83,4.0,4.0,0.0,0.0,278847.26,18686.03,0.0,669.87,-7286.22,Credit,1095.47,UPI,Travel,Successful
T301721,2026-06-03,C100478,,57.0,Female,Surat,Gujarat,Self-employed,52700.0,Mass,624.0,5,3,0,243200.0,0.868,,,,,,,,,,,,,,,,,Credit,2898.52,Net Banking,Education,Successful
T300148,2026-06-03,C100301,L201157,27.0,Female,Mumbai,Maharashtra,Business Owner,56400.0,Mass,694.0,3,3,1,725400.0,0.309,Home,245508.02,300.0,8.05,Active,2025-11-09,1903.01,0.0,7.0,0.0,0.0,236849.33,8558.79,0.0,319.32,-12752.04,Credit,5828.11,Net Banking,Travel,Successful
T300760,2026-06-03,C100173,L200419,36.0,Female,Coimbatore,Tamil Nadu,Salaried,70000.0,Mass,656.0,4,4,1,809900.0,0.196,Auto,425408.46,72.0,12.39,Active,2026-06-14,8403.35,0.0,1.0,0.0,1.0,419946.28,5399.15,0.0,474.26,-26272.25,Credit,1886.65,IMPS,Restaurants,Successful
T302112,2026-06-03,C100588,L200099,52.0,Male,Mumbai,Maharashtra,Salaried,130200.0,Mass,733.0,6,3,2,1316800.0,0.073,Home,2420089.31,180.0,7.0,Active,2025-08-01,21752.45,3.0,11.0,0.0,0.0,2264559.31,153735.42,0.0,170.23,-21767.77,Credit,5504.67,UPI,Groceries,Successful
T301911,2026-06-03,C100462,L201401,34.0,Female,Dwarka,Delhi,Salaried,46100.0,Mass,696.0,6,3,1,487500.0,0.357,Personal,96268.69,36.0,14.29,Closed,2026-01-24,3303.81,8.0,5.0,0.0,0.0,85531.3,10613.49,0.0,217.34,7338.31,Credit,1860.65,Net Banking,Groceries,Failed
T301242,2026-06-04,C100554,L201000,33.0,Male,Mysuru,Karnataka,Contract,33800.0,Mass,742.0,1,1,0,142500.0,0.156,Personal,36430.51,18.0,14.26,Active,2026-05-03,2260.04,7.0,1.0,0.0,0.0,34961.48,1452.08,0.0,974.14,-3474.52,Debit,780.81,UPI,Utilities,Successful
T302011,2026-06-04,C100340,L200494,21.0,Female,Surat,Gujarat,Contract,43100.0,Mass Affluent,728.0,6,3,0,528200.0,0.159,Consumer Durable,83520.09,18.0,16.18,Active,2025-10-29,5256.88,8.0,8.0,0.0,1.0,56184.3,27020.38,0.0,260.95,23113.15,Debit,1400.94,Net Banking,Travel,Successful
T300273,2026-06-04,C100667,L200698,32.0,Male,New Delhi,Delhi,Business Owner,111800.0,Mass Affluent,574.0,7,2,2,352300.0,0.244,Business,389865.22,48.0,19.69,Active,2026-02-11,11799.44,21.0,2.0,2.0,3.0,374525.94,15162.28,1291.23,203.88,-15040.69,Credit,2491.97,UPI,Healthcare,Successful
T301612,2026-06-04,C100766,L200764,45.0,Female,Ahmedabad,Gujarat,Salaried,58200.0,Mass Affluent,787.0,5,2,1,790900.0,0.385,Personal,155002.52,36.0,12.57,Active,2025-12-05,5190.6,6.0,6.0,0.0,0.0,134759.17,20009.77,0.0,254.58,4917.92,Debit,903.94,IMPS,Healthcare,Successful
T301304,2026-06-04,C100765,L201619,41.0,Male,Mysuru,Karnataka,Contract,18000.0,Affluent,663.0,3,3,0,250900.0,0.522,Education,61670.8,24.0,11.8,Active,2025-12-28,2897.3,23.0,5.0,1.0,1.0,52254.57,9307.58,388.53,772.8,6271.42,Debit,973.89,IMPS,Groceries,Failed
T301656,2026-06-04,C100607,L201829,43.0,Male,Mumbai,Maharashtra,Contract,43900.0,SME,718.0,6,3,0,462800.0,0.263,Auto,183888.46,72.0,9.52,Closed,2025-07-10,3362.35,1.0,11.0,0.0,0.0,159847.69,23763.37,0.0,562.95,14236.91,Debit,754.68,UPI,Travel,Successful
T301693,2026-06-04,C100796,L202066,42.0,Female,Chennai,Tamil Nadu,Salaried,63500.0,Mass Affluent,718.0,4,2,1,305600.0,0.346,Home,635315.18,240.0,9.13,Active,2025-11-08,5769.32,4.0,7.0,0.0,0.0,609064.77,25947.52,0.0,188.61,-22639.95,Credit,8883.83,Card,Utilities,Successful
T300651,2026-06-05,C100328,L200515,43.0,Female,Pune,Maharashtra,Self-employed,72400.0,Mass Affluent,694.0,3,3,1,617600.0,0.199,Auto,422729.38,72.0,11.37,Closed,2025-08-23,8126.6,4.0,10.0,0.0,0.0,369906.46,52213.43,0.0,363.75,23890.74,Debit,442.05,Card,Healthcare,Successful
T300645,2026-06-05,C100166,L201209,32.0,Female,Vadodara,Gujarat,Salaried,95900.0,Mass Affluent,684.0,2,2,0,903200.0,0.138,Personal,163741.34,24.0,14.67,Closed,2025-08-21,7913.62,9.0,10.0,0.0,0.0,112302.81,50845.01,0.0,839.22,41427.05,Debit,3184.32,NEFT,Shopping,Successful
T301571,2026-06-05,C100109,L200008,21.0,Female,Pune,Maharashtra,Salaried,43800.0,Mass,738.0,5,4,1,537000.0,0.243,Personal,92104.5,36.0,14.28,Closed,2025-09-19,3160.45,6.0,9.0,0.0,0.0,73615.85,18275.32,0.0,494.45,17454.01,Debit,7293.02,UPI,Education,Reversed
T300401,2026-06-05,C100145,L202072,49.0,Male,New Delhi,Delhi,Salaried,50000.0,Mass Affluent,727.0,4,2,0,567700.0,0.152,Business,297751.42,60.0,16.19,Active,2026-02-25,7270.83,4.0,4.0,0.0,0.0,278847.26,18686.03,0.0,669.87,-7286.22,Debit,8101.43,NEFT,Utilities,Successful
T301200,2026-06-05,C100276,L201378,36.0,Male,Mangaluru,Karnataka,Salaried,77000.0,Mass,732.0,3,3,1,620900.0,0.369,Business,556892.19,36.0,18.21,Active,2025-10-18,20191.7,5.0,8.0,0.0,0.0,451895.34,103785.35,0.0,88.05,66988.54,Debit,1118.4,NEFT,Shopping,Successful
T300868,2026-06-05,C100694,L200778,33.0,Female,Mangaluru,Karnataka,Salaried,149500.0,Affluent,728.0,5,3,0,1756400.0,0.611,Home,1592155.69,120.0,7.68,Closed,2026-03-01,19049.08,1.0,4.0,0.0,0.0,1542628.08,48956.14,0.0,275.54,-76865.69,Debit,252.23,UPI,Travel,Successful
T301278,2026-06-05,C100036,L201204,32.0,Male,New Delhi,Delhi,Salaried,35100.0,Mass Affluent,669.0,8,3,0,322400.0,0.215,Home,314900.73,300.0,8.39,Active,2026-06-30,2512.37,9.0,1.0,0.0,0.0,313267.69,1614.19,0.0,8.59,-26255.87,Debit,1152.14,UPI,Utilities,Successful
T300435,2026-06-05,C100317,L201623,34.0,Female,Mangaluru,Karnataka,Salaried,120000.0,Mass,680.0,5,3,1,992000.0,0.331,Home,1255034.22,240.0,8.2,Active,2025-11-02,10654.36,4.0,8.0,0.0,0.0,1199631.54,54763.41,0.0,845.33,-38243.87,Credit,2162.56,IMPS,Groceries,Successful
T300907,2026-06-05,C100684,L201411,42.0,Female,New Delhi,Delhi,Salaried,45900.0,Mass,639.0,7,3,0,548800.0,0.405,Education,80602.3,36.0,11.65,Closed,2025-10-14,2663.7,9.0,8.0,0.0,1.0,66751.08,13691.4,0.0,608.74,7522.25,Credit,655.09,Card,Travel,Successful
T301590,2026-06-06,C100142,L201036,31.0,Male,Madurai,Tamil Nadu,Self-employed,90600.0,Affluent,718.0,2,2,0,706400.0,0.363,Education,412889.44,36.0,10.91,Active,2026-06-27,13499.88,6.0,1.0,0.0,0.0,404114.52,8673.67,0.0,220.89,-20670.55,Credit,1162.34,IMPS,Travel,Successful
T301719,2026-06-06,C100443,L200173,30.0,Female,Siliguri,West Bengal,Business Owner,258600.0,Mass,702.0,4,4,0,1095900.0,0.253,Business,636534.3,48.0,15.87,Active,2025-08-04,17997.21,6.0,11.0,0.0,0.0,507854.26,127195.27,0.0,583.92,87426.12,Debit,5000.14,UPI,Education,Successful
T301740,2026-06-06,C100445,L202043,49.0,Male,Siliguri,West Bengal,Salaried,54900.0,Mass,639.0,7,3,1,230400.0,0.3,Education,57319.86,60.0,10.82,Delinquent,2026-01-25,1241.13,32.0,4.0,1.0,1.0,54092.91,3189.71,583.09,425.63,201.14,Debit,2043.38,IMPS,Shopping,Successful
T301125,2026-06-07,C100177,L200050,37.0,Female,New Delhi,Delhi,Salaried,84600.0,Mass Affluent,764.0,7,4,0,1083800.0,0.144,Personal,118423.88,36.0,14.18,Closed,2026-01-10,4057.81,20.0,4.0,1.0,2.0,107873.58,10428.57,267.96,247.51,-232.99,Debit,6603.52,Net Banking,Travel,Successful
T300234,2026-06-07,C100201,L202093,21.0,Male,Vadodara,Gujarat,Business Owner,118400.0,Mass,705.0,9,1,2,762900.0,0.495,Personal,284398.46,12.0,15.98,Delinquent,2026-03-13,25801.02,49.0,1.0,2.0,2.0,267627.79,16577.16,497.8,369.92,-8338.1,Credit,3748.17,NEFT,Education,Successful
T300609,2026-06-07,C100017,L200891,49.0,Male,Mumbai,Maharashtra,Self-employed,53900.0,Affluent,648.0,1,1,0,566500.0,0.267,Education,141904.5,60.0,12.04,Closed,2025-10-12,3159.46,6.0,8.0,0.0,0.0,125475.33,16239.61,0.0,256.02,5887.01,Credit,28200.99,Net Banking,Travel,Successful
T300130,2026-06-08,C100270,L201229,55.0,Female,Howrah,West Bengal,Salaried,113000.0,Mass,692.0,5,3,0,1278600.0,0.556,Home,1312024.8,240.0,8.68,Closed,2025-12-16,11535.97,5.0,6.0,0.0,0.0,1267034.52,44471.16,0.0,567.08,-64705.68,Debit,1741.8,Net Banking,Education,Successful
T301235,2026-06-08,C100788,L201304,49.0,Male,Mumbai,Maharashtra,Salaried,80300.0,Mass Affluent,753.0,3,2,0,442100.0,0.334,Auto,281221.42,48.0,9.52,Closed,2025-12-05,7067.85,1.0,6.0,0.0,0.0,253656.8,27246.56,0.0,101.84,6055.13,Debit,3539.33,Net Banking,Education,Successful
T301531,2026-06-08,C100322,L201530,52.0,Male,Coimbatore,Tamil Nadu,Self-employed,69800.0,Mass,646.0,4,2,0,644100.0,0.321,Auto,291215.68,60.0,11.72,Active,2025-07-30,6436.8,5.0,11.0,0.0,1.0,245192.54,45492.1,0.0,348.38,25937.3,Debit,666.85,Card,Restaurants,Successful
T301320,2026-06-08,C100745,L201390,56.0,Female,Nagpur,Maharashtra,Self-employed,106100.0,Mass Affluent,704.0,5,3,0,550500.0,0.225,Auto,861129.61,48.0,9.8,Closed,2026-01-01,21757.85,17.0,5.0,1.0,1.0,790416.58,69897.11,639.43,970.75,7925.57,Debit,7669.35,UPI,Shopping,Successful
T300973,2026-06-08,C100114,L201776,26.0,Female,Mangaluru,Karnataka,Self-employed,165200.0,SME,703.0,7,1,0,991800.0,0.336,Personal,215115.57,18.0,14.42,Active,2026-06-05,13361.29,8.0,1.0,0.0,1.0,206430.73,8584.63,0.0,691.15,-7559.34,Debit,576.69,IMPS,Restaurants,Successful
T300507,2026-06-08,C100567,L201562,54.0,Male,Nizamabad,Telangana,Business Owner,162600.0,Mass,767.0,7,6,0,833700.0,0.6,Business,1262805.58,48.0,15.61,Delinquent,2025-09-20,35536.54,12.0,8.0,1.0,1.0,1078015.6,182657.79,454.68,310.94,95295.34,Debit,140.97,IMPS,Groceries,Successful
T300058,2026-06-09,C100517,L200953,43.0,Male,Coimbatore,Tamil Nadu,Salaried,65300.0,Mass Affluent,704.0,7,1,0,473500.0,0.198,Personal,159385.21,12.0,14.4,Delinquent,2025-12-15,14340.75,13.0,5.0,1.0,1.0,112777.76,46069.67,535.63,475.66,37004.31,Debit,2505.18,UPI,Education,Reversed
T300825,2026-06-09,C100702,L200102,29.0,Female,Kolkata,West Bengal,Salaried,46500.0,SME,756.0,3,3,1,185300.0,0.226,Business,395882.02,12.0,14.9,Closed,2025-10-12,35712.97,1.0,8.0,0.0,0.0,210174.6,183564.64,0.0,325.04,166150.29,Credit,364.35,IMPS,Shopping,Successful
T300059,2026-06-09,C100344,L201741,34.0,Male,Ahmedabad,Gujarat,Self-employed,89200.0,Affluent,780.0,6,2,0,705100.0,0.46,Consumer Durable,115053.9,9.0,15.94,Closed,2026-03-01,13647.76,5.0,4.0,0.0,0.0,79569.73,35074.74,0.0,190.52,29591.24,Debit,2331.31,NEFT,Utilities,Failed
T300328,2026-06-09,C100129,L200675,46.0,Male,Coimbatore,Tamil Nadu,Salaried,46000.0,Mass Affluent,678.0,8,3,0,391300.0,0.315,Business,296069.12,60.0,17.17,Active,2026-06-18,7385.17,4.0,1.0,0.0,0.0,291268.76,4744.97,0.0,17.08,-21839.29,Credit,4318.71,Net Banking,Groceries,Successful
T302121,2026-06-09,C100600,L200188,50.0,Female,Nagpur,Maharashtra,Self-employed,143600.0,Mass,679.0,4,3,0,1843500.0,0.292,Home,936328.34,180.0,7.81,Active,2025-11-14,8845.64,1.0,7.0,0.0,1.0,896080.67,39783.27,0.0,127.94,-29130.72,Debit,7659.07,UPI,Travel,Successful
T301812,2026-06-09,C100268,,47.0,Male,Mangaluru,Karnataka,Salaried,99400.0,Mass Affluent,737.0,6,6,2,436000.0,0.372,,,,,,,,,,,,,,,,,Credit,3985.04,NEFT,Travel,Successful
T301744,2026-06-09,C100395,L201900,48.0,Other,Mysuru,Karnataka,Salaried,57700.0,Affluent,672.0,5,5,1,227800.0,0.191,Personal,96028.06,24.0,15.39,Active,2026-06-28,4673.89,5.0,1.0,0.0,0.0,92990.03,3002.98,0.0,670.04,-6637.09,Debit,4391.1,Net Banking,Utilities,Successful
T301441,2026-06-10,C100256,L202038,29.0,Female,Kolkata,West Bengal,Business Owner,65600.0,Mass Affluent,696.0,9,4,0,542700.0,0.223,Auto,262398.51,36.0,12.44,Delinquent,2026-01-20,8770.63,7.0,5.0,0.0,0.0,233893.96,28175.66,0.0,561.97,13986.98,Debit,1559.91,Net Banking,Healthcare,Successful
T301972,2026-06-10,C100594,L202187,35.0,Female,Nizamabad,Telangana,Self-employed,106300.0,Mass,667.0,4,4,0,1025600.0,0.459,Auto,391896.7,60.0,11.99,Active,2026-06-11,8715.55,7.0,1.0,0.0,0.0,386231.6,5599.74,0.0,583.86,-25956.25,Debit,659.0,UPI,Shopping,Successful
T300586,2026-06-10,C100416,L200144,31.0,Male,Dwarka,Delhi,Salaried,138200.0,Mass Affluent,777.0,6,4,1,493300.0,0.546,Auto,321440.93,72.0,8.9,Closed,2026-04-08,5778.2,2.0,2.0,0.0,0.0,313929.26,7424.99,0.0,37.96,-18747.2,Debit,4740.14,NEFT,Travel,Successful
T300084,2026-06-10,C100435,L201344,42.0,Male,Howrah,West Bengal,Salaried,74700.0,Mass,745.0,5,5,1,530600.0,0.357,Auto,263639.52,72.0,9.15,Active,2026-02-01,4771.89,2.0,4.0,0.0,0.0,251232.59,12263.77,0.0,171.7,-11008.05,Debit,10326.4,UPI,Travel,Failed
T302079,2026-06-11,C100636,L201585,34.0,Female,Vadodara,Gujarat,Salaried,37600.0,SME,725.0,4,3,1,343400.0,0.317,Home,462580.72,300.0,7.0,Active,2026-03-24,3269.42,5.0,3.0,0.0,0.0,456205.34,6301.82,0.0,911.64,-32820.88,Debit,11940.75,UPI,Shopping,Successful
T300489,2026-06-11,C100298,,33.0,Female,Rohini,Delhi,Business Owner,178600.0,Affluent,762.0,5,3,0,2275900.0,0.14,,,,,,,,,,,,,,,,,Debit,1528.35,NEFT,Education,Successful
T300934,2026-06-11,C100346,L202022,48.0,Female,Warangal,Telangana,Business Owner,112900.0,Mass,738.0,2,2,0,689600.0,0.196,Business,327401.4,60.0,14.49,Active,2026-04-18,7701.48,8.0,2.0,0.0,0.0,317389.47,9896.41,0.0,325.2,-20385.83,Debit,395.93,UPI,Healthcare,Successful
T300249,2026-06-11,C100696,L201811,34.0,Male,Siliguri,West Bengal,Self-employed,28000.0,Mass Affluent,655.0,6,2,0,159500.0,0.355,Personal,79336.89,24.0,15.63,Closed,2026-03-30,3870.57,5.0,3.0,0.0,0.0,71789.28,7460.52,0.0,328.58,-105.86,Credit,458.15,UPI,Healthcare,Failed
T301462,2026-06-11,C100379,L202019,56.0,Female,Kolkata,West Bengal,Salaried,32500.0,Mass,721.0,3,2,0,136200.0,0.234,Personal,64087.78,36.0,14.32,Active,2026-04-25,2200.34,5.0,2.0,0.0,1.0,61227.34,2827.44,0.0,834.21,1887.31,Credit,1015.29,NEFT,Restaurants,Successful
T301779,2026-06-11,C100724,,46.0,Male,Chennai,Tamil Nadu,Retired,24300.0,Affluent,701.0,5,2,0,215400.0,0.124,,,,,,,,,,,,,,,,,Debit,1316.93,UPI,Shopping,Successful
T301888,2026-06-11,C100497,L200083,32.0,Male,Chennai,Tamil Nadu,Salaried,123300.0,Mass,745.0,8,3,0,652100.0,0.612,Auto,1238803.21,48.0,8.75,Delinquent,2026-02-28,30680.82,18.0,3.0,1.0,1.0,1178975.6,59137.29,226.99,974.24,-38134.36,Credit,298.76,Card,Groceries,Successful
T301550,2026-06-11,C100454,,28.0,Male,Rohini,Delhi,Salaried,125300.0,Mass Affluent,805.0,4,2,0,870400.0,0.352,,,,,,,,,,,,,,,,,Debit,1383.1,Card,Shopping,Successful
T300245,2026-06-12,C100445,L202043,49.0,Male,Siliguri,West Bengal,Salaried,54900.0,Mass,639.0,7,3,1,230400.0,0.3,Education,57319.86,60.0,10.82,Delinquent,2026-01-25,1241.13,32.0,4.0,1.0,1.0,54092.91,3189.71,583.09,425.63,201.14,Debit,1468.14,Net Banking,Travel,Successful
T300226,2026-06-12,C100160,L200524,35.0,Female,New Delhi,Delhi,Business Owner,94200.0,Mass Affluent,716.0,9,3,0,1115900.0,0.487,Personal,224213.5,12.0,14.35,Active,2025-10-01,20168.43,5.0,9.0,0.0,0.0,106228.21,116623.93,0.0,660.08,111763.33,Debit,5323.3,Net Banking,Groceries,Successful
T301671,2026-06-12,C100196,L201953,33.0,Male,Surat,Gujarat,Salaried,58500.0,Mass Affluent,611.0,6,4,0,665900.0,0.499,Home,202110.87,120.0,10.33,Active,2026-03-28,2707.98,0.0,3.0,0.0,1.0,196830.31,5219.63,0.0,894.29,-11090.34,Credit,1829.56,Card,Groceries,Successful
T300490,2026-06-12,C100401,L201086,42.0,Female,Dwarka,Delhi,Salaried,46500.0,Mass Affluent,690.0,3,2,0,322500.0,0.185,Education,95466.37,24.0,11.5,Closed,2025-09-03,4471.67,9.0,10.0,0.0,0.0,66400.48,28730.51,0.0,795.75,23276.52,Debit,1667.99,UPI,Education,Reversed
T300283,2026-06-12,C100507,L200336,37.0,Female,Bengaluru,Karnataka,Salaried,58500.0,Mass Affluent,673.0,3,2,2,592700.0,0.288,Personal,104622.72,36.0,15.04,Delinquent,2025-08-15,3628.83,11.0,9.0,1.0,1.0,83394.06,20983.71,391.24,961.56,21130.48,Credit,16066.74,UPI,Groceries,Successful
T302124,2026-06-12,C100416,L200144,31.0,Male,Dwarka,Delhi,Salaried,138200.0,Mass Affluent,777.0,6,4,1,493300.0,0.546,Auto,321440.93,72.0,8.9,Closed,2026-04-08,5778.2,2.0,2.0,0.0,0.0,313929.26,7424.99,0.0,37.96,-18747.2,Debit,4852.48,IMPS,Education,Successful
T300213,2026-06-14,C100110,L200714,21.0,Other,Kolkata,West Bengal,Contract,41200.0,Mass,701.0,2,2,0,567000.0,0.32,Business,219893.0,48.0,16.84,Closed,2026-04-10,6326.83,2.0,2.0,0.0,1.0,211668.12,8129.98,0.0,872.01,-11606.25,Debit,465.91,Card,Groceries,Successful
T301335,2026-06-14,C100151,L201771,44.0,Male,Bengaluru,Karnataka,Business Owner,147300.0,Mass Affluent,754.0,2,2,0,1673600.0,0.427,Auto,1348791.51,48.0,9.4,Closed,2025-11-15,33821.5,3.0,7.0,0.0,0.0,1194903.69,152112.19,0.0,931.08,57725.6,Debit,1626.8,IMPS,Utilities,Successful
T301044,2026-06-14,C100248,L200416,41.0,Male,New Delhi,Delhi,Salaried,57800.0,Affluent,618.0,4,3,1,658800.0,0.322,Personal,100307.02,18.0,16.84,Closed,2025-11-07,6344.84,62.0,4.0,3.0,4.0,83810.44,16306.23,750.55,232.12,13945.1,Debit,4040.41,UPI,Restaurants,Successful
T300206,2026-06-14,C100742,L202025,31.0,Female,Coimbatore,Tamil Nadu,Salaried,34400.0,Mass,716.0,9,2,0,304300.0,0.589,Home,228341.49,240.0,7.49,Active,2026-01-19,1838.11,2.0,5.0,0.0,0.0,222367.64,5904.92,0.0,183.24,-16749.67,Debit,2011.43,Card,Groceries,Successful
T301695,2026-06-14,C100147,L200054,37.0,Female,Warangal,Telangana,Salaried,79300.0,Mass Affluent,,4,4,1,646700.0,0.236,Business,393829.15,60.0,14.44,Closed,2026-06-24,9253.8,4.0,1.0,0.0,0.0,387814.18,5945.57,0.0,353.89,-25210.98,Debit,645.84,UPI,Groceries,Successful
T300138,2026-06-14,C100660,L200880,45.0,Female,Dwarka,Delhi,Salaried,77900.0,Mass,685.0,4,3,0,493600.0,0.282,Home,573025.63,240.0,7.39,Active,2025-10-30,4577.79,7.0,8.0,0.0,0.0,549221.12,23529.84,0.0,404.54,-17808.89,Debit,601.2,UPI,Healthcare,Successful
T301794,2026-06-14,C100412,L200851,22.0,Male,Warangal,Telangana,Self-employed,84200.0,Affluent,734.0,1,1,1,904700.0,0.388,Personal,131369.6,36.0,14.78,Delinquent,2026-01-15,4539.83,0.0,5.0,0.0,0.0,116615.15,14584.2,0.0,170.15,6550.63,Credit,9584.35,UPI,Utilities,Successful
T302196,2026-06-14,C100304,L200087,30.0,Male,Bengaluru,Karnataka,Self-employed,110700.0,Affluent,625.0,4,1,0,714800.0,0.131,Personal,238305.28,18.0,15.86,Delinquent,2025-07-25,14963.25,26.0,9.0,2.0,2.0,150770.24,86525.02,342.97,572.96,74651.59,Debit,1032.93,NEFT,Education,Successful
T301474,2026-06-14,C100651,L200816,50.0,Male,Surat,Gujarat,Salaried,56300.0,Affluent,738.0,3,3,0,748600.0,0.413,Auto,244791.14,60.0,9.27,Active,2025-09-29,5113.6,6.0,9.0,0.0,0.0,214876.59,29569.38,0.0,599.02,9204.88,Debit,970.47,UPI,Travel,Successful
T300662,2026-06-15,C100577,L200053,46.0,Female,New Delhi,Delhi,Contract,53200.0,Mass Affluent,688.0,7,2,0,724800.0,0.085,Business,439176.12,60.0,16.79,Delinquent,2025-07-28,10865.13,8.0,11.0,0.0,0.0,361490.45,76789.3,0.0,721.19,49018.05,Debit,1127.69,UPI,Education,Successful
T300300,2026-06-15,C100329,L201191,21.0,Male,Bengaluru,Karnataka,Self-employed,133500.0,Mass Affluent,710.0,6,3,2,951900.0,0.178,Auto,378675.38,60.0,10.52,Default,2025-08-19,8142.96,22.0,8.0,2.0,3.0,424116.43,90136.28,932.02,103797.77,68821.74,Debit,3490.81,NEFT,Education,Successful
T300676,2026-06-15,C100401,L201086,42.0,Female,Dwarka,Delhi,Salaried,46500.0,Mass Affluent,690.0,3,2,0,322500.0,0.185,Education,95466.37,24.0,11.5,Closed,2025-09-03,4471.67,9.0,10.0,0.0,0.0,66400.48,28730.51,0.0,795.75,23276.52,Credit,3308.93,IMPS,Travel,Successful
T301802,2026-06-15,C100351,L200594,47.0,Female,Dwarka,Delhi,Self-employed,71700.0,Mass,682.0,2,2,0,346200.0,0.305,Auto,493015.25,60.0,10.27,Active,2025-07-01,10540.73,15.0,11.0,1.0,2.0,417649.0,74496.64,565.85,742.38,42132.5,Debit,885.94,UPI,Restaurants,Successful
T301696,2026-06-15,C100381,L201150,26.0,Female,Siliguri,West Bengal,Self-employed,161500.0,Affluent,830.0,5,2,0,1372200.0,0.29,Home,1484543.09,300.0,7.0,Delinquent,2025-08-06,10492.44,44.0,7.0,3.0,4.0,1436802.48,47189.76,652.34,546.81,-68101.69,Debit,3309.5,IMPS,Education,Successful
T301345,2026-06-15,C100512,L200013,44.0,Male,Howrah,West Bengal,Contract,57500.0,SME,699.0,7,5,2,243300.0,0.413,Auto,198283.84,48.0,9.91,Closed,2026-01-27,5020.42,7.0,5.0,0.0,0.0,181967.46,16128.11,0.0,597.49,5799.8,Debit,812.75,UPI,Groceries,Successful
T300499,2026-06-15,C100480,L201789,63.0,Female,Surat,Gujarat,Salaried,86300.0,Mass Affluent,625.0,5,2,0,668000.0,0.285,Personal,98401.55,36.0,16.97,Active,2026-05-12,3506.81,5.0,1.0,0.0,0.0,96122.12,2253.13,0.0,48.96,-8636.29,Debit,1918.72,UPI,Healthcare,Successful
T300231,2026-06-15,C100532,L201686,47.0,Male,Kolkata,West Bengal,Business Owner,148100.0,Mass Affluent,722.0,7,1,1,1394000.0,0.457,Auto,533912.77,60.0,11.34,Active,2025-08-23,11699.29,3.0,10.0,0.0,0.0,457867.37,75167.96,0.0,41.54,41895.22,Debit,2351.87,NEFT,Utilities,Successful
T300519,2026-06-15,C100361,L201902,37.0,Male,Mumbai,Maharashtra,Contract,60400.0,Mass,722.0,2,2,0,288900.0,0.089,Personal,62378.79,24.0,13.51,Active,2026-02-11,2980.57,4.0,4.0,0.0,0.0,54629.32,7660.06,0.0,783.63,2577.42,Credit,5203.04,NEFT,,Successful
T301792,2026-06-16,C100334,L200310,31.0,Female,Siliguri,West Bengal,Contract,86500.0,Affluent,690.0,6,5,1,363700.0,0.47,Business,793645.17,60.0,16.93,Closed,2026-03-10,19694.27,9.0,3.0,0.0,0.0,755241.35,37960.7,0.0,716.24,-22541.2,Credit,3718.03,IMPS,,Successful
T300918,2026-06-16,C100778,L201349,42.0,Male,Siliguri,West Bengal,Salaried,34300.0,Affluent,642.0,4,3,0,424000.0,0.178,Auto,183683.46,48.0,12.28,Closed,2026-06-19,4862.38,2.0,1.0,0.0,0.0,180522.91,3124.08,0.0,909.64,-13533.49,Debit,5344.91,Net Banking,Education,Successful
T301093,2026-06-16,C100280,L200318,38.0,Female,Vadodara,Gujarat,Contract,68600.0,Mass,754.0,5,2,0,428100.0,0.173,Business,313091.02,48.0,15.19,Delinquent,2025-12-16,8743.74,19.0,4.0,2.0,2.0,290357.29,22471.42,1189.37,372.76,849.12,Debit,1707.43,Card,Shopping,Successful
T300573,2026-06-16,C100735,L200512,33.0,Male,Mangaluru,Karnataka,Salaried,46300.0,Mass,670.0,3,1,1,530300.0,0.304,Business,594288.03,24.0,17.74,Active,2025-11-15,29594.69,4.0,7.0,0.0,1.0,459632.18,133102.13,0.0,611.18,100965.14,Debit,19418.66,UPI,Groceries,Successful
T300246,2026-06-16,C100266,L201783,31.0,Female,Vadodara,Gujarat,Salaried,66900.0,SME,781.0,4,2,1,440700.0,0.191,Auto,163975.97,48.0,8.2,Closed,2026-03-08,4018.54,0.0,3.0,0.0,0.0,156139.81,7745.74,0.0,88.12,-3060.63,Debit,12246.76,NEFT,Restaurants,Reversed
T301481,2026-06-16,C100211,L200582,42.0,Male,Mumbai,Maharashtra,Business Owner,112100.0,Mass Affluent,647.0,6,2,0,1128500.0,0.219,Home,1487779.56,120.0,9.86,Delinquent,2026-01-26,19545.96,8.0,4.0,1.0,1.0,1436960.07,50233.11,618.88,205.62,-63978.81,Credit,1333.76,UPI,Healthcare,Failed
T300742,2026-06-17,C100577,L200053,46.0,Female,New Delhi,Delhi,Contract,53200.0,Mass Affluent,688.0,7,2,0,724800.0,0.085,Business,439176.12,60.0,16.79,Delinquent,2025-07-28,10865.13,8.0,11.0,0.0,0.0,361490.45,76789.3,0.0,721.19,49018.05,Debit,2067.14,Card,Utilities,Successful
T300001,2026-06-17,C100371,L200928,40.0,Female,Surat,Gujarat,Business Owner,82900.0,Mass,673.0,4,3,0,390500.0,0.297,Education,426273.43,36.0,9.75,Active,2025-12-23,13704.67,5.0,6.0,0.0,0.0,372825.23,52831.49,0.0,965.01,22120.88,Debit,693.24,NEFT,Education,Successful
T302197,2026-06-17,C100081,L202178,23.0,Male,Nagpur,Maharashtra,Self-employed,65400.0,Mass,648.0,3,3,1,829700.0,0.113,Personal,114505.63,36.0,16.23,Active,2026-02-06,4038.69,6.0,3.0,1.0,1.0,106630.18,7784.58,372.32,628.11,-536.92,Debit,12296.47,Net Banking,Travel,Successful
T300284,2026-06-17,C100075,L202106,39.0,Male,Bengaluru,Karnataka,Salaried,72900.0,Mass Affluent,662.0,4,3,1,296500.0,0.146,Auto,271524.05,60.0,10.04,Active,2025-12-14,5774.43,6.0,6.0,0.0,0.0,249003.78,22260.42,0.0,354.41,-4752.5,Debit,1988.11,Card,Travel,Successful
T300374,2026-06-17,C100747,L200407,51.0,Female,Nagpur,Maharashtra,Salaried,35100.0,Mass,731.0,5,2,0,450300.0,0.327,Home,456815.9,180.0,7.86,Active,2025-09-24,4328.73,20.0,8.0,1.0,1.0,434306.5,22249.67,221.89,183.06,-15151.67,Debit,5617.41,UPI,Restaurants,Successful
T301061,2026-06-17,C100528,,33.0,Male,New Delhi,Delhi,Retired,55300.0,Mass Affluent,679.0,5,1,1,476100.0,0.173,,,,,,,,,,,,,,,,,Debit,689.51,UPI,Groceries,Failed
T301033,2026-06-17,C100005,L200111,26.0,Male,Madurai,Tamil Nadu,Salaried,49400.0,Mass,708.0,4,3,0,188200.0,0.278,Personal,108116.13,18.0,14.2,Active,2026-04-17,6704.17,4.0,2.0,0.0,0.0,99400.71,8614.85,0.0,805.07,434.7,Credit,4381.28,UPI,Restaurants,Successful
T301598,2026-06-17,C100185,L200906,36.0,Male,Ahmedabad,Gujarat,Business Owner,117900.0,Mass,665.0,6,2,0,405700.0,0.222,Home,1740455.96,120.0,8.13,Active,2025-07-23,21236.28,0.0,11.0,0.0,0.0,1588616.57,150087.4,0.0,116.83,26671.03,Debit,2584.46,Net Banking,Travel,Successful
T300853,2026-06-17,C100222,L201321,44.0,Male,Surat,Gujarat,Self-employed,40100.0,Affluent,729.0,4,4,1,499500.0,0.656,Education,86429.52,48.0,8.64,Delinquent,2026-06-07,2136.06,5.0,1.0,0.0,0.0,85041.08,1372.42,0.0,414.18,-212.57,Debit,3818.69,Card,Travel,Successful
T301977,2026-06-17,C100460,L201415,24.0,Male,Dwarka,Delhi,Self-employed,78600.0,SME,626.0,2,2,0,838000.0,0.167,Personal,187718.81,36.0,16.85,Active,2026-05-02,6678.68,7.0,1.0,0.0,0.0,183377.67,4291.05,0.0,734.78,-17296.96,Credit,1047.81,UPI,Utilities,Successful
T300803,2026-06-18,C100249,L201662,21.0,Male,Nizamabad,Telangana,Salaried,28200.0,Affluent,597.0,7,2,0,232500.0,0.169,Home,162027.61,180.0,11.65,Delinquent,2025-08-09,1908.27,37.0,7.0,3.0,3.0,153344.98,8582.44,706.4,489.53,-5281.92,Debit,2541.3,UPI,Healthcare,Successful
T302001,2026-06-18,C100450,L201366,32.0,Male,Vadodara,Gujarat,Self-employed,149900.0,SME,664.0,5,3,0,1055800.0,0.281,Business,964508.17,24.0,17.17,Active,2026-06-11,47766.29,3.0,1.0,0.0,0.0,933460.08,30689.84,0.0,138.42,-44388.59,Debit,4244.61,NEFT,Travel,Failed
T301158,2026-06-18,C100701,,48.0,Female,Rohini,Delhi,Salaried,84800.0,Mass Affluent,659.0,3,3,0,1082700.0,0.465,,,,,,,,,,,,,,,,,Debit,1530.67,UPI,Groceries,Successful
T301763,2026-06-19,C100019,L201830,29.0,Male,Kolkata,West Bengal,Business Owner,76100.0,Mass Affluent,680.0,7,1,0,1009800.0,0.131,Consumer Durable,161715.83,12.0,18.59,Active,2026-06-30,14871.55,5.0,1.0,0.0,1.0,152049.32,9554.97,0.0,229.1,-3677.83,Debit,5086.16,Card,Utilities,Successful
T300411,2026-06-19,C100094,L201305,45.0,Male,Coimbatore,Tamil Nadu,Salaried,73000.0,Mass,631.0,5,1,0,361400.0,0.285,Business,671241.89,24.0,18.67,Active,2026-05-09,33728.85,8.0,1.0,0.0,1.0,649318.14,21670.79,0.0,72.29,-29715.42,Debit,452.61,NEFT,Education,Successful
T301694,2026-06-19,C100385,L200756,38.0,Female,Surat,Gujarat,Salaried,80400.0,Mass,740.0,5,4,0,680600.0,0.46,Consumer Durable,106432.48,12.0,16.62,Closed,2026-03-01,9687.96,5.0,4.0,0.0,0.0,81243.77,24898.07,0.0,319.79,19478.11,Debit,3025.17,UPI,,Successful
T301858,2026-06-19,C100306,L201511,32.0,Female,Siliguri,West Bengal,Salaried,44400.0,Affluent,754.0,2,2,0,472200.0,0.264,Personal,70086.18,18.0,13.41,Closed,2026-05-01,4320.05,7.0,2.0,0.0,0.0,64470.12,5551.26,0.0,48.75,-2460.83,Credit,713.71,UPI,Restaurants,Successful
T301341,2026-06-20,C100447,L201345,44.0,Female,Hyderabad,Telangana,Retired,34600.0,Mass Affluent,700.0,4,4,0,210000.0,0.164,Business,355307.11,60.0,16.29,Active,2025-08-29,8695.22,2.0,10.0,0.0,1.0,298788.17,55866.8,0.0,54.62,30536.61,Debit,2977.45,IMPS,Education,Successful
T300292,2026-06-20,C100404,L200039,39.0,Male,Nizamabad,Telangana,Salaried,30200.0,Mass Affluent,621.0,4,3,2,415200.0,0.326,Auto,111569.51,48.0,11.5,Closed,2025-09-26,2910.74,29.0,5.0,4.0,4.0,102109.61,9350.75,1227.25,525.29,2447.98,Debit,3091.74,Net Banking,Restaurants,Successful
T301609,2026-06-20,C100112,L201240,25.0,Female,Coimbatore,Tamil Nadu,Salaried,39800.0,Affluent,760.0,6,2,0,152600.0,0.283,Personal,86174.43,18.0,12.92,Active,2026-01-13,5292.0,2.0,5.0,0.0,1.0,68975.44,17000.54,0.0,575.88,8796.14,Debit,7640.48,Card,Healthcare,Successful
T301901,2026-06-20,C100600,L200188,50.0,Female,Nagpur,Maharashtra,Self-employed,143600.0,Mass,679.0,4,3,0,1843500.0,0.292,Home,936328.34,180.0,7.81,Active,2025-11-14,8845.64,1.0,7.0,0.0,1.0,896080.67,39783.27,0.0,127.94,-29130.72,Debit,620.16,UPI,Groceries,Successful
T300954,2026-06-20,C100141,L200275,46.0,Male,Rohini,Delhi,Self-employed,72600.0,Mass,824.0,5,4,0,779300.0,0.606,Business,642946.79,24.0,13.22,Active,2025-11-23,30633.34,9.0,7.0,0.0,1.0,503565.08,137773.46,0.0,659.7,97901.37,Debit,782.69,UPI,Travel,Successful
T301827,2026-06-20,C100428,,33.0,Male,Mysuru,Karnataka,Contract,52200.0,Mass Affluent,698.0,5,5,0,614300.0,0.148,,,,,,,,,,,,,,,,,Debit,412.89,Net Banking,Restaurants,Successful
T301949,2026-06-20,C100455,L201184,29.0,Female,Warangal,Telangana,Salaried,67100.0,Mass,706.0,4,4,0,808800.0,0.298,Home,1412266.43,300.0,8.83,Active,2026-02-09,11687.72,9.0,4.0,0.0,2.0,1381878.37,30037.43,0.0,36.89,-84336.79,Debit,6447.0,Net Banking,Travel,Successful
T301171,2026-06-21,C100483,L200005,48.0,Male,Mangaluru,Karnataka,Self-employed,59600.0,Mass Affluent,729.0,9,2,0,618000.0,0.55,Personal,124956.01,12.0,14.43,Delinquent,2026-05-17,11244.74,7.0,1.0,0.0,0.0,117646.93,7224.74,0.0,583.32,-5702.5,Debit,2091.42,NEFT,Travel,Successful
T300223,2026-06-21,C100457,L201973,55.0,Male,Dwarka,Delhi,Retired,20000.0,Affluent,661.0,5,2,0,253600.0,0.583,Auto,110116.17,60.0,11.25,Closed,2025-09-05,2407.94,7.0,9.0,0.0,1.0,96029.7,13923.94,0.0,572.02,4366.62,Credit,4874.19,UPI,Healthcare,Successful
T301344,2026-06-21,C100781,L200271,45.0,Male,Rohini,Delhi,Salaried,40400.0,Affluent,690.0,8,1,0,383400.0,0.315,Business,195215.94,60.0,15.97,Active,2025-11-29,4744.16,7.0,7.0,0.0,0.0,173630.01,21336.87,0.0,29.92,4304.73,Credit,3179.37,UPI,Healthcare,Successful
T301591,2026-06-21,C100487,L200483,44.0,Female,Pune,Maharashtra,Salaried,57700.0,Mass,680.0,3,3,0,356800.0,0.273,Business,436783.48,24.0,17.87,Active,2026-01-06,21778.6,8.0,5.0,0.0,0.0,366003.04,69963.74,0.0,969.75,44525.46,Debit,15157.49,IMPS,Groceries,Successful
T301600,2026-06-21,C100207,L201669,21.0,Female,Madurai,Tamil Nadu,Salaried,49100.0,SME,727.0,5,4,0,417700.0,0.619,Consumer Durable,40474.88,18.0,16.6,Closed,2025-08-01,2555.6,9.0,11.0,0.0,1.0,22202.34,18061.7,0.0,341.69,15036.97,Debit,7180.86,IMPS,Healthcare,Successful
T300096,2026-06-21,C100654,L201124,23.0,Female,Chennai,Tamil Nadu,Salaried,74400.0,SME,743.0,4,4,0,975500.0,0.256,Auto,590444.28,60.0,9.76,Active,2026-03-14,12475.58,27.0,2.0,1.0,1.0,574226.02,16031.13,469.12,419.01,-34815.03,Credit,14386.39,UPI,Groceries,Successful
T302016,2026-06-21,C100165,L201084,39.0,Male,Mangaluru,Karnataka,Self-employed,130500.0,SME,680.0,6,4,0,1104800.0,0.1,Personal,267194.06,18.0,15.17,Active,2026-05-19,16690.23,8.0,1.0,0.0,1.0,256345.41,10723.47,0.0,860.08,-11835.26,Debit,1823.75,Net Banking,Groceries,Successful
T301803,2026-06-21,C100112,L201240,25.0,Female,Coimbatore,Tamil Nadu,Salaried,39800.0,Affluent,760.0,6,2,0,152600.0,0.283,Personal,86174.43,18.0,12.92,Active,2026-01-13,5292.0,2.0,5.0,0.0,1.0,68975.44,17000.54,0.0,575.88,8796.14,Credit,1339.88,UPI,Travel,Successful
T300557,2026-06-21,C100167,L200462,38.0,Male,Warangal,Telangana,Business Owner,106900.0,SME,775.0,6,4,1,1068200.0,0.466,Auto,260840.85,72.0,8.9,Closed,2026-05-10,4688.86,7.0,1.0,0.0,0.0,257793.09,3012.59,0.0,144.12,-18633.16,Debit,2991.63,UPI,Restaurants,Successful
T301150,2026-06-22,C100395,L201900,48.0,Other,Mysuru,Karnataka,Salaried,57700.0,Affluent,672.0,5,5,1,227800.0,0.191,Personal,96028.06,24.0,15.39,Active,2026-06-28,4673.89,5.0,1.0,0.0,0.0,92990.03,3002.98,0.0,670.04,-6637.09,Debit,5276.16,UPI,Healthcare,Successful
T300065,2026-06-22,C100613,L200423,41.0,Male,Nizamabad,Telangana,Retired,48100.0,Affluent,718.0,5,3,0,220400.0,0.389,Personal,62440.94,24.0,14.05,Delinquent,2025-07-31,2999.44,7.0,11.0,0.0,0.0,40994.91,21198.58,0.0,916.24,15847.92,Credit,1176.63,Net Banking,Groceries,Successful
T300033,2026-06-23,C100492,L202116,49.0,Male,Hyderabad,Telangana,Self-employed,169200.0,Mass Affluent,616.0,6,2,1,2021500.0,0.569,Personal,92939.77,36.0,16.95,Closed,2026-05-25,3311.24,3.0,1.0,0.0,1.0,90787.46,2127.47,0.0,459.85,-2771.46,Debit,2835.47,UPI,Utilities,Successful
T300241,2026-06-23,C100228,L200475,28.0,Female,Howrah,West Bengal,Self-employed,70600.0,Mass,729.0,3,1,0,717600.0,0.432,Personal,80367.82,24.0,14.2,Delinquent,2026-01-13,3866.29,4.0,5.0,0.0,1.0,67802.38,12420.45,0.0,577.96,5766.58,Debit,3848.82,IMPS,Restaurants,Successful
T301303,2026-06-23,C100271,L200942,31.0,Male,Mangaluru,Karnataka,Salaried,65200.0,Affluent,793.0,5,1,0,358600.0,0.476,Auto,536558.09,36.0,9.83,Delinquent,2025-08-17,17270.43,9.0,10.0,0.0,0.0,424300.31,110962.49,0.0,563.2,78081.78,Credit,1791.45,IMPS,Education,Successful
T301839,2026-06-23,C100646,L201203,30.0,Male,Dwarka,Delhi,Contract,44400.0,Mass Affluent,749.0,6,3,0,438400.0,0.426,Personal,69661.32,36.0,15.48,Closed,2026-02-23,2431.24,9.0,4.0,0.0,0.0,63340.1,6248.28,0.0,336.73,-1341.5,Credit,3686.89,Card,Restaurants,Successful
T300345,2026-06-23,C100324,L201895,43.0,Male,Bengaluru,Karnataka,Self-employed,102500.0,Mass,810.0,3,3,1,1401400.0,0.315,Home,951761.39,300.0,7.0,Delinquent,2025-12-04,6726.85,3.0,6.0,0.0,0.0,925526.67,25932.01,0.0,527.16,-47518.0,Debit,2566.72,NEFT,Shopping,Successful
T301252,2026-06-24,C100650,L201195,35.0,Female,Bengaluru,Karnataka,Salaried,63600.0,Mass,805.0,4,2,0,841300.0,0.391,Personal,121654.44,12.0,10.98,Active,2025-11-07,10750.89,1.0,7.0,0.0,0.0,72737.91,48352.11,0.0,794.78,43213.88,Debit,975.48,UPI,Healthcare,Successful
T300350,2026-06-24,C100737,L200172,26.0,Male,New Delhi,Delhi,Salaried,41800.0,Affluent,638.0,5,3,0,583700.0,0.281,Education,171075.72,36.0,13.46,Written Off,2026-04-24,5802.19,6.0,2.0,0.0,0.0,191604.81,22895.39,0.0,143552.17,-67043.46,Debit,5291.93,UPI,Education,Successful
T300329,2026-06-24,C100107,,48.0,Female,Bengaluru,Karnataka,Salaried,48600.0,Mass Affluent,744.0,5,5,1,239300.0,0.368,,,,,,,,,,,,,,,,,Debit,567.54,NEFT,Education,Successful
T300714,2026-06-24,C100530,L200563,42.0,Male,Warangal,Telangana,Salaried,67400.0,Mass,726.0,4,2,3,319700.0,0.281,Consumer Durable,45095.3,18.0,16.14,Closed,2026-03-04,2837.51,6.0,3.0,0.0,0.0,39562.15,5469.31,0.0,864.23,4218.34,Debit,12418.88,UPI,Groceries,Successful
T301135,2026-06-24,C100303,,51.0,Male,Chennai,Tamil Nadu,Self-employed,191600.0,Affluent,758.0,5,3,0,699900.0,0.287,,,,,,,,,,,,,,,,,Debit,817.94,Card,Restaurants,Successful
T300554,2026-06-24,C100196,L201953,33.0,Male,Surat,Gujarat,Salaried,58500.0,Mass Affluent,611.0,6,4,0,665900.0,0.499,Home,202110.87,120.0,10.33,Active,2026-03-28,2707.98,0.0,3.0,0.0,1.0,196830.31,5219.63,0.0,894.29,-11090.34,Credit,8407.71,UPI,Travel,Successful
T301627,2026-06-25,C100625,,39.0,Other,Warangal,Telangana,Retired,68600.0,Mass,,8,2,0,629100.0,0.254,,,,,,,,,,,,,,,,,Debit,3851.28,IMPS,Healthcare,Reversed
T301735,2026-06-25,C100044,,41.0,Male,New Delhi,Delhi,Salaried,38200.0,Mass,663.0,2,2,1,353200.0,0.489,,,,,,,,,,,,,,,,,Credit,2952.04,Card,Groceries,Successful
T300747,2026-06-25,C100650,L201195,35.0,Female,Bengaluru,Karnataka,Salaried,63600.0,Mass,805.0,4,2,0,841300.0,0.391,Personal,121654.44,12.0,10.98,Active,2025-11-07,10750.89,,7.0,0.0,0.0,72737.91,48352.11,0.0,794.78,43213.88,Debit,5327.91,UPI,Groceries,Successful
T301112,2026-06-25,C100143,L200203,46.0,Other,Mumbai,Maharashtra,Contract,38400.0,Mass,657.0,5,5,0,289900.0,0.658,Consumer Durable,54559.57,18.0,18.74,Closed,2025-08-03,3500.49,6.0,11.0,0.0,0.0,29531.05,24739.73,0.0,480.92,18904.12,Debit,839.63,UPI,Shopping,Successful
T301139,2026-06-25,C100565,L201299,42.0,Female,Madurai,Tamil Nadu,Self-employed,56300.0,Mass Affluent,707.0,6,4,0,436300.0,0.399,Business,217073.2,48.0,15.21,Default,2025-07-15,6064.44,40.0,9.0,2.0,2.0,228171.22,60683.89,406.61,96592.83,54390.53,Debit,1560.11,IMPS,Groceries,Successful
T300514,2026-06-25,C100411,L200237,31.0,Female,New Delhi,Delhi,Self-employed,110500.0,Affluent,738.0,3,3,0,1208200.0,0.103,Auto,398054.59,60.0,9.38,Written Off,2025-08-16,8336.56,15.0,9.0,1.0,2.0,422254.02,88338.76,333.52,99598.13,-131463.75,Debit,940.44,UPI,Education,Successful
T302111,2026-06-25,C100403,L200728,22.0,Female,Mysuru,Karnataka,Business Owner,183100.0,Affluent,746.0,10,3,0,1574100.0,0.418,Home,2728092.23,240.0,7.0,Closed,2025-09-08,21150.87,7.0,9.0,0.0,0.0,2604359.64,122304.91,0.0,487.66,-86118.78,Credit,331.27,Card,Restaurants,Successful
T300472,2026-06-25,C100694,L200778,33.0,Female,Mangaluru,Karnataka,Salaried,149500.0,Affluent,728.0,5,3,0,1756400.0,0.611,Home,1592155.69,120.0,7.68,Closed,2026-03-01,19049.08,1.0,4.0,0.0,0.0,1542628.08,48956.14,0.0,275.54,-76865.69,Debit,5478.16,NEFT,Travel,Successful
T300539,2026-06-25,C100561,L201791,33.0,Male,Mysuru,Karnataka,Salaried,80300.0,Mass Affluent,698.0,5,3,1,820700.0,0.193,Home,1053818.34,180.0,7.4,Closed,2025-10-18,9709.24,6.0,8.0,0.0,0.0,1003330.3,49905.48,0.0,286.2,-27874.31,Debit,1303.19,UPI,Shopping,Successful
T300567,2026-06-25,C100548,L200140,39.0,Male,Siliguri,West Bengal,Salaried,60300.0,Mass,593.0,2,2,1,607800.0,0.463,Personal,71150.22,24.0,18.31,Active,2025-07-23,3562.78,27.0,8.0,3.0,3.0,52623.78,18312.67,846.29,374.76,12225.69,Debit,1829.6,IMPS,Healthcare,Successful
T300827,2026-06-26,C100647,L201156,26.0,Female,Vadodara,Gujarat,Salaried,30800.0,Affluent,683.0,4,2,0,109000.0,0.222,Home,340988.21,120.0,9.58,Written Off,2026-04-18,4427.25,21.0,1.0,1.0,1.0,381906.8,26932.48,243.48,116045.96,-175516.56,Debit,1626.46,Card,Healthcare,Successful
T301992,2026-06-26,C100224,L201860,40.0,Male,Coimbatore,Tamil Nadu,Retired,32300.0,Mass Affluent,659.0,6,3,0,260200.0,0.386,Personal,38293.45,18.0,15.52,Closed,2025-10-11,2398.31,5.0,8.0,0.0,0.0,25822.23,12327.32,0.0,670.99,13940.16,Debit,7293.4,NEFT,Travel,Successful
T301062,2026-06-26,C100475,L202028,38.0,Male,Nizamabad,Telangana,Salaried,63200.0,Mass,654.0,4,2,0,467900.0,0.111,Home,651590.78,240.0,10.21,Delinquent,2026-04-23,6378.92,5.0,2.0,0.0,0.0,643298.19,8196.91,0.0,375.0,-39364.94,Debit,228.17,IMPS,Groceries,Successful
T300596,2026-06-26,C100627,L201782,30.0,Female,Chennai,Tamil Nadu,Business Owner,76500.0,Mass,665.0,5,3,0,253000.0,0.275,Auto,313555.62,60.0,11.65,Delinquent,2025-12-11,6919.54,26.0,5.0,1.0,1.0,291067.11,22229.03,290.54,116.93,-3867.96,Debit,643.81,NEFT,Groceries,Successful
T301056,2026-06-26,C100247,L201929,50.0,Female,Chennai,Tamil Nadu,Self-employed,53300.0,Mass,714.0,4,2,0,387700.0,0.03,Home,409714.77,180.0,7.0,Active,2025-10-06,3682.63,36.0,5.0,3.0,3.0,397746.22,11830.46,1302.86,761.17,-17063.74,Credit,7814.56,IMPS,Groceries,Successful
T300188,2026-06-26,C100028,L200943,31.0,Male,Coimbatore,Tamil Nadu,Salaried,70400.0,Mass,697.0,2,2,0,945700.0,0.12,Education,382886.51,24.0,10.06,Active,2025-08-01,17678.87,3.0,11.0,0.0,0.0,256482.55,124945.45,0.0,818.36,101875.99,Debit,1943.84,UPI,Healthcare,Successful
T300375,2026-06-26,C100403,L200728,22.0,Female,Mysuru,Karnataka,Business Owner,183100.0,Affluent,746.0,10,3,0,1574100.0,0.418,Home,2728092.23,240.0,7.0,Closed,2025-09-08,21150.87,7.0,9.0,0.0,0.0,2604359.64,122304.91,0.0,487.66,-86118.78,Debit,1409.99,UPI,Travel,Reversed
T301403,2026-06-26,C100403,L200728,22.0,Female,Mysuru,Karnataka,Business Owner,183100.0,Affluent,746.0,10,3,0,1574100.0,0.418,Home,2728092.23,240.0,7.0,Closed,2025-09-08,21150.87,7.0,9.0,0.0,0.0,2604359.64,122304.91,0.0,487.66,-86118.78,Debit,2376.23,NEFT,Groceries,Reversed
T301495,2026-06-26,C100733,L200412,40.0,Male,Nizamabad,Telangana,Salaried,75200.0,Mass Affluent,676.0,2,2,0,396300.0,0.074,Education,222971.96,60.0,12.58,Delinquent,2025-11-11,5025.49,17.0,6.0,1.0,1.0,203372.56,19373.25,438.56,868.92,6458.42,Debit,6374.2,IMPS,Groceries,Successful
T301293,2026-06-26,C100531,L202037,41.0,Male,Ahmedabad,Gujarat,Business Owner,86500.0,Affluent,722.0,3,2,0,1016800.0,0.474,Auto,965878.89,48.0,10.27,Closed,2026-03-02,24622.62,5.0,4.0,0.0,0.0,901860.09,63280.12,0.0,790.11,-9112.6,Debit,360.24,UPI,Healthcare,Successful
T300620,2026-06-27,C100659,L201792,35.0,Female,Coimbatore,Tamil Nadu,Self-employed,76500.0,SME,651.0,8,4,0,786200.0,0.244,Consumer Durable,56456.79,18.0,19.73,Delinquent,2026-01-08,3649.0,17.0,4.0,1.0,1.0,46969.39,9377.93,312.9,409.12,4230.62,Credit,11336.23,NEFT,Healthcare,Successful
T301976,2026-06-27,C100533,L200120,46.0,Female,Madurai,Tamil Nadu,Salaried,69100.0,Mass Affluent,727.0,5,2,0,321100.0,0.327,Home,618109.73,240.0,7.56,Closed,2025-10-31,5002.15,8.0,7.0,1.0,1.0,595349.94,22497.18,191.76,509.58,-23553.22,Debit,789.52,UPI,Utilities,Successful
T300955,2026-06-27,C100664,L201396,39.0,Male,Warangal,Telangana,Salaried,58200.0,Mass,670.0,1,1,0,178200.0,0.301,Business,336079.15,12.0,17.17,Delinquent,2026-02-21,30679.14,1.0,4.0,0.0,0.0,256313.4,78845.38,0.0,901.95,55509.06,Debit,1922.74,IMPS,Healthcare,Successful
T301391,2026-06-27,C100339,L200022,51.0,Female,Rohini,Delhi,Salaried,67700.0,Mass,696.0,3,2,1,391700.0,0.183,Home,525328.78,180.0,9.44,Active,2026-04-11,5466.61,2.0,2.0,0.0,0.0,518222.19,7024.59,0.0,404.59,-34762.72,Credit,1748.78,Net Banking,Utilities,Successful
T301389,2026-06-27,C100715,L200042,35.0,Female,Ahmedabad,Gujarat,Business Owner,53100.0,Affluent,835.0,4,2,2,192600.0,0.27,Personal,117148.03,18.0,11.22,Active,2025-10-23,7101.55,0.0,8.0,0.0,0.0,80219.95,36501.98,0.0,984.43,30314.17,Debit,2902.8,UPI,Healthcare,Successful
T300527,2026-06-27,C100774,L200893,43.0,Male,Mangaluru,Karnataka,Contract,64800.0,Affluent,686.0,6,1,0,631700.0,0.687,Consumer Durable,50230.07,6.0,17.94,Active,2025-07-03,8815.14,7.0,12.0,0.0,0.0,0.0,78155.17,0.0,0.0,74533.3,Credit,900.34,NEFT,Utilities,Successful
T300398,2026-06-27,C100540,L201165,35.0,Male,Vadodara,Gujarat,Contract,88100.0,Mass,696.0,2,2,1,630900.0,0.141,Home,1145705.12,300.0,9.46,Active,2026-05-06,9978.15,0.0,1.0,0.0,1.0,1139219.32,6410.96,0.0,911.43,-82774.3,Debit,476.67,UPI,Travel,Successful
T300546,2026-06-27,C100234,L200190,41.0,Female,Chennai,Tamil Nadu,Self-employed,59200.0,Affluent,826.0,2,2,1,224500.0,0.379,Home,1021227.0,180.0,7.0,Active,2025-11-09,9179.08,1.0,7.0,0.0,1.0,979462.2,41282.9,0.0,429.32,-38226.42,Credit,1128.08,Card,Healthcare,Successful
T300671,2026-06-27,C100326,L201261,42.0,Male,Mysuru,Karnataka,Self-employed,105300.0,Mass Affluent,695.0,7,3,0,1033800.0,0.221,Home,1216485.52,120.0,7.0,Delinquent,2026-04-08,14124.43,7.0,2.0,0.0,0.0,1198123.76,18149.89,0.0,418.37,-77881.98,Credit,1159.33,Net Banking,Groceries,Successful
T301483,2026-06-27,C100103,L201526,43.0,Male,Hyderabad,Telangana,Salaried,34500.0,Mass,718.0,5,3,1,120000.0,0.2,Consumer Durable,37931.4,6.0,17.98,Active,2026-06-28,6657.54,6.0,1.0,0.0,0.0,33604.0,4277.47,0.0,728.04,2014.13,Debit,3490.31,NEFT,Restaurants,Successful
T300008,2026-06-28,C100325,L200124,36.0,Female,Madurai,Tamil Nadu,Contract,26600.0,Mass Affluent,718.0,4,2,0,356900.0,0.499,Business,259885.08,60.0,15.69,Delinquent,2026-02-16,6277.17,5.0,4.0,0.0,0.0,243564.43,16132.34,0.0,486.7,-2004.07,Debit,4065.1,Card,Travel,Successful
T300427,2026-06-28,C100394,L200048,21.0,Male,New Delhi,Delhi,Business Owner,138000.0,SME,705.0,7,3,0,1693000.0,0.275,Personal,186001.78,12.0,14.78,Closed,2026-04-29,16768.9,1.0,2.0,0.0,1.0,164202.21,21548.04,0.0,17.42,4700.28,Debit,3155.56,UPI,Groceries,Failed
T301541,2026-06-28,C100699,L201452,47.0,Female,Chennai,Tamil Nadu,Self-employed,118100.0,Mass,725.0,3,3,1,1413800.0,0.291,Auto,226806.15,60.0,9.27,Closed,2026-04-18,4737.9,9.0,2.0,0.0,0.0,220646.88,6088.2,0.0,470.42,-12981.48,Credit,10956.38,Net Banking,Restaurants,Reversed
T300713,2026-06-28,C100555,,34.0,Female,Nagpur,Maharashtra,Salaried,82200.0,Affluent,675.0,7,2,0,385400.0,0.278,,,,,,,,,,,,,,,,,Debit,2799.27,UPI,Travel,Successful
T300358,2026-06-29,C100304,L200087,30.0,Male,Bengaluru,Karnataka,Self-employed,110700.0,Affluent,625.0,4,1,0,714800.0,0.131,Personal,238305.28,18.0,15.86,Delinquent,2025-07-25,14963.25,26.0,9.0,2.0,2.0,150770.24,86525.02,342.97,572.96,74651.59,Debit,2820.0,Net Banking,Healthcare,Successful
T301480,2026-06-29,C100016,L200586,53.0,Female,Bengaluru,Karnataka,Salaried,75800.0,Affluent,662.0,3,2,1,799800.0,0.199,Personal,81672.23,18.0,15.71,Delinquent,2026-05-05,5122.44,7.0,1.0,0.0,0.0,78342.65,3291.17,0.0,931.97,-3315.21,Debit,4136.63,IMPS,Restaurants,Successful
T300042,2026-06-29,C100616,L200276,22.0,Male,Pune,Maharashtra,Business Owner,194700.0,Affluent,750.0,4,3,0,2030100.0,0.387,Business,1241098.13,60.0,16.17,Active,2025-10-05,30293.31,5.0,8.0,0.0,0.0,1083572.9,155707.63,0.0,607.34,67664.97,Debit,1303.65,UPI,Shopping,Reversed
T301170,2026-06-29,C100663,L200370,34.0,Male,Bengaluru,Karnataka,Salaried,51300.0,Mass,682.0,4,4,0,666500.0,0.622,Education,161568.58,24.0,10.66,Delinquent,2025-09-07,7504.88,3.0,9.0,0.0,0.0,117665.01,43396.99,0.0,398.13,37072.98,Debit,3304.76,Net Banking,Restaurants,Successful
T300037,2026-06-30,C100184,L200544,39.0,Male,Siliguri,West Bengal,Salaried,54400.0,Mass Affluent,700.0,7,4,0,535200.0,0.349,Auto,215331.66,48.0,9.53,Closed,2025-07-20,5412.89,9.0,11.0,0.0,0.0,176629.48,38255.62,0.0,427.25,21603.23,Debit,6403.89,IMPS,Travel,Successful
T301755,2026-06-30,C100430,L200738,28.0,Male,Vadodara,Gujarat,Business Owner,63000.0,Mass,640.0,1,1,0,802200.0,0.187,Auto,270156.65,72.0,11.47,Closed,2026-06-01,5207.45,7.0,1.0,0.0,0.0,266771.81,3345.79,0.0,749.83,-16381.74,Debit,2556.97,NEFT,Healthcare,Successful
T302103,2026-06-30,C100602,L201495,46.0,Male,Nizamabad,Telangana,Business Owner,86500.0,Mass,674.0,7,4,0,563600.0,0.476,Personal,159737.46,12.0,16.3,Active,2025-11-29,14515.8,8.0,7.0,0.0,0.0,93690.55,65284.83,0.0,903.27,57523.54,Credit,8282.3,IMPS,Education,Successful
T302105,2026-06-30,C100074,L200673,34.0,Female,Madurai,Tamil Nadu,Salaried,28300.0,Mass,618.0,4,4,1,391200.0,0.158,Education,98189.18,36.0,13.4,Active,2025-11-17,3327.33,14.0,6.0,1.0,2.0,85212.59,12826.86,243.73,637.4,7913.16,Credit,2559.66,UPI,Groceries,Successful
