repayment_id,loan_id,installment_no,due_date,paid_amount,missed_flag,days_past_due
R400000,L200000,1,2026-05-24,19502.25,0,3
R400001,L200000,2,2026-06-24,20622.47,0,1
R400002,L200001,1,2025-09-24,2463.09,0,5
R400003,L200001,2,2025-10-24,2565.42,0,2
R400004,L200001,3,2025-11-24,,1,82
R400005,L200001,4,2025-12-24,2795.45,0,5
R400006,L200001,5,2026-01-24,2635.1,0,6
R400007,L200001,6,2026-02-24,2701.55,0,0
R400008,L200001,7,2026-03-24,2696.79,0,5
R400009,L200001,8,2026-04-24,2491.09,0,1
R400010,L200001,9,2026-05-24,2495.65,0,1
R400011,L200001,10,2026-06-24,2741.76,0,1
R400012,L200002,1,2025-11-07,1382.66,0,5
R400013,L200002,2,2025-12-07,,1,92
R400014,L200002,3,2026-01-07,1438.26,0,5
R400015,L200002,4,2026-02-07,1371.69,0,5
R400016,L200002,5,2026-03-07,1451.06,0,6
R400017,L200002,6,2026-04-07,,1,83
R400018,L200002,7,2026-05-07,,1,66
R400019,L200002,8,2026-06-07,1320.49,0,3
R400020,L200003,1,2026-07-09,1614.61,0,4
R400021,L200004,1,2026-03-17,10519.33,0,5
R400022,L200004,2,2026-04-17,9744.84,0,2
R400023,L200004,3,2026-05-17,10710.23,0,0
R400024,L200004,4,2026-06-17,9945.94,0,0
R400025,L200005,1,2026-02-06,7920.73,0,5
R400026,L200005,2,2026-03-06,8702.78,0,2
R400027,L200005,3,2026-04-06,7983.1,0,0
R400028,L200005,4,2026-05-06,8849.75,0,1
R400029,L200005,5,2026-06-06,8690.84,0,1
R400030,L200006,1,2025-11-24,1182.78,0,4
R400031,L200006,2,2025-12-24,1122.96,0,5
R400032,L200006,3,2026-01-24,1203.78,0,0
R400033,L200006,4,2026-02-24,1304.58,0,4
R400034,L200006,5,2026-03-24,1124.28,0,4
R400035,L200006,6,2026-04-24,1277.26,0,5
R400036,L200006,7,2026-05-24,1194.14,0,5
R400037,L200006,8,2026-06-24,1240.41,0,6
R400038,L200007,1,2025-08-31,3423.09,0,4
R400039,L200007,2,2025-09-30,3783.18,0,0
R400040,L200007,3,2025-10-31,,1,66
R400041,L200007,4,2025-11-30,3512.77,0,6
R400042,L200007,5,2025-12-31,3596.39,0,3
R400043,L200007,6,2026-01-31,3622.25,0,2
R400044,L200007,7,2026-02-28,3772.56,0,0
R400045,L200007,8,2026-03-31,,1,91
R400046,L200007,9,2026-04-30,,1,36
R400047,L200007,10,2026-05-31,,1,49
R400048,L200007,11,2026-06-30,3317.65,0,1
R400049,L200008,1,2026-06-10,2591.37,0,3
R400050,L200009,1,2025-08-15,3531.89,0,1
R400051,L200009,2,2025-09-15,3727.89,0,1
R400052,L200009,3,2025-10-15,3707.83,0,6
R400053,L200009,4,2025-11-15,3762.27,0,6
R400054,L200009,5,2025-12-15,,1,30
R400055,L200009,6,2026-01-15,,1,65
R400056,L200009,7,2026-02-15,3597.85,0,3
R400057,L200009,8,2026-03-15,3813.13,0,6
R400058,L200009,9,2026-04-15,3505.33,0,4
R400059,L200009,10,2026-05-15,4011.4,0,1
R400060,L200009,11,2026-06-15,3800.71,0,0
R400061,L200010,1,2025-11-13,38808.15,0,5
R400062,L200010,2,2025-12-13,41496.93,0,5
R400063,L200010,3,2026-01-13,36211.61,0,0
R400064,L200010,4,2026-02-13,38480.95,0,4
R400065,L200010,5,2026-03-13,36482.36,0,4
R400066,L200010,6,2026-04-13,41372.64,0,1
R400067,L200010,7,2026-05-13,41760.22,0,2
R400068,L200010,8,2026-06-13,41384.73,0,0
R400069,L200011,1,2025-08-25,1605.97,0,0
R400070,L200011,2,2025-09-25,1508.62,0,6
R400071,L200011,3,2025-10-25,,1,95
R400072,L200011,4,2025-11-25,1567.8,0,1
R400073,L200011,5,2025-12-25,1623.42,0,1
R400074,L200011,6,2026-01-25,1624.48,0,4
R400075,L200011,7,2026-02-25,1642.18,0,1
R400076,L200011,8,2026-03-25,1472.7,0,1
R400077,L200011,9,2026-04-25,1555.75,0,6
R400078,L200011,10,2026-05-25,1617.93,0,0
R400079,L200011,11,2026-06-25,1694.11,0,6
R400080,L200012,1,2025-10-13,8938.63,0,3
R400081,L200012,2,2025-11-13,7984.78,0,6
R400082,L200012,3,2025-12-13,7973.29,0,0
R400083,L200012,4,2026-01-13,8327.96,0,1
R400084,L200012,5,2026-02-13,8862.7,0,6
R400085,L200012,6,2026-03-13,8824.03,0,5
R400086,L200012,7,2026-04-13,8677.06,0,2
R400087,L200012,8,2026-05-13,7815.32,0,4
R400088,L200012,9,2026-06-13,8817.87,0,0
R400089,L200013,1,2026-05-06,974.34,0,2
R400090,L200013,2,2026-06-06,991.89,0,6
R400091,L200014,1,2025-09-04,2154.8,0,3
R400092,L200014,2,2025-10-04,2341.49,0,1
R400093,L200014,3,2025-11-04,2115.23,0,6
R400094,L200014,4,2025-12-04,2271.49,0,6
R400095,L200014,5,2026-01-04,2359.02,0,1
R400096,L200014,6,2026-02-04,2220.07,0,3
R400097,L200014,7,2026-03-04,2137.89,0,2
R400098,L200014,8,2026-04-04,2136.7,0,2
R400099,L200014,9,2026-05-04,2170.94,0,1
R400100,L200014,10,2026-06-04,2218.13,0,2
R400101,L200014,11,2026-07-04,2186.01,0,3
R400102,L200015,1,2025-11-01,4594.99,0,3
R400103,L200015,2,2025-12-01,5149.63,0,3
R400104,L200015,3,2026-01-01,4897.14,0,0
R400105,L200015,4,2026-02-01,4524.3,0,4
R400106,L200015,5,2026-03-01,4882.34,0,4
R400107,L200015,6,2026-04-01,5028.25,0,1
R400108,L200015,7,2026-05-01,4549.3,0,1
R400109,L200015,8,2026-06-01,4923.44,0,4
R400110,L200015,9,2026-07-01,5165.98,0,4
R400111,L200016,1,2026-06-03,8771.88,0,2
R400112,L200017,1,2025-11-19,13112.27,0,2
R400113,L200017,2,2025-12-19,12601.06,0,1
R400114,L200017,3,2026-01-19,13130.8,0,4
R400115,L200017,4,2026-02-19,11550.27,0,5
R400116,L200017,5,2026-03-19,13112.17,0,1
R400117,L200017,6,2026-04-19,12178.57,0,0
R400118,L200017,7,2026-05-19,12424.19,0,4
R400119,L200017,8,2026-06-19,12629.35,0,2
R400120,L200018,1,2026-02-03,802.76,0,3
R400121,L200018,2,2026-03-03,908.95,0,5
R400122,L200018,3,2026-04-03,830.01,0,5
R400123,L200018,4,2026-05-03,794.39,0,2
R400124,L200018,5,2026-06-03,905.96,0,3
R400125,L200019,1,2026-02-28,2376.19,0,5
R400126,L200019,2,2026-03-29,2275.03,0,2
R400127,L200019,3,2026-04-29,2352.47,0,0
R400128,L200019,4,2026-05-29,2320.53,0,1
R400129,L200019,5,2026-06-29,2215.87,0,0
R400130,L200020,1,2025-10-12,2785.89,0,5
R400131,L200020,2,2025-11-12,,1,91
R400132,L200020,3,2025-12-12,2783.63,0,5
R400133,L200020,4,2026-01-12,2527.43,0,4
R400134,L200020,5,2026-02-12,2811.15,0,0
R400135,L200020,6,2026-03-12,2778.12,0,1
R400136,L200020,7,2026-04-12,2752.18,0,4
R400137,L200020,8,2026-05-12,2681.99,0,4
R400138,L200020,9,2026-06-12,2703.36,0,1
R400139,L200021,1,2025-09-30,57507.59,0,0
R400140,L200021,2,2025-10-31,56174.03,0,3
R400141,L200021,3,2025-11-30,56528.36,0,2
R400142,L200021,4,2025-12-31,58391.88,0,0
R400143,L200021,5,2026-01-31,54181.05,0,5
R400144,L200021,6,2026-02-28,59860.24,0,0
R400145,L200021,7,2026-03-31,59597.89,0,4
R400146,L200021,8,2026-04-30,60031.02,0,3
R400147,L200021,9,2026-05-31,52518.41,0,4
R400148,L200021,10,2026-06-30,56676.15,0,2
R400149,L200022,1,2025-08-21,2079.17,0,0
R400150,L200022,2,2025-09-21,2078.58,0,3
R400151,L200022,3,2025-10-21,2013.45,0,0
R400152,L200022,4,2025-11-21,1920.5,0,2
R400153,L200022,5,2025-12-21,1842.67,0,6
R400154,L200022,6,2026-01-21,1796.31,0,4
R400155,L200022,7,2026-02-21,1950.4,0,6
R400156,L200022,8,2026-03-21,1800.02,0,1
R400157,L200022,9,2026-04-21,2072.38,0,0
R400158,L200022,10,2026-05-21,,1,77
R400159,L200022,11,2026-06-21,1869.9,0,0
R400160,L200023,1,2025-08-03,141.86,0,4
R400161,L200023,2,2025-09-03,139.72,0,1
R400162,L200023,3,2025-10-03,133.08,0,0
R400163,L200023,4,2025-11-03,130.39,0,6
R400164,L200023,5,2025-12-03,143.6,0,0
R400165,L200023,6,2026-01-03,139.16,0,4
R400166,L200023,7,2026-02-03,144.42,0,2
R400167,L200023,8,2026-03-03,134.0,0,6
R400168,L200023,9,2026-04-03,148.79,0,1
R400169,L200023,10,2026-05-03,137.12,0,5
R400170,L200023,11,2026-06-03,131.06,0,2
R400171,L200023,12,2026-07-03,146.54,0,3
R400172,L200024,1,2026-01-08,2012.9,0,4
R400173,L200024,2,2026-02-08,2000.84,0,0
R400174,L200024,3,2026-03-08,,1,74
R400175,L200024,4,2026-04-08,,1,53
R400176,L200024,5,2026-05-08,2043.61,0,2
R400177,L200024,6,2026-06-08,2055.45,0,1
R400178,L200025,1,2026-01-31,12436.48,0,0
R400179,L200025,2,2026-02-28,11075.23,0,0
R400180,L200025,3,2026-03-31,11965.83,0,4
R400181,L200025,4,2026-04-30,11849.33,0,2
R400182,L200025,5,2026-05-31,11291.12,0,6
R400183,L200025,6,2026-06-30,12417.8,0,1
R400184,L200026,1,2025-08-21,4726.7,0,3
R400185,L200026,2,2025-09-21,4903.31,0,4
R400186,L200026,3,2025-10-21,5220.58,0,5
R400187,L200026,4,2025-11-21,5024.21,0,1
R400188,L200026,5,2025-12-21,4992.37,0,0
R400189,L200026,6,2026-01-21,5203.39,0,4
R400190,L200026,7,2026-02-21,4739.52,0,0
R400191,L200026,8,2026-03-21,5079.54,0,4
R400192,L200026,9,2026-04-21,4861.1,0,0
R400193,L200026,10,2026-05-21,5005.87,0,2
R400194,L200026,11,2026-06-21,4639.6,0,1
R400195,L200027,1,2026-05-29,1740.07,0,6
R400196,L200027,2,2026-06-29,1770.21,0,5
R400197,L200028,1,2026-03-07,,1,48
R400198,L200028,2,2026-04-07,1994.09,0,5
R400199,L200028,3,2026-05-07,2007.64,0,2
R400200,L200028,4,2026-06-07,2188.46,0,5
R400201,L200029,1,2025-11-20,7875.16,0,0
R400202,L200029,2,2025-12-20,,1,84
R400203,L200029,3,2026-01-20,7979.92,0,1
R400204,L200029,4,2026-02-20,8462.57,0,0
R400205,L200029,5,2026-03-20,8162.84,0,0
R400206,L200029,6,2026-04-20,7702.49,0,0
R400207,L200029,7,2026-05-20,7432.15,0,5
R400208,L200029,8,2026-06-20,7945.99,0,6
R400209,L200030,1,2025-10-18,41943.43,0,1
R400210,L200030,2,2025-11-18,42932.75,0,1
R400211,L200030,3,2025-12-18,,1,94
R400212,L200030,4,2026-01-18,39282.99,0,6
R400213,L200030,5,2026-02-18,38658.45,0,0
R400214,L200030,6,2026-03-18,39693.19,0,1
R400215,L200030,7,2026-04-18,37279.64,0,2
R400216,L200030,8,2026-05-18,38011.98,0,1
R400217,L200030,9,2026-06-18,40124.22,0,4
R400218,L200031,1,2025-09-25,881.33,0,1
R400219,L200031,2,2025-10-25,921.08,0,3
R400220,L200031,3,2025-11-25,883.19,0,6
R400221,L200031,4,2025-12-25,901.87,0,1
R400222,L200031,5,2026-01-25,854.64,0,5
R400223,L200031,6,2026-02-25,890.09,0,3
R400224,L200031,7,2026-03-25,928.89,0,6
R400225,L200031,8,2026-04-25,860.87,0,4
R400226,L200031,9,2026-05-25,922.89,0,3
R400227,L200031,10,2026-06-25,899.07,0,6
R400228,L200032,1,2026-02-15,5404.46,0,1
R400229,L200032,2,2026-03-15,4877.76,0,3
R400230,L200032,3,2026-04-15,5177.08,0,3
R400231,L200032,4,2026-05-15,4854.72,0,5
R400232,L200032,5,2026-06-15,5396.5,0,2
R400233,L200033,1,2025-10-03,7275.03,0,4
R400234,L200033,2,2025-11-03,6731.88,0,1
R400235,L200033,3,2025-12-03,6805.91,0,4
R400236,L200033,4,2026-01-03,6403.59,0,3
R400237,L200033,5,2026-02-03,6478.61,0,1
R400238,L200033,6,2026-03-03,6564.3,0,0
R400239,L200033,7,2026-04-03,7331.84,0,2
R400240,L200033,8,2026-05-03,7306.72,0,1
R400241,L200033,9,2026-06-03,6952.21,0,1
R400242,L200033,10,2026-07-03,7072.53,0,1
R400243,L200034,1,2026-03-17,15632.59,0,6
R400244,L200034,2,2026-04-17,15951.46,0,3
R400245,L200034,3,2026-05-17,16025.06,0,3
R400246,L200034,4,2026-06-17,16220.36,0,4
R400247,L200035,1,2025-12-26,2715.84,0,2
R400248,L200035,2,2026-01-26,2799.17,0,6
R400249,L200035,3,2026-02-26,2732.73,0,6
R400250,L200035,4,2026-03-26,2588.79,0,3
R400251,L200035,5,2026-04-26,2868.08,0,2
R400252,L200035,6,2026-05-26,2748.64,0,6
R400253,L200035,7,2026-06-26,2864.23,0,0
R400254,L200036,1,2025-12-24,6495.5,0,5
R400255,L200036,2,2026-01-24,6694.95,0,6
R400256,L200036,3,2026-02-24,5839.33,0,3
R400257,L200036,4,2026-03-24,6613.0,0,3
R400258,L200036,5,2026-04-24,6523.18,0,2
R400259,L200036,6,2026-05-24,6569.53,0,2
R400260,L200036,7,2026-06-24,6341.08,0,6
R400261,L200037,1,2026-05-21,45565.84,0,6
R400262,L200037,2,2026-06-21,41077.3,0,5
R400263,L200038,1,2026-03-01,442.21,0,6
R400264,L200038,2,2026-04-01,450.96,0,3
R400265,L200038,3,2026-05-01,423.29,0,0
R400266,L200038,4,2026-06-01,449.61,0,4
R400267,L200039,1,2025-10-03,83163.74,0,3
R400268,L200039,2,2025-11-03,,1,67
R400269,L200039,3,2025-12-03,75698.78,0,1
R400270,L200039,4,2026-01-03,81360.11,0,6
R400271,L200039,5,2026-02-03,75919.18,0,5
R400272,L200039,6,2026-03-03,82991.42,0,0
R400273,L200039,7,2026-04-03,84899.5,0,3
R400274,L200039,8,2026-05-03,,1,96
R400275,L200039,9,2026-06-03,77667.57,0,1
R400276,L200039,10,2026-07-03,76653.9,0,4
R400277,L200040,1,2025-11-09,,1,95
R400278,L200040,2,2025-12-09,6719.0,0,3
R400279,L200040,3,2026-01-09,6783.52,0,4
R400280,L200040,4,2026-02-09,6774.52,0,1
R400281,L200040,5,2026-03-09,6959.12,0,1
R400282,L200040,6,2026-04-09,7651.21,0,4
R400283,L200040,7,2026-05-09,,1,66
R400284,L200040,8,2026-06-09,6887.86,0,0
R400285,L200041,1,2026-03-18,,1,93
R400286,L200041,2,2026-04-18,12328.95,0,1
R400287,L200041,3,2026-05-18,,1,66
R400288,L200041,4,2026-06-18,13934.45,0,2
R400289,L200042,1,2026-01-14,2491.74,0,4
R400290,L200042,2,2026-02-14,2283.72,0,6
R400291,L200042,3,2026-03-14,2279.12,0,3
R400292,L200042,4,2026-04-14,2526.6,0,2
R400293,L200042,5,2026-05-14,2435.6,0,5
R400294,L200042,6,2026-06-14,2553.39,0,0
R400295,L200043,1,2026-03-06,4327.74,0,3
R400296,L200043,2,2026-04-06,4226.79,0,0
R400297,L200043,3,2026-05-06,4711.66,0,6
R400298,L200043,4,2026-06-06,4676.47,0,4
R400299,L200044,1,2025-08-16,1063.93,0,5
R400300,L200044,2,2025-09-16,950.8,0,0
R400301,L200044,3,2025-10-16,1033.55,0,2
R400302,L200044,4,2025-11-16,1031.33,0,0
R400303,L200044,5,2025-12-16,928.11,0,6
R400304,L200044,6,2026-01-16,1048.98,0,1
R400305,L200044,7,2026-02-16,976.1,0,6
R400306,L200044,8,2026-03-16,922.61,0,0
R400307,L200044,9,2026-04-16,939.36,0,1
R400308,L200044,10,2026-05-16,998.1,0,1
R400309,L200044,11,2026-06-16,956.54,0,4
R400310,L200045,1,2025-11-29,16670.5,0,6
R400311,L200045,2,2025-12-29,16553.78,0,3
R400312,L200045,3,2026-01-29,15676.06,0,1
R400313,L200045,4,2026-02-28,17406.19,0,4
R400314,L200045,5,2026-03-29,17586.19,0,2
R400315,L200045,6,2026-04-29,17509.08,0,3
R400316,L200045,7,2026-05-29,16016.4,0,1
R400317,L200045,8,2026-06-29,17918.75,0,4
R400318,L200046,1,2026-04-30,4555.52,0,4
R400319,L200046,2,2026-05-31,4709.53,0,1
R400320,L200046,3,2026-06-30,4934.59,0,5
R400321,L200047,1,2026-06-28,17109.53,0,5
R400322,L200048,1,2026-01-16,15012.95,0,6
R400323,L200048,2,2026-02-16,15151.87,0,1
R400324,L200048,3,2026-03-16,,1,41
R400325,L200048,4,2026-04-16,15348.89,0,6
R400326,L200048,5,2026-05-16,16201.23,0,2
R400327,L200048,6,2026-06-16,16579.99,0,1
R400328,L200049,1,2025-11-03,1846.16,0,1
R400329,L200049,2,2025-12-03,1681.27,0,6
R400330,L200049,3,2026-01-03,1683.77,0,1
R400331,L200049,4,2026-02-03,1813.85,0,1
R400332,L200049,5,2026-03-03,1645.96,0,3
R400333,L200049,6,2026-04-03,1723.51,0,3
R400334,L200049,7,2026-05-03,1673.08,0,3
R400335,L200049,8,2026-06-03,1840.83,0,6
R400336,L200049,9,2026-07-03,1656.65,0,5
R400337,L200050,1,2025-08-30,7033.88,0,6
R400338,L200050,2,2025-09-30,6495.2,0,2
R400339,L200050,3,2025-10-30,7157.01,0,3
R400340,L200050,4,2025-11-30,7072.01,0,0
R400341,L200050,5,2025-12-30,6236.96,0,0
R400342,L200050,6,2026-01-30,6989.66,0,4
R400343,L200050,7,2026-02-28,7107.84,0,5
R400344,L200050,8,2026-03-30,6914.91,0,2
R400345,L200050,9,2026-04-30,7193.17,0,4
R400346,L200050,10,2026-05-30,6265.07,0,3
R400347,L200050,11,2026-06-30,6231.77,0,2
R400348,L200051,1,2026-05-28,23386.2,0,1
R400349,L200051,2,2026-06-28,23522.94,0,0
R400350,L200052,1,2026-01-12,4437.52,0,6
R400351,L200052,2,2026-02-12,4365.88,0,6
R400352,L200052,3,2026-03-12,4099.28,0,5
R400353,L200052,4,2026-04-12,4218.54,0,2
R400354,L200052,5,2026-05-12,4258.61,0,3
R400355,L200052,6,2026-06-12,4429.64,0,1
R400356,L200053,1,2026-01-08,5793.91,0,2
R400357,L200053,2,2026-02-08,6290.08,0,3
R400358,L200053,3,2026-03-08,6374.25,0,3
R400359,L200053,4,2026-04-08,5553.0,0,3
R400360,L200053,5,2026-05-08,6169.04,0,4
R400361,L200053,6,2026-06-08,6369.62,0,5
R400362,L200054,1,2025-10-23,9168.18,0,4
R400363,L200054,2,2025-11-23,9246.8,0,5
R400364,L200054,3,2025-12-23,9234.69,0,4
R400365,L200054,4,2026-01-23,9268.23,0,1
R400366,L200054,5,2026-02-23,9418.55,0,0
R400367,L200054,6,2026-03-23,8900.7,0,4
R400368,L200054,7,2026-04-23,8731.68,0,1
R400369,L200054,8,2026-05-23,8499.08,0,3
R400370,L200054,9,2026-06-23,8694.61,0,5
R400371,L200055,1,2026-05-07,1594.99,0,6
R400372,L200055,2,2026-06-07,,1,90
R400373,L200056,1,2025-10-29,9044.87,0,3
R400374,L200056,2,2025-11-29,8852.92,0,0
R400375,L200056,3,2025-12-29,9002.04,0,1
R400376,L200056,4,2026-01-29,9681.04,0,6
R400377,L200056,5,2026-02-28,8861.81,0,4
R400378,L200056,6,2026-03-29,9631.61,0,6
R400379,L200056,7,2026-04-29,9803.04,0,6
R400380,L200056,8,2026-05-29,9653.02,0,4
R400381,L200056,9,2026-06-29,9914.54,0,6
R400382,L200057,1,2026-06-06,1778.89,0,2
R400383,L200058,1,2026-02-10,2183.46,0,2
R400384,L200058,2,2026-03-10,2185.59,0,0
R400385,L200058,3,2026-04-10,2230.46,0,4
R400386,L200058,4,2026-05-10,1984.61,0,1
R400387,L200058,5,2026-06-10,2089.03,0,6
R400388,L200059,1,2025-08-14,13245.49,0,0
R400389,L200059,2,2025-09-14,13005.82,0,4
R400390,L200059,3,2025-10-14,14343.46,0,0
R400391,L200059,4,2025-11-14,15011.52,0,1
R400392,L200059,5,2025-12-14,13545.11,0,1
R400393,L200059,6,2026-01-14,13035.43,0,1
R400394,L200059,7,2026-02-14,14266.34,0,4
R400395,L200059,8,2026-03-14,12932.16,0,2
R400396,L200059,9,2026-04-14,13971.66,0,4
R400397,L200059,10,2026-05-14,13353.52,0,5
R400398,L200059,11,2026-06-14,14055.7,0,2
R400399,L200060,1,2026-04-01,25164.23,0,6
R400400,L200060,2,2026-05-01,26778.02,0,3
R400401,L200060,3,2026-06-01,24505.52,0,0
R400402,L200060,4,2026-07-01,25858.74,0,2
R400403,L200061,1,2025-11-02,4526.26,0,1
R400404,L200061,2,2025-12-02,4345.46,0,5
R400405,L200061,3,2026-01-02,4422.11,0,3
R400406,L200061,4,2026-02-02,,1,80
R400407,L200061,5,2026-03-02,4648.17,0,0
R400408,L200061,6,2026-04-02,4518.74,0,1
R400409,L200061,7,2026-05-02,4472.66,0,3
R400410,L200061,8,2026-06-02,4426.68,0,4
R400411,L200061,9,2026-07-02,4282.04,0,1
R400412,L200062,1,2025-08-28,5075.67,0,6
R400413,L200062,2,2025-09-28,4813.55,0,4
R400414,L200062,3,2025-10-28,5355.59,0,6
R400415,L200062,4,2025-11-28,4899.44,0,6
R400416,L200062,5,2025-12-28,5453.73,0,3
R400417,L200062,6,2026-01-28,4792.6,0,4
R400418,L200062,7,2026-02-28,4766.59,0,6
R400419,L200062,8,2026-03-28,4838.75,0,6
R400420,L200062,9,2026-04-28,4909.71,0,5
R400421,L200062,10,2026-05-28,5006.82,0,3
R400422,L200062,11,2026-06-28,4819.36,0,5
R400423,L200063,1,2026-04-18,7567.81,0,6
R400424,L200063,2,2026-05-18,6908.51,0,5
R400425,L200063,3,2026-06-18,6751.93,0,6
R400426,L200064,1,2026-03-05,,1,92
R400427,L200064,2,2026-04-05,694.71,0,5
R400428,L200064,3,2026-05-05,679.74,0,1
R400429,L200064,4,2026-06-05,733.59,0,4
R400430,L200065,1,2025-08-15,7374.74,0,6
R400431,L200065,2,2025-09-15,8108.5,0,3
R400432,L200065,3,2025-10-15,,1,72
R400433,L200065,4,2025-11-15,7630.19,0,0
R400434,L200065,5,2025-12-15,8509.26,0,6
R400435,L200065,6,2026-01-15,7541.72,0,2
R400436,L200065,7,2026-02-15,7396.41,0,6
R400437,L200065,8,2026-03-15,8228.39,0,1
R400438,L200065,9,2026-04-15,8012.38,0,0
R400439,L200065,10,2026-05-15,8276.45,0,5
R400440,L200065,11,2026-06-15,7626.59,0,0
R400441,L200066,1,2025-12-08,700.04,0,4
R400442,L200066,2,2026-01-08,674.22,0,4
R400443,L200066,3,2026-02-08,694.85,0,5
R400444,L200066,4,2026-03-08,626.83,0,1
R400445,L200066,5,2026-04-08,619.11,0,0
R400446,L200066,6,2026-05-08,702.48,0,1
R400447,L200066,7,2026-06-08,634.15,0,1
R400448,L200067,1,2025-11-14,657.37,0,0
R400449,L200067,2,2025-12-14,686.68,0,2
R400450,L200067,3,2026-01-14,676.91,0,2
R400451,L200067,4,2026-02-14,723.56,0,6
R400452,L200067,5,2026-03-14,646.65,0,0
R400453,L200067,6,2026-04-14,699.69,0,5
R400454,L200067,7,2026-05-14,691.0,0,0
R400455,L200067,8,2026-06-14,679.84,0,0
R400456,L200068,1,2026-02-16,74911.45,0,1
R400457,L200068,2,2026-03-16,74589.55,0,2
R400458,L200068,3,2026-04-16,69693.63,0,6
R400459,L200068,4,2026-05-16,73690.13,0,0
R400460,L200068,5,2026-06-16,66692.96,0,6
R400461,L200069,1,2026-03-24,605.04,0,3
R400462,L200069,2,2026-04-24,631.18,0,5
R400463,L200069,3,2026-05-24,669.24,0,0
R400464,L200069,4,2026-06-24,,1,77
R400465,L200070,1,2025-12-17,8735.16,0,1
R400466,L200070,2,2026-01-17,9084.45,0,2
R400467,L200070,3,2026-02-17,9054.98,0,3
R400468,L200070,4,2026-03-17,8458.52,0,6
R400469,L200070,5,2026-04-17,9831.7,0,1
R400470,L200070,6,2026-05-17,8706.05,0,2
R400471,L200070,7,2026-06-17,9065.11,0,2
R400472,L200071,1,2026-01-20,4531.92,0,1
R400473,L200071,2,2026-02-20,4423.79,0,3
R400474,L200071,3,2026-03-20,4515.22,0,5
R400475,L200071,4,2026-04-20,4698.02,0,2
R400476,L200071,5,2026-05-20,4814.48,0,3
R400477,L200071,6,2026-06-20,4892.53,0,3
R400478,L200072,1,2026-02-12,2920.49,0,3
R400479,L200072,2,2026-03-12,2914.25,0,0
R400480,L200072,3,2026-04-12,2700.46,0,3
R400481,L200072,4,2026-05-12,2814.73,0,2
R400482,L200072,5,2026-06-12,2970.91,0,2
R400483,L200073,1,2026-06-17,1124.71,0,1
R400484,L200074,1,2026-01-27,831.81,0,5
R400485,L200074,2,2026-02-27,962.99,0,5
R400486,L200074,3,2026-03-27,872.66,0,4
R400487,L200074,4,2026-04-27,892.31,0,2
R400488,L200074,5,2026-05-27,866.55,0,1
R400489,L200074,6,2026-06-27,900.68,0,3
R400490,L200075,1,2025-12-24,11647.25,0,5
R400491,L200075,2,2026-01-24,11025.89,0,4
R400492,L200075,3,2026-02-24,11467.21,0,0
R400493,L200075,4,2026-03-24,12141.31,0,4
R400494,L200075,5,2026-04-24,11015.24,0,2
R400495,L200075,6,2026-05-24,11229.84,0,6
R400496,L200075,7,2026-06-24,11373.94,0,1
R400497,L200076,1,2026-07-05,4858.25,0,2
R400498,L200077,1,2025-09-21,4565.57,0,1
R400499,L200077,2,2025-10-21,4944.04,0,2
R400500,L200077,3,2025-11-21,4772.35,0,6
R400501,L200077,4,2025-12-21,5012.6,0,2
R400502,L200077,5,2026-01-21,4594.85,0,1
R400503,L200077,6,2026-02-21,4696.75,0,2
R400504,L200077,7,2026-03-21,4478.42,0,0
R400505,L200077,8,2026-04-21,4568.41,0,4
R400506,L200077,9,2026-05-21,4986.05,0,3
R400507,L200077,10,2026-06-21,4775.81,0,6
R400508,L200078,1,2026-02-04,8163.8,0,3
R400509,L200078,2,2026-03-04,9205.57,0,2
R400510,L200078,3,2026-04-04,9308.76,0,1
R400511,L200078,4,2026-05-04,8747.64,0,4
R400512,L200078,5,2026-06-04,9058.01,0,1
R400513,L200079,1,2026-03-09,12834.95,0,6
R400514,L200079,2,2026-04-09,13884.12,0,5
R400515,L200079,3,2026-05-09,,1,97
R400516,L200079,4,2026-06-09,13206.28,0,2
R400517,L200080,1,2026-01-28,,1,45
R400518,L200080,2,2026-02-28,1602.56,0,6
R400519,L200080,3,2026-03-28,,1,91
R400520,L200080,4,2026-04-28,1673.65,0,0
R400521,L200080,5,2026-05-28,1740.22,0,2
R400522,L200080,6,2026-06-28,1557.05,0,3
R400523,L200081,1,2026-06-27,13873.1,0,2
R400524,L200082,1,2026-02-28,841.52,0,2
R400525,L200082,2,2026-03-31,911.81,0,0
R400526,L200082,3,2026-04-30,961.77,0,3
R400527,L200082,4,2026-05-31,834.81,0,4
R400528,L200082,5,2026-06-30,946.35,0,5
R400529,L200083,1,2026-01-14,299.73,0,3
R400530,L200083,2,2026-02-14,283.95,0,0
R400531,L200083,3,2026-03-14,298.27,0,1
R400532,L200083,4,2026-04-14,303.02,0,3
R400533,L200083,5,2026-05-14,313.57,0,0
R400534,L200083,6,2026-06-14,293.78,0,0
R400535,L200084,1,2025-09-15,1607.14,0,4
R400536,L200084,2,2025-10-15,1601.44,0,4
R400537,L200084,3,2025-11-15,1689.22,0,2
R400538,L200084,4,2025-12-15,1514.96,0,4
R400539,L200084,5,2026-01-15,1645.32,0,4
R400540,L200084,6,2026-02-15,1532.39,0,3
R400541,L200084,7,2026-03-15,1557.48,0,3
R400542,L200084,8,2026-04-15,1557.41,0,4
R400543,L200084,9,2026-05-15,1592.32,0,0
R400544,L200084,10,2026-06-15,1621.07,0,5
R400545,L200085,1,2026-01-11,986.23,0,1
R400546,L200085,2,2026-02-11,1012.66,0,5
R400547,L200085,3,2026-03-11,937.33,0,3
R400548,L200085,4,2026-04-11,947.06,0,0
R400549,L200085,5,2026-05-11,895.44,0,2
R400550,L200085,6,2026-06-11,1004.5,0,2
R400551,L200086,1,2026-05-28,6007.79,0,0
R400552,L200086,2,2026-06-28,6040.09,0,0
R400553,L200087,1,2025-12-27,1140.93,0,6
R400554,L200087,2,2026-01-27,1083.11,0,3
R400555,L200087,3,2026-02-27,1158.2,0,1
R400556,L200087,4,2026-03-27,1007.75,0,3
R400557,L200087,5,2026-04-27,1102.82,0,1
R400558,L200087,6,2026-05-27,1088.33,0,3
R400559,L200087,7,2026-06-27,1058.7,0,2
R400560,L200088,1,2026-04-29,907.3,0,6
R400561,L200088,2,2026-05-29,858.7,0,1
R400562,L200088,3,2026-06-29,957.54,0,3
R400563,L200089,1,2025-09-14,48368.19,0,4
R400564,L200089,2,2025-10-14,52680.04,0,4
R400565,L200089,3,2025-11-14,51220.16,0,0
R400566,L200089,4,2025-12-14,51240.01,0,2
R400567,L200089,5,2026-01-14,45427.31,0,1
R400568,L200089,6,2026-02-14,49509.64,0,5
R400569,L200089,7,2026-03-14,45402.44,0,4
R400570,L200089,8,2026-04-14,45674.57,0,6
R400571,L200089,9,2026-05-14,52704.89,0,1
R400572,L200089,10,2026-06-14,51651.78,0,4
R400573,L200090,1,2026-01-14,7112.94,0,1
R400574,L200090,2,2026-02-14,7520.19,0,1
R400575,L200090,3,2026-03-14,,1,43
R400576,L200090,4,2026-04-14,7383.48,0,0
R400577,L200090,5,2026-05-14,7387.66,0,2
R400578,L200090,6,2026-06-14,7266.58,0,4
R400579,L200091,1,2026-03-27,14025.46,0,1
R400580,L200091,2,2026-04-27,13361.6,0,1
R400581,L200091,3,2026-05-27,12920.76,0,2
R400582,L200091,4,2026-06-27,13074.89,0,5
R400583,L200092,1,2026-05-10,390.09,0,3
R400584,L200092,2,2026-06-10,349.5,0,6
R400585,L200093,1,2026-05-09,1080.37,0,5
R400586,L200093,2,2026-06-09,1174.74,0,2
R400587,L200094,1,2026-06-02,6986.81,0,6
R400588,L200095,1,2025-08-09,6345.21,0,6
R400589,L200095,2,2025-09-09,5640.24,0,2
R400590,L200095,3,2025-10-09,,1,32
R400591,L200095,4,2025-11-09,6036.61,0,5
R400592,L200095,5,2025-12-09,6183.94,0,1
R400593,L200095,6,2026-01-09,6321.04,0,3
R400594,L200095,7,2026-02-09,5835.45,0,4
R400595,L200095,8,2026-03-09,5987.91,0,1
R400596,L200095,9,2026-04-09,6138.97,0,3
R400597,L200095,10,2026-05-09,6017.53,0,4
R400598,L200095,11,2026-06-09,5954.74,0,1
R400599,L200096,1,2025-08-23,5748.72,0,2
R400600,L200096,2,2025-09-23,5452.25,0,6
R400601,L200096,3,2025-10-23,5273.56,0,3
R400602,L200096,4,2025-11-23,4980.63,0,6
R400603,L200096,5,2025-12-23,5238.38,0,2
R400604,L200096,6,2026-01-23,5700.14,0,6
R400605,L200096,7,2026-02-23,5282.56,0,6
R400606,L200096,8,2026-03-23,5628.39,0,1
R400607,L200096,9,2026-04-23,5225.81,0,0
R400608,L200096,10,2026-05-23,5246.92,0,3
R400609,L200096,11,2026-06-23,5196.1,0,1
R400610,L200097,1,2025-08-14,36656.55,0,1
R400611,L200097,2,2025-09-14,40750.58,0,4
R400612,L200097,3,2025-10-14,36730.61,0,3
R400613,L200097,4,2025-11-14,39530.12,0,2
R400614,L200097,5,2025-12-14,38348.49,0,4
R400615,L200097,6,2026-01-14,38162.47,0,6
R400616,L200097,7,2026-02-14,,1,85
R400617,L200097,8,2026-03-14,38876.62,0,1
R400618,L200097,9,2026-04-14,40428.73,0,6
R400619,L200097,10,2026-05-14,36467.69,0,0
R400620,L200097,11,2026-06-14,37488.47,0,6
R400621,L200098,1,2026-06-26,9894.14,0,5
R400622,L200099,1,2025-08-03,8775.82,0,4
R400623,L200099,2,2025-09-03,8141.16,0,6
R400624,L200099,3,2025-10-03,7770.74,0,4
R400625,L200099,4,2025-11-03,7842.3,0,0
R400626,L200099,5,2025-12-03,7931.07,0,5
R400627,L200099,6,2026-01-03,7862.75,0,2
R400628,L200099,7,2026-02-03,8139.15,0,5
R400629,L200099,8,2026-03-03,7832.93,0,3
R400630,L200099,9,2026-04-03,,1,69
R400631,L200099,10,2026-05-03,7855.16,0,4
R400632,L200099,11,2026-06-03,8474.47,0,4
R400633,L200099,12,2026-07-03,8430.39,0,1
R400634,L200100,1,2025-11-13,1567.63,0,5
R400635,L200100,2,2025-12-13,1571.43,0,6
R400636,L200100,3,2026-01-13,,1,36
R400637,L200100,4,2026-02-13,1468.22,0,4
R400638,L200100,5,2026-03-13,1616.97,0,0
R400639,L200100,6,2026-04-13,1505.94,0,6
R400640,L200100,7,2026-05-13,1632.61,0,6
R400641,L200100,8,2026-06-13,1465.04,0,6
R400642,L200101,1,2025-11-16,,1,42
R400643,L200101,2,2025-12-16,33562.39,0,6
R400644,L200101,3,2026-01-16,32719.56,0,6
R400645,L200101,4,2026-02-16,32287.5,0,4
R400646,L200101,5,2026-03-16,36571.31,0,4
R400647,L200101,6,2026-04-16,34416.76,0,6
R400648,L200101,7,2026-05-16,33034.44,0,4
R400649,L200101,8,2026-06-16,34687.1,0,2
R400650,L200102,1,2026-04-17,5237.87,0,5
R400651,L200102,2,2026-05-17,4820.49,0,1
R400652,L200102,3,2026-06-17,5141.49,0,6
R400653,L200103,1,2026-04-18,10891.32,0,4
R400654,L200103,2,2026-05-18,9810.88,0,2
R400655,L200103,3,2026-06-18,10238.48,0,6
R400656,L200104,1,2026-02-20,2247.17,0,6
R400657,L200104,2,2026-03-20,2103.87,0,1
R400658,L200104,3,2026-04-20,2231.6,0,6
R400659,L200104,4,2026-05-20,2151.27,0,5
R400660,L200104,5,2026-06-20,2141.27,0,4
R400661,L200105,1,2026-06-20,16576.7,0,4
R400662,L200106,1,2026-07-24,4109.41,0,4
R400663,L200107,1,2026-05-20,1145.86,0,2
R400664,L200107,2,2026-06-20,1057.79,0,6
R400665,L200108,1,2025-09-13,7387.44,0,6
R400666,L200108,2,2025-10-13,7189.68,0,3
R400667,L200108,3,2025-11-13,8297.75,0,2
R400668,L200108,4,2025-12-13,7721.94,0,0
R400669,L200108,5,2026-01-13,7540.58,0,1
R400670,L200108,6,2026-02-13,8009.76,0,2
R400671,L200108,7,2026-03-13,7202.56,0,5
R400672,L200108,8,2026-04-13,,1,90
R400673,L200108,9,2026-05-13,7844.04,0,1
R400674,L200108,10,2026-06-13,8051.41,0,5
R400675,L200109,1,2026-01-16,1842.74,0,0
R400676,L200109,2,2026-02-16,1921.56,0,6
R400677,L200109,3,2026-03-16,1821.51,0,0
R400678,L200109,4,2026-04-16,1819.93,0,0
R400679,L200109,5,2026-05-16,1889.25,0,2
R400680,L200109,6,2026-06-16,1718.36,0,3
R400681,L200110,1,2026-01-16,335.06,0,4
R400682,L200110,2,2026-02-16,324.4,0,5
R400683,L200110,3,2026-03-16,333.6,0,3
R400684,L200110,4,2026-04-16,320.25,0,3
R400685,L200110,5,2026-05-16,,1,46
R400686,L200110,6,2026-06-16,322.27,0,0
R400687,L200111,1,2025-09-04,1554.86,0,3
R400688,L200111,2,2025-10-04,1449.57,0,4
R400689,L200111,3,2025-11-04,1418.27,0,0
R400690,L200111,4,2025-12-04,,1,87
R400691,L200111,5,2026-01-04,1389.17,0,3
R400692,L200111,6,2026-02-04,1422.25,0,2
R400693,L200111,7,2026-03-04,1496.26,0,1
R400694,L200111,8,2026-04-04,1400.88,0,3
R400695,L200111,9,2026-05-04,1346.21,0,6
R400696,L200111,10,2026-06-04,1562.04,0,1
R400697,L200111,11,2026-07-04,1447.2,0,0
R400698,L200112,1,2026-05-04,4499.95,0,0
R400699,L200112,2,2026-06-04,4777.03,0,2
R400700,L200113,1,2025-08-06,2758.49,0,0
R400701,L200113,2,2025-09-06,,1,78
R400702,L200113,3,2025-10-06,,1,65
R400703,L200113,4,2025-11-06,2964.31,0,0
R400704,L200113,5,2025-12-06,,1,68
R400705,L200113,6,2026-01-06,3066.53,0,1
R400706,L200113,7,2026-02-06,2732.36,0,0
R400707,L200113,8,2026-03-06,2680.49,0,4
R400708,L200113,9,2026-04-06,2989.38,0,6
R400709,L200113,10,2026-05-06,2853.3,0,6
R400710,L200113,11,2026-06-06,3023.49,0,6
R400711,L200114,1,2026-06-01,701.81,0,4
R400712,L200114,2,2026-07-01,697.31,0,4
R400713,L200115,1,2026-07-27,1172.3,0,2
R400714,L200116,1,2025-10-10,,1,43
R400715,L200116,2,2025-11-10,28365.62,0,2
R400716,L200116,3,2025-12-10,25815.08,0,0
R400717,L200116,4,2026-01-10,27462.96,0,5
R400718,L200116,5,2026-02-10,28134.07,0,0
R400719,L200116,6,2026-03-10,26377.36,0,2
R400720,L200116,7,2026-04-10,,1,91
R400721,L200116,8,2026-05-10,28940.51,0,3
R400722,L200116,9,2026-06-10,28427.37,0,2
R400723,L200117,1,2026-04-27,1483.58,0,5
R400724,L200117,2,2026-05-27,1562.15,0,4
R400725,L200117,3,2026-06-27,1486.74,0,0
R400726,L200118,1,2026-05-04,2985.92,0,1
R400727,L200118,2,2026-06-04,3035.66,0,1
R400728,L200119,1,2025-08-21,7577.14,0,1
R400729,L200119,2,2025-09-21,7296.66,0,2
R400730,L200119,3,2025-10-21,7622.3,0,5
R400731,L200119,4,2025-11-21,6698.43,0,0
R400732,L200119,5,2025-12-21,7362.48,0,4
R400733,L200119,6,2026-01-21,7243.23,0,1
R400734,L200119,7,2026-02-21,,1,46
R400735,L200119,8,2026-03-21,6903.63,0,4
R400736,L200119,9,2026-04-21,7390.98,0,3
R400737,L200119,10,2026-05-21,6674.03,0,1
R400738,L200119,11,2026-06-21,7025.02,0,5
R400739,L200120,1,2025-12-13,713.34,0,6
R400740,L200120,2,2026-01-13,722.5,0,4
R400741,L200120,3,2026-02-13,699.41,0,0
R400742,L200120,4,2026-03-13,753.77,0,1
R400743,L200120,5,2026-04-13,740.61,0,6
R400744,L200120,6,2026-05-13,730.29,0,2
R400745,L200120,7,2026-06-13,787.25,0,6
R400746,L200121,1,2025-08-17,,1,37
R400747,L200121,2,2025-09-17,2837.02,0,4
R400748,L200121,3,2025-10-17,2903.85,0,6
R400749,L200121,4,2025-11-17,2641.85,0,1
R400750,L200121,5,2025-12-17,2712.66,0,4
R400751,L200121,6,2026-01-17,2627.9,0,4
R400752,L200121,7,2026-02-17,,1,50
R400753,L200121,8,2026-03-17,2672.64,0,2
R400754,L200121,9,2026-04-17,,1,59
R400755,L200121,10,2026-05-17,2892.66,0,4
R400756,L200121,11,2026-06-17,2715.16,0,1
R400757,L200122,1,2025-12-15,2331.66,0,3
R400758,L200122,2,2026-01-15,2370.19,0,5
R400759,L200122,3,2026-02-15,2371.29,0,5
R400760,L200122,4,2026-03-15,2211.57,0,3
R400761,L200122,5,2026-04-15,2072.36,0,4
R400762,L200122,6,2026-05-15,2338.73,0,1
R400763,L200122,7,2026-06-15,2202.28,0,3
R400764,L200123,1,2025-11-03,11260.78,0,6
R400765,L200123,2,2025-12-03,10746.44,0,3
R400766,L200123,3,2026-01-03,10428.31,0,6
R400767,L200123,4,2026-02-03,10430.21,0,4
R400768,L200123,5,2026-03-03,11398.57,0,4
R400769,L200123,6,2026-04-03,11535.94,0,2
R400770,L200123,7,2026-05-03,10980.41,0,5
R400771,L200123,8,2026-06-03,11454.63,0,5
R400772,L200123,9,2026-07-03,10909.41,0,0
R400773,L200124,1,2026-07-20,1161.77,0,0
R400774,L200125,1,2025-10-02,7046.45,0,2
R400775,L200125,2,2025-11-02,6523.88,0,0
R400776,L200125,3,2025-12-02,7097.04,0,1
R400777,L200125,4,2026-01-02,6978.98,0,0
R400778,L200125,5,2026-02-02,6958.45,0,1
R400779,L200125,6,2026-03-02,6466.96,0,3
R400780,L200125,7,2026-04-02,6516.19,0,0
R400781,L200125,8,2026-05-02,7299.19,0,3
R400782,L200125,9,2026-06-02,7318.25,0,2
R400783,L200125,10,2026-07-02,7024.24,0,2
R400784,L200126,1,2026-03-02,2421.56,0,1
R400785,L200126,2,2026-04-02,2322.6,0,2
R400786,L200126,3,2026-05-02,2200.78,0,6
R400787,L200126,4,2026-06-02,2187.71,0,5
R400788,L200127,1,2026-01-13,2831.71,0,6
R400789,L200127,2,2026-02-13,2746.21,0,2
R400790,L200127,3,2026-03-13,2617.14,0,2
R400791,L200127,4,2026-04-13,2870.6,0,1
R400792,L200127,5,2026-05-13,2902.18,0,0
R400793,L200127,6,2026-06-13,2848.96,0,5
R400794,L200128,1,2026-03-17,2488.79,0,2
R400795,L200128,2,2026-04-17,2752.22,0,3
R400796,L200128,3,2026-05-17,2695.14,0,0
R400797,L200128,4,2026-06-17,2716.25,0,4
R400798,L200129,1,2026-03-12,2748.26,0,3
R400799,L200129,2,2026-04-12,,1,50
R400800,L200129,3,2026-05-12,2983.53,0,5
R400801,L200129,4,2026-06-12,3035.11,0,0
R400802,L200130,1,2025-10-09,4460.51,0,6
R400803,L200130,2,2025-11-09,4440.99,0,2
R400804,L200130,3,2025-12-09,4157.26,0,0
R400805,L200130,4,2026-01-09,4232.51,0,4
R400806,L200130,5,2026-02-09,3967.34,0,4
R400807,L200130,6,2026-03-09,4047.65,0,1
R400808,L200130,7,2026-04-09,4270.4,0,4
R400809,L200130,8,2026-05-09,3987.93,0,3
R400810,L200130,9,2026-06-09,4493.27,0,4
R400811,L200131,1,2025-09-28,1890.5,0,3
R400812,L200131,2,2025-10-28,1854.15,0,4
R400813,L200131,3,2025-11-28,1949.07,0,6
R400814,L200131,4,2025-12-28,1898.41,0,1
R400815,L200131,5,2026-01-28,1767.15,0,3
R400816,L200131,6,2026-02-28,1858.79,0,2
R400817,L200131,7,2026-03-28,1963.5,0,3
R400818,L200131,8,2026-04-28,1929.82,0,5
R400819,L200131,9,2026-05-28,1990.84,0,4
R400820,L200131,10,2026-06-28,1941.95,0,6
R400821,L200132,1,2026-05-18,43060.6,0,1
R400822,L200132,2,2026-06-18,44827.07,0,2
R400823,L200133,1,2026-04-21,,1,38
R400824,L200133,2,2026-05-21,4443.35,0,1
R400825,L200133,3,2026-06-21,,1,66
R400826,L200134,1,2025-10-17,24140.9,0,1
R400827,L200134,2,2025-11-17,27765.61,0,2
R400828,L200134,3,2025-12-17,24969.39,0,6
R400829,L200134,4,2026-01-17,27328.5,0,0
R400830,L200134,5,2026-02-17,24994.76,0,2
R400831,L200134,6,2026-03-17,27678.56,0,6
R400832,L200134,7,2026-04-17,24948.31,0,4
R400833,L200134,8,2026-05-17,,1,81
R400834,L200134,9,2026-06-17,24307.85,0,3
R400835,L200135,1,2025-09-02,1929.82,0,1
R400836,L200135,2,2025-10-02,1937.35,0,0
R400837,L200135,3,2025-11-02,1921.73,0,3
R400838,L200135,4,2025-12-02,2038.49,0,3
R400839,L200135,5,2026-01-02,1900.86,0,5
R400840,L200135,6,2026-02-02,2129.92,0,6
R400841,L200135,7,2026-03-02,1921.71,0,5
R400842,L200135,8,2026-04-02,1902.19,0,2
R400843,L200135,9,2026-05-02,2001.36,0,2
R400844,L200135,10,2026-06-02,1935.7,0,2
R400845,L200135,11,2026-07-02,2172.3,0,0
R400846,L200136,1,2025-12-12,13985.99,0,0
R400847,L200136,2,2026-01-12,,1,88
R400848,L200136,3,2026-02-12,,1,50
R400849,L200136,4,2026-03-12,14363.76,0,4
R400850,L200136,5,2026-04-12,12761.7,0,3
R400851,L200136,6,2026-05-12,14040.1,0,5
R400852,L200136,7,2026-06-12,14030.0,0,4
R400853,L200137,1,2026-01-10,8803.57,0,0
R400854,L200137,2,2026-02-10,7963.43,0,0
R400855,L200137,3,2026-03-10,7898.59,0,3
R400856,L200137,4,2026-04-10,7990.29,0,6
R400857,L200137,5,2026-05-10,8346.93,0,1
R400858,L200137,6,2026-06-10,7698.08,0,4
R400859,L200138,1,2025-09-20,26866.79,0,0
R400860,L200138,2,2025-10-20,,1,79
R400861,L200138,3,2025-11-20,24952.7,0,6
R400862,L200138,4,2025-12-20,23743.68,0,2
R400863,L200138,5,2026-01-20,26529.49,0,6
R400864,L200138,6,2026-02-20,25927.94,0,1
R400865,L200138,7,2026-03-20,25621.84,0,6
R400866,L200138,8,2026-04-20,25106.85,0,3
R400867,L200138,9,2026-05-20,25782.72,0,0
R400868,L200138,10,2026-06-20,25451.87,0,4
R400869,L200139,1,2025-08-09,6228.3,0,4
R400870,L200139,2,2025-09-09,6466.78,0,1
R400871,L200139,3,2025-10-09,6285.68,0,2
R400872,L200139,4,2025-11-09,6093.02,0,1
R400873,L200139,5,2025-12-09,6565.84,0,4
R400874,L200139,6,2026-01-09,6471.67,0,5
R400875,L200139,7,2026-02-09,6461.68,0,5
R400876,L200139,8,2026-03-09,5878.38,0,0
R400877,L200139,9,2026-04-09,6007.73,0,6
R400878,L200139,10,2026-05-09,6304.44,0,0
R400879,L200139,11,2026-06-09,6192.66,0,4
R400880,L200140,1,2025-08-09,11480.94,0,6
R400881,L200140,2,2025-09-09,10828.81,0,2
R400882,L200140,3,2025-10-09,11916.41,0,3
R400883,L200140,4,2025-11-09,11099.89,0,4
R400884,L200140,5,2025-12-09,11313.99,0,3
R400885,L200140,6,2026-01-09,11454.24,0,1
R400886,L200140,7,2026-02-09,10970.63,0,5
R400887,L200140,8,2026-03-09,11558.16,0,2
R400888,L200140,9,2026-04-09,11856.41,0,6
R400889,L200140,10,2026-05-09,11209.81,0,4
R400890,L200140,11,2026-06-09,11135.82,0,1
R400891,L200141,1,2025-10-15,3261.49,0,1
R400892,L200141,2,2025-11-15,3270.64,0,1
R400893,L200141,3,2025-12-15,3330.34,0,3
R400894,L200141,4,2026-01-15,3134.54,0,6
R400895,L200141,5,2026-02-15,3075.85,0,2
R400896,L200141,6,2026-03-15,2926.3,0,6
R400897,L200141,7,2026-04-15,3196.72,0,6
R400898,L200141,8,2026-05-15,3066.06,0,5
R400899,L200141,9,2026-06-15,3154.3,0,4
R400900,L200142,1,2026-05-08,,1,66
R400901,L200142,2,2026-06-08,3451.62,0,1
R400902,L200143,1,2026-04-25,5126.32,0,2
R400903,L200143,2,2026-05-25,5188.26,0,4
R400904,L200143,3,2026-06-25,5443.06,0,0
R400905,L200144,1,2025-12-21,71528.86,0,3
R400906,L200144,2,2026-01-21,77509.6,0,6
R400907,L200144,3,2026-02-21,80302.26,0,1
R400908,L200144,4,2026-03-21,79014.9,0,3
R400909,L200144,5,2026-04-21,70502.49,0,3
R400910,L200144,6,2026-05-21,80127.92,0,5
R400911,L200144,7,2026-06-21,76526.49,0,3
R400912,L200145,1,2026-06-12,1617.21,0,6
R400913,L200146,1,2025-12-13,16436.79,0,1
R400914,L200146,2,2026-01-13,15944.48,0,4
R400915,L200146,3,2026-02-13,16359.41,0,5
R400916,L200146,4,2026-03-13,16883.14,0,4
R400917,L200146,5,2026-04-13,,1,58
R400918,L200146,6,2026-05-13,17847.0,0,6
R400919,L200146,7,2026-06-13,15769.26,0,1
R400920,L200147,1,2025-11-28,39301.89,0,1
R400921,L200147,2,2025-12-28,42069.74,0,3
R400922,L200147,3,2026-01-28,,1,73
R400923,L200147,4,2026-02-28,43925.73,0,2
R400924,L200147,5,2026-03-28,39823.75,0,3
R400925,L200147,6,2026-04-28,43926.53,0,6
R400926,L200147,7,2026-05-28,38983.52,0,2
R400927,L200147,8,2026-06-28,41653.81,0,0
R400928,L200148,1,2025-11-24,,1,95
R400929,L200148,2,2025-12-24,,1,66
R400930,L200148,3,2026-01-24,3981.35,0,0
R400931,L200148,4,2026-02-24,3916.93,0,5
R400932,L200148,5,2026-03-24,4440.89,0,1
R400933,L200148,6,2026-04-24,4104.66,0,1
R400934,L200148,7,2026-05-24,3818.58,0,2
R400935,L200148,8,2026-06-24,,1,98
R400936,L200149,1,2026-01-30,11947.09,0,3
R400937,L200149,2,2026-02-28,12493.02,0,5
R400938,L200149,3,2026-03-30,12261.6,0,1
R400939,L200149,4,2026-04-30,13541.06,0,6
R400940,L200149,5,2026-05-30,13408.59,0,1
R400941,L200149,6,2026-06-30,,1,41
R400942,L200150,1,2026-07-29,1100.14,0,3
R400943,L200151,1,2026-04-09,1157.42,0,3
R400944,L200151,2,2026-05-09,1097.82,0,4
R400945,L200151,3,2026-06-09,1204.86,0,5
R400946,L200152,1,2026-03-17,29558.21,0,2
R400947,L200152,2,2026-04-17,30505.38,0,6
R400948,L200152,3,2026-05-17,30431.76,0,1
R400949,L200152,4,2026-06-17,29570.36,0,0
R400950,L200153,1,2026-04-02,5018.86,0,6
R400951,L200153,2,2026-05-02,4941.59,0,4
R400952,L200153,3,2026-06-02,,1,76
R400953,L200153,4,2026-07-02,5372.06,0,0
R400954,L200154,1,2025-12-11,1302.22,0,6
R400955,L200154,2,2026-01-11,1392.61,0,1
R400956,L200154,3,2026-02-11,,1,69
R400957,L200154,4,2026-03-11,1250.11,0,1
R400958,L200154,5,2026-04-11,1321.39,0,1
R400959,L200154,6,2026-05-11,1276.75,0,5
R400960,L200154,7,2026-06-11,1314.78,0,3
R400961,L200155,1,2026-04-02,18462.3,0,1
R400962,L200155,2,2026-05-02,18692.69,0,2
R400963,L200155,3,2026-06-02,17594.58,0,0
R400964,L200155,4,2026-07-02,17683.8,0,3
R400965,L200156,1,2025-09-03,4058.63,0,0
R400966,L200156,2,2025-10-03,3592.65,0,3
R400967,L200156,3,2025-11-03,3792.83,0,5
R400968,L200156,4,2025-12-03,3874.8,0,4
R400969,L200156,5,2026-01-03,4044.81,0,1
R400970,L200156,6,2026-02-03,3576.92,0,3
R400971,L200156,7,2026-03-03,3686.45,0,2
R400972,L200156,8,2026-04-03,3588.99,0,2
R400973,L200156,9,2026-05-03,3707.08,0,4
R400974,L200156,10,2026-06-03,3701.14,0,3
R400975,L200156,11,2026-07-03,3709.87,0,1
R400976,L200157,1,2026-04-10,,1,92
R400977,L200157,2,2026-05-10,,1,58
R400978,L200157,3,2026-06-10,840.07,0,1
R400979,L200158,1,2026-02-14,2891.96,0,1
R400980,L200158,2,2026-03-14,3348.25,0,0
R400981,L200158,3,2026-04-14,3352.87,0,6
R400982,L200158,4,2026-05-14,3340.44,0,2
R400983,L200158,5,2026-06-14,3043.05,0,3
R400984,L200159,1,2026-03-21,634.32,0,0
R400985,L200159,2,2026-04-21,640.54,0,2
R400986,L200159,3,2026-05-21,640.72,0,0
R400987,L200159,4,2026-06-21,662.18,0,0
R400988,L200160,1,2026-05-14,4326.01,0,0
R400989,L200160,2,2026-06-14,4139.33,0,0
R400990,L200161,1,2026-05-27,2002.78,0,6
R400991,L200161,2,2026-06-27,,1,41
R400992,L200162,1,2025-10-18,26767.45,0,4
R400993,L200162,2,2025-11-18,26539.61,0,0
R400994,L200162,3,2025-12-18,23760.33,0,4
R400995,L200162,4,2026-01-18,27105.27,0,1
R400996,L200162,5,2026-02-18,,1,43
R400997,L200162,6,2026-03-18,23954.04,0,2
R400998,L200162,7,2026-04-18,26945.33,0,3
R400999,L200162,8,2026-05-18,27497.4,0,0
R401000,L200162,9,2026-06-18,24403.6,0,1
R401001,L200163,1,2025-11-04,30628.42,0,5
R401002,L200163,2,2025-12-04,30172.28,0,2
R401003,L200163,3,2026-01-04,29507.62,0,4
R401004,L200163,4,2026-02-04,29578.03,0,3
R401005,L200163,5,2026-03-04,29920.06,0,0
R401006,L200163,6,2026-04-04,30952.01,0,1
R401007,L200163,7,2026-05-04,27967.13,0,6
R401008,L200163,8,2026-06-04,27594.85,0,2
R401009,L200164,1,2025-09-10,,1,71
R401010,L200164,2,2025-10-10,887.29,0,0
R401011,L200164,3,2025-11-10,809.32,0,2
R401012,L200164,4,2025-12-10,,1,78
R401013,L200164,5,2026-01-10,,1,30
R401014,L200164,6,2026-02-10,829.86,0,4
R401015,L200164,7,2026-03-10,824.52,0,0
R401016,L200164,8,2026-04-10,892.4,0,4
R401017,L200164,9,2026-05-10,,1,97
R401018,L200164,10,2026-06-10,886.69,0,4
R401019,L200165,1,2026-03-13,7958.71,0,6
R401020,L200165,2,2026-04-13,,1,64
R401021,L200165,3,2026-05-13,7718.84,0,5
R401022,L200165,4,2026-06-13,7354.76,0,2
R401023,L200166,1,2025-12-12,7828.58,0,5
R401024,L200166,2,2026-01-12,7454.63,0,5
R401025,L200166,3,2026-02-12,7329.23,0,2
R401026,L200166,4,2026-03-12,7276.56,0,5
R401027,L200166,5,2026-04-12,6840.68,0,1
R401028,L200166,6,2026-05-12,7394.42,0,3
R401029,L200166,7,2026-06-12,7903.41,0,0
R401030,L200167,1,2025-11-05,10611.96,0,4
R401031,L200167,2,2025-12-05,10492.88,0,4
R401032,L200167,3,2026-01-05,11001.79,0,2
R401033,L200167,4,2026-02-05,10013.09,0,5
R401034,L200167,5,2026-03-05,10726.32,0,0
R401035,L200167,6,2026-04-05,10277.25,0,2
R401036,L200167,7,2026-05-05,11184.82,0,2
R401037,L200167,8,2026-06-05,10717.26,0,0
R401038,L200168,1,2026-02-20,3924.16,0,0
R401039,L200168,2,2026-03-20,3683.4,0,0
R401040,L200168,3,2026-04-20,3808.98,0,6
R401041,L200168,4,2026-05-20,4035.74,0,3
R401042,L200168,5,2026-06-20,4227.85,0,6
R401043,L200169,1,2026-01-02,3161.21,0,3
R401044,L200169,2,2026-02-02,3226.37,0,4
R401045,L200169,3,2026-03-02,2927.3,0,3
R401046,L200169,4,2026-04-02,2910.71,0,4
R401047,L200169,5,2026-05-02,,1,83
R401048,L200169,6,2026-06-02,3115.69,0,2
R401049,L200169,7,2026-07-02,3122.86,0,6
R401050,L200170,1,2026-07-13,18098.12,0,6
R401051,L200171,1,2026-04-27,5375.65,0,1
R401052,L200171,2,2026-05-27,5205.26,0,0
R401053,L200171,3,2026-06-27,4882.27,0,4
R401054,L200172,1,2025-11-23,2832.86,0,5
R401055,L200172,2,2025-12-23,2914.66,0,3
R401056,L200172,3,2026-01-23,2954.65,0,0
R401057,L200172,4,2026-02-23,2778.6,0,3
R401058,L200172,5,2026-03-23,2619.89,0,2
R401059,L200172,6,2026-04-23,2556.22,0,6
R401060,L200172,7,2026-05-23,2560.27,0,2
R401061,L200172,8,2026-06-23,2824.95,0,1
R401062,L200173,1,2026-05-08,23718.41,0,5
R401063,L200173,2,2026-06-08,22728.49,0,5
R401064,L200174,1,2026-01-16,14490.06,0,5
R401065,L200174,2,2026-02-16,14589.43,0,2
R401066,L200174,3,2026-03-16,14187.93,0,0
R401067,L200174,4,2026-04-16,14629.02,0,0
R401068,L200174,5,2026-05-16,13549.95,0,0
R401069,L200174,6,2026-06-16,14414.3,0,1
R401070,L200175,1,2026-04-26,7048.32,0,4
R401071,L200175,2,2026-05-26,6927.04,0,3
R401072,L200175,3,2026-06-26,6853.54,0,2
R401073,L200176,1,2025-09-18,,1,30
R401074,L200176,2,2025-10-18,1601.37,0,5
R401075,L200176,3,2025-11-18,1601.12,0,3
R401076,L200176,4,2025-12-18,1519.4,0,0
R401077,L200176,5,2026-01-18,1704.03,0,1
R401078,L200176,6,2026-02-18,1503.35,0,2
R401079,L200176,7,2026-03-18,1607.02,0,6
R401080,L200176,8,2026-04-18,1546.9,0,3
R401081,L200176,9,2026-05-18,1558.11,0,2
R401082,L200176,10,2026-06-18,1615.67,0,6
R401083,L200177,1,2026-06-16,297516.53,0,6
R401084,L200178,1,2026-06-28,1374.76,0,3
R401085,L200179,1,2026-03-24,,1,99
R401086,L200179,2,2026-04-24,3244.04,0,5
R401087,L200179,3,2026-05-24,,1,37
R401088,L200179,4,2026-06-24,3139.09,0,1
R401089,L200180,1,2026-05-14,4180.49,0,6
R401090,L200180,2,2026-06-14,4270.02,0,5
R401091,L200181,1,2025-09-08,5335.77,0,3
R401092,L200181,2,2025-10-08,5507.14,0,5
R401093,L200181,3,2025-11-08,5415.8,0,1
R401094,L200181,4,2025-12-08,5835.72,0,1
R401095,L200181,5,2026-01-08,5898.71,0,3
R401096,L200181,6,2026-02-08,5740.32,0,1
R401097,L200181,7,2026-03-08,6097.44,0,2
R401098,L200181,8,2026-04-08,6010.25,0,6
R401099,L200181,9,2026-05-08,6039.0,0,0
R401100,L200181,10,2026-06-08,5321.71,0,4
R401101,L200182,1,2026-06-18,5645.52,0,5
R401102,L200183,1,2025-11-10,11385.17,0,5
R401103,L200183,2,2025-12-10,12016.05,0,6
R401104,L200183,3,2026-01-10,11522.84,0,0
R401105,L200183,4,2026-02-10,11126.78,0,5
R401106,L200183,5,2026-03-10,11759.24,0,4
R401107,L200183,6,2026-04-10,11712.05,0,2
R401108,L200183,7,2026-05-10,10879.5,0,5
R401109,L200183,8,2026-06-10,12037.62,0,4
R401110,L200184,1,2026-01-02,1253.07,0,0
R401111,L200184,2,2026-02-02,1252.63,0,3
R401112,L200184,3,2026-03-02,,1,98
R401113,L200184,4,2026-04-02,,1,52
R401114,L200184,5,2026-05-02,,1,42
R401115,L200184,6,2026-06-02,,1,46
R401116,L200184,7,2026-07-02,1304.89,0,0
R401117,L200185,1,2026-02-17,27448.98,0,2
R401118,L200185,2,2026-03-17,,1,75
R401119,L200185,3,2026-04-17,27165.07,0,6
R401120,L200185,4,2026-05-17,,1,35
R401121,L200185,5,2026-06-17,,1,60
R401122,L200186,1,2026-04-20,1145.92,0,4
R401123,L200186,2,2026-05-20,1017.45,0,0
R401124,L200186,3,2026-06-20,1023.86,0,3
R401125,L200187,1,2025-09-20,,1,77
R401126,L200187,2,2025-10-20,3319.28,0,4
R401127,L200187,3,2025-11-20,3595.95,0,5
R401128,L200187,4,2025-12-20,3704.95,0,2
R401129,L200187,5,2026-01-20,3568.45,0,3
R401130,L200187,6,2026-02-20,3419.63,0,1
R401131,L200187,7,2026-03-20,3628.74,0,5
R401132,L200187,8,2026-04-20,3438.84,0,5
R401133,L200187,9,2026-05-20,3651.07,0,0
R401134,L200187,10,2026-06-20,3317.63,0,5
R401135,L200188,1,2026-04-27,350.57,0,6
R401136,L200188,2,2026-05-27,353.69,0,4
R401137,L200188,3,2026-06-27,352.09,0,4
R401138,L200189,1,2026-03-10,4390.01,0,3
R401139,L200189,2,2026-04-10,4525.13,0,2
R401140,L200189,3,2026-05-10,4277.01,0,0
R401141,L200189,4,2026-06-10,4183.59,0,5
R401142,L200190,1,2026-06-25,17497.75,0,2
R401143,L200191,1,2026-06-07,577.86,0,2
R401144,L200192,1,2025-09-24,7759.25,0,2
R401145,L200192,2,2025-10-24,7822.87,0,2
R401146,L200192,3,2025-11-24,7372.9,0,3
R401147,L200192,4,2025-12-24,7177.81,0,6
R401148,L200192,5,2026-01-24,7390.83,0,5
R401149,L200192,6,2026-02-24,8116.49,0,1
R401150,L200192,7,2026-03-24,7858.6,0,4
R401151,L200192,8,2026-04-24,7355.48,0,1
R401152,L200192,9,2026-05-24,7655.84,0,2
R401153,L200192,10,2026-06-24,7513.08,0,5
R401154,L200193,1,2026-07-22,14719.54,0,5
R401155,L200194,1,2026-05-30,2067.09,0,0
R401156,L200194,2,2026-06-30,2194.9,0,6
R401157,L200195,1,2025-10-19,3090.21,0,6
R401158,L200195,2,2025-11-19,,1,65
R401159,L200195,3,2025-12-19,3069.07,0,1
R401160,L200195,4,2026-01-19,3126.37,0,5
R401161,L200195,5,2026-02-19,3459.61,0,2
R401162,L200195,6,2026-03-19,3237.84,0,1
R401163,L200195,7,2026-04-19,,1,59
R401164,L200195,8,2026-05-19,3178.89,0,4
R401165,L200195,9,2026-06-19,,1,75
R401166,L200196,1,2026-02-04,2101.13,0,5
R401167,L200196,2,2026-03-04,1871.3,0,0
R401168,L200196,3,2026-04-04,2145.69,0,0
R401169,L200196,4,2026-05-04,2040.92,0,2
R401170,L200196,5,2026-06-04,2103.54,0,2
R401171,L200197,1,2026-05-22,1721.67,0,3
R401172,L200197,2,2026-06-22,1914.44,0,4
R401173,L200198,1,2026-06-06,20057.74,0,4
R401174,L200199,1,2026-04-06,3254.62,0,5
R401175,L200199,2,2026-05-06,3548.27,0,1
R401176,L200199,3,2026-06-06,3242.36,0,0
R401177,L200200,1,2025-10-22,11604.91,0,6
R401178,L200200,2,2025-11-22,10526.42,0,4
R401179,L200200,3,2025-12-22,11205.2,0,6
R401180,L200200,4,2026-01-22,,1,36
R401181,L200200,5,2026-02-22,,1,32
R401182,L200200,6,2026-03-22,11736.89,0,2
R401183,L200200,7,2026-04-22,,1,88
R401184,L200200,8,2026-05-22,,1,88
R401185,L200200,9,2026-06-22,,1,97
R401186,L200201,1,2026-06-16,14364.04,0,1
R401187,L200202,1,2025-11-29,1171.49,0,2
R401188,L200202,2,2025-12-29,1178.57,0,5
R401189,L200202,3,2026-01-29,1210.99,0,4
R401190,L200202,4,2026-02-28,1197.44,0,5
R401191,L200202,5,2026-03-29,1171.57,0,2
R401192,L200202,6,2026-04-29,1115.56,0,5
R401193,L200202,7,2026-05-29,1133.91,0,2
R401194,L200202,8,2026-06-29,1256.29,0,3
R401195,L200203,1,2025-12-25,8619.06,0,4
R401196,L200203,2,2026-01-25,8390.4,0,3
R401197,L200203,3,2026-02-25,8000.35,0,5
R401198,L200203,4,2026-03-25,7806.25,0,1
R401199,L200203,5,2026-04-25,7700.95,0,0
R401200,L200203,6,2026-05-25,8810.13,0,1
R401201,L200203,7,2026-06-25,7886.69,0,3
R401202,L200204,1,2025-09-12,3227.87,0,0
R401203,L200204,2,2025-10-12,3272.59,0,0
R401204,L200204,3,2025-11-12,3368.51,0,2
R401205,L200204,4,2025-12-12,,1,84
R401206,L200204,5,2026-01-12,3111.84,0,4
R401207,L200204,6,2026-02-12,3283.25,0,2
R401208,L200204,7,2026-03-12,3133.39,0,4
R401209,L200204,8,2026-04-12,3465.92,0,2
R401210,L200204,9,2026-05-12,3234.69,0,3
R401211,L200204,10,2026-06-12,3543.64,0,5
R401212,L200205,1,2026-03-03,12628.45,0,0
R401213,L200205,2,2026-04-03,12464.55,0,0
R401214,L200205,3,2026-05-03,12533.13,0,5
R401215,L200205,4,2026-06-03,13658.56,0,5
R401216,L200206,1,2025-12-20,986.02,0,3
R401217,L200206,2,2026-01-20,922.86,0,6
R401218,L200206,3,2026-02-20,938.97,0,6
R401219,L200206,4,2026-03-20,902.27,0,1
R401220,L200206,5,2026-04-20,933.39,0,1
R401221,L200206,6,2026-05-20,958.72,0,4
R401222,L200206,7,2026-06-20,867.26,0,1
R401223,L200207,1,2025-10-15,2426.15,0,5
R401224,L200207,2,2025-11-15,2435.71,0,4
R401225,L200207,3,2025-12-15,2277.39,0,1
R401226,L200207,4,2026-01-15,2387.38,0,1
R401227,L200207,5,2026-02-15,2288.28,0,3
R401228,L200207,6,2026-03-15,2302.82,0,6
R401229,L200207,7,2026-04-15,2376.42,0,0
R401230,L200207,8,2026-05-15,2367.89,0,5
R401231,L200207,9,2026-06-15,2133.4,0,2
R401232,L200208,1,2026-01-23,3354.62,0,0
R401233,L200208,2,2026-02-23,3150.8,0,3
R401234,L200208,3,2026-03-23,3137.7,0,0
R401235,L200208,4,2026-04-23,3183.78,0,5
R401236,L200208,5,2026-05-23,3268.26,0,6
R401237,L200208,6,2026-06-23,3105.7,0,0
R401238,L200209,1,2025-10-07,282.54,0,4
R401239,L200209,2,2025-11-07,268.16,0,2
R401240,L200209,3,2025-12-07,,1,98
R401241,L200209,4,2026-01-07,,1,98
R401242,L200209,5,2026-02-07,296.13,0,3
R401243,L200209,6,2026-03-07,291.97,0,4
R401244,L200209,7,2026-04-07,278.88,0,4
R401245,L200209,8,2026-05-07,280.08,0,4
R401246,L200209,9,2026-06-07,277.13,0,0
R401247,L200210,1,2025-11-15,3193.32,0,4
R401248,L200210,2,2025-12-15,3169.49,0,0
R401249,L200210,3,2026-01-15,3023.64,0,1
R401250,L200210,4,2026-02-15,3043.71,0,6
R401251,L200210,5,2026-03-15,2963.36,0,4
R401252,L200210,6,2026-04-15,3053.64,0,2
R401253,L200210,7,2026-05-15,2959.97,0,2
R401254,L200210,8,2026-06-15,2981.83,0,4
R401255,L200211,1,2025-12-22,5025.21,0,4
R401256,L200211,2,2026-01-22,5029.39,0,0
R401257,L200211,3,2026-02-22,5034.12,0,4
R401258,L200211,4,2026-03-22,,1,62
R401259,L200211,5,2026-04-22,4962.97,0,0
R401260,L200211,6,2026-05-22,5632.36,0,0
R401261,L200211,7,2026-06-22,5251.35,0,2
R401262,L200212,1,2026-01-29,193.88,0,2
R401263,L200212,2,2026-02-28,217.28,0,4
R401264,L200212,3,2026-03-29,219.67,0,1
R401265,L200212,4,2026-04-29,194.0,0,5
R401266,L200212,5,2026-05-29,213.71,0,5
R401267,L200212,6,2026-06-29,217.78,0,4
R401268,L200213,1,2026-02-06,1843.49,0,3
R401269,L200213,2,2026-03-06,2006.72,0,2
R401270,L200213,3,2026-04-06,2024.04,0,4
R401271,L200213,4,2026-05-06,1851.06,0,0
R401272,L200213,5,2026-06-06,1802.42,0,4
R401273,L200214,1,2025-08-06,872.14,0,5
R401274,L200214,2,2025-09-06,882.92,0,2
R401275,L200214,3,2025-10-06,892.3,0,2
R401276,L200214,4,2025-11-06,807.2,0,3
R401277,L200214,5,2025-12-06,912.08,0,1
R401278,L200214,6,2026-01-06,,1,58
R401279,L200214,7,2026-02-06,800.87,0,0
R401280,L200214,8,2026-03-06,835.81,0,0
R401281,L200214,9,2026-04-06,876.75,0,1
R401282,L200214,10,2026-05-06,828.14,0,4
R401283,L200214,11,2026-06-06,863.62,0,1
R401284,L200215,1,2026-03-09,2395.57,0,6
R401285,L200215,2,2026-04-09,2283.09,0,5
R401286,L200215,3,2026-05-09,2229.75,0,6
R401287,L200215,4,2026-06-09,2486.39,0,1
R401288,L200216,1,2026-07-27,11291.26,0,0
R401289,L200217,1,2025-10-29,45976.58,0,3
R401290,L200217,2,2025-11-29,42542.85,0,0
R401291,L200217,3,2025-12-29,42189.91,0,2
R401292,L200217,4,2026-01-29,47008.71,0,5
R401293,L200217,5,2026-02-28,44808.29,0,6
R401294,L200217,6,2026-03-29,43638.72,0,0
R401295,L200217,7,2026-04-29,45777.83,0,4
R401296,L200217,8,2026-05-29,45602.93,0,6
R401297,L200217,9,2026-06-29,40957.58,0,6
R401298,L200218,1,2026-03-27,9772.64,0,0
R401299,L200218,2,2026-04-27,9395.22,0,2
R401300,L200218,3,2026-05-27,9799.15,0,0
R401301,L200218,4,2026-06-27,8760.65,0,2
R401302,L200219,1,2025-12-15,50347.0,0,2
R401303,L200219,2,2026-01-15,52054.09,0,3
R401304,L200219,3,2026-02-15,,1,98
R401305,L200219,4,2026-03-15,50716.06,0,1
R401306,L200219,5,2026-04-15,52167.1,0,1
R401307,L200219,6,2026-05-15,53612.66,0,3
R401308,L200219,7,2026-06-15,51270.37,0,0
R401309,L200220,1,2026-05-07,1876.88,0,4
R401310,L200220,2,2026-06-07,1787.75,0,3
R401311,L200221,1,2025-11-24,,1,66
R401312,L200221,2,2025-12-24,4693.67,0,0
R401313,L200221,3,2026-01-24,4591.42,0,0
R401314,L200221,4,2026-02-24,4835.64,0,0
R401315,L200221,5,2026-03-24,4295.59,0,3
R401316,L200221,6,2026-04-24,4578.06,0,0
R401317,L200221,7,2026-05-24,4307.52,0,3
R401318,L200221,8,2026-06-24,4861.14,0,2
R401319,L200222,1,2026-01-15,3241.16,0,0
R401320,L200222,2,2026-02-15,3043.76,0,2
R401321,L200222,3,2026-03-15,2979.12,0,2
R401322,L200222,4,2026-04-15,3406.07,0,4
R401323,L200222,5,2026-05-15,3263.33,0,5
R401324,L200222,6,2026-06-15,,1,97
R401325,L200223,1,2025-11-12,22889.03,0,1
R401326,L200223,2,2025-12-12,25358.94,0,6
R401327,L200223,3,2026-01-12,22582.74,0,0
R401328,L200223,4,2026-02-12,23861.81,0,3
R401329,L200223,5,2026-03-12,,1,82
R401330,L200223,6,2026-04-12,,1,69
R401331,L200223,7,2026-05-12,24071.4,0,4
R401332,L200223,8,2026-06-12,22825.45,0,3
R401333,L200224,1,2026-05-18,33343.92,0,5
R401334,L200224,2,2026-06-18,34694.1,0,0
R401335,L200225,1,2026-07-22,2090.16,0,4
R401336,L200226,1,2025-09-30,8208.22,0,5
R401337,L200226,2,2025-10-31,8193.19,0,2
R401338,L200226,3,2025-11-30,7412.93,0,3
R401339,L200226,4,2025-12-31,8233.22,0,1
R401340,L200226,5,2026-01-31,7529.65,0,1
R401341,L200226,6,2026-02-28,7952.15,0,0
R401342,L200226,7,2026-03-31,8196.06,0,0
R401343,L200226,8,2026-04-30,7345.44,0,0
R401344,L200226,9,2026-05-31,7216.34,0,2
R401345,L200226,10,2026-06-30,7737.5,0,5
R401346,L200227,1,2025-12-10,46973.94,0,6
R401347,L200227,2,2026-01-10,45848.69,0,0
R401348,L200227,3,2026-02-10,43374.13,0,1
R401349,L200227,4,2026-03-10,48293.99,0,0
R401350,L200227,5,2026-04-10,47706.25,0,3
R401351,L200227,6,2026-05-10,43726.85,0,0
R401352,L200227,7,2026-06-10,48946.39,0,2
R401353,L200228,1,2026-03-28,16884.02,0,4
R401354,L200228,2,2026-04-28,17877.94,0,6
R401355,L200228,3,2026-05-28,18361.55,0,1
R401356,L200228,4,2026-06-28,17060.9,0,1
R401357,L200229,1,2025-12-22,1510.27,0,4
R401358,L200229,2,2026-01-22,1520.62,0,5
R401359,L200229,3,2026-02-22,1478.56,0,4
R401360,L200229,4,2026-03-22,1628.51,0,4
R401361,L200229,5,2026-04-22,1527.14,0,2
R401362,L200229,6,2026-05-22,1641.16,0,3
R401363,L200229,7,2026-06-22,1593.52,0,3
R401364,L200230,1,2026-05-29,923.48,0,2
R401365,L200230,2,2026-06-29,903.33,0,0
R401366,L200231,1,2026-02-12,9693.08,0,6
R401367,L200231,2,2026-03-12,11218.11,0,0
R401368,L200231,3,2026-04-12,10774.11,0,2
R401369,L200231,4,2026-05-12,9722.52,0,5
R401370,L200231,5,2026-06-12,11120.25,0,1
R401371,L200232,1,2025-08-04,8124.18,0,1
R401372,L200232,2,2025-09-04,8743.69,0,0
R401373,L200232,3,2025-10-04,9032.93,0,2
R401374,L200232,4,2025-11-04,7943.8,0,0
R401375,L200232,5,2025-12-04,8130.32,0,3
R401376,L200232,6,2026-01-04,7804.42,0,3
R401377,L200232,7,2026-02-04,8515.34,0,4
R401378,L200232,8,2026-03-04,8242.82,0,3
R401379,L200232,9,2026-04-04,7949.98,0,6
R401380,L200232,10,2026-05-04,8780.89,0,1
R401381,L200232,11,2026-06-04,8048.65,0,6
R401382,L200232,12,2026-07-04,9051.99,0,2
R401383,L200233,1,2026-03-13,4945.57,0,2
R401384,L200233,2,2026-04-13,5124.33,0,6
R401385,L200233,3,2026-05-13,5311.43,0,6
R401386,L200233,4,2026-06-13,5383.2,0,1
R401387,L200234,1,2026-04-08,,1,37
R401388,L200234,2,2026-05-08,13573.17,0,3
R401389,L200234,3,2026-06-08,14875.71,0,3
R401390,L200235,1,2026-03-20,720.98,0,5
R401391,L200235,2,2026-04-20,785.63,0,1
R401392,L200235,3,2026-05-20,,1,56
R401393,L200235,4,2026-06-20,772.83,0,1
R401394,L200236,1,2025-11-15,307.88,0,3
R401395,L200236,2,2025-12-15,285.96,0,6
R401396,L200236,3,2026-01-15,303.92,0,5
R401397,L200236,4,2026-02-15,286.38,0,4
R401398,L200236,5,2026-03-15,272.88,0,3
R401399,L200236,6,2026-04-15,297.63,0,6
R401400,L200236,7,2026-05-15,299.46,0,2
R401401,L200236,8,2026-06-15,311.26,0,2
R401402,L200237,1,2025-12-30,4188.57,0,1
R401403,L200237,2,2026-01-30,,1,44
R401404,L200237,3,2026-02-28,4268.16,0,5
R401405,L200237,4,2026-03-30,3816.86,0,3
R401406,L200237,5,2026-04-30,4176.39,0,5
R401407,L200237,6,2026-05-30,4173.48,0,3
R401408,L200237,7,2026-06-30,4087.13,0,0
R401409,L200238,1,2026-02-10,6459.28,0,6
R401410,L200238,2,2026-03-10,5838.06,0,2
R401411,L200238,3,2026-04-10,6353.22,0,4
R401412,L200238,4,2026-05-10,6332.18,0,6
R401413,L200238,5,2026-06-10,5751.15,0,4
R401414,L200239,1,2026-02-22,,1,30
R401415,L200239,2,2026-03-22,28366.08,0,1
R401416,L200239,3,2026-04-22,29704.22,0,4
R401417,L200239,4,2026-05-22,30694.88,0,4
R401418,L200239,5,2026-06-22,28152.79,0,3
R401419,L200240,1,2026-07-19,1192.68,0,6
R401420,L200241,1,2026-07-30,1293.94,0,1
R401421,L200242,1,2025-08-02,1646.26,0,2
R401422,L200242,2,2025-09-02,1760.74,0,3
R401423,L200242,3,2025-10-02,1619.93,0,4
R401424,L200242,4,2025-11-02,1832.47,0,6
R401425,L200242,5,2025-12-02,1719.41,0,5
R401426,L200242,6,2026-01-02,1774.18,0,0
R401427,L200242,7,2026-02-02,1685.04,0,4
R401428,L200242,8,2026-03-02,1821.38,0,6
R401429,L200242,9,2026-04-02,1716.3,0,3
R401430,L200242,10,2026-05-02,1688.08,0,3
R401431,L200242,11,2026-06-02,1707.77,0,5
R401432,L200242,12,2026-07-02,1756.79,0,4
R401433,L200243,1,2026-02-07,1275.48,0,0
R401434,L200243,2,2026-03-07,1301.98,0,6
R401435,L200243,3,2026-04-07,1310.1,0,2
R401436,L200243,4,2026-05-07,1240.03,0,6
R401437,L200243,5,2026-06-07,1283.51,0,6
R401438,L200244,1,2026-03-16,3782.69,0,2
R401439,L200244,2,2026-04-16,4067.59,0,6
R401440,L200244,3,2026-05-16,,1,39
R401441,L200244,4,2026-06-16,3976.92,0,5
R401442,L200245,1,2026-03-07,28770.65,0,3
R401443,L200245,2,2026-04-07,30780.42,0,5
R401444,L200245,3,2026-05-07,28204.71,0,3
R401445,L200245,4,2026-06-07,30482.62,0,6
R401446,L200246,1,2026-05-17,15022.76,0,1
R401447,L200246,2,2026-06-17,15406.64,0,1
R401448,L200247,1,2026-04-21,16004.55,0,6
R401449,L200247,2,2026-05-21,15210.59,0,3
R401450,L200247,3,2026-06-21,15515.86,0,5
R401451,L200248,1,2025-12-23,2474.17,0,2
R401452,L200248,2,2026-01-23,2233.54,0,4
R401453,L200248,3,2026-02-23,2293.05,0,0
R401454,L200248,4,2026-03-23,2244.94,0,4
R401455,L200248,5,2026-04-23,2544.74,0,2
R401456,L200248,6,2026-05-23,2550.44,0,5
R401457,L200248,7,2026-06-23,2419.98,0,4
R401458,L200249,1,2026-06-03,10440.39,0,3
R401459,L200250,1,2025-08-09,14447.43,0,5
R401460,L200250,2,2025-09-09,14036.59,0,5
R401461,L200250,3,2025-10-09,14556.71,0,1
R401462,L200250,4,2025-11-09,13977.64,0,2
R401463,L200250,5,2025-12-09,14103.63,0,3
R401464,L200250,6,2026-01-09,14633.83,0,0
R401465,L200250,7,2026-02-09,15232.98,0,2
R401466,L200250,8,2026-03-09,15013.28,0,5
R401467,L200250,9,2026-04-09,13999.95,0,4
R401468,L200250,10,2026-05-09,13418.12,0,1
R401469,L200250,11,2026-06-09,13902.58,0,1
R401470,L200251,1,2025-08-05,20592.44,0,4
R401471,L200251,2,2025-09-05,20987.79,0,1
R401472,L200251,3,2025-10-05,22052.97,0,2
R401473,L200251,4,2025-11-05,21108.47,0,2
R401474,L200251,5,2025-12-05,,1,92
R401475,L200251,6,2026-01-05,21814.8,0,3
R401476,L200251,7,2026-02-05,22142.04,0,6
R401477,L200251,8,2026-03-05,,1,77
R401478,L200251,9,2026-04-05,22532.47,0,2
R401479,L200251,10,2026-05-05,22048.18,0,2
R401480,L200251,11,2026-06-05,23399.23,0,1
R401481,L200251,12,2026-07-05,22496.61,0,3
R401482,L200252,1,2026-07-18,866.53,0,3
R401483,L200253,1,2025-12-25,2516.52,0,2
R401484,L200253,2,2026-01-25,2581.83,0,2
R401485,L200253,3,2026-02-25,2515.81,0,1
R401486,L200253,4,2026-03-25,2518.22,0,4
R401487,L200253,5,2026-04-25,2326.24,0,2
R401488,L200253,6,2026-05-25,2321.68,0,1
R401489,L200253,7,2026-06-25,2244.63,0,4
R401490,L200254,1,2025-11-09,578.42,0,3
R401491,L200254,2,2025-12-09,530.51,0,6
R401492,L200254,3,2026-01-09,561.99,0,4
R401493,L200254,4,2026-02-09,505.39,0,4
R401494,L200254,5,2026-03-09,569.97,0,2
R401495,L200254,6,2026-04-09,541.02,0,3
R401496,L200254,7,2026-05-09,533.66,0,4
R401497,L200254,8,2026-06-09,571.05,0,1
R401498,L200255,1,2026-05-05,4618.67,0,3
R401499,L200255,2,2026-06-05,4687.07,0,6
R401500,L200256,1,2026-01-07,960.86,0,4
R401501,L200256,2,2026-02-07,986.3,0,2
R401502,L200256,3,2026-03-07,1021.24,0,4
R401503,L200256,4,2026-04-07,1012.78,0,5
R401504,L200256,5,2026-05-07,1006.37,0,5
R401505,L200256,6,2026-06-07,1045.43,0,1
R401506,L200257,1,2026-05-06,1867.1,0,4
R401507,L200257,2,2026-06-06,1939.28,0,0
R401508,L200258,1,2025-11-27,6259.98,0,3
R401509,L200258,2,2025-12-27,6762.54,0,0
R401510,L200258,3,2026-01-27,6470.06,0,5
R401511,L200258,4,2026-02-27,6356.37,0,3
R401512,L200258,5,2026-03-27,6459.09,0,2
R401513,L200258,6,2026-04-27,6367.11,0,6
R401514,L200258,7,2026-05-27,6100.92,0,6
R401515,L200258,8,2026-06-27,6094.72,0,3
R401516,L200259,1,2026-07-07,18625.85,0,2
R401517,L200260,1,2026-04-12,35280.23,0,3
R401518,L200260,2,2026-05-12,,1,96
R401519,L200260,3,2026-06-12,40825.75,0,2
R401520,L200261,1,2026-02-11,4833.0,0,4
R401521,L200261,2,2026-03-11,4839.3,0,1
R401522,L200261,3,2026-04-11,4551.45,0,5
R401523,L200261,4,2026-05-11,4347.74,0,2
R401524,L200261,5,2026-06-11,4293.87,0,6
R401525,L200262,1,2025-12-01,8730.87,0,3
R401526,L200262,2,2026-01-01,9551.82,0,4
R401527,L200262,3,2026-02-01,9110.53,0,1
R401528,L200262,4,2026-03-01,8588.22,0,2
R401529,L200262,5,2026-04-01,8670.1,0,1
R401530,L200262,6,2026-05-01,9246.23,0,5
R401531,L200262,7,2026-06-01,8314.28,0,1
R401532,L200262,8,2026-07-01,8838.16,0,4
R401533,L200263,1,2026-07-09,10016.01,0,1
R401534,L200264,1,2025-12-09,221.15,0,3
R401535,L200264,2,2026-01-09,244.41,0,4
R401536,L200264,3,2026-02-09,,1,40
R401537,L200264,4,2026-03-09,241.71,0,6
R401538,L200264,5,2026-04-09,233.65,0,4
R401539,L200264,6,2026-05-09,232.24,0,3
R401540,L200264,7,2026-06-09,,1,33
R401541,L200265,1,2025-12-18,,1,52
R401542,L200265,2,2026-01-18,2209.23,0,1
R401543,L200265,3,2026-02-18,2021.7,0,1
R401544,L200265,4,2026-03-18,,1,59
R401545,L200265,5,2026-04-18,,1,67
R401546,L200265,6,2026-05-18,,1,65
R401547,L200265,7,2026-06-18,,1,41
R401548,L200266,1,2026-01-28,4112.99,0,5
R401549,L200266,2,2026-02-28,4442.34,0,5
R401550,L200266,3,2026-03-28,4205.92,0,1
R401551,L200266,4,2026-04-28,4505.06,0,3
R401552,L200266,5,2026-05-28,4275.02,0,3
R401553,L200266,6,2026-06-28,4499.82,0,3
R401554,L200267,1,2026-04-22,2449.95,0,1
R401555,L200267,2,2026-05-22,,1,65
R401556,L200267,3,2026-06-22,,1,79
R401557,L200268,1,2025-08-03,2635.31,0,1
R401558,L200268,2,2025-09-03,2364.21,0,4
R401559,L200268,3,2025-10-03,,1,82
R401560,L200268,4,2025-11-03,2724.89,0,1
R401561,L200268,5,2025-12-03,2703.41,0,1
R401562,L200268,6,2026-01-03,2465.46,0,6
R401563,L200268,7,2026-02-03,2556.9,0,1
R401564,L200268,8,2026-03-03,2372.41,0,2
R401565,L200268,9,2026-04-03,2596.47,0,0
R401566,L200268,10,2026-05-03,2439.74,0,2
R401567,L200268,11,2026-06-03,2581.44,0,3
R401568,L200268,12,2026-07-03,2482.12,0,2
R401569,L200269,1,2026-05-25,4947.21,0,3
R401570,L200269,2,2026-06-25,4839.98,0,3
R401571,L200270,1,2026-01-20,6373.38,0,1
R401572,L200270,2,2026-02-20,6711.5,0,4
R401573,L200270,3,2026-03-20,6474.29,0,3
R401574,L200270,4,2026-04-20,6692.91,0,3
R401575,L200270,5,2026-05-20,6261.43,0,3
R401576,L200270,6,2026-06-20,7168.19,0,0
R401577,L200271,1,2026-02-03,12260.48,0,3
R401578,L200271,2,2026-03-03,12894.07,0,4
R401579,L200271,3,2026-04-03,13125.75,0,1
R401580,L200271,4,2026-05-03,13660.71,0,2
R401581,L200271,5,2026-06-03,11918.61,0,4
R401582,L200272,1,2026-06-05,1405.17,0,2
R401583,L200273,1,2025-11-30,1468.06,0,2
R401584,L200273,2,2025-12-31,1265.66,0,1
R401585,L200273,3,2026-01-31,1370.33,0,1
R401586,L200273,4,2026-02-28,1277.57,0,3
R401587,L200273,5,2026-03-31,1458.72,0,4
R401588,L200273,6,2026-04-30,1454.2,0,1
R401589,L200273,7,2026-05-31,1277.02,0,0
R401590,L200273,8,2026-06-30,1376.51,0,2
R401591,L200274,1,2026-05-21,,1,34
R401592,L200274,2,2026-06-21,7957.55,0,4
R401593,L200275,1,2026-02-18,4552.68,0,4
R401594,L200275,2,2026-03-18,,1,74
R401595,L200275,3,2026-04-18,4696.75,0,6
R401596,L200275,4,2026-05-18,4573.23,0,6
R401597,L200275,5,2026-06-18,4639.5,0,0
R401598,L200276,1,2025-09-12,32270.89,0,6
R401599,L200276,2,2025-10-12,32947.64,0,1
R401600,L200276,3,2025-11-12,32870.51,0,2
R401601,L200276,4,2025-12-12,30338.83,0,0
R401602,L200276,5,2026-01-12,34106.31,0,2
R401603,L200276,6,2026-02-12,31423.67,0,2
R401604,L200276,7,2026-03-12,33609.44,0,4
R401605,L200276,8,2026-04-12,32451.79,0,2
R401606,L200276,9,2026-05-12,32667.41,0,3
R401607,L200276,10,2026-06-12,34212.65,0,6
R401608,L200277,1,2026-05-11,4814.79,0,4
R401609,L200277,2,2026-06-11,4863.5,0,6
R401610,L200278,1,2025-09-26,19871.27,0,1
R401611,L200278,2,2025-10-26,19073.0,0,3
R401612,L200278,3,2025-11-26,19676.49,0,1
R401613,L200278,4,2025-12-26,18839.06,0,2
R401614,L200278,5,2026-01-26,20493.15,0,0
R401615,L200278,6,2026-02-26,19110.37,0,5
R401616,L200278,7,2026-03-26,,1,49
R401617,L200278,8,2026-04-26,19740.72,0,0
R401618,L200278,9,2026-05-26,,1,94
R401619,L200278,10,2026-06-26,,1,89
R401620,L200279,1,2025-10-03,14083.46,0,4
R401621,L200279,2,2025-11-03,14189.86,0,1
R401622,L200279,3,2025-12-03,14117.8,0,6
R401623,L200279,4,2026-01-03,13482.48,0,6
R401624,L200279,5,2026-02-03,14531.68,0,1
R401625,L200279,6,2026-03-03,15620.14,0,3
R401626,L200279,7,2026-04-03,13470.87,0,5
R401627,L200279,8,2026-05-03,15508.09,0,6
R401628,L200279,9,2026-06-03,14057.12,0,4
R401629,L200279,10,2026-07-03,15506.32,0,3
R401630,L200280,1,2025-09-24,5768.81,0,2
R401631,L200280,2,2025-10-24,,1,73
R401632,L200280,3,2025-11-24,,1,94
R401633,L200280,4,2025-12-24,,1,41
R401634,L200280,5,2026-01-24,,1,39
R401635,L200280,6,2026-02-24,5849.63,0,2
R401636,L200280,7,2026-03-24,,1,57
R401637,L200280,8,2026-04-24,,1,73
R401638,L200280,9,2026-05-24,6187.42,0,2
R401639,L200280,10,2026-06-24,,1,75
R401640,L200281,1,2026-03-11,2897.83,0,3
R401641,L200281,2,2026-04-11,3117.31,0,2
R401642,L200281,3,2026-05-11,3149.41,0,5
R401643,L200281,4,2026-06-11,3105.5,0,3
R401644,L200282,1,2026-05-01,21858.43,0,6
R401645,L200282,2,2026-06-01,21631.15,0,5
R401646,L200282,3,2026-07-01,,1,86
R401647,L200283,1,2026-02-26,1773.75,0,5
R401648,L200283,2,2026-03-26,1822.73,0,0
R401649,L200283,3,2026-04-26,1950.94,0,1
R401650,L200283,4,2026-05-26,,1,40
R401651,L200283,5,2026-06-26,1782.29,0,2
R401652,L200284,1,2026-04-01,38473.27,0,1
R401653,L200284,2,2026-05-01,37682.31,0,6
R401654,L200284,3,2026-06-01,37398.33,0,0
R401655,L200284,4,2026-07-01,38229.9,0,5
R401656,L200285,1,2026-06-14,7846.0,0,0
R401657,L200286,1,2026-07-24,23492.28,0,3
R401658,L200287,1,2025-10-21,1032.5,0,4
R401659,L200287,2,2025-11-21,1058.04,0,6
R401660,L200287,3,2025-12-21,1180.82,0,6
R401661,L200287,4,2026-01-21,1115.86,0,5
R401662,L200287,5,2026-02-21,1069.76,0,5
R401663,L200287,6,2026-03-21,1059.65,0,6
R401664,L200287,7,2026-04-21,1044.87,0,3
R401665,L200287,8,2026-05-21,1183.86,0,1
R401666,L200287,9,2026-06-21,1102.58,0,5
R401667,L200288,1,2026-05-01,257669.33,0,2
R401668,L200288,2,2026-06-01,242951.95,0,0
R401669,L200288,3,2026-07-01,242134.38,0,6
R401670,L200289,1,2026-04-12,1355.75,0,1
R401671,L200289,2,2026-05-12,,1,58
R401672,L200289,3,2026-06-12,1338.57,0,6
R401673,L200290,1,2026-04-22,11174.97,0,6
R401674,L200290,2,2026-05-22,11529.75,0,4
R401675,L200290,3,2026-06-22,12073.37,0,6
R401676,L200291,1,2026-01-21,13275.38,0,3
R401677,L200291,2,2026-02-21,12228.94,0,1
R401678,L200291,3,2026-03-21,12265.05,0,2
R401679,L200291,4,2026-04-21,11677.84,0,4
R401680,L200291,5,2026-05-21,13147.04,0,2
R401681,L200291,6,2026-06-21,,1,54
R401682,L200292,1,2026-03-01,22843.35,0,2
R401683,L200292,2,2026-04-01,22818.84,0,5
R401684,L200292,3,2026-05-01,21135.87,0,1
R401685,L200292,4,2026-06-01,24157.37,0,2
R401686,L200293,1,2026-04-12,840.6,0,6
R401687,L200293,2,2026-05-12,872.29,0,3
R401688,L200293,3,2026-06-12,908.55,0,4
R401689,L200294,1,2026-04-07,30733.94,0,2
R401690,L200294,2,2026-05-07,32812.75,0,1
R401691,L200294,3,2026-06-07,29930.26,0,1
R401692,L200295,1,2026-02-05,5407.89,0,4
R401693,L200295,2,2026-03-05,5368.84,0,5
R401694,L200295,3,2026-04-05,5609.92,0,4
R401695,L200295,4,2026-05-05,5627.74,0,3
R401696,L200295,5,2026-06-05,5669.85,0,2
R401697,L200296,1,2026-07-26,4358.85,0,2
R401698,L200297,1,2026-01-13,,1,41
R401699,L200297,2,2026-02-13,18993.84,0,1
R401700,L200297,3,2026-03-13,17850.1,0,0
R401701,L200297,4,2026-04-13,18058.95,0,0
R401702,L200297,5,2026-05-13,16949.88,0,1
R401703,L200297,6,2026-06-13,18930.64,0,2
R401704,L200298,1,2026-05-14,38280.08,0,6
R401705,L200298,2,2026-06-14,36374.88,0,4
R401706,L200299,1,2026-05-05,1934.9,0,0
R401707,L200299,2,2026-06-05,2147.42,0,3
R401708,L200300,1,2026-02-06,1271.1,0,3
R401709,L200300,2,2026-03-06,1350.87,0,5
R401710,L200300,3,2026-04-06,1288.98,0,5
R401711,L200300,4,2026-05-06,1322.61,0,3
R401712,L200300,5,2026-06-06,1325.02,0,5
R401713,L200301,1,2026-05-17,5359.61,0,5
R401714,L200301,2,2026-06-17,5405.57,0,2
R401715,L200302,1,2025-10-01,379.25,0,3
R401716,L200302,2,2025-11-01,395.72,0,3
R401717,L200302,3,2025-12-01,411.99,0,4
R401718,L200302,4,2026-01-01,363.21,0,2
R401719,L200302,5,2026-02-01,409.96,0,0
R401720,L200302,6,2026-03-01,,1,68
R401721,L200302,7,2026-04-01,389.04,0,3
R401722,L200302,8,2026-05-01,407.67,0,4
R401723,L200302,9,2026-06-01,383.87,0,0
R401724,L200302,10,2026-07-01,411.58,0,3
R401725,L200303,1,2025-09-30,8804.52,0,5
R401726,L200303,2,2025-10-30,8417.72,0,1
R401727,L200303,3,2025-11-30,8100.77,0,4
R401728,L200303,4,2025-12-30,7922.74,0,4
R401729,L200303,5,2026-01-30,7914.71,0,1
R401730,L200303,6,2026-02-28,8748.24,0,1
R401731,L200303,7,2026-03-30,8209.98,0,1
R401732,L200303,8,2026-04-30,8630.15,0,0
R401733,L200303,9,2026-05-30,9155.84,0,3
R401734,L200303,10,2026-06-30,9087.8,0,2
R401735,L200304,1,2026-06-16,12978.01,0,5
R401736,L200305,1,2026-02-13,,1,88
R401737,L200305,2,2026-03-13,4210.42,0,3
R401738,L200305,3,2026-04-13,,1,84
R401739,L200305,4,2026-05-13,3833.4,0,6
R401740,L200305,5,2026-06-13,,1,56
R401741,L200306,1,2026-04-16,5022.27,0,2
R401742,L200306,2,2026-05-16,5570.87,0,2
R401743,L200306,3,2026-06-16,5590.69,0,4
R401744,L200307,1,2026-04-12,682.83,0,5
R401745,L200307,2,2026-05-12,688.43,0,1
R401746,L200307,3,2026-06-12,769.77,0,5
R401747,L200308,1,2026-07-18,701.19,0,0
R401748,L200309,1,2026-01-30,288.44,0,0
R401749,L200309,2,2026-02-28,318.7,0,1
R401750,L200309,3,2026-03-30,289.29,0,6
R401751,L200309,4,2026-04-30,310.81,0,3
R401752,L200309,5,2026-05-30,,1,32
R401753,L200309,6,2026-06-30,,1,55
R401754,L200310,1,2025-08-26,9425.69,0,1
R401755,L200310,2,2025-09-26,8791.11,0,6
R401756,L200310,3,2025-10-26,,1,92
R401757,L200310,4,2025-11-26,8438.04,0,3
R401758,L200310,5,2025-12-26,8591.24,0,0
R401759,L200310,6,2026-01-26,8480.04,0,2
R401760,L200310,7,2026-02-26,8773.87,0,3
R401761,L200310,8,2026-03-26,8335.12,0,2
R401762,L200310,9,2026-04-26,8887.45,0,1
R401763,L200310,10,2026-05-26,8856.12,0,2
R401764,L200310,11,2026-06-26,9353.17,0,1
R401765,L200311,1,2026-03-24,3441.49,0,6
R401766,L200311,2,2026-04-24,3432.29,0,1
R401767,L200311,3,2026-05-24,3250.77,0,0
R401768,L200311,4,2026-06-24,3072.82,0,1
R401769,L200312,1,2026-02-27,371.02,0,4
R401770,L200312,2,2026-03-27,405.58,0,5
R401771,L200312,3,2026-04-27,366.21,0,1
R401772,L200312,4,2026-05-27,417.35,0,4
R401773,L200312,5,2026-06-27,379.74,0,5
R401774,L200313,1,2025-08-09,1529.21,0,6
R401775,L200313,2,2025-09-09,1622.92,0,0
R401776,L200313,3,2025-10-09,1716.2,0,2
R401777,L200313,4,2025-11-09,1527.23,0,2
R401778,L200313,5,2025-12-09,1641.77,0,2
R401779,L200313,6,2026-01-09,1573.97,0,1
R401780,L200313,7,2026-02-09,1650.68,0,1
R401781,L200313,8,2026-03-09,1576.16,0,1
R401782,L200313,9,2026-04-09,1665.62,0,2
R401783,L200313,10,2026-05-09,1593.48,0,2
R401784,L200313,11,2026-06-09,1575.28,0,1
R401785,L200314,1,2026-04-21,300.67,0,2
R401786,L200314,2,2026-05-21,277.28,0,2
R401787,L200314,3,2026-06-21,311.97,0,4
R401788,L200315,1,2026-06-30,8254.45,0,4
R401789,L200316,1,2026-06-25,6005.22,0,1
R401790,L200317,1,2025-08-28,,1,45
R401791,L200317,2,2025-09-28,515.41,0,3
R401792,L200317,3,2025-10-28,501.94,0,2
R401793,L200317,4,2025-11-28,506.72,0,1
R401794,L200317,5,2025-12-28,520.7,0,5
R401795,L200317,6,2026-01-28,478.08,0,6
R401796,L200317,7,2026-02-28,498.13,0,1
R401797,L200317,8,2026-03-28,485.7,0,5
R401798,L200317,9,2026-04-28,544.41,0,5
R401799,L200317,10,2026-05-28,501.81,0,3
R401800,L200317,11,2026-06-28,544.08,0,0
R401801,L200318,1,2025-11-15,10040.11,0,0
R401802,L200318,2,2025-12-15,,1,78
R401803,L200318,3,2026-01-15,9033.63,0,5
R401804,L200318,4,2026-02-15,9539.06,0,2
R401805,L200318,5,2026-03-15,9756.88,0,5
R401806,L200318,6,2026-04-15,9541.42,0,4
R401807,L200318,7,2026-05-15,,1,59
R401808,L200318,8,2026-06-15,9415.94,0,5
R401809,L200319,1,2026-06-21,,1,61
R401810,L200320,1,2025-11-17,563.48,0,3
R401811,L200320,2,2025-12-17,563.83,0,3
R401812,L200320,3,2026-01-17,559.99,0,3
R401813,L200320,4,2026-02-17,554.06,0,1
R401814,L200320,5,2026-03-17,540.72,0,0
R401815,L200320,6,2026-04-17,522.65,0,1
R401816,L200320,7,2026-05-17,512.9,0,3
R401817,L200320,8,2026-06-17,499.53,0,2
R401818,L200321,1,2026-02-24,687.88,0,4
R401819,L200321,2,2026-03-24,,1,96
R401820,L200321,3,2026-04-24,,1,99
R401821,L200321,4,2026-05-24,721.79,0,3
R401822,L200321,5,2026-06-24,658.5,0,4
R401823,L200322,1,2026-01-06,31937.94,0,2
R401824,L200322,2,2026-02-06,28981.46,0,6
R401825,L200322,3,2026-03-06,28513.63,0,2
R401826,L200322,4,2026-04-06,30815.45,0,6
R401827,L200322,5,2026-05-06,28195.85,0,2
R401828,L200322,6,2026-06-06,31975.78,0,5
R401829,L200323,1,2026-05-29,25912.22,0,3
R401830,L200323,2,2026-06-29,25898.47,0,2
R401831,L200324,1,2025-11-30,127351.72,0,3
R401832,L200324,2,2025-12-31,131877.59,0,1
R401833,L200324,3,2026-01-31,115859.33,0,6
R401834,L200324,4,2026-02-28,125181.38,0,6
R401835,L200324,5,2026-03-31,129741.31,0,1
R401836,L200324,6,2026-04-30,130173.81,0,0
R401837,L200324,7,2026-05-31,121408.97,0,5
R401838,L200324,8,2026-06-30,133705.57,0,0
R401839,L200325,1,2026-03-15,1763.45,0,1
R401840,L200325,2,2026-04-15,1750.73,0,5
R401841,L200325,3,2026-05-15,1759.04,0,4
R401842,L200325,4,2026-06-15,1623.01,0,2
R401843,L200326,1,2026-05-28,8474.14,0,1
R401844,L200326,2,2026-06-28,8504.39,0,2
R401845,L200327,1,2025-12-15,13590.15,0,5
R401846,L200327,2,2026-01-15,12354.41,0,5
R401847,L200327,3,2026-02-15,12460.27,0,3
R401848,L200327,4,2026-03-15,12412.49,0,0
R401849,L200327,5,2026-04-15,,1,58
R401850,L200327,6,2026-05-15,12380.62,0,1
R401851,L200327,7,2026-06-15,14007.43,0,3
R401852,L200328,1,2026-02-14,,1,80
R401853,L200328,2,2026-03-14,1702.51,0,1
R401854,L200328,3,2026-04-14,1574.7,0,5
R401855,L200328,4,2026-05-14,1573.24,0,5
R401856,L200328,5,2026-06-14,1509.48,0,0
R401857,L200329,1,2025-09-26,,1,63
R401858,L200329,2,2025-10-26,,1,68
R401859,L200329,3,2025-11-26,1298.02,0,0
R401860,L200329,4,2025-12-26,1294.66,0,1
R401861,L200329,5,2026-01-26,1392.92,0,1
R401862,L200329,6,2026-02-26,1487.32,0,0
R401863,L200329,7,2026-03-26,,1,98
R401864,L200329,8,2026-04-26,1282.27,0,1
R401865,L200329,9,2026-05-26,,1,61
R401866,L200329,10,2026-06-26,1330.9,0,4
R401867,L200330,1,2025-10-07,1330.09,0,0
R401868,L200330,2,2025-11-07,1260.87,0,6
R401869,L200330,3,2025-12-07,1213.02,0,3
R401870,L200330,4,2026-01-07,1216.15,0,1
R401871,L200330,5,2026-02-07,1213.16,0,5
R401872,L200330,6,2026-03-07,1259.99,0,3
R401873,L200330,7,2026-04-07,1310.27,0,4
R401874,L200330,8,2026-05-07,1229.85,0,2
R401875,L200330,9,2026-06-07,1242.88,0,6
R401876,L200331,1,2025-10-29,38829.16,0,5
R401877,L200331,2,2025-11-29,39222.22,0,3
R401878,L200331,3,2025-12-29,38912.07,0,4
R401879,L200331,4,2026-01-29,39778.27,0,5
R401880,L200331,5,2026-02-28,40274.95,0,3
R401881,L200331,6,2026-03-29,35257.18,0,6
R401882,L200331,7,2026-04-29,38061.06,0,6
R401883,L200331,8,2026-05-29,39175.55,0,5
R401884,L200331,9,2026-06-29,37820.18,0,0
R401885,L200332,1,2026-01-26,35940.05,0,6
R401886,L200332,2,2026-02-26,37413.25,0,1
R401887,L200332,3,2026-03-26,37515.21,0,1
R401888,L200332,4,2026-04-26,33119.59,0,3
R401889,L200332,5,2026-05-26,34214.96,0,3
R401890,L200332,6,2026-06-26,,1,43
R401891,L200333,1,2026-05-11,778.11,0,3
R401892,L200333,2,2026-06-11,732.14,0,6
R401893,L200334,1,2026-03-04,1996.5,0,0
R401894,L200334,2,2026-04-04,2028.97,0,1
R401895,L200334,3,2026-05-04,2057.27,0,3
R401896,L200334,4,2026-06-04,1840.53,0,6
R401897,L200335,1,2026-06-05,24651.15,0,2
R401898,L200336,1,2026-03-17,3127.06,0,3
R401899,L200336,2,2026-04-17,3099.13,0,1
R401900,L200336,3,2026-05-17,2755.03,0,0
R401901,L200336,4,2026-06-17,2727.72,0,0
R401902,L200337,1,2026-02-04,3531.8,0,2
R401903,L200337,2,2026-03-04,3457.39,0,2
R401904,L200337,3,2026-04-04,,1,57
R401905,L200337,4,2026-05-04,3562.49,0,6
R401906,L200337,5,2026-06-04,3859.15,0,1
R401907,L200338,1,2025-11-16,1900.89,0,4
R401908,L200338,2,2025-12-16,1968.15,0,3
R401909,L200338,3,2026-01-16,2020.4,0,2
R401910,L200338,4,2026-02-16,1836.87,0,0
R401911,L200338,5,2026-03-16,2057.46,0,0
R401912,L200338,6,2026-04-16,2044.72,0,0
R401913,L200338,7,2026-05-16,1818.01,0,4
R401914,L200338,8,2026-06-16,1855.43,0,5
R401915,L200339,1,2025-11-21,18724.38,0,3
R401916,L200339,2,2025-12-21,,1,62
R401917,L200339,3,2026-01-21,18591.34,0,6
R401918,L200339,4,2026-02-21,20374.42,0,4
R401919,L200339,5,2026-03-21,,1,73
R401920,L200339,6,2026-04-21,,1,30
R401921,L200339,7,2026-05-21,17867.76,0,0
R401922,L200339,8,2026-06-21,,1,58
R401923,L200340,1,2025-09-30,8812.57,0,0
R401924,L200340,2,2025-10-30,8374.35,0,5
R401925,L200340,3,2025-11-30,9139.98,0,4
R401926,L200340,4,2025-12-30,8797.71,0,2
R401927,L200340,5,2026-01-30,8594.44,0,1
R401928,L200340,6,2026-02-28,8325.05,0,0
R401929,L200340,7,2026-03-30,8227.34,0,3
R401930,L200340,8,2026-04-30,8303.67,0,0
R401931,L200340,9,2026-05-30,8152.84,0,3
R401932,L200340,10,2026-06-30,,1,33
R401933,L200341,1,2026-06-29,34603.75,0,6
R401934,L200342,1,2025-10-23,2533.02,0,1
R401935,L200342,2,2025-11-23,2603.44,0,2
R401936,L200342,3,2025-12-23,2597.84,0,6
R401937,L200342,4,2026-01-23,2546.22,0,1
R401938,L200342,5,2026-02-23,2890.52,0,2
R401939,L200342,6,2026-03-23,2895.35,0,2
R401940,L200342,7,2026-04-23,2642.46,0,5
R401941,L200342,8,2026-05-23,2921.29,0,1
R401942,L200342,9,2026-06-23,2624.65,0,1
R401943,L200343,1,2026-04-13,1613.61,0,4
R401944,L200343,2,2026-05-13,1524.88,0,1
R401945,L200343,3,2026-06-13,1517.53,0,1
R401946,L200344,1,2025-10-18,4499.44,0,2
R401947,L200344,2,2025-11-18,5174.09,0,5
R401948,L200344,3,2025-12-18,5087.13,0,3
R401949,L200344,4,2026-01-18,4531.8,0,0
R401950,L200344,5,2026-02-18,5115.4,0,0
R401951,L200344,6,2026-03-18,4611.17,0,4
R401952,L200344,7,2026-04-18,4837.45,0,4
R401953,L200344,8,2026-05-18,4724.71,0,2
R401954,L200344,9,2026-06-18,5021.22,0,5
R401955,L200345,1,2026-05-22,1655.72,0,4
R401956,L200345,2,2026-06-22,1568.41,0,1
R401957,L200346,1,2025-08-25,11742.38,0,0
R401958,L200346,2,2025-09-25,12030.82,0,2
R401959,L200346,3,2025-10-25,12398.51,0,4
R401960,L200346,4,2025-11-25,12902.77,0,0
R401961,L200346,5,2025-12-25,13089.7,0,2
R401962,L200346,6,2026-01-25,11584.8,0,1
R401963,L200346,7,2026-02-25,12197.44,0,2
R401964,L200346,8,2026-03-25,11934.54,0,3
R401965,L200346,9,2026-04-25,12762.25,0,4
R401966,L200346,10,2026-05-25,12672.97,0,5
R401967,L200346,11,2026-06-25,13443.76,0,0
R401968,L200347,1,2026-01-07,1532.62,0,3
R401969,L200347,2,2026-02-07,,1,45
R401970,L200347,3,2026-03-07,1517.24,0,4
R401971,L200347,4,2026-04-07,1474.96,0,0
R401972,L200347,5,2026-05-07,1557.28,0,6
R401973,L200347,6,2026-06-07,1520.93,0,3
R401974,L200348,1,2026-05-21,2663.32,0,2
R401975,L200348,2,2026-06-21,2527.64,0,2
R401976,L200349,1,2026-01-21,630.63,0,2
R401977,L200349,2,2026-02-21,695.71,0,2
R401978,L200349,3,2026-03-21,665.1,0,0
R401979,L200349,4,2026-04-21,695.4,0,2
R401980,L200349,5,2026-05-21,626.47,0,5
R401981,L200349,6,2026-06-21,711.98,0,2
R401982,L200350,1,2025-12-21,65808.86,0,1
R401983,L200350,2,2026-01-21,71151.69,0,6
R401984,L200350,3,2026-02-21,62718.43,0,1
R401985,L200350,4,2026-03-21,69885.79,0,6
R401986,L200350,5,2026-04-21,68283.17,0,0
R401987,L200350,6,2026-05-21,64682.56,0,4
R401988,L200350,7,2026-06-21,67280.41,0,0
R401989,L200351,1,2026-07-06,2065.64,0,5
R401990,L200352,1,2026-06-28,92899.18,0,6
R401991,L200353,1,2026-01-12,5377.86,0,4
R401992,L200353,2,2026-02-12,4788.45,0,2
R401993,L200353,3,2026-03-12,4844.07,0,5
R401994,L200353,4,2026-04-12,5182.79,0,0
R401995,L200353,5,2026-05-12,5256.54,0,4
R401996,L200353,6,2026-06-12,5038.2,0,6
R401997,L200354,1,2025-10-15,10479.73,0,3
R401998,L200354,2,2025-11-15,9945.35,0,1
R401999,L200354,3,2025-12-15,9793.49,0,5
R402000,L200354,4,2026-01-15,9813.68,0,3
R402001,L200354,5,2026-02-15,10014.81,0,1
R402002,L200354,6,2026-03-15,,1,86
R402003,L200354,7,2026-04-15,10592.37,0,2
R402004,L200354,8,2026-05-15,,1,78
R402005,L200354,9,2026-06-15,10675.87,0,0
R402006,L200355,1,2025-08-02,12330.21,0,2
R402007,L200355,2,2025-09-02,11001.63,0,0
R402008,L200355,3,2025-10-02,12817.05,0,4
R402009,L200355,4,2025-11-02,12641.83,0,4
R402010,L200355,5,2025-12-02,11965.78,0,3
R402011,L200355,6,2026-01-02,11993.09,0,4
R402012,L200355,7,2026-02-02,11108.08,0,0
R402013,L200355,8,2026-03-02,12337.99,0,1
R402014,L200355,9,2026-04-02,11161.42,0,4
R402015,L200355,10,2026-05-02,11768.09,0,5
R402016,L200355,11,2026-06-02,12431.42,0,3
R402017,L200355,12,2026-07-02,11102.08,0,6
R402018,L200356,1,2025-10-21,4537.98,0,5
R402019,L200356,2,2025-11-21,4487.11,0,3
R402020,L200356,3,2025-12-21,4356.78,0,6
R402021,L200356,4,2026-01-21,4196.57,0,0
R402022,L200356,5,2026-02-21,,1,86
R402023,L200356,6,2026-03-21,4390.63,0,6
R402024,L200356,7,2026-04-21,4285.64,0,6
R402025,L200356,8,2026-05-21,4435.13,0,0
R402026,L200356,9,2026-06-21,4507.0,0,6
R402027,L200357,1,2026-02-27,4511.03,0,1
R402028,L200357,2,2026-03-27,4077.21,0,5
R402029,L200357,3,2026-04-27,4220.28,0,1
R402030,L200357,4,2026-05-27,4225.67,0,4
R402031,L200357,5,2026-06-27,4042.61,0,5
R402032,L200358,1,2026-06-05,40925.89,0,2
R402033,L200359,1,2026-04-28,1391.25,0,6
R402034,L200359,2,2026-05-28,1449.69,0,3
R402035,L200359,3,2026-06-28,1469.74,0,2
R402036,L200360,1,2025-11-30,7977.99,0,2
R402037,L200360,2,2025-12-30,,1,71
R402038,L200360,3,2026-01-30,7776.61,0,5
R402039,L200360,4,2026-02-28,8033.04,0,1
R402040,L200360,5,2026-03-30,8424.3,0,3
R402041,L200360,6,2026-04-30,8995.44,0,0
R402042,L200360,7,2026-05-30,8664.87,0,4
R402043,L200360,8,2026-06-30,8589.22,0,2
R402044,L200361,1,2026-01-20,,1,93
R402045,L200361,2,2026-02-20,,1,79
R402046,L200361,3,2026-03-20,15555.0,0,1
R402047,L200361,4,2026-04-20,16183.37,0,4
R402048,L200361,5,2026-05-20,14358.63,0,2
R402049,L200361,6,2026-06-20,15842.91,0,5
R402050,L200362,1,2026-05-02,61414.6,0,3
R402051,L200362,2,2026-06-02,66760.96,0,5
R402052,L200363,1,2025-11-26,,1,83
R402053,L200363,2,2025-12-26,1464.21,0,4
R402054,L200363,3,2026-01-26,1487.28,0,6
R402055,L200363,4,2026-02-26,1428.91,0,5
R402056,L200363,5,2026-03-26,1559.56,0,4
R402057,L200363,6,2026-04-26,1398.32,0,4
R402058,L200363,7,2026-05-26,,1,70
R402059,L200363,8,2026-06-26,1554.35,0,0
R402060,L200364,1,2026-02-07,265261.89,0,1
R402061,L200364,2,2026-03-07,263380.23,0,2
R402062,L200364,3,2026-04-07,300725.26,0,2
R402063,L200364,4,2026-05-07,287668.45,0,5
R402064,L200364,5,2026-06-07,266878.87,0,6
R402065,L200365,1,2025-09-19,9618.37,0,1
R402066,L200365,2,2025-10-19,9309.19,0,0
R402067,L200365,3,2025-11-19,9385.92,0,6
R402068,L200365,4,2025-12-19,9361.59,0,4
R402069,L200365,5,2026-01-19,,1,50
R402070,L200365,6,2026-02-19,9749.81,0,6
R402071,L200365,7,2026-03-19,9747.83,0,1
R402072,L200365,8,2026-04-19,9428.84,0,4
R402073,L200365,9,2026-05-19,,1,55
R402074,L200365,10,2026-06-19,9757.04,0,6
R402075,L200366,1,2025-11-10,35604.3,0,2
R402076,L200366,2,2025-12-10,39091.74,0,2
R402077,L200366,3,2026-01-10,40423.51,0,0
R402078,L200366,4,2026-02-10,,1,37
R402079,L200366,5,2026-03-10,38612.44,0,2
R402080,L200366,6,2026-04-10,36937.65,0,4
R402081,L200366,7,2026-05-10,39980.13,0,4
R402082,L200366,8,2026-06-10,40363.24,0,5
R402083,L200367,1,2025-10-30,3486.02,0,3
R402084,L200367,2,2025-11-30,3547.86,0,2
R402085,L200367,3,2025-12-30,3668.82,0,6
R402086,L200367,4,2026-01-30,3721.34,0,3
R402087,L200367,5,2026-02-28,3557.45,0,2
R402088,L200367,6,2026-03-30,3652.1,0,0
R402089,L200367,7,2026-04-30,3908.27,0,3
R402090,L200367,8,2026-05-30,3665.61,0,1
R402091,L200367,9,2026-06-30,3418.86,0,6
R402092,L200368,1,2025-08-02,5116.24,0,6
R402093,L200368,2,2025-09-02,4946.34,0,2
R402094,L200368,3,2025-10-02,5107.37,0,6
R402095,L200368,4,2025-11-02,4921.26,0,2
R402096,L200368,5,2025-12-02,,1,34
R402097,L200368,6,2026-01-02,4877.97,0,2
R402098,L200368,7,2026-02-02,5198.17,0,1
R402099,L200368,8,2026-03-02,4939.33,0,4
R402100,L200368,9,2026-04-02,5232.09,0,6
R402101,L200368,10,2026-05-02,4755.8,0,3
R402102,L200368,11,2026-06-02,5101.12,0,4
R402103,L200368,12,2026-07-02,4732.01,0,4
R402104,L200369,1,2025-10-02,5182.32,0,4
R402105,L200369,2,2025-11-02,5474.87,0,1
R402106,L200369,3,2025-12-02,5346.69,0,4
R402107,L200369,4,2026-01-02,5659.06,0,6
R402108,L200369,5,2026-02-02,5075.11,0,4
R402109,L200369,6,2026-03-02,5052.38,0,3
R402110,L200369,7,2026-04-02,5677.28,0,5
R402111,L200369,8,2026-05-02,5745.58,0,4
R402112,L200369,9,2026-06-02,,1,51
R402113,L200369,10,2026-07-02,5645.14,0,4
R402114,L200370,1,2026-03-04,1508.77,0,3
R402115,L200370,2,2026-04-04,1494.35,0,2
R402116,L200370,3,2026-05-04,,1,65
R402117,L200370,4,2026-06-04,1390.83,0,4
R402118,L200371,1,2026-03-05,3094.9,0,3
R402119,L200371,2,2026-04-05,3452.09,0,3
R402120,L200371,3,2026-05-05,3445.75,0,2
R402121,L200371,4,2026-06-05,3190.43,0,0
R402122,L200372,1,2025-09-27,,1,44
R402123,L200372,2,2025-10-27,14394.63,0,3
R402124,L200372,3,2025-11-27,12805.51,0,5
R402125,L200372,4,2025-12-27,14466.65,0,3
R402126,L200372,5,2026-01-27,,1,81
R402127,L200372,6,2026-02-27,13726.01,0,0
R402128,L200372,7,2026-03-27,13823.62,0,4
R402129,L200372,8,2026-04-27,14579.27,0,0
R402130,L200372,9,2026-05-27,14133.01,0,3
R402131,L200372,10,2026-06-27,13483.93,0,0
R402132,L200373,1,2026-04-07,379.7,0,6
R402133,L200373,2,2026-05-07,385.7,0,5
R402134,L200373,3,2026-06-07,401.75,0,6
R402135,L200374,1,2025-10-16,8736.52,0,1
R402136,L200374,2,2025-11-16,8555.05,0,5
R402137,L200374,3,2025-12-16,7959.18,0,3
R402138,L200374,4,2026-01-16,9100.49,0,5
R402139,L200374,5,2026-02-16,,1,60
R402140,L200374,6,2026-03-16,8142.83,0,0
R402141,L200374,7,2026-04-16,8439.08,0,4
R402142,L200374,8,2026-05-16,7989.18,0,2
R402143,L200374,9,2026-06-16,8452.79,0,5
R402144,L200375,1,2026-02-03,,1,83
R402145,L200375,2,2026-03-03,1569.95,0,5
R402146,L200375,3,2026-04-03,1505.23,0,0
R402147,L200375,4,2026-05-03,1694.04,0,0
R402148,L200375,5,2026-06-03,1641.51,0,2
R402149,L200376,1,2026-01-23,11248.46,0,6
R402150,L200376,2,2026-02-23,11625.67,0,6
R402151,L200376,3,2026-03-23,12272.91,0,5
R402152,L200376,4,2026-04-23,12233.86,0,4
R402153,L200376,5,2026-05-23,12734.48,0,4
R402154,L200376,6,2026-06-23,11651.39,0,3
R402155,L200377,1,2025-11-22,4853.73,0,5
R402156,L200377,2,2025-12-22,4441.54,0,1
R402157,L200377,3,2026-01-22,5015.32,0,2
R402158,L200377,4,2026-02-22,4644.41,0,1
R402159,L200377,5,2026-03-22,4809.07,0,1
R402160,L200377,6,2026-04-22,4716.24,0,1
R402161,L200377,7,2026-05-22,5014.09,0,5
R402162,L200377,8,2026-06-22,4535.5,0,1
R402163,L200378,1,2025-08-24,1762.14,0,5
R402164,L200378,2,2025-09-24,1784.22,0,6
R402165,L200378,3,2025-10-24,1803.85,0,3
R402166,L200378,4,2025-11-24,1912.75,0,0
R402167,L200378,5,2025-12-24,1795.97,0,1
R402168,L200378,6,2026-01-24,1779.99,0,3
R402169,L200378,7,2026-02-24,1833.63,0,3
R402170,L200378,8,2026-03-24,1778.96,0,4
R402171,L200378,9,2026-04-24,1798.78,0,3
R402172,L200378,10,2026-05-24,1874.14,0,0
R402173,L200378,11,2026-06-24,1800.57,0,5
R402174,L200379,1,2026-05-14,,1,42
R402175,L200379,2,2026-06-14,9754.89,0,3
R402176,L200380,1,2025-11-16,4425.63,0,3
R402177,L200380,2,2025-12-16,5116.03,0,0
R402178,L200380,3,2026-01-16,,1,70
R402179,L200380,4,2026-02-16,4801.01,0,0
R402180,L200380,5,2026-03-16,4703.51,0,2
R402181,L200380,6,2026-04-16,4559.01,0,5
R402182,L200380,7,2026-05-16,4610.68,0,0
R402183,L200380,8,2026-06-16,5114.55,0,4
R402184,L200381,1,2026-06-13,,1,72
R402185,L200382,1,2026-05-20,187.34,0,5
R402186,L200382,2,2026-06-20,,1,33
R402187,L200383,1,2025-10-08,3367.52,0,2
R402188,L200383,2,2025-11-08,3458.45,0,6
R402189,L200383,3,2025-12-08,3461.37,0,4
R402190,L200383,4,2026-01-08,3327.79,0,5
R402191,L200383,5,2026-02-08,3582.47,0,1
R402192,L200383,6,2026-03-08,3666.25,0,0
R402193,L200383,7,2026-04-08,3488.12,0,6
R402194,L200383,8,2026-05-08,3276.93,0,4
R402195,L200383,9,2026-06-08,3743.13,0,3
R402196,L200384,1,2026-06-08,2229.28,0,2
R402197,L200385,1,2025-09-17,787.14,0,5
R402198,L200385,2,2025-10-17,,1,39
R402199,L200385,3,2025-11-17,725.33,0,4
R402200,L200385,4,2025-12-17,814.3,0,5
R402201,L200385,5,2026-01-17,762.73,0,1
R402202,L200385,6,2026-02-17,739.08,0,3
R402203,L200385,7,2026-03-17,786.73,0,3
R402204,L200385,8,2026-04-17,812.99,0,1
R402205,L200385,9,2026-05-17,809.94,0,6
R402206,L200385,10,2026-06-17,777.16,0,6
R402207,L200386,1,2026-07-21,3266.89,0,6
R402208,L200387,1,2026-01-10,1772.08,0,5
R402209,L200387,2,2026-02-10,1745.37,0,6
R402210,L200387,3,2026-03-10,1657.09,0,4
R402211,L200387,4,2026-04-10,1792.1,0,3
R402212,L200387,5,2026-05-10,1633.77,0,4
R402213,L200387,6,2026-06-10,1714.52,0,5
R402214,L200388,1,2026-07-24,21669.73,0,5
R402215,L200389,1,2026-03-17,2414.17,0,4
R402216,L200389,2,2026-04-17,2395.65,0,4
R402217,L200389,3,2026-05-17,2374.5,0,2
R402218,L200389,4,2026-06-17,2206.47,0,3
R402219,L200390,1,2026-07-14,5841.26,0,4
R402220,L200391,1,2025-11-08,27537.63,0,2
R402221,L200391,2,2025-12-08,28825.09,0,3
R402222,L200391,3,2026-01-08,27415.1,0,4
R402223,L200391,4,2026-02-08,28004.31,0,3
R402224,L200391,5,2026-03-08,25114.91,0,1
R402225,L200391,6,2026-04-08,25106.43,0,1
R402226,L200391,7,2026-05-08,28721.09,0,1
R402227,L200391,8,2026-06-08,25026.36,0,0
R402228,L200392,1,2025-11-30,473.32,0,2
R402229,L200392,2,2025-12-31,488.72,0,3
R402230,L200392,3,2026-01-31,524.53,0,1
R402231,L200392,4,2026-02-28,534.02,0,5
R402232,L200392,5,2026-03-31,482.3,0,5
R402233,L200392,6,2026-04-30,472.91,0,5
R402234,L200392,7,2026-05-31,464.9,0,2
R402235,L200392,8,2026-06-30,528.0,0,4
R402236,L200393,1,2025-08-19,6532.13,0,6
R402237,L200393,2,2025-09-19,6803.21,0,6
R402238,L200393,3,2025-10-19,6772.15,0,5
R402239,L200393,4,2025-11-19,,1,81
R402240,L200393,5,2025-12-19,,1,63
R402241,L200393,6,2026-01-19,6386.45,0,4
R402242,L200393,7,2026-02-19,6086.38,0,0
R402243,L200393,8,2026-03-19,6531.52,0,4
R402244,L200393,9,2026-04-19,6310.44,0,4
R402245,L200393,10,2026-05-19,6422.08,0,0
R402246,L200393,11,2026-06-19,6595.18,0,0
R402247,L200394,1,2026-07-15,26147.34,0,6
R402248,L200395,1,2025-11-09,,1,34
R402249,L200395,2,2025-12-09,3393.61,0,3
R402250,L200395,3,2026-01-09,3747.79,0,0
R402251,L200395,4,2026-02-09,,1,60
R402252,L200395,5,2026-03-09,3550.6,0,0
R402253,L200395,6,2026-04-09,3457.79,0,1
R402254,L200395,7,2026-05-09,3529.85,0,4
R402255,L200395,8,2026-06-09,,1,35
R402256,L200396,1,2026-07-09,6492.96,0,6
R402257,L200397,1,2025-09-24,80653.08,0,5
R402258,L200397,2,2025-10-24,83692.01,0,5
R402259,L200397,3,2025-11-24,86677.7,0,1
R402260,L200397,4,2025-12-24,,1,94
R402261,L200397,5,2026-01-24,82518.62,0,1
R402262,L200397,6,2026-02-24,,1,58
R402263,L200397,7,2026-03-24,77992.23,0,3
R402264,L200397,8,2026-04-24,86068.39,0,0
R402265,L200397,9,2026-05-24,84706.06,0,2
R402266,L200397,10,2026-06-24,82668.36,0,2
R402267,L200398,1,2025-08-11,,1,45
R402268,L200398,2,2025-09-11,63775.84,0,0
R402269,L200398,3,2025-10-11,56678.16,0,4
R402270,L200398,4,2025-11-11,,1,33
R402271,L200398,5,2025-12-11,58787.35,0,6
R402272,L200398,6,2026-01-11,61285.07,0,3
R402273,L200398,7,2026-02-11,64119.29,0,3
R402274,L200398,8,2026-03-11,57090.93,0,0
R402275,L200398,9,2026-04-11,59873.34,0,3
R402276,L200398,10,2026-05-11,64310.1,0,6
R402277,L200398,11,2026-06-11,62904.59,0,2
R402278,L200399,1,2025-11-23,367.29,0,1
R402279,L200399,2,2025-12-23,404.04,0,6
R402280,L200399,3,2026-01-23,412.14,0,5
R402281,L200399,4,2026-02-23,364.82,0,1
R402282,L200399,5,2026-03-23,395.78,0,0
R402283,L200399,6,2026-04-23,377.93,0,6
R402284,L200399,7,2026-05-23,372.57,0,5
R402285,L200399,8,2026-06-23,405.33,0,1
R402286,L200400,1,2025-09-02,1416.9,0,3
R402287,L200400,2,2025-10-02,,1,52
R402288,L200400,3,2025-11-02,1450.63,0,2
R402289,L200400,4,2025-12-02,,1,68
R402290,L200400,5,2026-01-02,1372.25,0,1
R402291,L200400,6,2026-02-02,1325.92,0,1
R402292,L200400,7,2026-03-02,1484.99,0,3
R402293,L200400,8,2026-04-02,,1,82
R402294,L200400,9,2026-05-02,,1,39
R402295,L200400,10,2026-06-02,,1,89
R402296,L200400,11,2026-07-02,1344.18,0,3
R402297,L200401,1,2026-02-18,7498.87,0,6
R402298,L200401,2,2026-03-18,7459.15,0,2
R402299,L200401,3,2026-04-18,7541.22,0,3
R402300,L200401,4,2026-05-18,7107.64,0,5
R402301,L200401,5,2026-06-18,7000.25,0,0
R402302,L200402,1,2026-04-12,7449.34,0,2
R402303,L200402,2,2026-05-12,7201.95,0,3
R402304,L200402,3,2026-06-12,7251.84,0,1
R402305,L200403,1,2025-09-22,14191.06,0,6
R402306,L200403,2,2025-10-22,14063.24,0,3
R402307,L200403,3,2025-11-22,,1,84
R402308,L200403,4,2025-12-22,14337.71,0,5
R402309,L200403,5,2026-01-22,13118.18,0,3
R402310,L200403,6,2026-02-22,14379.24,0,5
R402311,L200403,7,2026-03-22,14332.67,0,3
R402312,L200403,8,2026-04-22,14185.31,0,0
R402313,L200403,9,2026-05-22,13182.61,0,3
R402314,L200403,10,2026-06-22,12780.72,0,0
R402315,L200404,1,2026-02-10,3888.49,0,5
R402316,L200404,2,2026-03-10,4127.35,0,3
R402317,L200404,3,2026-04-10,3894.92,0,3
R402318,L200404,4,2026-05-10,3964.5,0,5
R402319,L200404,5,2026-06-10,4245.43,0,5
R402320,L200405,1,2025-10-08,4347.21,0,6
R402321,L200405,2,2025-11-08,4070.72,0,5
R402322,L200405,3,2025-12-08,4407.35,0,2
R402323,L200405,4,2026-01-08,3978.72,0,4
R402324,L200405,5,2026-02-08,4012.77,0,3
R402325,L200405,6,2026-03-08,3973.26,0,4
R402326,L200405,7,2026-04-08,4409.83,0,4
R402327,L200405,8,2026-05-08,4177.89,0,6
R402328,L200405,9,2026-06-08,,1,74
R402329,L200406,1,2026-06-06,,1,48
R402330,L200407,1,2026-04-17,,1,82
R402331,L200407,2,2026-05-17,3130.48,0,5
R402332,L200407,3,2026-06-17,2854.61,0,1
R402333,L200408,1,2026-05-01,25447.22,0,1
R402334,L200408,2,2026-06-01,27161.17,0,0
R402335,L200408,3,2026-07-01,27237.34,0,6
R402336,L200409,1,2026-06-05,1164.07,0,6
R402337,L200410,1,2026-07-21,5129.64,0,0
R402338,L200411,1,2025-12-19,1857.34,0,4
R402339,L200411,2,2026-01-19,2018.73,0,6
R402340,L200411,3,2026-02-19,2041.5,0,6
R402341,L200411,4,2026-03-19,1848.62,0,6
R402342,L200411,5,2026-04-19,1898.53,0,6
R402343,L200411,6,2026-05-19,2098.78,0,5
R402344,L200411,7,2026-06-19,2111.43,0,4
R402345,L200412,1,2025-10-06,3041.42,0,5
R402346,L200412,2,2025-11-06,2798.76,0,2
R402347,L200412,3,2025-12-06,2957.75,0,3
R402348,L200412,4,2026-01-06,3169.3,0,2
R402349,L200412,5,2026-02-06,3090.07,0,0
R402350,L200412,6,2026-03-06,,1,71
R402351,L200412,7,2026-04-06,3119.08,0,3
R402352,L200412,8,2026-05-06,2959.05,0,1
R402353,L200412,9,2026-06-06,,1,32
R402354,L200413,1,2026-06-14,9607.43,0,2
R402355,L200414,1,2026-05-30,3216.07,0,0
R402356,L200414,2,2026-06-30,3283.42,0,3
R402357,L200415,1,2026-05-29,63769.5,0,0
R402358,L200415,2,2026-06-29,64495.78,0,4
R402359,L200416,1,2026-04-09,37819.1,0,0
R402360,L200416,2,2026-05-09,35339.08,0,3
R402361,L200416,3,2026-06-09,33950.14,0,3
R402362,L200417,1,2026-04-24,583.34,0,5
R402363,L200417,2,2026-05-24,584.57,0,3
R402364,L200417,3,2026-06-24,591.37,0,3
R402365,L200418,1,2026-06-25,10990.31,0,6
R402366,L200419,1,2026-06-03,89621.7,0,3
R402367,L200420,1,2025-11-07,5931.85,0,0
R402368,L200420,2,2025-12-07,6344.54,0,5
R402369,L200420,3,2026-01-07,6129.58,0,1
R402370,L200420,4,2026-02-07,,1,71
R402371,L200420,5,2026-03-07,6539.39,0,6
R402372,L200420,6,2026-04-07,6801.78,0,6
R402373,L200420,7,2026-05-07,6259.58,0,0
R402374,L200420,8,2026-06-07,6107.83,0,2
R402375,L200421,1,2025-09-02,6755.26,0,6
R402376,L200421,2,2025-10-02,6517.02,0,0
R402377,L200421,3,2025-11-02,6520.75,0,0
R402378,L200421,4,2025-12-02,6247.88,0,6
R402379,L200421,5,2026-01-02,6476.59,0,0
R402380,L200421,6,2026-02-02,6805.7,0,6
R402381,L200421,7,2026-03-02,6840.02,0,5
R402382,L200421,8,2026-04-02,6736.82,0,4
R402383,L200421,9,2026-05-02,6018.21,0,0
R402384,L200421,10,2026-06-02,6152.98,0,4
R402385,L200421,11,2026-07-02,6453.14,0,5
R402386,L200422,1,2026-01-18,16644.44,0,5
R402387,L200422,2,2026-02-18,17235.59,0,0
R402388,L200422,3,2026-03-18,16728.11,0,4
R402389,L200422,4,2026-04-18,17501.31,0,6
R402390,L200422,5,2026-05-18,15700.4,0,0
R402391,L200422,6,2026-06-18,17476.08,0,1
R402392,L200423,1,2025-09-07,6213.46,0,2
R402393,L200423,2,2025-10-07,6905.98,0,0
R402394,L200423,3,2025-11-07,6494.62,0,2
R402395,L200423,4,2025-12-07,6310.12,0,5
R402396,L200423,5,2026-01-07,6603.12,0,1
R402397,L200423,6,2026-02-07,6818.03,0,0
R402398,L200423,7,2026-03-07,6157.72,0,1
R402399,L200423,8,2026-04-07,,1,53
R402400,L200423,9,2026-05-07,,1,38
R402401,L200423,10,2026-06-07,6081.56,0,3
R402402,L200424,1,2026-02-04,2741.13,0,1
R402403,L200424,2,2026-03-04,2581.79,0,2
R402404,L200424,3,2026-04-04,2591.41,0,2
R402405,L200424,4,2026-05-04,2505.58,0,4
R402406,L200424,5,2026-06-04,2645.27,0,4
R402407,L200425,1,2026-02-04,,1,76
R402408,L200425,2,2026-03-04,11127.34,0,6
R402409,L200425,3,2026-04-04,10713.53,0,6
R402410,L200425,4,2026-05-04,11257.68,0,5
R402411,L200425,5,2026-06-04,11141.8,0,3
R402412,L200426,1,2026-07-08,4944.44,0,4
R402413,L200427,1,2026-01-19,5632.35,0,4
R402414,L200427,2,2026-02-19,5402.52,0,1
R402415,L200427,3,2026-03-19,5461.81,0,2
R402416,L200427,4,2026-04-19,5362.39,0,0
R402417,L200427,5,2026-05-19,5711.89,0,3
R402418,L200427,6,2026-06-19,5774.82,0,6
R402419,L200428,1,2025-11-06,,1,90
R402420,L200428,2,2025-12-06,1660.63,0,5
R402421,L200428,3,2026-01-06,1647.58,0,4
R402422,L200428,4,2026-02-06,,1,64
R402423,L200428,5,2026-03-06,1796.46,0,4
R402424,L200428,6,2026-04-06,1752.95,0,6
R402425,L200428,7,2026-05-06,1882.45,0,2
R402426,L200428,8,2026-06-06,1803.33,0,4
R402427,L200429,1,2026-05-24,3611.3,0,6
R402428,L200429,2,2026-06-24,3364.08,0,3
R402429,L200430,1,2025-11-29,4127.09,0,4
R402430,L200430,2,2025-12-29,3943.05,0,4
R402431,L200430,3,2026-01-29,3996.36,0,4
R402432,L200430,4,2026-02-28,3912.57,0,5
R402433,L200430,5,2026-03-29,3722.34,0,2
R402434,L200430,6,2026-04-29,3840.74,0,2
R402435,L200430,7,2026-05-29,4062.51,0,0
R402436,L200430,8,2026-06-29,3954.21,0,5
R402437,L200431,1,2026-01-23,1082.97,0,0
R402438,L200431,2,2026-02-23,1085.52,0,1
R402439,L200431,3,2026-03-23,1050.23,0,3
R402440,L200431,4,2026-04-23,1124.5,0,2
R402441,L200431,5,2026-05-23,1003.23,0,4
R402442,L200431,6,2026-06-23,1070.68,0,5
R402443,L200432,1,2025-09-19,707.56,0,0
R402444,L200432,2,2025-10-19,675.09,0,5
R402445,L200432,3,2025-11-19,650.22,0,3
R402446,L200432,4,2025-12-19,645.24,0,2
R402447,L200432,5,2026-01-19,680.98,0,5
R402448,L200432,6,2026-02-19,658.94,0,1
R402449,L200432,7,2026-03-19,633.66,0,2
R402450,L200432,8,2026-04-19,612.14,0,6
R402451,L200432,9,2026-05-19,636.14,0,1
R402452,L200432,10,2026-06-19,631.67,0,1
R402453,L200433,1,2026-02-23,,1,41
R402454,L200433,2,2026-03-23,6453.98,0,6
R402455,L200433,3,2026-04-23,6354.66,0,6
R402456,L200433,4,2026-05-23,6338.73,0,2
R402457,L200433,5,2026-06-23,6288.16,0,2
R402458,L200434,1,2026-02-20,2380.89,0,4
R402459,L200434,2,2026-03-20,2561.75,0,4
R402460,L200434,3,2026-04-20,2356.36,0,0
R402461,L200434,4,2026-05-20,2525.27,0,5
R402462,L200434,5,2026-06-20,,1,40
R402463,L200435,1,2026-04-30,56384.58,0,5
R402464,L200435,2,2026-05-30,,1,91
R402465,L200435,3,2026-06-30,,1,89
R402466,L200436,1,2026-01-06,3688.99,0,3
R402467,L200436,2,2026-02-06,3623.5,0,3
R402468,L200436,3,2026-03-06,,1,58
R402469,L200436,4,2026-04-06,3830.0,0,5
R402470,L200436,5,2026-05-06,3985.9,0,5
R402471,L200436,6,2026-06-06,4142.92,0,1
R402472,L200437,1,2026-07-29,746.36,0,2
R402473,L200438,1,2025-10-26,2078.45,0,4
R402474,L200438,2,2025-11-26,2224.76,0,2
R402475,L200438,3,2025-12-26,2258.75,0,6
R402476,L200438,4,2026-01-26,,1,62
R402477,L200438,5,2026-02-26,2019.56,0,3
R402478,L200438,6,2026-03-26,2204.83,0,2
R402479,L200438,7,2026-04-26,2052.03,0,0
R402480,L200438,8,2026-05-26,2079.03,0,3
R402481,L200438,9,2026-06-26,2006.55,0,3
R402482,L200439,1,2026-04-09,8258.57,0,4
R402483,L200439,2,2026-05-09,8031.53,0,3
R402484,L200439,3,2026-06-09,8344.61,0,2
R402485,L200440,1,2025-12-26,16060.46,0,4
R402486,L200440,2,2026-01-26,16302.13,0,3
R402487,L200440,3,2026-02-26,18505.28,0,1
R402488,L200440,4,2026-03-26,16532.73,0,4
R402489,L200440,5,2026-04-26,,1,94
R402490,L200440,6,2026-05-26,17288.02,0,5
R402491,L200440,7,2026-06-26,17184.76,0,1
R402492,L200441,1,2025-08-06,2139.54,0,2
R402493,L200441,2,2025-09-06,2050.66,0,0
R402494,L200441,3,2025-10-06,2039.96,0,6
R402495,L200441,4,2025-11-06,,1,86
R402496,L200441,5,2025-12-06,2006.54,0,2
R402497,L200441,6,2026-01-06,2135.27,0,3
R402498,L200441,7,2026-02-06,2026.67,0,4
R402499,L200441,8,2026-03-06,2222.79,0,1
R402500,L200441,9,2026-04-06,2124.09,0,4
R402501,L200441,10,2026-05-06,2054.49,0,1
R402502,L200441,11,2026-06-06,2091.19,0,1
R402503,L200442,1,2026-06-28,793.45,0,6
R402504,L200443,1,2025-08-16,5349.95,0,5
R402505,L200443,2,2025-09-16,5811.45,0,4
R402506,L200443,3,2025-10-16,5671.16,0,3
R402507,L200443,4,2025-11-16,5091.54,0,4
R402508,L200443,5,2025-12-16,5482.15,0,3
R402509,L200443,6,2026-01-16,5290.34,0,4
R402510,L200443,7,2026-02-16,5803.81,0,1
R402511,L200443,8,2026-03-16,5826.57,0,6
R402512,L200443,9,2026-04-16,5382.9,0,3
R402513,L200443,10,2026-05-16,5246.0,0,4
R402514,L200443,11,2026-06-16,,1,63
R402515,L200444,1,2026-04-06,59200.75,0,5
R402516,L200444,2,2026-05-06,,1,82
R402517,L200444,3,2026-06-06,56773.44,0,2
R402518,L200445,1,2026-06-04,3215.62,0,3
R402519,L200446,1,2025-09-03,,1,94
R402520,L200446,2,2025-10-03,26032.05,0,2
R402521,L200446,3,2025-11-03,25838.92,0,2
R402522,L200446,4,2025-12-03,26812.49,0,4
R402523,L200446,5,2026-01-03,25874.81,0,6
R402524,L200446,6,2026-02-03,24624.48,0,5
R402525,L200446,7,2026-03-03,,1,79
R402526,L200446,8,2026-04-03,25894.68,0,3
R402527,L200446,9,2026-05-03,23455.51,0,2
R402528,L200446,10,2026-06-03,26597.67,0,2
R402529,L200446,11,2026-07-03,27303.85,0,6
R402530,L200447,1,2026-05-01,5584.99,0,0
R402531,L200447,2,2026-06-01,5613.42,0,5
R402532,L200447,3,2026-07-01,5417.74,0,5
R402533,L200448,1,2026-01-26,610.06,0,0
R402534,L200448,2,2026-02-26,657.11,0,2
R402535,L200448,3,2026-03-26,605.51,0,5
R402536,L200448,4,2026-04-26,580.07,0,1
R402537,L200448,5,2026-05-26,586.31,0,6
R402538,L200448,6,2026-06-26,644.45,0,3
R402539,L200449,1,2025-10-24,6729.99,0,5
R402540,L200449,2,2025-11-24,6049.51,0,4
R402541,L200449,3,2025-12-24,6348.97,0,6
R402542,L200449,4,2026-01-24,6721.09,0,1
R402543,L200449,5,2026-02-24,6886.43,0,0
R402544,L200449,6,2026-03-24,6795.87,0,1
R402545,L200449,7,2026-04-24,6868.79,0,5
R402546,L200449,8,2026-05-24,,1,63
R402547,L200449,9,2026-06-24,6376.0,0,6
R402548,L200450,1,2025-08-11,126469.69,0,4
R402549,L200450,2,2025-09-11,130559.0,0,4
R402550,L200450,3,2025-10-11,124211.59,0,2
R402551,L200450,4,2025-11-11,,1,47
R402552,L200450,5,2025-12-11,,1,92
R402553,L200450,6,2026-01-11,118516.87,0,1
R402554,L200450,7,2026-02-11,128172.46,0,2
R402555,L200450,8,2026-03-11,120141.85,0,0
R402556,L200450,9,2026-04-11,130238.57,0,4
R402557,L200450,10,2026-05-11,128020.96,0,6
R402558,L200450,11,2026-06-11,119388.94,0,4
R402559,L200451,1,2026-03-09,7274.86,0,1
R402560,L200451,2,2026-04-09,6925.26,0,1
R402561,L200451,3,2026-05-09,6875.43,0,3
R402562,L200451,4,2026-06-09,7359.46,0,0
R402563,L200452,1,2026-02-16,19254.31,0,6
R402564,L200452,2,2026-03-16,20396.84,0,1
R402565,L200452,3,2026-04-16,20241.32,0,5
R402566,L200452,4,2026-05-16,19639.51,0,5
R402567,L200452,5,2026-06-16,18915.12,0,2
R402568,L200453,1,2025-12-05,10079.28,0,4
R402569,L200453,2,2026-01-05,10921.04,0,6
R402570,L200453,3,2026-02-05,10538.43,0,5
R402571,L200453,4,2026-03-05,10041.04,0,3
R402572,L200453,5,2026-04-05,10954.58,0,5
R402573,L200453,6,2026-05-05,9600.21,0,4
R402574,L200453,7,2026-06-05,10250.52,0,4
R402575,L200454,1,2026-07-28,21556.4,0,5
R402576,L200455,1,2026-07-13,823.83,0,3
R402577,L200456,1,2026-01-23,,1,46
R402578,L200456,2,2026-02-23,33657.67,0,2
R402579,L200456,3,2026-03-23,34142.38,0,3
R402580,L200456,4,2026-04-23,37381.47,0,3
R402581,L200456,5,2026-05-23,36959.96,0,5
R402582,L200456,6,2026-06-23,35631.9,0,1
R402583,L200457,1,2026-04-14,,1,57
R402584,L200457,2,2026-05-14,10542.4,0,3
R402585,L200457,3,2026-06-14,11251.54,0,6
R402586,L200458,1,2025-08-11,,1,83
R402587,L200458,2,2025-09-11,22319.07,0,5
R402588,L200458,3,2025-10-11,23819.05,0,0
R402589,L200458,4,2025-11-11,24464.64,0,5
R402590,L200458,5,2025-12-11,24664.88,0,4
R402591,L200458,6,2026-01-11,21905.03,0,4
R402592,L200458,7,2026-02-11,24189.87,0,5
R402593,L200458,8,2026-03-11,24076.24,0,2
R402594,L200458,9,2026-04-11,23002.12,0,5
R402595,L200458,10,2026-05-11,,1,78
R402596,L200458,11,2026-06-11,22844.09,0,1
R402597,L200459,1,2026-06-26,13321.22,0,5
R402598,L200460,1,2026-03-19,23918.87,0,3
R402599,L200460,2,2026-04-19,24988.12,0,1
R402600,L200460,3,2026-05-19,26979.42,0,1
R402601,L200460,4,2026-06-19,25436.49,0,1
R402602,L200461,1,2026-05-25,576.13,0,6
R402603,L200461,2,2026-06-25,508.56,0,5
R402604,L200462,1,2026-05-04,3016.07,0,1
R402605,L200462,2,2026-06-04,2997.81,0,3
R402606,L200463,1,2026-06-19,4328.39,0,0
R402607,L200464,1,2026-06-15,246.5,0,6
R402608,L200465,1,2026-06-17,35610.77,0,6
R402609,L200466,1,2025-08-10,68322.68,0,5
R402610,L200466,2,2025-09-10,63023.82,0,3
R402611,L200466,3,2025-10-10,62839.88,0,6
R402612,L200466,4,2025-11-10,65272.94,0,5
R402613,L200466,5,2025-12-10,71698.06,0,3
R402614,L200466,6,2026-01-10,63236.63,0,2
R402615,L200466,7,2026-02-10,62767.4,0,0
R402616,L200466,8,2026-03-10,,1,63
R402617,L200466,9,2026-04-10,71463.85,0,6
R402618,L200466,10,2026-05-10,67438.0,0,6
R402619,L200466,11,2026-06-10,,1,35
R402620,L200467,1,2026-02-20,6009.49,0,1
R402621,L200467,2,2026-03-20,5846.48,0,4
R402622,L200467,3,2026-04-20,6046.57,0,6
R402623,L200467,4,2026-05-20,5955.6,0,4
R402624,L200467,5,2026-06-20,5867.4,0,2
R402625,L200468,1,2025-09-30,1195.01,0,3
R402626,L200468,2,2025-10-30,,1,53
R402627,L200468,3,2025-11-30,1158.8,0,4
R402628,L200468,4,2025-12-30,1140.42,0,5
R402629,L200468,5,2026-01-30,,1,38
R402630,L200468,6,2026-02-28,,1,69
R402631,L200468,7,2026-03-30,1245.32,0,6
R402632,L200468,8,2026-04-30,,1,71
R402633,L200468,9,2026-05-30,1232.01,0,5
R402634,L200468,10,2026-06-30,,1,62
R402635,L200469,1,2025-12-16,,1,83
R402636,L200469,2,2026-01-16,6315.61,0,4
R402637,L200469,3,2026-02-16,6350.95,0,0
R402638,L200469,4,2026-03-16,,1,76
R402639,L200469,5,2026-04-16,6797.96,0,6
R402640,L200469,6,2026-05-16,6797.7,0,5
R402641,L200469,7,2026-06-16,6615.96,0,4
R402642,L200470,1,2026-04-01,,1,75
R402643,L200470,2,2026-05-01,4900.94,0,0
R402644,L200470,3,2026-06-01,5000.74,0,5
R402645,L200470,4,2026-07-01,4727.94,0,6
R402646,L200471,1,2026-05-26,20689.58,0,5
R402647,L200471,2,2026-06-26,20083.11,0,3
R402648,L200472,1,2025-10-24,38068.07,0,5
R402649,L200472,2,2025-11-24,37476.58,0,4
R402650,L200472,3,2025-12-24,,1,96
R402651,L200472,4,2026-01-24,36422.66,0,3
R402652,L200472,5,2026-02-24,36883.46,0,3
R402653,L200472,6,2026-03-24,38692.58,0,6
R402654,L200472,7,2026-04-24,35566.73,0,3
R402655,L200472,8,2026-05-24,38660.4,0,4
R402656,L200472,9,2026-06-24,37855.84,0,5
R402657,L200473,1,2026-06-02,,1,41
R402658,L200474,1,2026-06-07,,1,41
R402659,L200475,1,2025-09-14,15095.53,0,4
R402660,L200475,2,2025-10-14,15708.53,0,6
R402661,L200475,3,2025-11-14,15052.69,0,5
R402662,L200475,4,2025-12-14,15994.36,0,3
R402663,L200475,5,2026-01-14,,1,40
R402664,L200475,6,2026-02-14,17438.66,0,5
R402665,L200475,7,2026-03-14,16773.29,0,2
R402666,L200475,8,2026-04-14,15927.36,0,5
R402667,L200475,9,2026-05-14,17344.08,0,0
R402668,L200475,10,2026-06-14,,1,33
R402669,L200476,1,2025-08-08,843.18,0,6
R402670,L200476,2,2025-09-08,939.33,0,4
R402671,L200476,3,2025-10-08,,1,50
R402672,L200476,4,2025-11-08,843.57,0,4
R402673,L200476,5,2025-12-08,849.3,0,0
R402674,L200476,6,2026-01-08,,1,76
R402675,L200476,7,2026-02-08,932.79,0,2
R402676,L200476,8,2026-03-08,927.78,0,1
R402677,L200476,9,2026-04-08,864.49,0,0
R402678,L200476,10,2026-05-08,906.7,0,0
R402679,L200476,11,2026-06-08,872.85,0,3
R402680,L200477,1,2026-03-13,3412.88,0,0
R402681,L200477,2,2026-04-13,3426.54,0,5
R402682,L200477,3,2026-05-13,3469.67,0,1
R402683,L200477,4,2026-06-13,3488.84,0,2
R402684,L200478,1,2026-01-17,16626.09,0,0
R402685,L200478,2,2026-02-17,18396.66,0,4
R402686,L200478,3,2026-03-17,18022.88,0,2
R402687,L200478,4,2026-04-17,17294.08,0,2
R402688,L200478,5,2026-05-17,16063.97,0,6
R402689,L200478,6,2026-06-17,16134.65,0,5
R402690,L200479,1,2026-02-28,1509.81,0,4
R402691,L200479,2,2026-03-30,,1,52
R402692,L200479,3,2026-04-30,1400.86,0,1
R402693,L200479,4,2026-05-30,1529.11,0,1
R402694,L200479,5,2026-06-30,1578.67,0,2
R402695,L200480,1,2025-08-20,13197.79,0,0
R402696,L200480,2,2025-09-20,12578.42,0,5
R402697,L200480,3,2025-10-20,11630.73,0,1
R402698,L200480,4,2025-11-20,12810.57,0,5
R402699,L200480,5,2025-12-20,11919.02,0,4
R402700,L200480,6,2026-01-20,11830.1,0,6
R402701,L200480,7,2026-02-20,11474.61,0,2
R402702,L200480,8,2026-03-20,11963.29,0,0
R402703,L200480,9,2026-04-20,12591.3,0,3
R402704,L200480,10,2026-05-20,12036.73,0,4
R402705,L200480,11,2026-06-20,11926.29,0,5
R402706,L200481,1,2026-01-23,2980.1,0,2
R402707,L200481,2,2026-02-23,2954.96,0,1
R402708,L200481,3,2026-03-23,2920.91,0,4
R402709,L200481,4,2026-04-23,,1,67
R402710,L200481,5,2026-05-23,2787.68,0,1
R402711,L200481,6,2026-06-23,2916.52,0,5
R402712,L200482,1,2026-02-19,50169.69,0,6
R402713,L200482,2,2026-03-19,49973.03,0,5
R402714,L200482,3,2026-04-19,44691.39,0,2
R402715,L200482,4,2026-05-19,49883.99,0,6
R402716,L200482,5,2026-06-19,48028.86,0,3
R402717,L200483,1,2026-02-28,542.69,0,5
R402718,L200483,2,2026-03-31,532.32,0,0
R402719,L200483,3,2026-04-30,570.71,0,1
R402720,L200483,4,2026-05-31,,1,86
R402721,L200483,5,2026-06-30,583.28,0,3
R402722,L200484,1,2026-02-17,27896.54,0,0
R402723,L200484,2,2026-03-17,25008.97,0,3
R402724,L200484,3,2026-04-17,25810.96,0,2
R402725,L200484,4,2026-05-17,25367.75,0,0
R402726,L200484,5,2026-06-17,27701.22,0,2
R402727,L200485,1,2026-04-16,3883.3,0,0
R402728,L200485,2,2026-05-16,4033.75,0,2
R402729,L200485,3,2026-06-16,4015.47,0,2
R402730,L200486,1,2026-01-14,1524.49,0,5
R402731,L200486,2,2026-02-14,1623.57,0,0
R402732,L200486,3,2026-03-14,1521.61,0,4
R402733,L200486,4,2026-04-14,1750.81,0,5
R402734,L200486,5,2026-05-14,1708.99,0,3
R402735,L200486,6,2026-06-14,1585.74,0,6
R402736,L200487,1,2026-05-27,4174.49,0,1
R402737,L200487,2,2026-06-27,3888.6,0,2
R402738,L200488,1,2026-07-24,2153.71,0,2
R402739,L200489,1,2026-03-14,26819.4,0,6
R402740,L200489,2,2026-04-14,28722.67,0,1
R402741,L200489,3,2026-05-14,29745.81,0,1
R402742,L200489,4,2026-06-14,28197.95,0,3
R402743,L200490,1,2025-12-08,974.84,0,6
R402744,L200490,2,2026-01-08,904.29,0,1
R402745,L200490,3,2026-02-08,,1,39
R402746,L200490,4,2026-03-08,967.57,0,0
R402747,L200490,5,2026-04-08,941.87,0,4
R402748,L200490,6,2026-05-08,942.07,0,1
R402749,L200490,7,2026-06-08,,1,53
R402750,L200491,1,2026-04-25,1334.63,0,3
R402751,L200491,2,2026-05-25,1341.08,0,1
R402752,L200491,3,2026-06-25,,1,74
R402753,L200492,1,2025-09-15,22833.68,0,0
R402754,L200492,2,2025-10-15,24062.75,0,2
R402755,L200492,3,2025-11-15,21371.7,0,1
R402756,L200492,4,2025-12-15,22410.1,0,1
R402757,L200492,5,2026-01-15,22720.51,0,6
R402758,L200492,6,2026-02-15,21391.59,0,2
R402759,L200492,7,2026-03-15,22162.26,0,6
R402760,L200492,8,2026-04-15,24389.1,0,6
R402761,L200492,9,2026-05-15,22025.78,0,4
R402762,L200492,10,2026-06-15,23163.92,0,3
R402763,L200493,1,2026-04-11,11566.92,0,0
R402764,L200493,2,2026-05-11,10696.11,0,3
R402765,L200493,3,2026-06-11,10757.93,0,6
R402766,L200494,1,2026-07-11,5049.65,0,6
R402767,L200495,1,2026-02-26,678.71,0,3
R402768,L200495,2,2026-03-26,626.82,0,2
R402769,L200495,3,2026-04-26,614.25,0,5
R402770,L200495,4,2026-05-26,671.6,0,2
R402771,L200495,5,2026-06-26,674.74,0,5
R402772,L200496,1,2025-10-07,21777.71,0,5
R402773,L200496,2,2025-11-07,21200.38,0,5
R402774,L200496,3,2025-12-07,21680.36,0,2
R402775,L200496,4,2026-01-07,21910.77,0,0
R402776,L200496,5,2026-02-07,21151.03,0,0
R402777,L200496,6,2026-03-07,20336.24,0,6
R402778,L200496,7,2026-04-07,21542.3,0,0
R402779,L200496,8,2026-05-07,,1,75
R402780,L200496,9,2026-06-07,,1,30
R402781,L200497,1,2026-02-17,8469.42,0,6
R402782,L200497,2,2026-03-17,8706.04,0,1
R402783,L200497,3,2026-04-17,8337.03,0,4
R402784,L200497,4,2026-05-17,9049.47,0,1
R402785,L200497,5,2026-06-17,8861.56,0,3
R402786,L200498,1,2026-03-27,2958.48,0,4
R402787,L200498,2,2026-04-27,3132.79,0,6
R402788,L200498,3,2026-05-27,3069.55,0,6
R402789,L200498,4,2026-06-27,2829.64,0,4
R402790,L200499,1,2026-05-14,2872.23,0,6
R402791,L200499,2,2026-06-14,2972.26,0,0
R402792,L200500,1,2026-06-10,,1,90
R402793,L200501,1,2026-07-21,2489.34,0,1
R402794,L200502,1,2025-09-23,1735.77,0,2
R402795,L200502,2,2025-10-23,1630.13,0,4
R402796,L200502,3,2025-11-23,1657.42,0,0
R402797,L200502,4,2025-12-23,1556.11,0,5
R402798,L200502,5,2026-01-23,1723.75,0,1
R402799,L200502,6,2026-02-23,1712.84,0,0
R402800,L200502,7,2026-03-23,1568.07,0,0
R402801,L200502,8,2026-04-23,1564.07,0,1
R402802,L200502,9,2026-05-23,,1,52
R402803,L200502,10,2026-06-23,1743.38,0,4
R402804,L200503,1,2025-10-03,6089.63,0,3
R402805,L200503,2,2025-11-03,6033.61,0,3
R402806,L200503,3,2025-12-03,6434.71,0,1
R402807,L200503,4,2026-01-03,5861.99,0,0
R402808,L200503,5,2026-02-03,6419.79,0,4
R402809,L200503,6,2026-03-03,5689.81,0,6
R402810,L200503,7,2026-04-03,6410.25,0,5
R402811,L200503,8,2026-05-03,6041.35,0,6
R402812,L200503,9,2026-06-03,,1,37
R402813,L200503,10,2026-07-03,5948.71,0,3
R402814,L200504,1,2026-04-14,5606.27,0,4
R402815,L200504,2,2026-05-14,5241.26,0,6
R402816,L200504,3,2026-06-14,,1,47
R402817,L200505,1,2026-06-28,1496.46,0,2
R402818,L200506,1,2026-05-03,11645.73,0,3
R402819,L200506,2,2026-06-03,11985.19,0,4
R402820,L200507,1,2026-01-22,12141.21,0,4
R402821,L200507,2,2026-02-22,12299.68,0,4
R402822,L200507,3,2026-03-22,13313.09,0,4
R402823,L200507,4,2026-04-22,11993.15,0,3
R402824,L200507,5,2026-05-22,11857.84,0,6
R402825,L200507,6,2026-06-22,13492.23,0,6
R402826,L200508,1,2025-09-09,21703.74,0,4
R402827,L200508,2,2025-10-09,23370.74,0,4
R402828,L200508,3,2025-11-09,21363.91,0,0
R402829,L200508,4,2025-12-09,23327.4,0,5
R402830,L200508,5,2026-01-09,22081.91,0,5
R402831,L200508,6,2026-02-09,21667.71,0,3
R402832,L200508,7,2026-03-09,23941.18,0,4
R402833,L200508,8,2026-04-09,21892.44,0,2
R402834,L200508,9,2026-05-09,21794.9,0,1
R402835,L200508,10,2026-06-09,23624.26,0,0
R402836,L200509,1,2026-05-16,132703.23,0,4
R402837,L200509,2,2026-06-16,119107.63,0,2
R402838,L200510,1,2026-05-04,2868.91,0,4
R402839,L200510,2,2026-06-04,,1,86
R402840,L200511,1,2025-09-21,1712.44,0,5
R402841,L200511,2,2025-10-21,,1,55
R402842,L200511,3,2025-11-21,,1,59
R402843,L200511,4,2025-12-21,,1,84
R402844,L200511,5,2026-01-21,,1,44
R402845,L200511,6,2026-02-21,1761.08,0,3
R402846,L200511,7,2026-03-21,,1,31
R402847,L200511,8,2026-04-21,1747.25,0,6
R402848,L200511,9,2026-05-21,1691.69,0,3
R402849,L200511,10,2026-06-21,1714.61,0,5
R402850,L200512,1,2025-12-06,40366.51,0,4
R402851,L200512,2,2026-01-06,43657.24,0,1
R402852,L200512,3,2026-02-06,43069.65,0,1
R402853,L200512,4,2026-03-06,42370.31,0,0
R402854,L200512,5,2026-04-06,40034.67,0,6
R402855,L200512,6,2026-05-06,43999.8,0,4
R402856,L200512,7,2026-06-06,41965.34,0,6
R402857,L200513,1,2025-08-07,4076.2,0,1
R402858,L200513,2,2025-09-07,3751.9,0,5
R402859,L200513,3,2025-10-07,3987.11,0,2
R402860,L200513,4,2025-11-07,3691.77,0,3
R402861,L200513,5,2025-12-07,,1,65
R402862,L200513,6,2026-01-07,4048.64,0,0
R402863,L200513,7,2026-02-07,3730.16,0,1
R402864,L200513,8,2026-03-07,3896.42,0,5
R402865,L200513,9,2026-04-07,4052.98,0,1
R402866,L200513,10,2026-05-07,4261.43,0,3
R402867,L200513,11,2026-06-07,3842.62,0,5
R402868,L200514,1,2026-07-02,57462.86,0,3
R402869,L200515,1,2025-09-13,48518.08,0,4
R402870,L200515,2,2025-10-13,54134.52,0,3
R402871,L200515,3,2025-11-13,49842.31,0,6
R402872,L200515,4,2025-12-13,47837.59,0,5
R402873,L200515,5,2026-01-13,47958.04,0,2
R402874,L200515,6,2026-02-13,47883.31,0,3
R402875,L200515,7,2026-03-13,49767.29,0,0
R402876,L200515,8,2026-04-13,53697.61,0,4
R402877,L200515,9,2026-05-13,52003.87,0,0
R402878,L200515,10,2026-06-13,49225.7,0,3
R402879,L200516,1,2025-10-02,6825.63,0,1
R402880,L200516,2,2025-11-02,6312.77,0,5
R402881,L200516,3,2025-12-02,6571.22,0,2
R402882,L200516,4,2026-01-02,,1,51
R402883,L200516,5,2026-02-02,6193.49,0,5
R402884,L200516,6,2026-03-02,6613.48,0,3
R402885,L200516,7,2026-04-02,,1,83
R402886,L200516,8,2026-05-02,6511.81,0,5
R402887,L200516,9,2026-06-02,6429.09,0,3
R402888,L200516,10,2026-07-02,6578.59,0,1
R402889,L200517,1,2026-06-03,2436.85,0,4
R402890,L200518,1,2026-01-02,7262.06,0,6
R402891,L200518,2,2026-02-02,7333.4,0,2
R402892,L200518,3,2026-03-02,6615.05,0,2
R402893,L200518,4,2026-04-02,6446.42,0,2
R402894,L200518,5,2026-05-02,7258.21,0,1
R402895,L200518,6,2026-06-02,6521.38,0,4
R402896,L200518,7,2026-07-02,6868.69,0,4
R402897,L200519,1,2026-06-14,,1,45
R402898,L200520,1,2025-10-06,11791.64,0,4
R402899,L200520,2,2025-11-06,12166.22,0,3
R402900,L200520,3,2025-12-06,12361.13,0,0
R402901,L200520,4,2026-01-06,11957.16,0,1
R402902,L200520,5,2026-02-06,11365.57,0,2
R402903,L200520,6,2026-03-06,10843.46,0,6
R402904,L200520,7,2026-04-06,,1,56
R402905,L200520,8,2026-05-06,10676.61,0,3
R402906,L200520,9,2026-06-06,11573.09,0,5
R402907,L200521,1,2025-12-10,,1,45
R402908,L200521,2,2026-01-10,9708.8,0,6
R402909,L200521,3,2026-02-10,9841.82,0,4
R402910,L200521,4,2026-03-10,9704.05,0,4
R402911,L200521,5,2026-04-10,10647.19,0,0
R402912,L200521,6,2026-05-10,10225.72,0,6
R402913,L200521,7,2026-06-10,9916.12,0,0
R402914,L200522,1,2026-05-24,1676.87,0,1
R402915,L200522,2,2026-06-24,,1,67
R402916,L200523,1,2026-02-23,8434.94,0,0
R402917,L200523,2,2026-03-23,,1,84
R402918,L200523,3,2026-04-23,9155.48,0,2
R402919,L200523,4,2026-05-23,9708.47,0,4
R402920,L200523,5,2026-06-23,8519.76,0,4
R402921,L200524,1,2026-04-30,14247.6,0,1
R402922,L200524,2,2026-05-30,12687.59,0,0
R402923,L200524,3,2026-06-30,12624.36,0,4
R402924,L200525,1,2025-09-09,6381.49,0,4
R402925,L200525,2,2025-10-09,6302.85,0,3
R402926,L200525,3,2025-11-09,6097.77,0,0
R402927,L200525,4,2025-12-09,6866.33,0,0
R402928,L200525,5,2026-01-09,6693.67,0,1
R402929,L200525,6,2026-02-09,6636.53,0,5
R402930,L200525,7,2026-03-09,6223.25,0,3
R402931,L200525,8,2026-04-09,6024.86,0,5
R402932,L200525,9,2026-05-09,6716.69,0,4
R402933,L200525,10,2026-06-09,6647.57,0,4
R402934,L200526,1,2026-02-24,,1,91
R402935,L200526,2,2026-03-24,5101.02,0,2
R402936,L200526,3,2026-04-24,5755.59,0,3
R402937,L200526,4,2026-05-24,5230.11,0,0
R402938,L200526,5,2026-06-24,,1,86
R402939,L200527,1,2026-05-08,4603.4,0,0
R402940,L200527,2,2026-06-08,4747.5,0,6
R402941,L200528,1,2026-06-30,511.53,0,1
R402942,L200529,1,2025-08-24,5688.03,0,6
R402943,L200529,2,2025-09-24,5689.91,0,3
R402944,L200529,3,2025-10-24,5935.4,0,0
R402945,L200529,4,2025-11-24,5637.87,0,3
R402946,L200529,5,2025-12-24,5697.68,0,5
R402947,L200529,6,2026-01-24,5426.48,0,4
R402948,L200529,7,2026-02-24,5250.03,0,2
R402949,L200529,8,2026-03-24,6025.94,0,1
R402950,L200529,9,2026-04-24,5210.51,0,1
R402951,L200529,10,2026-05-24,6045.0,0,0
R402952,L200529,11,2026-06-24,5513.41,0,4
R402953,L200530,1,2026-03-01,5882.01,0,3
R402954,L200530,2,2026-04-01,5615.65,0,4
R402955,L200530,3,2026-05-01,5397.49,0,6
R402956,L200530,4,2026-06-01,6106.47,0,0
R402957,L200531,1,2026-07-05,1541.28,0,6
R402958,L200532,1,2026-01-03,4073.14,0,3
R402959,L200532,2,2026-02-03,4047.77,0,6
R402960,L200532,3,2026-03-03,4078.7,0,1
R402961,L200532,4,2026-04-03,,1,50
R402962,L200532,5,2026-05-03,3681.23,0,0
R402963,L200532,6,2026-06-03,,1,79
R402964,L200533,1,2026-05-28,1462.71,0,3
R402965,L200533,2,2026-06-28,1594.06,0,6
R402966,L200534,1,2026-03-27,2103.51,0,1
R402967,L200534,2,2026-04-27,1968.03,0,4
R402968,L200534,3,2026-05-27,2107.77,0,4
R402969,L200534,4,2026-06-27,2169.81,0,4
R402970,L200535,1,2026-03-04,11822.66,0,5
R402971,L200535,2,2026-04-04,12218.17,0,1
R402972,L200535,3,2026-05-04,11483.56,0,4
R402973,L200535,4,2026-06-04,12530.32,0,4
R402974,L200536,1,2026-07-02,8322.47,0,3
R402975,L200537,1,2026-06-27,1815.82,0,2
R402976,L200538,1,2025-09-10,19955.97,0,3
R402977,L200538,2,2025-10-10,20486.71,0,3
R402978,L200538,3,2025-11-10,20803.44,0,4
R402979,L200538,4,2025-12-10,,1,81
R402980,L200538,5,2026-01-10,19746.68,0,5
R402981,L200538,6,2026-02-10,21956.62,0,3
R402982,L200538,7,2026-03-10,20301.42,0,1
R402983,L200538,8,2026-04-10,19849.37,0,3
R402984,L200538,9,2026-05-10,21500.45,0,0
R402985,L200538,10,2026-06-10,19871.86,0,4
R402986,L200539,1,2025-11-24,,1,53
R402987,L200539,2,2025-12-24,2195.94,0,2
R402988,L200539,3,2026-01-24,2096.15,0,4
R402989,L200539,4,2026-02-24,,1,88
R402990,L200539,5,2026-03-24,,1,41
R402991,L200539,6,2026-04-24,2118.77,0,2
R402992,L200539,7,2026-05-24,2059.44,0,6
R402993,L200539,8,2026-06-24,2014.42,0,3
R402994,L200540,1,2026-07-06,394.86,0,4
R402995,L200541,1,2026-07-25,10800.66,0,1
R402996,L200542,1,2026-06-09,,1,66
R402997,L200543,1,2026-03-24,9737.56,0,6
R402998,L200543,2,2026-04-24,9418.97,0,6
R402999,L200543,3,2026-05-24,,1,97
R403000,L200543,4,2026-06-24,9704.21,0,4
R403001,L200544,1,2026-07-26,27467.91,0,0
R403002,L200545,1,2025-08-19,920.49,0,6
R403003,L200545,2,2025-09-19,980.4,0,5
R403004,L200545,3,2025-10-19,939.54,0,6
R403005,L200545,4,2025-11-19,948.03,0,4
R403006,L200545,5,2025-12-19,888.57,0,0
R403007,L200545,6,2026-01-19,988.32,0,4
R403008,L200545,7,2026-02-19,850.07,0,3
R403009,L200545,8,2026-03-19,940.28,0,6
R403010,L200545,9,2026-04-19,876.25,0,4
R403011,L200545,10,2026-05-19,964.14,0,6
R403012,L200545,11,2026-06-19,887.18,0,0
R403013,L200546,1,2025-10-30,5259.31,0,5
R403014,L200546,2,2025-11-30,5263.03,0,5
R403015,L200546,3,2025-12-30,5713.13,0,2
R403016,L200546,4,2026-01-30,,1,32
R403017,L200546,5,2026-02-28,5376.51,0,6
R403018,L200546,6,2026-03-30,5120.27,0,1
R403019,L200546,7,2026-04-30,5784.96,0,1
R403020,L200546,8,2026-05-30,5380.86,0,6
R403021,L200546,9,2026-06-30,5140.36,0,5
R403022,L200547,1,2026-01-31,1712.65,0,3
R403023,L200547,2,2026-02-28,1759.7,0,3
R403024,L200547,3,2026-03-31,1711.23,0,2
R403025,L200547,4,2026-04-30,1662.31,0,5
R403026,L200547,5,2026-05-31,1657.14,0,1
R403027,L200547,6,2026-06-30,1805.99,0,6
R403028,L200548,1,2025-11-12,2279.5,0,4
R403029,L200548,2,2025-12-12,2314.07,0,3
R403030,L200548,3,2026-01-12,,1,51
R403031,L200548,4,2026-02-12,2287.06,0,6
R403032,L200548,5,2026-03-12,,1,97
R403033,L200548,6,2026-04-12,2420.1,0,3
R403034,L200548,7,2026-05-12,2298.99,0,4
R403035,L200548,8,2026-06-12,2357.67,0,0
R403036,L200549,1,2026-06-14,2091.1,0,5
R403037,L200550,1,2026-04-25,1422.3,0,6
R403038,L200550,2,2026-05-25,1373.17,0,4
R403039,L200550,3,2026-06-25,1477.07,0,6
R403040,L200551,1,2026-01-19,1031.1,0,0
R403041,L200551,2,2026-02-19,912.06,0,6
R403042,L200551,3,2026-03-19,967.16,0,3
R403043,L200551,4,2026-04-19,,1,75
R403044,L200551,5,2026-05-19,1001.07,0,3
R403045,L200551,6,2026-06-19,968.21,0,1
R403046,L200552,1,2026-07-17,22156.31,0,0
R403047,L200553,1,2025-08-28,86238.32,0,6
R403048,L200553,2,2025-09-28,88680.39,0,5
R403049,L200553,3,2025-10-28,90465.53,0,1
R403050,L200553,4,2025-11-28,82757.0,0,4
R403051,L200553,5,2025-12-28,82178.53,0,6
R403052,L200553,6,2026-01-28,81617.2,0,4
R403053,L200553,7,2026-02-28,91950.85,0,4
R403054,L200553,8,2026-03-28,94436.86,0,2
R403055,L200553,9,2026-04-28,85813.93,0,2
R403056,L200553,10,2026-05-28,89426.41,0,6
R403057,L200553,11,2026-06-28,90898.7,0,0
R403058,L200554,1,2025-12-01,569.06,0,4
R403059,L200554,2,2026-01-01,606.78,0,4
R403060,L200554,3,2026-02-01,,1,32
R403061,L200554,4,2026-03-01,572.53,0,4
R403062,L200554,5,2026-04-01,565.77,0,2
R403063,L200554,6,2026-05-01,595.72,0,4
R403064,L200554,7,2026-06-01,640.38,0,5
R403065,L200554,8,2026-07-01,,1,67
R403066,L200555,1,2025-11-25,851.81,0,6
R403067,L200555,2,2025-12-25,853.24,0,6
R403068,L200555,3,2026-01-25,930.43,0,6
R403069,L200555,4,2026-02-25,957.93,0,2
R403070,L200555,5,2026-03-25,849.66,0,3
R403071,L200555,6,2026-04-25,869.26,0,0
R403072,L200555,7,2026-05-25,868.52,0,2
R403073,L200555,8,2026-06-25,960.23,0,5
R403074,L200556,1,2025-08-29,439.04,0,2
R403075,L200556,2,2025-09-29,391.2,0,3
R403076,L200556,3,2025-10-29,383.9,0,2
R403077,L200556,4,2025-11-29,378.81,0,4
R403078,L200556,5,2025-12-29,379.4,0,4
R403079,L200556,6,2026-01-29,416.39,0,3
R403080,L200556,7,2026-02-28,,1,75
R403081,L200556,8,2026-03-29,428.21,0,5
R403082,L200556,9,2026-04-29,428.45,0,5
R403083,L200556,10,2026-05-29,434.0,0,6
R403084,L200556,11,2026-06-29,427.12,0,2
R403085,L200557,1,2026-07-23,3096.69,0,2
R403086,L200558,1,2026-03-26,6809.55,0,1
R403087,L200558,2,2026-04-26,6666.53,0,4
R403088,L200558,3,2026-05-26,6501.8,0,3
R403089,L200558,4,2026-06-26,6064.38,0,2
R403090,L200559,1,2025-11-12,1016.66,0,6
R403091,L200559,2,2025-12-12,1002.6,0,5
R403092,L200559,3,2026-01-12,881.66,0,4
R403093,L200559,4,2026-02-12,915.99,0,3
R403094,L200559,5,2026-03-12,971.05,0,0
R403095,L200559,6,2026-04-12,879.21,0,4
R403096,L200559,7,2026-05-12,950.56,0,3
R403097,L200559,8,2026-06-12,,1,56
R403098,L200560,1,2026-04-12,1946.14,0,4
R403099,L200560,2,2026-05-12,2140.88,0,5
R403100,L200560,3,2026-06-12,2078.84,0,5
R403101,L200561,1,2026-04-28,1245.39,0,2
R403102,L200561,2,2026-05-28,,1,47
R403103,L200561,3,2026-06-28,1201.71,0,0
R403104,L200562,1,2026-05-15,1307.83,0,3
R403105,L200562,2,2026-06-15,1336.73,0,5
R403106,L200563,1,2025-10-09,,1,92
R403107,L200563,2,2025-11-09,1611.88,0,4
R403108,L200563,3,2025-12-09,1647.02,0,0
R403109,L200563,4,2026-01-09,1646.85,0,4
R403110,L200563,5,2026-02-09,1602.94,0,1
R403111,L200563,6,2026-03-09,1782.23,0,6
R403112,L200563,7,2026-04-09,1785.06,0,3
R403113,L200563,8,2026-05-09,1646.18,0,4
R403114,L200563,9,2026-06-09,1711.41,0,6
R403115,L200564,1,2025-10-26,2876.6,0,0
R403116,L200564,2,2025-11-26,3014.83,0,5
R403117,L200564,3,2025-12-26,2767.08,0,4
R403118,L200564,4,2026-01-26,2884.63,0,2
R403119,L200564,5,2026-02-26,2709.22,0,4
R403120,L200564,6,2026-03-26,3088.4,0,0
R403121,L200564,7,2026-04-26,2992.54,0,4
R403122,L200564,8,2026-05-26,,1,65
R403123,L200564,9,2026-06-26,2999.45,0,4
R403124,L200565,1,2026-02-25,6077.79,0,6
R403125,L200565,2,2026-03-25,5786.77,0,2
R403126,L200565,3,2026-04-25,6213.84,0,3
R403127,L200565,4,2026-05-25,6211.37,0,1
R403128,L200565,5,2026-06-25,6554.68,0,0
R403129,L200566,1,2025-10-27,9470.21,0,0
R403130,L200566,2,2025-11-27,9003.29,0,5
R403131,L200566,3,2025-12-27,8214.18,0,4
R403132,L200566,4,2026-01-27,8251.3,0,0
R403133,L200566,5,2026-02-27,8630.83,0,0
R403134,L200566,6,2026-03-27,8840.1,0,4
R403135,L200566,7,2026-04-27,9412.7,0,0
R403136,L200566,8,2026-05-27,,1,53
R403137,L200566,9,2026-06-27,9438.9,0,0
R403138,L200567,1,2026-04-08,1186.9,0,4
R403139,L200567,2,2026-05-08,1295.33,0,2
R403140,L200567,3,2026-06-08,1245.55,0,1
R403141,L200568,1,2025-12-11,23527.39,0,4
R403142,L200568,2,2026-01-11,22954.85,0,1
R403143,L200568,3,2026-02-11,,1,82
R403144,L200568,4,2026-03-11,22271.98,0,6
R403145,L200568,5,2026-04-11,21254.46,0,2
R403146,L200568,6,2026-05-11,22167.91,0,6
R403147,L200568,7,2026-06-11,23437.69,0,1
R403148,L200569,1,2026-03-20,5234.46,0,2
R403149,L200569,2,2026-04-20,5432.33,0,3
R403150,L200569,3,2026-05-20,,1,35
R403151,L200569,4,2026-06-20,5103.59,0,0
R403152,L200570,1,2026-05-30,684.41,0,0
R403153,L200570,2,2026-06-30,648.74,0,1
R403154,L200571,1,2025-12-23,26010.43,0,4
R403155,L200571,2,2026-01-23,,1,97
R403156,L200571,3,2026-02-23,26455.49,0,3
R403157,L200571,4,2026-03-23,26958.21,0,3
R403158,L200571,5,2026-04-23,26793.4,0,3
R403159,L200571,6,2026-05-23,28393.9,0,2
R403160,L200571,7,2026-06-23,29153.33,0,4
R403161,L200572,1,2026-07-16,6219.18,0,2
R403162,L200573,1,2025-11-10,7903.81,0,5
R403163,L200573,2,2025-12-10,,1,48
R403164,L200573,3,2026-01-10,8055.71,0,2
R403165,L200573,4,2026-02-10,8025.99,0,1
R403166,L200573,5,2026-03-10,7994.19,0,4
R403167,L200573,6,2026-04-10,8510.91,0,2
R403168,L200573,7,2026-05-10,9140.36,0,5
R403169,L200573,8,2026-06-10,8563.13,0,1
R403170,L200574,1,2026-01-05,1860.24,0,3
R403171,L200574,2,2026-02-05,1836.61,0,6
R403172,L200574,3,2026-03-05,1688.18,0,6
R403173,L200574,4,2026-04-05,,1,57
R403174,L200574,5,2026-05-05,1867.39,0,6
R403175,L200574,6,2026-06-05,1883.16,0,6
R403176,L200575,1,2025-12-01,,1,75
R403177,L200575,2,2026-01-01,2222.01,0,5
R403178,L200575,3,2026-02-01,2437.87,0,2
R403179,L200575,4,2026-03-01,2229.26,0,0
R403180,L200575,5,2026-04-01,2348.92,0,3
R403181,L200575,6,2026-05-01,2461.24,0,5
R403182,L200575,7,2026-06-01,2166.08,0,3
R403183,L200575,8,2026-07-01,2310.37,0,6
R403184,L200576,1,2025-12-13,4930.26,0,6
R403185,L200576,2,2026-01-13,4981.75,0,3
R403186,L200576,3,2026-02-13,5111.69,0,3
R403187,L200576,4,2026-03-13,5352.29,0,2
R403188,L200576,5,2026-04-13,5449.48,0,1
R403189,L200576,6,2026-05-13,4972.66,0,2
R403190,L200576,7,2026-06-13,5204.96,0,2
R403191,L200577,1,2025-10-07,5425.76,0,1
R403192,L200577,2,2025-11-07,5595.99,0,3
R403193,L200577,3,2025-12-07,5526.55,0,6
R403194,L200577,4,2026-01-07,5557.59,0,5
R403195,L200577,5,2026-02-07,5025.27,0,1
R403196,L200577,6,2026-03-07,4917.95,0,3
R403197,L200577,7,2026-04-07,5426.25,0,2
R403198,L200577,8,2026-05-07,,1,76
R403199,L200577,9,2026-06-07,5255.07,0,3
R403200,L200578,1,2026-06-19,1455.62,0,4
R403201,L200579,1,2026-04-28,27813.05,0,3
R403202,L200579,2,2026-05-28,29085.0,0,5
R403203,L200579,3,2026-06-28,29856.16,0,6
R403204,L200580,1,2026-01-12,37553.87,0,1
R403205,L200580,2,2026-02-12,37417.8,0,3
R403206,L200580,3,2026-03-12,35184.28,0,3
R403207,L200580,4,2026-04-12,35778.58,0,0
R403208,L200580,5,2026-05-12,38437.92,0,4
R403209,L200580,6,2026-06-12,36532.61,0,4
R403210,L200581,1,2026-01-03,5239.14,0,4
R403211,L200581,2,2026-02-03,,1,82
R403212,L200581,3,2026-03-03,,1,62
R403213,L200581,4,2026-04-03,5249.97,0,0
R403214,L200581,5,2026-05-03,5862.76,0,4
R403215,L200581,6,2026-06-03,5466.17,0,4
R403216,L200582,1,2025-08-06,3724.88,0,1
R403217,L200582,2,2025-09-06,4003.96,0,4
R403218,L200582,3,2025-10-06,,1,30
R403219,L200582,4,2025-11-06,4061.14,0,4
R403220,L200582,5,2025-12-06,3789.41,0,2
R403221,L200582,6,2026-01-06,3651.6,0,3
R403222,L200582,7,2026-02-06,4045.61,0,3
R403223,L200582,8,2026-03-06,,1,66
R403224,L200582,9,2026-04-06,3935.65,0,5
R403225,L200582,10,2026-05-06,4095.33,0,0
R403226,L200582,11,2026-06-06,3756.62,0,2
R403227,L200583,1,2026-04-05,22717.45,0,4
R403228,L200583,2,2026-05-05,23480.75,0,6
R403229,L200583,3,2026-06-05,20905.58,0,6
R403230,L200584,1,2025-10-13,29637.56,0,0
R403231,L200584,2,2025-11-13,30800.44,0,2
R403232,L200584,3,2025-12-13,29885.61,0,0
R403233,L200584,4,2026-01-13,32196.67,0,0
R403234,L200584,5,2026-02-13,31460.08,0,3
R403235,L200584,6,2026-03-13,30079.72,0,2
R403236,L200584,7,2026-04-13,28587.44,0,1
R403237,L200584,8,2026-05-13,29921.68,0,6
R403238,L200584,9,2026-06-13,31142.7,0,4
R403239,L200585,1,2025-11-17,1584.81,0,6
R403240,L200585,2,2025-12-17,1568.52,0,2
R403241,L200585,3,2026-01-17,1761.84,0,5
R403242,L200585,4,2026-02-17,1755.73,0,0
R403243,L200585,5,2026-03-17,1719.98,0,2
R403244,L200585,6,2026-04-17,1734.43,0,3
R403245,L200585,7,2026-05-17,1696.13,0,2
R403246,L200585,8,2026-06-17,1563.3,0,1
R403247,L200586,1,2026-01-05,1935.61,0,6
R403248,L200586,2,2026-02-05,1874.26,0,3
R403249,L200586,3,2026-03-05,1945.98,0,2
R403250,L200586,4,2026-04-05,1836.25,0,4
R403251,L200586,5,2026-05-05,1979.26,0,2
R403252,L200586,6,2026-06-05,1849.54,0,2
R403253,L200587,1,2026-01-21,9138.57,0,4
R403254,L200587,2,2026-02-21,9117.76,0,1
R403255,L200587,3,2026-03-21,8625.75,0,1
R403256,L200587,4,2026-04-21,8286.96,0,0
R403257,L200587,5,2026-05-21,,1,60
R403258,L200587,6,2026-06-21,9400.31,0,5
R403259,L200588,1,2025-12-23,,1,89
R403260,L200588,2,2026-01-23,,1,55
R403261,L200588,3,2026-02-23,5072.4,0,0
R403262,L200588,4,2026-03-23,4968.36,0,0
R403263,L200588,5,2026-04-23,4692.96,0,6
R403264,L200588,6,2026-05-23,5072.56,0,4
R403265,L200588,7,2026-06-23,4381.94,0,2
R403266,L200589,1,2026-05-27,11117.48,0,4
R403267,L200589,2,2026-06-27,10094.27,0,2
R403268,L200590,1,2026-05-20,3139.62,0,1
R403269,L200590,2,2026-06-20,3152.15,0,6
R403270,L200591,1,2026-02-22,3318.86,0,2
R403271,L200591,2,2026-03-22,3151.87,0,6
R403272,L200591,3,2026-04-22,3188.92,0,4
R403273,L200591,4,2026-05-22,3176.31,0,3
R403274,L200591,5,2026-06-22,3220.85,0,4
R403275,L200592,1,2026-01-20,453.95,0,3
R403276,L200592,2,2026-02-20,443.22,0,6
R403277,L200592,3,2026-03-20,443.81,0,2
R403278,L200592,4,2026-04-20,449.11,0,2
R403279,L200592,5,2026-05-20,468.09,0,6
R403280,L200592,6,2026-06-20,441.09,0,6
R403281,L200593,1,2026-01-19,4581.64,0,0
R403282,L200593,2,2026-02-19,,1,76
R403283,L200593,3,2026-03-19,,1,81
R403284,L200593,4,2026-04-19,4434.05,0,5
R403285,L200593,5,2026-05-19,4269.21,0,5
R403286,L200593,6,2026-06-19,4573.08,0,2
R403287,L200594,1,2025-09-08,34117.79,0,1
R403288,L200594,2,2025-10-08,32742.54,0,3
R403289,L200594,3,2025-11-08,33600.93,0,0
R403290,L200594,4,2025-12-08,33695.84,0,5
R403291,L200594,5,2026-01-08,36168.69,0,2
R403292,L200594,6,2026-02-08,34356.28,0,2
R403293,L200594,7,2026-03-08,32205.83,0,5
R403294,L200594,8,2026-04-08,32252.71,0,4
R403295,L200594,9,2026-05-08,32327.92,0,3
R403296,L200594,10,2026-06-08,33133.84,0,4
R403297,L200595,1,2026-02-05,2366.76,0,5
R403298,L200595,2,2026-03-05,2267.45,0,5
R403299,L200595,3,2026-04-05,2223.72,0,5
R403300,L200595,4,2026-05-05,2270.81,0,1
R403301,L200595,5,2026-06-05,,1,78
R403302,L200596,1,2025-11-17,25252.54,0,5
R403303,L200596,2,2025-12-17,24883.11,0,6
R403304,L200596,3,2026-01-17,25187.72,0,5
R403305,L200596,4,2026-02-17,25428.9,0,3
R403306,L200596,5,2026-03-17,24969.97,0,1
R403307,L200596,6,2026-04-17,23859.43,0,6
R403308,L200596,7,2026-05-17,23829.57,0,5
R403309,L200596,8,2026-06-17,,1,84
R403310,L200597,1,2026-07-01,6734.24,0,3
R403311,L200598,1,2025-11-30,3637.08,0,6
R403312,L200598,2,2025-12-31,3534.9,0,4
R403313,L200598,3,2026-01-31,3512.04,0,1
R403314,L200598,4,2026-02-28,3450.64,0,3
R403315,L200598,5,2026-03-31,,1,84
R403316,L200598,6,2026-04-30,,1,78
R403317,L200598,7,2026-05-31,3628.16,0,6
R403318,L200598,8,2026-06-30,3509.18,0,6
R403319,L200599,1,2026-05-23,15795.43,0,3
R403320,L200599,2,2026-06-23,13988.9,0,3
R403321,L200600,1,2026-02-02,3557.21,0,0
R403322,L200600,2,2026-03-02,3408.97,0,0
R403323,L200600,3,2026-04-02,3525.68,0,2
R403324,L200600,4,2026-05-02,3293.76,0,4
R403325,L200600,5,2026-06-02,3353.99,0,1
R403326,L200601,1,2026-05-30,4147.51,0,3
R403327,L200601,2,2026-06-30,4292.4,0,3
R403328,L200602,1,2026-01-05,876.25,0,2
R403329,L200602,2,2026-02-05,765.89,0,1
R403330,L200602,3,2026-03-05,875.77,0,0
R403331,L200602,4,2026-04-05,784.19,0,4
R403332,L200602,5,2026-05-05,798.48,0,6
R403333,L200602,6,2026-06-05,761.48,0,1
R403334,L200603,1,2026-05-07,4166.48,0,2
R403335,L200603,2,2026-06-07,4171.41,0,0
R403336,L200604,1,2025-08-02,6312.61,0,5
R403337,L200604,2,2025-09-02,6280.99,0,4
R403338,L200604,3,2025-10-02,6961.82,0,5
R403339,L200604,4,2025-11-02,6377.67,0,2
R403340,L200604,5,2025-12-02,,1,56
R403341,L200604,6,2026-01-02,6159.81,0,6
R403342,L200604,7,2026-02-02,7006.8,0,1
R403343,L200604,8,2026-03-02,6890.46,0,4
R403344,L200604,9,2026-04-02,6511.06,0,0
R403345,L200604,10,2026-05-02,6156.1,0,2
R403346,L200604,11,2026-06-02,,1,43
R403347,L200604,12,2026-07-02,6288.63,0,3
R403348,L200605,1,2026-01-26,6100.52,0,0
R403349,L200605,2,2026-02-26,5690.29,0,3
R403350,L200605,3,2026-03-26,5770.62,0,5
R403351,L200605,4,2026-04-26,6461.75,0,2
R403352,L200605,5,2026-05-26,6542.37,0,2
R403353,L200605,6,2026-06-26,5832.45,0,3
R403354,L200606,1,2026-04-24,11855.4,0,5
R403355,L200606,2,2026-05-24,11760.46,0,3
R403356,L200606,3,2026-06-24,11238.63,0,1
R403357,L200607,1,2025-12-12,581.46,0,6
R403358,L200607,2,2026-01-12,605.11,0,4
R403359,L200607,3,2026-02-12,618.3,0,5
R403360,L200607,4,2026-03-12,630.95,0,5
R403361,L200607,5,2026-04-12,627.84,0,6
R403362,L200607,6,2026-05-12,630.25,0,1
R403363,L200607,7,2026-06-12,618.16,0,6
R403364,L200608,1,2025-08-14,15194.8,0,1
R403365,L200608,2,2025-09-14,15810.28,0,1
R403366,L200608,3,2025-10-14,15680.57,0,6
R403367,L200608,4,2025-11-14,16353.14,0,6
R403368,L200608,5,2025-12-14,14537.0,0,2
R403369,L200608,6,2026-01-14,15570.94,0,0
R403370,L200608,7,2026-02-14,,1,66
R403371,L200608,8,2026-03-14,15057.69,0,6
R403372,L200608,9,2026-04-14,15399.98,0,0
R403373,L200608,10,2026-05-14,16696.53,0,5
R403374,L200608,11,2026-06-14,16385.01,0,3
R403375,L200609,1,2026-02-19,1845.28,0,0
R403376,L200609,2,2026-03-19,1857.21,0,5
R403377,L200609,3,2026-04-19,1858.74,0,4
R403378,L200609,4,2026-05-19,1794.28,0,5
R403379,L200609,5,2026-06-19,1847.11,0,6
R403380,L200610,1,2026-07-10,3943.5,0,3
R403381,L200611,1,2026-04-13,,1,71
R403382,L200611,2,2026-05-13,2273.52,0,3
R403383,L200611,3,2026-06-13,2212.68,0,1
R403384,L200612,1,2025-08-04,58729.03,0,2
R403385,L200612,2,2025-09-04,58212.17,0,6
R403386,L200612,3,2025-10-04,64312.75,0,4
R403387,L200612,4,2025-11-04,60833.63,0,1
R403388,L200612,5,2025-12-04,62117.54,0,6
R403389,L200612,6,2026-01-04,58320.78,0,2
R403390,L200612,7,2026-02-04,63018.12,0,5
R403391,L200612,8,2026-03-04,57566.28,0,4
R403392,L200612,9,2026-04-04,60200.17,0,0
R403393,L200612,10,2026-05-04,59186.09,0,0
R403394,L200612,11,2026-06-04,63918.04,0,0
R403395,L200612,12,2026-07-04,63546.18,0,5
R403396,L200613,1,2025-09-18,932.79,0,0
R403397,L200613,2,2025-10-18,1022.26,0,2
R403398,L200613,3,2025-11-18,1015.61,0,4
R403399,L200613,4,2025-12-18,1051.3,0,3
R403400,L200613,5,2026-01-18,931.42,0,0
R403401,L200613,6,2026-02-18,1031.17,0,0
R403402,L200613,7,2026-03-18,1048.03,0,4
R403403,L200613,8,2026-04-18,,1,48
R403404,L200613,9,2026-05-18,1052.25,0,5
R403405,L200613,10,2026-06-18,1067.26,0,3
R403406,L200614,1,2025-09-03,7547.04,0,1
R403407,L200614,2,2025-10-03,8329.05,0,2
R403408,L200614,3,2025-11-03,8073.46,0,0
R403409,L200614,4,2025-12-03,8001.19,0,2
R403410,L200614,5,2026-01-03,7864.18,0,0
R403411,L200614,6,2026-02-03,8309.24,0,1
R403412,L200614,7,2026-03-03,7288.81,0,6
R403413,L200614,8,2026-04-03,7779.27,0,5
R403414,L200614,9,2026-05-03,7606.46,0,4
R403415,L200614,10,2026-06-03,8141.98,0,6
R403416,L200614,11,2026-07-03,8011.82,0,0
R403417,L200615,1,2025-10-16,934.8,0,4
R403418,L200615,2,2025-11-16,900.96,0,3
R403419,L200615,3,2025-12-16,845.76,0,0
R403420,L200615,4,2026-01-16,942.99,0,4
R403421,L200615,5,2026-02-16,859.28,0,0
R403422,L200615,6,2026-03-16,927.48,0,2
R403423,L200615,7,2026-04-16,821.7,0,5
R403424,L200615,8,2026-05-16,828.59,0,1
R403425,L200615,9,2026-06-16,938.23,0,1
R403426,L200616,1,2025-12-27,1796.9,0,2
R403427,L200616,2,2026-01-27,1760.76,0,2
R403428,L200616,3,2026-02-27,1850.74,0,4
R403429,L200616,4,2026-03-27,1769.43,0,4
R403430,L200616,5,2026-04-27,1726.07,0,4
R403431,L200616,6,2026-05-27,1873.69,0,2
R403432,L200616,7,2026-06-27,1752.45,0,0
R403433,L200617,1,2025-10-10,4256.63,0,3
R403434,L200617,2,2025-11-10,4570.81,0,0
R403435,L200617,3,2025-12-10,4652.88,0,6
R403436,L200617,4,2026-01-10,4322.52,0,3
R403437,L200617,5,2026-02-10,4513.17,0,5
R403438,L200617,6,2026-03-10,4591.3,0,1
R403439,L200617,7,2026-04-10,4399.91,0,2
R403440,L200617,8,2026-05-10,4649.65,0,3
R403441,L200617,9,2026-06-10,4299.34,0,3
R403442,L200618,1,2025-11-23,4858.82,0,3
R403443,L200618,2,2025-12-23,4697.61,0,6
R403444,L200618,3,2026-01-23,4732.67,0,2
R403445,L200618,4,2026-02-23,4761.98,0,0
R403446,L200618,5,2026-03-23,4833.74,0,4
R403447,L200618,6,2026-04-23,4938.55,0,0
R403448,L200618,7,2026-05-23,4524.48,0,4
R403449,L200618,8,2026-06-23,,1,89
R403450,L200619,1,2025-08-13,32526.29,0,6
R403451,L200619,2,2025-09-13,33252.62,0,6
R403452,L200619,3,2025-10-13,29049.84,0,5
R403453,L200619,4,2025-11-13,29469.18,0,6
R403454,L200619,5,2025-12-13,29668.62,0,0
R403455,L200619,6,2026-01-13,31378.51,0,4
R403456,L200619,7,2026-02-13,32069.07,0,2
R403457,L200619,8,2026-03-13,31658.85,0,1
R403458,L200619,9,2026-04-13,31606.11,0,4
R403459,L200619,10,2026-05-13,33050.32,0,4
R403460,L200619,11,2026-06-13,31080.96,0,0
R403461,L200620,1,2025-10-02,15733.31,0,1
R403462,L200620,2,2025-11-02,16267.79,0,3
R403463,L200620,3,2025-12-02,14734.29,0,4
R403464,L200620,4,2026-01-02,15711.53,0,1
R403465,L200620,5,2026-02-02,16247.19,0,1
R403466,L200620,6,2026-03-02,15519.98,0,1
R403467,L200620,7,2026-04-02,16040.05,0,3
R403468,L200620,8,2026-05-02,15514.36,0,5
R403469,L200620,9,2026-06-02,15848.04,0,3
R403470,L200620,10,2026-07-02,14972.61,0,5
R403471,L200621,1,2025-10-25,10956.59,0,2
R403472,L200621,2,2025-11-25,11632.68,0,2
R403473,L200621,3,2025-12-25,11745.51,0,4
R403474,L200621,4,2026-01-25,12514.68,0,4
R403475,L200621,5,2026-02-25,12366.08,0,0
R403476,L200621,6,2026-03-25,11037.65,0,3
R403477,L200621,7,2026-04-25,10965.11,0,1
R403478,L200621,8,2026-05-25,12446.33,0,4
R403479,L200621,9,2026-06-25,12475.16,0,0
R403480,L200622,1,2025-09-01,5280.4,0,6
R403481,L200622,2,2025-10-01,4606.05,0,6
R403482,L200622,3,2025-11-01,,1,88
R403483,L200622,4,2025-12-01,4822.64,0,1
R403484,L200622,5,2026-01-01,4976.63,0,4
R403485,L200622,6,2026-02-01,4571.68,0,3
R403486,L200622,7,2026-03-01,4650.25,0,1
R403487,L200622,8,2026-04-01,4551.63,0,5
R403488,L200622,9,2026-05-01,,1,83
R403489,L200622,10,2026-06-01,,1,87
R403490,L200622,11,2026-07-01,4830.96,0,3
R403491,L200623,1,2026-04-30,8456.5,0,5
R403492,L200623,2,2026-05-31,9272.77,0,5
R403493,L200623,3,2026-06-30,8577.89,0,5
R403494,L200624,1,2026-06-16,4385.5,0,5
R403495,L200625,1,2025-09-27,276.53,0,4
R403496,L200625,2,2025-10-27,292.1,0,6
R403497,L200625,3,2025-11-27,274.77,0,5
R403498,L200625,4,2025-12-27,303.77,0,6
R403499,L200625,5,2026-01-27,286.78,0,3
R403500,L200625,6,2026-02-27,268.31,0,0
R403501,L200625,7,2026-03-27,310.01,0,2
R403502,L200625,8,2026-04-27,310.13,0,4
R403503,L200625,9,2026-05-27,282.07,0,1
R403504,L200625,10,2026-06-27,304.6,0,0
R403505,L200626,1,2025-08-29,713.94,0,4
R403506,L200626,2,2025-09-29,658.16,0,6
R403507,L200626,3,2025-10-29,666.89,0,1
R403508,L200626,4,2025-11-29,673.92,0,2
R403509,L200626,5,2025-12-29,661.15,0,4
R403510,L200626,6,2026-01-29,649.19,0,6
R403511,L200626,7,2026-02-28,633.04,0,4
R403512,L200626,8,2026-03-29,691.12,0,6
R403513,L200626,9,2026-04-29,677.39,0,5
R403514,L200626,10,2026-05-29,633.4,0,6
R403515,L200626,11,2026-06-29,714.98,0,4
R403516,L200627,1,2026-02-25,666.55,0,5
R403517,L200627,2,2026-03-25,583.14,0,1
R403518,L200627,3,2026-04-25,626.53,0,3
R403519,L200627,4,2026-05-25,657.03,0,2
R403520,L200627,5,2026-06-25,,1,96
R403521,L200628,1,2026-04-24,3748.48,0,4
R403522,L200628,2,2026-05-24,,1,56
R403523,L200628,3,2026-06-24,3596.3,0,5
R403524,L200629,1,2026-05-30,,1,62
R403525,L200629,2,2026-06-30,,1,80
R403526,L200630,1,2025-11-12,7726.84,0,2
R403527,L200630,2,2025-12-12,6767.59,0,3
R403528,L200630,3,2026-01-12,6928.99,0,3
R403529,L200630,4,2026-02-12,7148.13,0,6
R403530,L200630,5,2026-03-12,6741.61,0,0
R403531,L200630,6,2026-04-12,7641.58,0,2
R403532,L200630,7,2026-05-12,6929.05,0,3
R403533,L200630,8,2026-06-12,,1,54
R403534,L200631,1,2026-05-16,2599.88,0,1
R403535,L200631,2,2026-06-16,2826.88,0,4
R403536,L200632,1,2025-08-02,2107.3,0,5
R403537,L200632,2,2025-09-02,1892.69,0,6
R403538,L200632,3,2025-10-02,,1,83
R403539,L200632,4,2025-11-02,1869.6,0,0
R403540,L200632,5,2025-12-02,1879.01,0,1
R403541,L200632,6,2026-01-02,1868.71,0,6
R403542,L200632,7,2026-02-02,1883.83,0,2
R403543,L200632,8,2026-03-02,2043.66,0,4
R403544,L200632,9,2026-04-02,2046.68,0,6
R403545,L200632,10,2026-05-02,2056.94,0,5
R403546,L200632,11,2026-06-02,1953.2,0,6
R403547,L200632,12,2026-07-02,1979.15,0,4
R403548,L200633,1,2026-02-23,4168.47,0,3
R403549,L200633,2,2026-03-23,4438.19,0,4
R403550,L200633,3,2026-04-23,4413.69,0,5
R403551,L200633,4,2026-05-23,4027.14,0,4
R403552,L200633,5,2026-06-23,4284.88,0,2
R403553,L200634,1,2025-08-13,692.18,0,1
R403554,L200634,2,2025-09-13,732.06,0,1
R403555,L200634,3,2025-10-13,679.39,0,5
R403556,L200634,4,2025-11-13,699.17,0,2
R403557,L200634,5,2025-12-13,681.12,0,4
R403558,L200634,6,2026-01-13,704.95,0,5
R403559,L200634,7,2026-02-13,707.92,0,6
R403560,L200634,8,2026-03-13,652.11,0,6
R403561,L200634,9,2026-04-13,,1,38
R403562,L200634,10,2026-05-13,676.42,0,3
R403563,L200634,11,2026-06-13,666.97,0,0
R403564,L200635,1,2025-12-21,5450.01,0,0
R403565,L200635,2,2026-01-21,5495.63,0,3
R403566,L200635,3,2026-02-21,,1,66
R403567,L200635,4,2026-03-21,5072.26,0,4
R403568,L200635,5,2026-04-21,5438.83,0,1
R403569,L200635,6,2026-05-21,4964.75,0,4
R403570,L200635,7,2026-06-21,5017.5,0,4
R403571,L200636,1,2026-04-10,24718.47,0,0
R403572,L200636,2,2026-05-10,27075.46,0,1
R403573,L200636,3,2026-06-10,,1,94
R403574,L200637,1,2026-02-27,8586.2,0,4
R403575,L200637,2,2026-03-27,8642.14,0,0
R403576,L200637,3,2026-04-27,,1,83
R403577,L200637,4,2026-05-27,,1,93
R403578,L200637,5,2026-06-27,8423.77,0,0
R403579,L200638,1,2026-01-21,,1,60
R403580,L200638,2,2026-02-21,725.49,0,0
R403581,L200638,3,2026-03-21,,1,48
R403582,L200638,4,2026-04-21,755.19,0,5
R403583,L200638,5,2026-05-21,781.83,0,6
R403584,L200638,6,2026-06-21,759.86,0,1
R403585,L200639,1,2026-01-06,1280.47,0,1
R403586,L200639,2,2026-02-06,1252.62,0,1
R403587,L200639,3,2026-03-06,1276.63,0,3
R403588,L200639,4,2026-04-06,1187.96,0,3
R403589,L200639,5,2026-05-06,1355.63,0,4
R403590,L200639,6,2026-06-06,1182.18,0,5
R403591,L200640,1,2026-04-21,247.27,0,0
R403592,L200640,2,2026-05-21,,1,39
R403593,L200640,3,2026-06-21,248.46,0,5
R403594,L200641,1,2026-02-07,8082.77,0,3
R403595,L200641,2,2026-03-07,8127.32,0,1
R403596,L200641,3,2026-04-07,8451.3,0,1
R403597,L200641,4,2026-05-07,,1,80
R403598,L200641,5,2026-06-07,,1,46
R403599,L200642,1,2026-07-25,1088.12,0,4
R403600,L200643,1,2025-12-26,5060.46,0,1
R403601,L200643,2,2026-01-26,4922.28,0,0
R403602,L200643,3,2026-02-26,4697.52,0,3
R403603,L200643,4,2026-03-26,4898.19,0,3
R403604,L200643,5,2026-04-26,4498.84,0,1
R403605,L200643,6,2026-05-26,4622.56,0,1
R403606,L200643,7,2026-06-26,4588.8,0,4
R403607,L200644,1,2026-06-14,16472.26,0,4
R403608,L200645,1,2026-03-07,1981.77,0,3
R403609,L200645,2,2026-04-07,1931.39,0,0
R403610,L200645,3,2026-05-07,2161.35,0,6
R403611,L200645,4,2026-06-07,1953.21,0,4
R403612,L200646,1,2026-03-22,22886.61,0,3
R403613,L200646,2,2026-04-22,23811.21,0,3
R403614,L200646,3,2026-05-22,25298.65,0,2
R403615,L200646,4,2026-06-22,22880.85,0,4
R403616,L200647,1,2026-04-30,249.39,0,3
R403617,L200647,2,2026-05-30,260.22,0,6
R403618,L200647,3,2026-06-30,271.7,0,3
R403619,L200648,1,2026-06-24,,1,76
R403620,L200649,1,2025-11-16,2749.9,0,3
R403621,L200649,2,2025-12-16,,1,75
R403622,L200649,3,2026-01-16,2501.77,0,3
R403623,L200649,4,2026-02-16,2555.61,0,2
R403624,L200649,5,2026-03-16,,1,41
R403625,L200649,6,2026-04-16,,1,42
R403626,L200649,7,2026-05-16,2676.88,0,3
R403627,L200649,8,2026-06-16,,1,98
R403628,L200650,1,2025-11-18,23890.79,0,5
R403629,L200650,2,2025-12-18,,1,57
R403630,L200650,3,2026-01-18,24425.5,0,0
R403631,L200650,4,2026-02-18,24456.32,0,2
R403632,L200650,5,2026-03-18,,1,46
R403633,L200650,6,2026-04-18,25013.12,0,1
R403634,L200650,7,2026-05-18,25138.97,0,2
R403635,L200650,8,2026-06-18,,1,87
R403636,L200651,1,2026-07-09,2007.65,0,3
R403637,L200652,1,2026-06-29,10708.51,0,6
R403638,L200653,1,2026-06-06,2259.35,0,5
R403639,L200654,1,2026-04-04,5950.6,0,2
R403640,L200654,2,2026-05-04,6589.28,0,1
R403641,L200654,3,2026-06-04,6297.25,0,3
R403642,L200655,1,2025-09-22,6920.1,0,4
R403643,L200655,2,2025-10-22,,1,59
R403644,L200655,3,2025-11-22,6741.29,0,2
R403645,L200655,4,2025-12-22,6764.96,0,6
R403646,L200655,5,2026-01-22,5988.66,0,5
R403647,L200655,6,2026-02-22,,1,45
R403648,L200655,7,2026-03-22,6276.84,0,5
R403649,L200655,8,2026-04-22,5959.52,0,1
R403650,L200655,9,2026-05-22,,1,45
R403651,L200655,10,2026-06-22,6299.31,0,1
R403652,L200656,1,2026-07-07,419.14,0,3
R403653,L200657,1,2026-05-25,6982.01,0,4
R403654,L200657,2,2026-06-25,6646.69,0,3
R403655,L200658,1,2026-02-01,1761.12,0,5
R403656,L200658,2,2026-03-01,1926.23,0,1
R403657,L200658,3,2026-04-01,1751.1,0,6
R403658,L200658,4,2026-05-01,1875.8,0,3
R403659,L200658,5,2026-06-01,1718.17,0,1
R403660,L200658,6,2026-07-01,1729.47,0,2
R403661,L200659,1,2026-06-02,742.73,0,0
R403662,L200660,1,2025-08-30,4852.71,0,3
R403663,L200660,2,2025-09-30,,1,79
R403664,L200660,3,2025-10-30,4398.32,0,3
R403665,L200660,4,2025-11-30,4601.31,0,1
R403666,L200660,5,2025-12-30,,1,85
R403667,L200660,6,2026-01-30,4799.03,0,2
R403668,L200660,7,2026-02-28,4228.31,0,2
R403669,L200660,8,2026-03-30,4546.09,0,0
R403670,L200660,9,2026-04-30,4687.66,0,6
R403671,L200660,10,2026-05-30,4426.92,0,4
R403672,L200660,11,2026-06-30,4369.44,0,6
R403673,L200661,1,2025-08-31,1132.1,0,1
R403674,L200661,2,2025-09-30,1201.1,0,0
R403675,L200661,3,2025-10-31,1129.4,0,5
R403676,L200661,4,2025-11-30,1167.27,0,6
R403677,L200661,5,2025-12-31,,1,41
R403678,L200661,6,2026-01-31,1282.76,0,3
R403679,L200661,7,2026-02-28,1128.2,0,0
R403680,L200661,8,2026-03-31,1179.86,0,1
R403681,L200661,9,2026-04-30,1250.24,0,5
R403682,L200661,10,2026-05-31,1283.34,0,4
R403683,L200661,11,2026-06-30,1150.27,0,0
R403684,L200662,1,2025-10-07,6827.33,0,5
R403685,L200662,2,2025-11-07,7254.75,0,0
R403686,L200662,3,2025-12-07,7599.32,0,0
R403687,L200662,4,2026-01-07,7749.36,0,5
R403688,L200662,5,2026-02-07,7798.73,0,3
R403689,L200662,6,2026-03-07,7349.8,0,1
R403690,L200662,7,2026-04-07,7134.8,0,6
R403691,L200662,8,2026-05-07,7016.83,0,0
R403692,L200662,9,2026-06-07,7116.39,0,5
R403693,L200663,1,2026-03-07,6565.27,0,5
R403694,L200663,2,2026-04-07,7362.47,0,1
R403695,L200663,3,2026-05-07,6950.03,0,5
R403696,L200663,4,2026-06-07,7511.19,0,5
R403697,L200664,1,2026-02-06,4137.11,0,5
R403698,L200664,2,2026-03-06,4235.69,0,6
R403699,L200664,3,2026-04-06,4037.7,0,5
R403700,L200664,4,2026-05-06,4529.44,0,1
R403701,L200664,5,2026-06-06,4384.55,0,2
R403702,L200665,1,2025-12-18,1668.64,0,1
R403703,L200665,2,2026-01-18,1710.42,0,0
R403704,L200665,3,2026-02-18,1650.21,0,1
R403705,L200665,4,2026-03-18,1675.54,0,6
R403706,L200665,5,2026-04-18,1690.02,0,2
R403707,L200665,6,2026-05-18,1674.07,0,2
R403708,L200665,7,2026-06-18,1595.89,0,3
R403709,L200666,1,2025-11-06,24848.88,0,4
R403710,L200666,2,2025-12-06,,1,69
R403711,L200666,3,2026-01-06,23094.98,0,5
R403712,L200666,4,2026-02-06,23565.47,0,0
R403713,L200666,5,2026-03-06,23071.92,0,3
R403714,L200666,6,2026-04-06,22758.26,0,3
R403715,L200666,7,2026-05-06,23533.23,0,4
R403716,L200666,8,2026-06-06,,1,47
R403717,L200667,1,2025-09-25,2541.15,0,0
R403718,L200667,2,2025-10-25,2580.57,0,5
R403719,L200667,3,2025-11-25,2584.29,0,3
R403720,L200667,4,2025-12-25,2463.29,0,6
R403721,L200667,5,2026-01-25,2485.11,0,0
R403722,L200667,6,2026-02-25,2387.18,0,5
R403723,L200667,7,2026-03-25,2634.52,0,0
R403724,L200667,8,2026-04-25,2491.79,0,3
R403725,L200667,9,2026-05-25,2593.35,0,5
R403726,L200667,10,2026-06-25,2486.42,0,1
R403727,L200668,1,2025-08-08,1626.56,0,1
R403728,L200668,2,2025-09-08,,1,49
R403729,L200668,3,2025-10-08,1534.96,0,4
R403730,L200668,4,2025-11-08,1674.56,0,6
R403731,L200668,5,2025-12-08,1687.27,0,6
R403732,L200668,6,2026-01-08,1698.11,0,1
R403733,L200668,7,2026-02-08,1625.01,0,0
R403734,L200668,8,2026-03-08,1645.21,0,1
R403735,L200668,9,2026-04-08,1582.67,0,5
R403736,L200668,10,2026-05-08,1650.32,0,0
R403737,L200668,11,2026-06-08,1538.94,0,3
R403738,L200669,1,2026-07-08,444.87,0,3
R403739,L200670,1,2026-04-29,13100.38,0,0
R403740,L200670,2,2026-05-29,11480.66,0,0
R403741,L200670,3,2026-06-29,11345.43,0,4
R403742,L200671,1,2026-02-03,371.22,0,6
R403743,L200671,2,2026-03-03,373.04,0,0
R403744,L200671,3,2026-04-03,427.24,0,4
R403745,L200671,4,2026-05-03,377.67,0,2
R403746,L200671,5,2026-06-03,414.34,0,3
R403747,L200672,1,2026-07-24,803.92,0,6
R403748,L200673,1,2026-01-31,7241.7,0,6
R403749,L200673,2,2026-02-28,6675.45,0,4
R403750,L200673,3,2026-03-31,6877.29,0,6
R403751,L200673,4,2026-04-30,6672.38,0,5
R403752,L200673,5,2026-05-31,,1,37
R403753,L200673,6,2026-06-30,6542.2,0,3
R403754,L200674,1,2026-04-13,3590.48,0,5
R403755,L200674,2,2026-05-13,3601.04,0,4
R403756,L200674,3,2026-06-13,3453.16,0,6
R403757,L200675,1,2025-08-21,4644.78,0,6
R403758,L200675,2,2025-09-21,5132.83,0,4
R403759,L200675,3,2025-10-21,5240.53,0,4
R403760,L200675,4,2025-11-21,4665.45,0,1
R403761,L200675,5,2025-12-21,5010.58,0,4
R403762,L200675,6,2026-01-21,5209.79,0,1
R403763,L200675,7,2026-02-21,4978.67,0,4
R403764,L200675,8,2026-03-21,4671.41,0,6
R403765,L200675,9,2026-04-21,5160.6,0,1
R403766,L200675,10,2026-05-21,4616.09,0,4
R403767,L200675,11,2026-06-21,5262.07,0,3
R403768,L200676,1,2025-11-24,728.61,0,1
R403769,L200676,2,2025-12-24,759.64,0,3
R403770,L200676,3,2026-01-24,764.08,0,2
R403771,L200676,4,2026-02-24,728.3,0,0
R403772,L200676,5,2026-03-24,679.46,0,2
R403773,L200676,6,2026-04-24,729.69,0,2
R403774,L200676,7,2026-05-24,764.66,0,6
R403775,L200676,8,2026-06-24,713.51,0,2
R403776,L200677,1,2026-04-27,7971.1,0,4
R403777,L200677,2,2026-05-27,8954.85,0,0
R403778,L200677,3,2026-06-27,,1,43
R403779,L200678,1,2026-05-13,6310.69,0,0
R403780,L200678,2,2026-06-13,6354.12,0,2
R403781,L200679,1,2025-09-17,10918.04,0,1
R403782,L200679,2,2025-10-17,10633.73,0,2
R403783,L200679,3,2025-11-17,10284.6,0,2
R403784,L200679,4,2025-12-17,10536.84,0,5
R403785,L200679,5,2026-01-17,9913.14,0,6
R403786,L200679,6,2026-02-17,10655.43,0,1
R403787,L200679,7,2026-03-17,11320.22,0,5
R403788,L200679,8,2026-04-17,10921.27,0,2
R403789,L200679,9,2026-05-17,10866.8,0,0
R403790,L200679,10,2026-06-17,10951.54,0,1
R403791,L200680,1,2026-01-30,3473.41,0,0
R403792,L200680,2,2026-02-28,3418.76,0,6
R403793,L200680,3,2026-03-30,3895.03,0,2
R403794,L200680,4,2026-04-30,3773.65,0,4
R403795,L200680,5,2026-05-30,3487.09,0,1
R403796,L200680,6,2026-06-30,3900.64,0,1
R403797,L200681,1,2026-03-06,31825.68,0,6
R403798,L200681,2,2026-04-06,34013.25,0,2
R403799,L200681,3,2026-05-06,31727.74,0,1
R403800,L200681,4,2026-06-06,32146.87,0,4
R403801,L200682,1,2025-11-24,2226.2,0,2
R403802,L200682,2,2025-12-24,2153.36,0,6
R403803,L200682,3,2026-01-24,2134.69,0,2
R403804,L200682,4,2026-02-24,2137.22,0,5
R403805,L200682,5,2026-03-24,2278.4,0,5
R403806,L200682,6,2026-04-24,2222.68,0,3
R403807,L200682,7,2026-05-24,2207.03,0,0
R403808,L200682,8,2026-06-24,,1,89
R403809,L200683,1,2026-05-27,192.58,0,2
R403810,L200683,2,2026-06-27,204.09,0,5
R403811,L200684,1,2026-05-11,1620.66,0,2
R403812,L200684,2,2026-06-11,1692.06,0,2
R403813,L200685,1,2025-10-25,,1,30
R403814,L200685,2,2025-11-25,6866.41,0,0
R403815,L200685,3,2025-12-25,,1,59
R403816,L200685,4,2026-01-25,7568.9,0,1
R403817,L200685,5,2026-02-25,,1,44
R403818,L200685,6,2026-03-25,7395.87,0,4
R403819,L200685,7,2026-04-25,7108.07,0,0
R403820,L200685,8,2026-05-25,,1,75
R403821,L200685,9,2026-06-25,,1,63
R403822,L200686,1,2026-05-04,313.86,0,4
R403823,L200686,2,2026-06-04,326.89,0,4
R403824,L200687,1,2025-11-15,3977.02,0,0
R403825,L200687,2,2025-12-15,3732.88,0,4
R403826,L200687,3,2026-01-15,3913.88,0,3
R403827,L200687,4,2026-02-15,3705.56,0,1
R403828,L200687,5,2026-03-15,3854.7,0,4
R403829,L200687,6,2026-04-15,3876.62,0,2
R403830,L200687,7,2026-05-15,3712.26,0,3
R403831,L200687,8,2026-06-15,4237.56,0,5
R403832,L200688,1,2026-02-07,1136.96,0,2
R403833,L200688,2,2026-03-07,1124.06,0,0
R403834,L200688,3,2026-04-07,1149.82,0,2
R403835,L200688,4,2026-05-07,1151.38,0,4
R403836,L200688,5,2026-06-07,1263.57,0,4
R403837,L200689,1,2025-12-22,2638.21,0,0
R403838,L200689,2,2026-01-22,2841.35,0,2
R403839,L200689,3,2026-02-22,,1,61
R403840,L200689,4,2026-03-22,2602.35,0,2
R403841,L200689,5,2026-04-22,2764.19,0,6
R403842,L200689,6,2026-05-22,,1,51
R403843,L200689,7,2026-06-22,2910.01,0,2
R403844,L200690,1,2026-06-12,113095.51,0,5
R403845,L200691,1,2026-05-19,,1,72
R403846,L200691,2,2026-06-19,842.67,0,2
R403847,L200692,1,2026-05-23,2360.81,0,5
R403848,L200692,2,2026-06-23,2349.95,0,3
R403849,L200693,1,2025-10-03,5641.97,0,4
R403850,L200693,2,2025-11-03,5472.05,0,3
R403851,L200693,3,2025-12-03,5654.03,0,5
R403852,L200693,4,2026-01-03,6257.33,0,5
R403853,L200693,5,2026-02-03,5591.16,0,2
R403854,L200693,6,2026-03-03,6132.68,0,3
R403855,L200693,7,2026-04-03,6324.18,0,5
R403856,L200693,8,2026-05-03,5638.99,0,3
R403857,L200693,9,2026-06-03,6343.04,0,6
R403858,L200693,10,2026-07-03,5490.84,0,2
R403859,L200694,1,2025-08-13,1465.01,0,0
R403860,L200694,2,2025-09-13,1588.23,0,6
R403861,L200694,3,2025-10-13,1422.12,0,4
R403862,L200694,4,2025-11-13,1386.85,0,6
R403863,L200694,5,2025-12-13,1465.9,0,0
R403864,L200694,6,2026-01-13,1457.36,0,1
R403865,L200694,7,2026-02-13,1491.02,0,1
R403866,L200694,8,2026-03-13,1452.18,0,2
R403867,L200694,9,2026-04-13,1598.52,0,3
R403868,L200694,10,2026-05-13,1556.22,0,1
R403869,L200694,11,2026-06-13,1497.95,0,0
R403870,L200695,1,2026-06-09,9001.9,0,1
R403871,L200696,1,2026-02-28,45213.46,0,1
R403872,L200696,2,2026-03-29,39682.67,0,0
R403873,L200696,3,2026-04-29,43604.36,0,2
R403874,L200696,4,2026-05-29,42229.4,0,3
R403875,L200696,5,2026-06-29,44135.07,0,5
R403876,L200697,1,2025-11-16,892.08,0,5
R403877,L200697,2,2025-12-16,891.91,0,0
R403878,L200697,3,2026-01-16,950.04,0,0
R403879,L200697,4,2026-02-16,943.05,0,4
R403880,L200697,5,2026-03-16,895.96,0,0
R403881,L200697,6,2026-04-16,,1,33
R403882,L200697,7,2026-05-16,938.56,0,1
R403883,L200697,8,2026-06-16,955.67,0,5
R403884,L200698,1,2025-08-27,995.21,0,2
R403885,L200698,2,2025-09-27,1100.15,0,4
R403886,L200698,3,2025-10-27,1090.16,0,5
R403887,L200698,4,2025-11-27,991.06,0,5
R403888,L200698,5,2025-12-27,1043.95,0,6
R403889,L200698,6,2026-01-27,1011.19,0,1
R403890,L200698,7,2026-02-27,1134.78,0,0
R403891,L200698,8,2026-03-27,1146.88,0,3
R403892,L200698,9,2026-04-27,1132.23,0,3
R403893,L200698,10,2026-05-27,1141.6,0,3
R403894,L200698,11,2026-06-27,1094.55,0,3
R403895,L200699,1,2026-07-23,5706.1,0,2
R403896,L200700,1,2026-01-20,16795.16,0,3
R403897,L200700,2,2026-02-20,15146.73,0,2
R403898,L200700,3,2026-03-20,17438.66,0,4
R403899,L200700,4,2026-04-20,,1,95
R403900,L200700,5,2026-05-20,15876.46,0,0
R403901,L200700,6,2026-06-20,16985.07,0,1
R403902,L200701,1,2025-10-15,14653.87,0,5
R403903,L200701,2,2025-11-15,13010.99,0,1
R403904,L200701,3,2025-12-15,13508.68,0,2
R403905,L200701,4,2026-01-15,13023.53,0,6
R403906,L200701,5,2026-02-15,12857.95,0,5
R403907,L200701,6,2026-03-15,13118.48,0,6
R403908,L200701,7,2026-04-15,14252.97,0,0
R403909,L200701,8,2026-05-15,12912.83,0,1
R403910,L200701,9,2026-06-15,13344.45,0,0
R403911,L200702,1,2026-04-28,7971.77,0,0
R403912,L200702,2,2026-05-28,8763.06,0,1
R403913,L200702,3,2026-06-28,8861.88,0,3
R403914,L200703,1,2025-10-25,1116.74,0,1
R403915,L200703,2,2025-11-25,1054.79,0,1
R403916,L200703,3,2025-12-25,1156.64,0,2
R403917,L200703,4,2026-01-25,1164.26,0,1
R403918,L200703,5,2026-02-25,1145.45,0,2
R403919,L200703,6,2026-03-25,1168.78,0,4
R403920,L200703,7,2026-04-25,1169.76,0,4
R403921,L200703,8,2026-05-25,1160.71,0,6
R403922,L200703,9,2026-06-25,1196.11,0,1
R403923,L200704,1,2026-02-05,376.96,0,5
R403924,L200704,2,2026-03-05,374.5,0,2
R403925,L200704,3,2026-04-05,345.2,0,6
R403926,L200704,4,2026-05-05,355.03,0,0
R403927,L200704,5,2026-06-05,377.84,0,4
R403928,L200705,1,2026-05-22,3092.06,0,0
R403929,L200705,2,2026-06-22,3243.57,0,4
R403930,L200706,1,2026-01-20,11111.07,0,0
R403931,L200706,2,2026-02-20,10584.43,0,2
R403932,L200706,3,2026-03-20,10506.26,0,2
R403933,L200706,4,2026-04-20,11266.69,0,5
R403934,L200706,5,2026-05-20,9816.1,0,0
R403935,L200706,6,2026-06-20,11112.33,0,6
R403936,L200707,1,2025-09-01,28525.76,0,0
R403937,L200707,2,2025-10-01,31614.81,0,6
R403938,L200707,3,2025-11-01,31017.23,0,6
R403939,L200707,4,2025-12-01,32268.72,0,0
R403940,L200707,5,2026-01-01,28646.05,0,4
R403941,L200707,6,2026-02-01,31574.81,0,3
R403942,L200707,7,2026-03-01,29218.14,0,4
R403943,L200707,8,2026-04-01,29025.37,0,4
R403944,L200707,9,2026-05-01,29908.63,0,1
R403945,L200707,10,2026-06-01,32176.31,0,5
R403946,L200707,11,2026-07-01,30552.66,0,3
R403947,L200708,1,2026-05-03,1711.93,0,6
R403948,L200708,2,2026-06-03,1648.95,0,6
R403949,L200709,1,2026-07-19,662.47,0,2
R403950,L200710,1,2026-05-11,46773.35,0,0
R403951,L200710,2,2026-06-11,43379.94,0,5
R403952,L200711,1,2026-01-30,2240.63,0,2
R403953,L200711,2,2026-02-28,2390.95,0,1
R403954,L200711,3,2026-03-30,2193.12,0,3
R403955,L200711,4,2026-04-30,2415.12,0,5
R403956,L200711,5,2026-05-30,2276.29,0,4
R403957,L200711,6,2026-06-30,2169.94,0,4
R403958,L200712,1,2026-04-05,10538.47,0,2
R403959,L200712,2,2026-05-05,10078.91,0,1
R403960,L200712,3,2026-06-05,10503.42,0,3
R403961,L200713,1,2025-12-14,2517.88,0,4
R403962,L200713,2,2026-01-14,2642.83,0,5
R403963,L200713,3,2026-02-14,2582.0,0,1
R403964,L200713,4,2026-03-14,2421.93,0,4
R403965,L200713,5,2026-04-14,2661.86,0,5
R403966,L200713,6,2026-05-14,2376.32,0,5
R403967,L200713,7,2026-06-14,2462.63,0,2
R403968,L200714,1,2026-03-01,132.08,0,3
R403969,L200714,2,2026-04-01,131.03,0,4
R403970,L200714,3,2026-05-01,,1,84
R403971,L200714,4,2026-06-01,135.51,0,5
R403972,L200715,1,2025-09-10,1579.97,0,1
R403973,L200715,2,2025-10-10,1649.18,0,0
R403974,L200715,3,2025-11-10,1481.13,0,1
R403975,L200715,4,2025-12-10,,1,57
R403976,L200715,5,2026-01-10,,1,86
R403977,L200715,6,2026-02-10,1634.94,0,6
R403978,L200715,7,2026-03-10,1652.58,0,6
R403979,L200715,8,2026-04-10,1658.47,0,4
R403980,L200715,9,2026-05-10,1510.79,0,1
R403981,L200715,10,2026-06-10,1479.73,0,0
R403982,L200716,1,2026-01-10,10506.02,0,1
R403983,L200716,2,2026-02-10,10251.38,0,6
R403984,L200716,3,2026-03-10,10020.21,0,1
R403985,L200716,4,2026-04-10,10171.55,0,6
R403986,L200716,5,2026-05-10,10474.43,0,4
R403987,L200716,6,2026-06-10,10332.99,0,2
R403988,L200717,1,2026-04-01,11454.05,0,1
R403989,L200717,2,2026-05-01,11453.16,0,0
R403990,L200717,3,2026-06-01,10121.57,0,1
R403991,L200717,4,2026-07-01,11670.09,0,5
R403992,L200718,1,2026-03-19,7374.07,0,5
R403993,L200718,2,2026-04-19,7527.45,0,2
R403994,L200718,3,2026-05-19,7147.93,0,4
R403995,L200718,4,2026-06-19,6928.43,0,6
R403996,L200719,1,2025-11-03,3218.35,0,6
R403997,L200719,2,2025-12-03,3280.3,0,5
R403998,L200719,3,2026-01-03,3173.29,0,4
R403999,L200719,4,2026-02-03,3159.29,0,1
R404000,L200719,5,2026-03-03,3224.38,0,2
R404001,L200719,6,2026-04-03,3574.84,0,1
R404002,L200719,7,2026-05-03,3390.55,0,5
R404003,L200719,8,2026-06-03,3440.76,0,2
R404004,L200719,9,2026-07-03,3516.74,0,3
R404005,L200720,1,2025-08-15,3308.26,0,0
R404006,L200720,2,2025-09-15,3500.55,0,4
R404007,L200720,3,2025-10-15,,1,60
R404008,L200720,4,2025-11-15,3588.17,0,5
R404009,L200720,5,2025-12-15,3382.81,0,5
R404010,L200720,6,2026-01-15,3342.5,0,6
R404011,L200720,7,2026-02-15,3347.73,0,4
R404012,L200720,8,2026-03-15,3282.9,0,4
R404013,L200720,9,2026-04-15,3653.43,0,2
R404014,L200720,10,2026-05-15,3407.62,0,1
R404015,L200720,11,2026-06-15,3551.96,0,5
R404016,L200721,1,2026-07-06,8119.58,0,0
R404017,L200722,1,2026-01-31,9799.24,0,4
R404018,L200722,2,2026-02-28,9021.93,0,2
R404019,L200722,3,2026-03-31,9789.53,0,1
R404020,L200722,4,2026-04-30,9103.91,0,4
R404021,L200722,5,2026-05-31,9419.98,0,5
R404022,L200722,6,2026-06-30,10195.46,0,1
R404023,L200723,1,2025-12-07,5133.2,0,0
R404024,L200723,2,2026-01-07,5089.99,0,6
R404025,L200723,3,2026-02-07,4665.31,0,2
R404026,L200723,4,2026-03-07,4476.65,0,5
R404027,L200723,5,2026-04-07,4794.05,0,2
R404028,L200723,6,2026-05-07,4864.38,0,6
R404029,L200723,7,2026-06-07,4703.79,0,5
R404030,L200724,1,2026-06-26,10245.81,0,4
R404031,L200725,1,2025-09-01,9824.29,0,1
R404032,L200725,2,2025-10-01,10886.5,0,2
R404033,L200725,3,2025-11-01,10726.86,0,2
R404034,L200725,4,2025-12-01,10439.57,0,2
R404035,L200725,5,2026-01-01,11293.52,0,3
R404036,L200725,6,2026-02-01,11334.9,0,1
R404037,L200725,7,2026-03-01,10925.55,0,2
R404038,L200725,8,2026-04-01,10092.39,0,1
R404039,L200725,9,2026-05-01,,1,55
R404040,L200725,10,2026-06-01,10429.09,0,0
R404041,L200725,11,2026-07-01,10289.28,0,1
R404042,L200726,1,2025-09-23,4868.89,0,6
R404043,L200726,2,2025-10-23,4512.5,0,5
R404044,L200726,3,2025-11-23,4652.15,0,6
R404045,L200726,4,2025-12-23,4267.64,0,0
R404046,L200726,5,2026-01-23,4366.88,0,2
R404047,L200726,6,2026-02-23,4908.4,0,5
R404048,L200726,7,2026-03-23,4626.41,0,0
R404049,L200726,8,2026-04-23,4340.5,0,6
R404050,L200726,9,2026-05-23,4899.39,0,5
R404051,L200726,10,2026-06-23,4524.08,0,5
R404052,L200727,1,2026-06-13,8181.93,0,3
R404053,L200728,1,2025-12-06,3874.8,0,2
R404054,L200728,2,2026-01-06,3864.93,0,5
R404055,L200728,3,2026-02-06,4116.02,0,4
R404056,L200728,4,2026-03-06,3653.34,0,2
R404057,L200728,5,2026-04-06,3777.22,0,6
R404058,L200728,6,2026-05-06,4206.2,0,5
R404059,L200728,7,2026-06-06,4238.01,0,1
R404060,L200729,1,2026-04-19,,1,81
R404061,L200729,2,2026-05-19,480.03,0,1
R404062,L200729,3,2026-06-19,496.48,0,5
R404063,L200730,1,2026-07-12,2854.98,0,0
R404064,L200731,1,2025-09-15,11926.21,0,5
R404065,L200731,2,2025-10-15,12413.51,0,5
R404066,L200731,3,2025-11-15,11580.59,0,5
R404067,L200731,4,2025-12-15,12259.11,0,1
R404068,L200731,5,2026-01-15,11885.31,0,5
R404069,L200731,6,2026-02-15,11227.82,0,0
R404070,L200731,7,2026-03-15,12909.19,0,3
R404071,L200731,8,2026-04-15,11616.81,0,0
R404072,L200731,9,2026-05-15,11618.24,0,3
R404073,L200731,10,2026-06-15,12649.7,0,5
R404074,L200732,1,2026-01-18,139.25,0,5
R404075,L200732,2,2026-02-18,138.23,0,2
R404076,L200732,3,2026-03-18,157.95,0,4
R404077,L200732,4,2026-04-18,141.34,0,2
R404078,L200732,5,2026-05-18,147.77,0,3
R404079,L200732,6,2026-06-18,145.1,0,1
R404080,L200733,1,2026-06-07,11780.76,0,4
R404081,L200734,1,2026-01-06,2165.96,0,3
R404082,L200734,2,2026-02-06,1881.12,0,3
R404083,L200734,3,2026-03-06,2054.25,0,3
R404084,L200734,4,2026-04-06,1959.04,0,0
R404085,L200734,5,2026-05-06,2110.45,0,0
R404086,L200734,6,2026-06-06,1992.34,0,5
R404087,L200735,1,2026-06-08,905.79,0,6
R404088,L200736,1,2026-01-08,,1,65
R404089,L200736,2,2026-02-08,1064.51,0,3
R404090,L200736,3,2026-03-08,1159.7,0,1
R404091,L200736,4,2026-04-08,1075.67,0,5
R404092,L200736,5,2026-05-08,1171.64,0,6
R404093,L200736,6,2026-06-08,1177.54,0,1
R404094,L200737,1,2026-07-27,2837.94,0,5
R404095,L200738,1,2026-07-11,33046.69,0,2
R404096,L200739,1,2025-09-20,8397.08,0,2
R404097,L200739,2,2025-10-20,8117.52,0,5
R404098,L200739,3,2025-11-20,8234.91,0,6
R404099,L200739,4,2025-12-20,8240.72,0,1
R404100,L200739,5,2026-01-20,8386.47,0,5
R404101,L200739,6,2026-02-20,7774.02,0,1
R404102,L200739,7,2026-03-20,,1,34
R404103,L200739,8,2026-04-20,8037.54,0,5
R404104,L200739,9,2026-05-20,7364.66,0,5
R404105,L200739,10,2026-06-20,8546.03,0,0
R404106,L200740,1,2025-11-04,8125.35,0,0
R404107,L200740,2,2025-12-04,8075.43,0,5
R404108,L200740,3,2026-01-04,7694.13,0,2
R404109,L200740,4,2026-02-04,8233.96,0,4
R404110,L200740,5,2026-03-04,8156.72,0,4
R404111,L200740,6,2026-04-04,8288.71,0,4
R404112,L200740,7,2026-05-04,7718.25,0,1
R404113,L200740,8,2026-06-04,7980.45,0,1
R404114,L200741,1,2025-12-03,5360.53,0,4
R404115,L200741,2,2026-01-03,5387.42,0,3
R404116,L200741,3,2026-02-03,5403.58,0,6
R404117,L200741,4,2026-03-03,5816.43,0,6
R404118,L200741,5,2026-04-03,5750.59,0,3
R404119,L200741,6,2026-05-03,5643.41,0,6
R404120,L200741,7,2026-06-03,5859.93,0,4
R404121,L200742,1,2025-12-29,453.2,0,5
R404122,L200742,2,2026-01-29,457.39,0,3
R404123,L200742,3,2026-02-28,508.69,0,3
R404124,L200742,4,2026-03-29,520.45,0,6
R404125,L200742,5,2026-04-29,499.0,0,1
R404126,L200742,6,2026-05-29,457.15,0,6
R404127,L200742,7,2026-06-29,520.53,0,4
R404128,L200743,1,2026-06-19,20648.84,0,6
R404129,L200744,1,2026-02-18,2412.64,0,0
R404130,L200744,2,2026-03-18,2609.22,0,6
R404131,L200744,3,2026-04-18,2517.74,0,5
R404132,L200744,4,2026-05-18,2460.86,0,5
R404133,L200744,5,2026-06-18,,1,46
R404134,L200745,1,2026-03-11,1368.26,0,6
R404135,L200745,2,2026-04-11,1242.63,0,2
R404136,L200745,3,2026-05-11,1242.81,0,6
R404137,L200745,4,2026-06-11,1357.4,0,1
R404138,L200746,1,2025-10-14,1309.66,0,6
R404139,L200746,2,2025-11-14,1380.72,0,3
R404140,L200746,3,2025-12-14,1198.19,0,1
R404141,L200746,4,2026-01-14,1290.04,0,5
R404142,L200746,5,2026-02-14,,1,60
R404143,L200746,6,2026-03-14,1300.99,0,2
R404144,L200746,7,2026-04-14,,1,31
R404145,L200746,8,2026-05-14,,1,41
R404146,L200746,9,2026-06-14,,1,55
R404147,L200747,1,2026-05-26,2090.38,0,3
R404148,L200747,2,2026-06-26,1839.44,0,1
R404149,L200748,1,2025-11-01,938.26,0,5
R404150,L200748,2,2025-12-01,968.99,0,2
R404151,L200748,3,2026-01-01,,1,88
R404152,L200748,4,2026-02-01,952.36,0,2
R404153,L200748,5,2026-03-01,1001.14,0,2
R404154,L200748,6,2026-04-01,922.45,0,2
R404155,L200748,7,2026-05-01,1042.09,0,4
R404156,L200748,8,2026-06-01,993.31,0,2
R404157,L200748,9,2026-07-01,1023.1,0,2
R404158,L200749,1,2026-06-23,2460.78,0,1
R404159,L200750,1,2026-06-04,5589.09,0,2
R404160,L200751,1,2026-07-11,19891.89,0,1
R404161,L200752,1,2026-03-27,3415.29,0,1
R404162,L200752,2,2026-04-27,3487.47,0,6
R404163,L200752,3,2026-05-27,3609.01,0,1
R404164,L200752,4,2026-06-27,3557.26,0,5
R404165,L200753,1,2026-06-27,13057.7,0,5
R404166,L200754,1,2026-03-22,9059.88,0,6
R404167,L200754,2,2026-04-22,9184.74,0,4
R404168,L200754,3,2026-05-22,8941.68,0,6
R404169,L200754,4,2026-06-22,,1,38
R404170,L200755,1,2025-10-10,25499.82,0,4
R404171,L200755,2,2025-11-10,24142.75,0,2
R404172,L200755,3,2025-12-10,24887.79,0,3
R404173,L200755,4,2026-01-10,24047.43,0,1
R404174,L200755,5,2026-02-10,25762.63,0,6
R404175,L200755,6,2026-03-10,23412.6,0,4
R404176,L200755,7,2026-04-10,24450.97,0,6
R404177,L200755,8,2026-05-10,25611.28,0,0
R404178,L200755,9,2026-06-10,24481.76,0,6
R404179,L200756,1,2026-05-15,11031.18,0,2
R404180,L200756,2,2026-06-15,11255.36,0,4
R404181,L200757,1,2026-03-19,45822.37,0,1
R404182,L200757,2,2026-04-19,52557.22,0,6
R404183,L200757,3,2026-05-19,,1,84
R404184,L200757,4,2026-06-19,47324.2,0,0
R404185,L200758,1,2025-09-09,1030.54,0,0
R404186,L200758,2,2025-10-09,1148.55,0,3
R404187,L200758,3,2025-11-09,1093.16,0,2
R404188,L200758,4,2025-12-09,,1,97
R404189,L200758,5,2026-01-09,1093.98,0,1
R404190,L200758,6,2026-02-09,,1,81
R404191,L200758,7,2026-03-09,1051.68,0,1
R404192,L200758,8,2026-04-09,,1,60
R404193,L200758,9,2026-05-09,987.45,0,5
R404194,L200758,10,2026-06-09,1046.82,0,4
R404195,L200759,1,2025-09-02,3285.55,0,6
R404196,L200759,2,2025-10-02,3424.32,0,3
R404197,L200759,3,2025-11-02,3417.76,0,5
R404198,L200759,4,2025-12-02,3388.78,0,2
R404199,L200759,5,2026-01-02,3691.88,0,6
R404200,L200759,6,2026-02-02,3395.3,0,5
R404201,L200759,7,2026-03-02,3691.75,0,1
R404202,L200759,8,2026-04-02,3272.08,0,4
R404203,L200759,9,2026-05-02,,1,80
R404204,L200759,10,2026-06-02,3679.96,0,1
R404205,L200759,11,2026-07-02,3458.77,0,6
R404206,L200760,1,2026-04-23,22164.27,0,4
R404207,L200760,2,2026-05-23,21997.76,0,6
R404208,L200760,3,2026-06-23,22557.59,0,5
R404209,L200761,1,2026-06-28,58204.38,0,6
R404210,L200762,1,2025-12-08,281.16,0,1
R404211,L200762,2,2026-01-08,272.07,0,1
R404212,L200762,3,2026-02-08,272.77,0,0
R404213,L200762,4,2026-03-08,294.01,0,6
R404214,L200762,5,2026-04-08,268.87,0,2
R404215,L200762,6,2026-05-08,290.62,0,4
R404216,L200762,7,2026-06-08,261.69,0,3
R404217,L200763,1,2025-10-01,5017.11,0,1
R404218,L200763,2,2025-11-01,4798.24,0,1
R404219,L200763,3,2025-12-01,4999.04,0,0
R404220,L200763,4,2026-01-01,4875.01,0,2
R404221,L200763,5,2026-02-01,5433.9,0,6
R404222,L200763,6,2026-03-01,5317.01,0,5
R404223,L200763,7,2026-04-01,4792.41,0,4
R404224,L200763,8,2026-05-01,5424.92,0,1
R404225,L200763,9,2026-06-01,5404.07,0,6
R404226,L200763,10,2026-07-01,5363.61,0,5
R404227,L200764,1,2026-05-18,1005.68,0,6
R404228,L200764,2,2026-06-18,1015.86,0,2
R404229,L200765,1,2026-05-18,385.34,0,2
R404230,L200765,2,2026-06-18,377.15,0,4
R404231,L200766,1,2026-06-19,2795.57,0,1
R404232,L200767,1,2026-06-17,36362.97,0,0
R404233,L200768,1,2025-11-30,1728.62,0,1
R404234,L200768,2,2025-12-31,1741.72,0,4
R404235,L200768,3,2026-01-31,1903.98,0,0
R404236,L200768,4,2026-02-28,1924.1,0,5
R404237,L200768,5,2026-03-31,1858.03,0,2
R404238,L200768,6,2026-04-30,1862.33,0,4
R404239,L200768,7,2026-05-31,1944.86,0,0
R404240,L200768,8,2026-06-30,1747.88,0,5
R404241,L200769,1,2025-12-02,7414.76,0,1
R404242,L200769,2,2026-01-02,7683.53,0,3
R404243,L200769,3,2026-02-02,7920.83,0,3
R404244,L200769,4,2026-03-02,7398.8,0,3
R404245,L200769,5,2026-04-02,7693.6,0,4
R404246,L200769,6,2026-05-02,8300.11,0,6
R404247,L200769,7,2026-06-02,7228.56,0,4
R404248,L200769,8,2026-07-02,8299.88,0,5
R404249,L200770,1,2025-11-17,5570.01,0,6
R404250,L200770,2,2025-12-17,5550.06,0,6
R404251,L200770,3,2026-01-17,6117.03,0,5
R404252,L200770,4,2026-02-17,5939.31,0,4
R404253,L200770,5,2026-03-17,5369.76,0,3
R404254,L200770,6,2026-04-17,5838.4,0,1
R404255,L200770,7,2026-05-17,5722.56,0,3
R404256,L200770,8,2026-06-17,6075.31,0,6
R404257,L200771,1,2026-01-10,36612.54,0,5
R404258,L200771,2,2026-02-10,32749.62,0,4
R404259,L200771,3,2026-03-10,35483.18,0,1
R404260,L200771,4,2026-04-10,33666.25,0,1
R404261,L200771,5,2026-05-10,36754.0,0,1
R404262,L200771,6,2026-06-10,36472.68,0,2
R404263,L200772,1,2025-11-20,11632.53,0,0
R404264,L200772,2,2025-12-20,10824.22,0,6
R404265,L200772,3,2026-01-20,11128.39,0,6
R404266,L200772,4,2026-02-20,10888.74,0,2
R404267,L200772,5,2026-03-20,10516.37,0,4
R404268,L200772,6,2026-04-20,11937.03,0,4
R404269,L200772,7,2026-05-20,10346.96,0,3
R404270,L200772,8,2026-06-20,10877.5,0,6
R404271,L200773,1,2025-08-17,4787.2,0,4
R404272,L200773,2,2025-09-17,4723.03,0,1
R404273,L200773,3,2025-10-17,4558.26,0,3
R404274,L200773,4,2025-11-17,5052.59,0,3
R404275,L200773,5,2025-12-17,4621.72,0,1
R404276,L200773,6,2026-01-17,,1,78
R404277,L200773,7,2026-02-17,5073.14,0,1
R404278,L200773,8,2026-03-17,4912.24,0,2
R404279,L200773,9,2026-04-17,5017.3,0,3
R404280,L200773,10,2026-05-17,5008.15,0,5
R404281,L200773,11,2026-06-17,5122.29,0,6
R404282,L200774,1,2026-05-23,2033.62,0,3
R404283,L200774,2,2026-06-23,2318.76,0,3
R404284,L200775,1,2026-03-16,,1,63
R404285,L200775,2,2026-04-16,,1,61
R404286,L200775,3,2026-05-16,,1,79
R404287,L200775,4,2026-06-16,3180.4,0,2
R404288,L200776,1,2026-04-14,476.15,0,2
R404289,L200776,2,2026-05-14,481.09,0,4
R404290,L200776,3,2026-06-14,437.9,0,6
R404291,L200777,1,2026-01-12,12286.62,0,3
R404292,L200777,2,2026-02-12,11301.44,0,1
R404293,L200777,3,2026-03-12,,1,58
R404294,L200777,4,2026-04-12,12591.87,0,1
R404295,L200777,5,2026-05-12,12195.08,0,5
R404296,L200777,6,2026-06-12,12357.15,0,3
R404297,L200778,1,2026-05-22,5653.81,0,0
R404298,L200778,2,2026-06-22,6284.6,0,5
R404299,L200779,1,2025-12-11,2446.03,0,0
R404300,L200779,2,2026-01-11,2359.43,0,5
R404301,L200779,3,2026-02-11,2501.38,0,0
R404302,L200779,4,2026-03-11,2461.68,0,4
R404303,L200779,5,2026-04-11,2562.26,0,2
R404304,L200779,6,2026-05-11,2461.25,0,2
R404305,L200779,7,2026-06-11,,1,38
R404306,L200780,1,2025-10-19,2404.37,0,2
R404307,L200780,2,2025-11-19,2413.18,0,3
R404308,L200780,3,2025-12-19,2706.84,0,4
R404309,L200780,4,2026-01-19,2678.3,0,0
R404310,L200780,5,2026-02-19,2361.09,0,4
R404311,L200780,6,2026-03-19,,1,30
R404312,L200780,7,2026-04-19,2615.15,0,5
R404313,L200780,8,2026-05-19,2332.73,0,5
R404314,L200780,9,2026-06-19,2342.18,0,4
R404315,L200781,1,2026-03-24,2381.27,0,5
R404316,L200781,2,2026-04-24,2298.33,0,5
R404317,L200781,3,2026-05-24,2357.68,0,0
R404318,L200781,4,2026-06-24,2241.1,0,4
R404319,L200782,1,2025-10-12,2587.83,0,3
R404320,L200782,2,2025-11-12,2304.17,0,1
R404321,L200782,3,2025-12-12,2249.91,0,5
R404322,L200782,4,2026-01-12,2262.63,0,4
R404323,L200782,5,2026-02-12,2496.23,0,5
R404324,L200782,6,2026-03-12,2334.3,0,0
R404325,L200782,7,2026-04-12,2296.61,0,1
R404326,L200782,8,2026-05-12,2586.89,0,6
R404327,L200782,9,2026-06-12,2545.67,0,0
R404328,L200783,1,2026-03-26,67767.98,0,2
R404329,L200783,2,2026-04-26,,1,52
R404330,L200783,3,2026-05-26,,1,99
R404331,L200783,4,2026-06-26,72970.08,0,6
R404332,L200784,1,2026-03-22,14530.25,0,4
R404333,L200784,2,2026-04-22,16294.14,0,1
R404334,L200784,3,2026-05-22,16038.44,0,3
R404335,L200784,4,2026-06-22,14718.88,0,0
R404336,L200785,1,2026-03-19,2084.83,0,5
R404337,L200785,2,2026-04-19,2145.74,0,4
R404338,L200785,3,2026-05-19,2038.73,0,2
R404339,L200785,4,2026-06-19,1997.18,0,3
R404340,L200786,1,2025-08-24,,1,91
R404341,L200786,2,2025-09-24,26167.08,0,6
R404342,L200786,3,2025-10-24,25565.74,0,2
R404343,L200786,4,2025-11-24,,1,77
R404344,L200786,5,2025-12-24,26371.92,0,5
R404345,L200786,6,2026-01-24,24885.22,0,3
R404346,L200786,7,2026-02-24,23642.94,0,2
R404347,L200786,8,2026-03-24,24177.64,0,3
R404348,L200786,9,2026-04-24,,1,53
R404349,L200786,10,2026-05-24,26069.2,0,1
R404350,L200786,11,2026-06-24,23341.19,0,1
R404351,L200787,1,2026-04-06,,1,91
R404352,L200787,2,2026-05-06,5201.13,0,0
R404353,L200787,3,2026-06-06,5196.89,0,2
R404354,L200788,1,2025-11-08,6526.77,0,5
R404355,L200788,2,2025-12-08,6186.9,0,0
R404356,L200788,3,2026-01-08,5977.62,0,4
R404357,L200788,4,2026-02-08,5937.59,0,3
R404358,L200788,5,2026-03-08,6362.19,0,0
R404359,L200788,6,2026-04-08,6682.88,0,1
R404360,L200788,7,2026-05-08,,1,68
R404361,L200788,8,2026-06-08,6361.12,0,2
R404362,L200789,1,2026-07-12,4636.52,0,1
R404363,L200790,1,2026-03-16,26329.84,0,2
R404364,L200790,2,2026-04-16,25459.93,0,0
R404365,L200790,3,2026-05-16,24173.41,0,3
R404366,L200790,4,2026-06-16,26126.2,0,3
R404367,L200791,1,2026-03-12,21058.63,0,0
R404368,L200791,2,2026-04-12,,1,54
R404369,L200791,3,2026-05-12,19929.29,0,6
R404370,L200791,4,2026-06-12,19142.68,0,0
R404371,L200792,1,2026-05-30,6916.83,0,3
R404372,L200792,2,2026-06-30,7089.25,0,2
R404373,L200793,1,2025-12-25,6429.4,0,4
R404374,L200793,2,2026-01-25,6692.9,0,2
R404375,L200793,3,2026-02-25,6451.7,0,1
R404376,L200793,4,2026-03-25,7115.36,0,3
R404377,L200793,5,2026-04-25,6944.67,0,1
R404378,L200793,6,2026-05-25,7048.42,0,0
R404379,L200793,7,2026-06-25,6321.1,0,5
R404380,L200794,1,2026-06-04,6630.68,0,4
R404381,L200795,1,2026-04-19,11593.05,0,4
R404382,L200795,2,2026-05-19,11454.79,0,2
R404383,L200795,3,2026-06-19,11793.84,0,2
R404384,L200796,1,2025-11-12,10165.58,0,2
R404385,L200796,2,2025-12-12,10034.56,0,1
R404386,L200796,3,2026-01-12,11073.06,0,0
R404387,L200796,4,2026-02-12,10828.07,0,2
R404388,L200796,5,2026-03-12,11103.32,0,4
R404389,L200796,6,2026-04-12,11273.45,0,3
R404390,L200796,7,2026-05-12,11015.34,0,1
R404391,L200796,8,2026-06-12,10704.15,0,6
R404392,L200797,1,2025-11-11,17669.5,0,3
R404393,L200797,2,2025-12-11,17618.9,0,3
R404394,L200797,3,2026-01-11,,1,47
R404395,L200797,4,2026-02-11,17672.11,0,2
R404396,L200797,5,2026-03-11,16919.31,0,5
R404397,L200797,6,2026-04-11,16953.48,0,4
R404398,L200797,7,2026-05-11,18363.4,0,1
R404399,L200797,8,2026-06-11,16647.43,0,3
R404400,L200798,1,2025-08-22,10736.35,0,6
R404401,L200798,2,2025-09-22,9982.05,0,2
R404402,L200798,3,2025-10-22,10897.33,0,3
R404403,L200798,4,2025-11-22,,1,35
R404404,L200798,5,2025-12-22,10190.18,0,5
R404405,L200798,6,2026-01-22,9824.62,0,1
R404406,L200798,7,2026-02-22,10137.95,0,5
R404407,L200798,8,2026-03-22,10735.82,0,0
R404408,L200798,9,2026-04-22,,1,78
R404409,L200798,10,2026-05-22,10314.38,0,3
R404410,L200798,11,2026-06-22,10499.88,0,0
R404411,L200799,1,2025-08-03,6387.24,0,1
R404412,L200799,2,2025-09-03,6410.53,0,1
R404413,L200799,3,2025-10-03,6404.85,0,4
R404414,L200799,4,2025-11-03,7201.99,0,0
R404415,L200799,5,2025-12-03,6332.74,0,0
R404416,L200799,6,2026-01-03,6786.42,0,1
R404417,L200799,7,2026-02-03,6315.59,0,6
R404418,L200799,8,2026-03-03,6860.55,0,0
R404419,L200799,9,2026-04-03,7006.53,0,6
R404420,L200799,10,2026-05-03,6862.57,0,4
R404421,L200799,11,2026-06-03,6821.08,0,1
R404422,L200799,12,2026-07-03,6948.47,0,4
R404423,L200800,1,2025-09-17,10502.92,0,5
R404424,L200800,2,2025-10-17,10518.86,0,0
R404425,L200800,3,2025-11-17,10407.68,0,5
R404426,L200800,4,2025-12-17,10489.16,0,3
R404427,L200800,5,2026-01-17,9761.22,0,4
R404428,L200800,6,2026-02-17,10699.54,0,3
R404429,L200800,7,2026-03-17,9425.77,0,4
R404430,L200800,8,2026-04-17,10848.85,0,1
R404431,L200800,9,2026-05-17,10704.65,0,4
R404432,L200800,10,2026-06-17,9595.92,0,2
R404433,L200801,1,2026-03-19,8809.25,0,4
R404434,L200801,2,2026-04-19,8627.6,0,1
R404435,L200801,3,2026-05-19,,1,55
R404436,L200801,4,2026-06-19,8538.54,0,6
R404437,L200802,1,2025-10-22,1360.22,0,5
R404438,L200802,2,2025-11-22,1409.11,0,0
R404439,L200802,3,2025-12-22,,1,30
R404440,L200802,4,2026-01-22,1407.38,0,1
R404441,L200802,5,2026-02-22,1502.33,0,1
R404442,L200802,6,2026-03-22,1369.21,0,0
R404443,L200802,7,2026-04-22,1440.41,0,4
R404444,L200802,8,2026-05-22,1473.64,0,0
R404445,L200802,9,2026-06-22,1488.15,0,1
R404446,L200803,1,2025-11-18,,1,51
R404447,L200803,2,2025-12-18,3955.19,0,6
R404448,L200803,3,2026-01-18,3935.29,0,6
R404449,L200803,4,2026-02-18,4150.11,0,4
R404450,L200803,5,2026-03-18,4042.87,0,5
R404451,L200803,6,2026-04-18,4045.66,0,5
R404452,L200803,7,2026-05-18,3895.55,0,4
R404453,L200803,8,2026-06-18,4414.03,0,5
R404454,L200804,1,2026-02-27,4764.89,0,5
R404455,L200804,2,2026-03-27,4595.73,0,1
R404456,L200804,3,2026-04-27,4708.57,0,0
R404457,L200804,4,2026-05-27,4651.87,0,3
R404458,L200804,5,2026-06-27,4877.86,0,5
R404459,L200805,1,2026-01-03,8544.7,0,5
R404460,L200805,2,2026-02-03,,1,54
R404461,L200805,3,2026-03-03,9512.86,0,2
R404462,L200805,4,2026-04-03,9069.93,0,4
R404463,L200805,5,2026-05-03,9579.65,0,1
R404464,L200805,6,2026-06-03,8433.74,0,1
R404465,L200806,1,2026-01-22,1663.71,0,3
R404466,L200806,2,2026-02-22,1642.35,0,5
R404467,L200806,3,2026-03-22,1672.32,0,3
R404468,L200806,4,2026-04-22,1505.14,0,0
R404469,L200806,5,2026-05-22,1632.53,0,4
R404470,L200806,6,2026-06-22,1507.01,0,4
R404471,L200807,1,2026-07-27,4193.76,0,1
R404472,L200808,1,2025-08-26,2977.11,0,2
R404473,L200808,2,2025-09-26,3167.97,0,6
R404474,L200808,3,2025-10-26,2982.08,0,2
R404475,L200808,4,2025-11-26,3166.9,0,6
R404476,L200808,5,2025-12-26,3135.27,0,4
R404477,L200808,6,2026-01-26,3005.31,0,5
R404478,L200808,7,2026-02-26,3286.71,0,0
R404479,L200808,8,2026-03-26,2943.0,0,5
R404480,L200808,9,2026-04-26,,1,90
R404481,L200808,10,2026-05-26,2894.01,0,1
R404482,L200808,11,2026-06-26,3252.41,0,4
R404483,L200809,1,2026-02-10,2868.66,0,3
R404484,L200809,2,2026-03-10,2509.48,0,3
R404485,L200809,3,2026-04-10,2553.11,0,1
R404486,L200809,4,2026-05-10,2503.21,0,0
R404487,L200809,5,2026-06-10,2814.42,0,2
R404488,L200810,1,2026-05-05,1128.52,0,4
R404489,L200810,2,2026-06-05,1011.62,0,1
R404490,L200811,1,2026-04-17,6896.63,0,0
R404491,L200811,2,2026-05-17,6855.85,0,0
R404492,L200811,3,2026-06-17,6624.88,0,2
R404493,L200812,1,2025-10-23,9325.01,0,2
R404494,L200812,2,2025-11-23,9817.81,0,1
R404495,L200812,3,2025-12-23,9379.95,0,3
R404496,L200812,4,2026-01-23,9182.35,0,3
R404497,L200812,5,2026-02-23,9904.84,0,4
R404498,L200812,6,2026-03-23,10399.7,0,1
R404499,L200812,7,2026-04-23,9339.09,0,3
R404500,L200812,8,2026-05-23,9283.19,0,4
R404501,L200812,9,2026-06-23,9999.75,0,3
R404502,L200813,1,2026-02-16,10382.67,0,1
R404503,L200813,2,2026-03-16,10771.15,0,4
R404504,L200813,3,2026-04-16,11177.62,0,2
R404505,L200813,4,2026-05-16,10848.47,0,1
R404506,L200813,5,2026-06-16,11577.71,0,0
R404507,L200814,1,2025-10-08,16364.1,0,6
R404508,L200814,2,2025-11-08,14678.69,0,0
R404509,L200814,3,2025-12-08,15726.97,0,0
R404510,L200814,4,2026-01-08,16254.94,0,3
R404511,L200814,5,2026-02-08,15774.09,0,4
R404512,L200814,6,2026-03-08,16411.84,0,6
R404513,L200814,7,2026-04-08,14478.88,0,3
R404514,L200814,8,2026-05-08,16194.7,0,2
R404515,L200814,9,2026-06-08,14689.94,0,2
R404516,L200815,1,2025-10-21,55112.2,0,4
R404517,L200815,2,2025-11-21,55777.94,0,4
R404518,L200815,3,2025-12-21,63515.57,0,4
R404519,L200815,4,2026-01-21,58290.72,0,6
R404520,L200815,5,2026-02-21,56822.68,0,2
R404521,L200815,6,2026-03-21,,1,33
R404522,L200815,7,2026-04-21,56900.03,0,5
R404523,L200815,8,2026-05-21,55299.94,0,5
R404524,L200815,9,2026-06-21,55605.14,0,0
R404525,L200816,1,2025-11-26,1697.0,0,4
R404526,L200816,2,2025-12-26,1659.56,0,2
R404527,L200816,3,2026-01-26,1528.05,0,1
R404528,L200816,4,2026-02-26,1594.3,0,4
R404529,L200816,5,2026-03-26,1711.44,0,6
R404530,L200816,6,2026-04-26,,1,41
R404531,L200816,7,2026-05-26,1716.76,0,6
R404532,L200816,8,2026-06-26,1732.56,0,2
R404533,L200817,1,2025-11-11,6065.36,0,4
R404534,L200817,2,2025-12-11,6139.46,0,6
R404535,L200817,3,2026-01-11,5749.41,0,0
R404536,L200817,4,2026-02-11,6229.07,0,6
R404537,L200817,5,2026-03-11,5790.45,0,6
R404538,L200817,6,2026-04-11,5855.33,0,4
R404539,L200817,7,2026-05-11,6102.15,0,1
R404540,L200817,8,2026-06-11,6284.35,0,0
R404541,L200818,1,2025-12-19,,1,97
R404542,L200818,2,2026-01-19,18743.59,0,6
R404543,L200818,3,2026-02-19,18948.89,0,5
R404544,L200818,4,2026-03-19,19734.51,0,2
R404545,L200818,5,2026-04-19,18998.59,0,2
R404546,L200818,6,2026-05-19,18339.2,0,3
R404547,L200818,7,2026-06-19,19399.98,0,5
R404548,L200819,1,2025-09-20,1624.64,0,5
R404549,L200819,2,2025-10-20,,1,48
R404550,L200819,3,2025-11-20,,1,66
R404551,L200819,4,2025-12-20,1622.89,0,1
R404552,L200819,5,2026-01-20,1687.61,0,2
R404553,L200819,6,2026-02-20,,1,33
R404554,L200819,7,2026-03-20,1553.65,0,0
R404555,L200819,8,2026-04-20,1586.43,0,0
R404556,L200819,9,2026-05-20,1579.71,0,0
R404557,L200819,10,2026-06-20,1516.12,0,0
R404558,L200820,1,2025-08-20,20454.95,0,4
R404559,L200820,2,2025-09-20,,1,40
R404560,L200820,3,2025-10-20,21831.68,0,1
R404561,L200820,4,2025-11-20,18789.95,0,6
R404562,L200820,5,2025-12-20,20817.1,0,1
R404563,L200820,6,2026-01-20,21464.92,0,0
R404564,L200820,7,2026-02-20,21765.78,0,1
R404565,L200820,8,2026-03-20,19283.2,0,2
R404566,L200820,9,2026-04-20,18891.93,0,2
R404567,L200820,10,2026-05-20,19305.88,0,4
R404568,L200820,11,2026-06-20,20989.78,0,1
R404569,L200821,1,2026-01-01,14894.04,0,0
R404570,L200821,2,2026-02-01,14328.61,0,5
R404571,L200821,3,2026-03-01,13855.69,0,0
R404572,L200821,4,2026-04-01,14499.05,0,5
R404573,L200821,5,2026-05-01,14622.6,0,5
R404574,L200821,6,2026-06-01,14115.15,0,2
R404575,L200821,7,2026-07-01,14718.71,0,2
R404576,L200822,1,2026-03-28,124.03,0,5
R404577,L200822,2,2026-04-28,125.52,0,1
R404578,L200822,3,2026-05-28,119.25,0,2
R404579,L200822,4,2026-06-28,120.81,0,0
R404580,L200823,1,2025-10-20,53760.87,0,0
R404581,L200823,2,2025-11-20,55197.96,0,6
R404582,L200823,3,2025-12-20,52599.38,0,6
R404583,L200823,4,2026-01-20,49145.55,0,6
R404584,L200823,5,2026-02-20,51366.94,0,6
R404585,L200823,6,2026-03-20,53771.51,0,2
R404586,L200823,7,2026-04-20,54421.51,0,1
R404587,L200823,8,2026-05-20,52852.89,0,2
R404588,L200823,9,2026-06-20,47733.25,0,4
R404589,L200824,1,2026-03-25,1259.44,0,2
R404590,L200824,2,2026-04-25,1172.23,0,3
R404591,L200824,3,2026-05-25,1251.86,0,1
R404592,L200824,4,2026-06-25,1121.2,0,0
R404593,L200825,1,2026-05-23,12588.75,0,6
R404594,L200825,2,2026-06-23,11111.86,0,6
R404595,L200826,1,2026-04-12,10542.47,0,1
R404596,L200826,2,2026-05-12,10136.0,0,0
R404597,L200826,3,2026-06-12,9721.57,0,4
R404598,L200827,1,2025-10-07,5889.25,0,5
R404599,L200827,2,2025-11-07,5680.73,0,3
R404600,L200827,3,2025-12-07,5682.55,0,1
R404601,L200827,4,2026-01-07,6178.77,0,3
R404602,L200827,5,2026-02-07,5695.94,0,3
R404603,L200827,6,2026-03-07,5627.44,0,0
R404604,L200827,7,2026-04-07,5553.61,0,3
R404605,L200827,8,2026-05-07,6153.25,0,5
R404606,L200827,9,2026-06-07,5479.53,0,0
R404607,L200828,1,2026-04-06,5641.5,0,2
R404608,L200828,2,2026-05-06,6099.37,0,2
R404609,L200828,3,2026-06-06,5929.43,0,4
R404610,L200829,1,2026-06-08,2357.52,0,5
R404611,L200830,1,2025-09-04,219.83,0,4
R404612,L200830,2,2025-10-04,221.6,0,2
R404613,L200830,3,2025-11-04,228.08,0,3
R404614,L200830,4,2025-12-04,216.83,0,2
R404615,L200830,5,2026-01-04,,1,52
R404616,L200830,6,2026-02-04,238.62,0,2
R404617,L200830,7,2026-03-04,235.31,0,5
R404618,L200830,8,2026-04-04,230.61,0,1
R404619,L200830,9,2026-05-04,235.18,0,6
R404620,L200830,10,2026-06-04,225.35,0,1
R404621,L200830,11,2026-07-04,215.37,0,4
R404622,L200831,1,2026-06-28,19805.14,0,6
R404623,L200832,1,2026-01-06,1894.21,0,6
R404624,L200832,2,2026-02-06,1958.74,0,4
R404625,L200832,3,2026-03-06,1996.36,0,6
R404626,L200832,4,2026-04-06,2059.41,0,5
R404627,L200832,5,2026-05-06,2037.92,0,4
R404628,L200832,6,2026-06-06,2048.38,0,1
R404629,L200833,1,2026-06-13,5286.64,0,3
R404630,L200834,1,2025-09-13,19256.7,0,6
R404631,L200834,2,2025-10-13,18468.31,0,0
R404632,L200834,3,2025-11-13,20392.97,0,0
R404633,L200834,4,2025-12-13,18575.7,0,0
R404634,L200834,5,2026-01-13,19004.08,0,4
R404635,L200834,6,2026-02-13,20663.71,0,0
R404636,L200834,7,2026-03-13,20231.44,0,6
R404637,L200834,8,2026-04-13,19407.21,0,4
R404638,L200834,9,2026-05-13,20727.14,0,2
R404639,L200834,10,2026-06-13,20780.33,0,6
R404640,L200835,1,2025-10-07,842.31,0,4
R404641,L200835,2,2025-11-07,739.34,0,4
R404642,L200835,3,2025-12-07,748.09,0,5
R404643,L200835,4,2026-01-07,786.31,0,5
R404644,L200835,5,2026-02-07,759.9,0,6
R404645,L200835,6,2026-03-07,819.26,0,6
R404646,L200835,7,2026-04-07,763.79,0,2
R404647,L200835,8,2026-05-07,,1,63
R404648,L200835,9,2026-06-07,777.8,0,0
R404649,L200836,1,2025-08-10,752.87,0,1
R404650,L200836,2,2025-09-10,779.46,0,2
R404651,L200836,3,2025-10-10,750.2,0,6
R404652,L200836,4,2025-11-10,770.79,0,1
R404653,L200836,5,2025-12-10,828.4,0,6
R404654,L200836,6,2026-01-10,,1,51
R404655,L200836,7,2026-02-10,754.94,0,5
R404656,L200836,8,2026-03-10,,1,99
R404657,L200836,9,2026-04-10,741.63,0,3
R404658,L200836,10,2026-05-10,827.07,0,4
R404659,L200836,11,2026-06-10,844.8,0,0
R404660,L200837,1,2026-02-05,5995.73,0,5
R404661,L200837,2,2026-03-05,6266.65,0,2
R404662,L200837,3,2026-04-05,5640.26,0,0
R404663,L200837,4,2026-05-05,5598.48,0,1
R404664,L200837,5,2026-06-05,6377.32,0,4
R404665,L200838,1,2026-02-12,1124.08,0,1
R404666,L200838,2,2026-03-12,1174.36,0,2
R404667,L200838,3,2026-04-12,1120.79,0,0
R404668,L200838,4,2026-05-12,1265.61,0,2
R404669,L200838,5,2026-06-12,1131.48,0,3
R404670,L200839,1,2026-03-21,2534.82,0,4
R404671,L200839,2,2026-04-21,2339.53,0,2
R404672,L200839,3,2026-05-21,2565.85,0,6
R404673,L200839,4,2026-06-21,2585.24,0,5
R404674,L200840,1,2026-05-24,974.58,0,2
R404675,L200840,2,2026-06-24,1101.61,0,4
R404676,L200841,1,2026-05-20,40243.75,0,0
R404677,L200841,2,2026-06-20,40002.17,0,2
R404678,L200842,1,2026-07-01,3151.6,0,5
R404679,L200843,1,2026-06-18,14316.34,0,0
R404680,L200844,1,2026-07-01,1187.21,0,1
R404681,L200845,1,2026-05-21,2737.25,0,2
R404682,L200845,2,2026-06-21,2512.43,0,6
R404683,L200846,1,2025-12-28,21486.24,0,0
R404684,L200846,2,2026-01-28,21665.61,0,0
R404685,L200846,3,2026-02-28,19281.02,0,1
R404686,L200846,4,2026-03-28,20015.16,0,3
R404687,L200846,5,2026-04-28,20730.56,0,5
R404688,L200846,6,2026-05-28,20111.99,0,0
R404689,L200846,7,2026-06-28,21430.83,0,1
R404690,L200847,1,2025-09-17,5257.17,0,4
R404691,L200847,2,2025-10-17,5314.05,0,2
R404692,L200847,3,2025-11-17,5388.59,0,1
R404693,L200847,4,2025-12-17,5197.7,0,6
R404694,L200847,5,2026-01-17,5262.86,0,4
R404695,L200847,6,2026-02-17,4962.18,0,3
R404696,L200847,7,2026-03-17,5418.41,0,6
R404697,L200847,8,2026-04-17,5425.15,0,1
R404698,L200847,9,2026-05-17,5362.65,0,5
R404699,L200847,10,2026-06-17,4938.17,0,2
R404700,L200848,1,2026-02-19,,1,71
R404701,L200848,2,2026-03-19,3587.5,0,4
R404702,L200848,3,2026-04-19,,1,67
R404703,L200848,4,2026-05-19,3817.43,0,5
R404704,L200848,5,2026-06-19,3335.06,0,4
R404705,L200849,1,2026-04-08,3139.29,0,5
R404706,L200849,2,2026-05-08,2905.61,0,2
R404707,L200849,3,2026-06-08,2830.67,0,6
R404708,L200850,1,2026-01-27,16296.92,0,1
R404709,L200850,2,2026-02-27,16572.17,0,4
R404710,L200850,3,2026-03-27,16377.02,0,6
R404711,L200850,4,2026-04-27,16723.78,0,0
R404712,L200850,5,2026-05-27,15342.85,0,5
R404713,L200850,6,2026-06-27,17713.0,0,1
R404714,L200851,1,2025-08-20,24527.74,0,6
R404715,L200851,2,2025-09-20,24135.28,0,5
R404716,L200851,3,2025-10-20,25822.65,0,5
R404717,L200851,4,2025-11-20,24984.91,0,5
R404718,L200851,5,2025-12-20,25540.11,0,1
R404719,L200851,6,2026-01-20,26958.47,0,2
R404720,L200851,7,2026-02-20,25973.17,0,1
R404721,L200851,8,2026-03-20,26080.43,0,6
R404722,L200851,9,2026-04-20,25228.01,0,1
R404723,L200851,10,2026-05-20,24352.41,0,4
R404724,L200851,11,2026-06-20,26734.27,0,5
R404725,L200852,1,2026-03-03,2097.77,0,4
R404726,L200852,2,2026-04-03,1972.75,0,5
R404727,L200852,3,2026-05-03,2062.2,0,3
R404728,L200852,4,2026-06-03,1988.0,0,6
R404729,L200853,1,2026-03-02,16656.85,0,1
R404730,L200853,2,2026-04-02,,1,80
R404731,L200853,3,2026-05-02,15952.13,0,0
R404732,L200853,4,2026-06-02,15308.26,0,6
R404733,L200854,1,2025-11-23,1923.85,0,4
R404734,L200854,2,2025-12-23,1897.33,0,4
R404735,L200854,3,2026-01-23,1976.82,0,3
R404736,L200854,4,2026-02-23,2011.13,0,3
R404737,L200854,5,2026-03-23,1815.65,0,4
R404738,L200854,6,2026-04-23,1868.05,0,4
R404739,L200854,7,2026-05-23,1921.31,0,6
R404740,L200854,8,2026-06-23,1813.77,0,0
R404741,L200855,1,2026-07-08,,1,50
R404742,L200856,1,2026-03-14,824.39,0,3
R404743,L200856,2,2026-04-14,877.92,0,2
R404744,L200856,3,2026-05-14,900.45,0,4
R404745,L200856,4,2026-06-14,862.89,0,3
R404746,L200857,1,2026-05-30,10597.88,0,1
R404747,L200857,2,2026-06-30,,1,97
R404748,L200858,1,2026-01-16,4317.05,0,2
R404749,L200858,2,2026-02-16,4148.34,0,2
R404750,L200858,3,2026-03-16,4277.4,0,6
R404751,L200858,4,2026-04-16,,1,37
R404752,L200858,5,2026-05-16,3987.69,0,5
R404753,L200858,6,2026-06-16,3928.1,0,4
R404754,L200859,1,2025-12-28,,1,93
R404755,L200859,2,2026-01-28,15653.88,0,2
R404756,L200859,3,2026-02-28,15674.63,0,2
R404757,L200859,4,2026-03-28,15882.25,0,1
R404758,L200859,5,2026-04-28,16061.37,0,1
R404759,L200859,6,2026-05-28,,1,69
R404760,L200859,7,2026-06-28,15588.01,0,1
R404761,L200860,1,2026-01-18,288.63,0,1
R404762,L200860,2,2026-02-18,276.47,0,3
R404763,L200860,3,2026-03-18,282.15,0,6
R404764,L200860,4,2026-04-18,269.8,0,2
R404765,L200860,5,2026-05-18,290.57,0,5
R404766,L200860,6,2026-06-18,266.81,0,2
R404767,L200861,1,2025-11-04,,1,77
R404768,L200861,2,2025-12-04,9452.12,0,2
R404769,L200861,3,2026-01-04,,1,52
R404770,L200861,4,2026-02-04,9635.92,0,1
R404771,L200861,5,2026-03-04,9055.13,0,1
R404772,L200861,6,2026-04-04,8983.8,0,5
R404773,L200861,7,2026-05-04,,1,85
R404774,L200861,8,2026-06-04,9802.88,0,3
R404775,L200862,1,2026-04-15,,1,36
R404776,L200862,2,2026-05-15,8920.44,0,2
R404777,L200862,3,2026-06-15,9563.05,0,1
R404778,L200863,1,2025-09-21,1937.81,0,4
R404779,L200863,2,2025-10-21,1976.93,0,2
R404780,L200863,3,2025-11-21,1922.26,0,3
R404781,L200863,4,2025-12-21,2105.46,0,1
R404782,L200863,5,2026-01-21,1947.71,0,2
R404783,L200863,6,2026-02-21,1984.22,0,5
R404784,L200863,7,2026-03-21,1876.09,0,4
R404785,L200863,8,2026-04-21,,1,86
R404786,L200863,9,2026-05-21,2150.39,0,5
R404787,L200863,10,2026-06-21,2114.48,0,6
R404788,L200864,1,2025-12-07,1641.88,0,1
R404789,L200864,2,2026-01-07,1672.32,0,3
R404790,L200864,3,2026-02-07,1818.76,0,4
R404791,L200864,4,2026-03-07,1849.43,0,6
R404792,L200864,5,2026-04-07,1683.99,0,6
R404793,L200864,6,2026-05-07,1682.2,0,4
R404794,L200864,7,2026-06-07,1648.2,0,3
R404795,L200865,1,2026-07-16,4888.75,0,4
R404796,L200866,1,2026-07-25,2658.21,0,3
R404797,L200867,1,2026-06-25,12035.18,0,2
R404798,L200868,1,2026-05-14,,1,98
R404799,L200868,2,2026-06-14,,1,67
R404800,L200869,1,2025-12-16,1751.34,0,4
R404801,L200869,2,2026-01-16,1795.83,0,6
R404802,L200869,3,2026-02-16,1588.2,0,5
R404803,L200869,4,2026-03-16,1561.33,0,0
R404804,L200869,5,2026-04-16,1676.26,0,4
R404805,L200869,6,2026-05-16,1801.77,0,5
R404806,L200869,7,2026-06-16,1742.74,0,1
R404807,L200870,1,2025-09-23,789.47,0,2
R404808,L200870,2,2025-10-23,717.56,0,2
R404809,L200870,3,2025-11-23,,1,95
R404810,L200870,4,2025-12-23,706.68,0,1
R404811,L200870,5,2026-01-23,688.0,0,5
R404812,L200870,6,2026-02-23,788.14,0,5
R404813,L200870,7,2026-03-23,764.97,0,3
R404814,L200870,8,2026-04-23,,1,92
R404815,L200870,9,2026-05-23,790.23,0,4
R404816,L200870,10,2026-06-23,681.02,0,4
R404817,L200871,1,2026-06-05,3628.35,0,1
R404818,L200872,1,2025-10-06,4964.08,0,3
R404819,L200872,2,2025-11-06,4420.14,0,5
R404820,L200872,3,2025-12-06,4801.69,0,2
R404821,L200872,4,2026-01-06,4854.56,0,4
R404822,L200872,5,2026-02-06,5068.49,0,0
R404823,L200872,6,2026-03-06,4427.49,0,1
R404824,L200872,7,2026-04-06,4392.39,0,5
R404825,L200872,8,2026-05-06,4885.53,0,1
R404826,L200872,9,2026-06-06,5001.59,0,4
R404827,L200873,1,2026-01-08,1834.54,0,5
R404828,L200873,2,2026-02-08,2005.53,0,0
R404829,L200873,3,2026-03-08,1953.21,0,4
R404830,L200873,4,2026-04-08,1941.21,0,1
R404831,L200873,5,2026-05-08,,1,98
R404832,L200873,6,2026-06-08,2050.89,0,3
R404833,L200874,1,2026-03-24,11009.27,0,5
R404834,L200874,2,2026-04-24,11180.15,0,3
R404835,L200874,3,2026-05-24,11766.1,0,6
R404836,L200874,4,2026-06-24,11576.69,0,4
R404837,L200875,1,2025-12-30,94196.94,0,6
R404838,L200875,2,2026-01-30,93175.93,0,1
R404839,L200875,3,2026-02-28,94945.73,0,1
R404840,L200875,4,2026-03-30,99547.56,0,6
R404841,L200875,5,2026-04-30,,1,35
R404842,L200875,6,2026-05-30,104512.29,0,4
R404843,L200875,7,2026-06-30,102864.52,0,1
R404844,L200876,1,2025-09-25,1056.02,0,0
R404845,L200876,2,2025-10-25,1172.42,0,4
R404846,L200876,3,2025-11-25,1022.7,0,6
R404847,L200876,4,2025-12-25,1027.85,0,6
R404848,L200876,5,2026-01-25,1127.04,0,2
R404849,L200876,6,2026-02-25,1109.62,0,6
R404850,L200876,7,2026-03-25,1100.39,0,5
R404851,L200876,8,2026-04-25,1085.96,0,6
R404852,L200876,9,2026-05-25,1089.54,0,4
R404853,L200876,10,2026-06-25,1136.88,0,5
R404854,L200877,1,2026-05-23,45629.59,0,0
R404855,L200877,2,2026-06-23,,1,52
R404856,L200878,1,2025-11-26,1370.35,0,0
R404857,L200878,2,2025-12-26,1518.94,0,1
R404858,L200878,3,2026-01-26,1331.96,0,0
R404859,L200878,4,2026-02-26,,1,43
R404860,L200878,5,2026-03-26,1426.61,0,0
R404861,L200878,6,2026-04-26,1509.37,0,4
R404862,L200878,7,2026-05-26,1434.76,0,2
R404863,L200878,8,2026-06-26,,1,97
R404864,L200879,1,2026-05-24,4836.67,0,3
R404865,L200879,2,2026-06-24,4791.31,0,0
R404866,L200880,1,2026-02-13,,1,86
R404867,L200880,2,2026-03-13,1466.36,0,6
R404868,L200880,3,2026-04-13,1492.5,0,6
R404869,L200880,4,2026-05-13,1521.25,0,2
R404870,L200880,5,2026-06-13,1581.53,0,2
R404871,L200881,1,2025-12-07,9693.57,0,2
R404872,L200881,2,2026-01-07,,1,81
R404873,L200881,3,2026-02-07,9990.37,0,5
R404874,L200881,4,2026-03-07,10367.14,0,2
R404875,L200881,5,2026-04-07,10333.63,0,5
R404876,L200881,6,2026-05-07,10390.07,0,0
R404877,L200881,7,2026-06-07,10412.8,0,6
R404878,L200882,1,2025-10-18,1337.42,0,0
R404879,L200882,2,2025-11-18,1386.56,0,2
R404880,L200882,3,2025-12-18,1421.31,0,2
R404881,L200882,4,2026-01-18,1360.48,0,6
R404882,L200882,5,2026-02-18,1498.93,0,1
R404883,L200882,6,2026-03-18,1336.43,0,2
R404884,L200882,7,2026-04-18,1426.83,0,1
R404885,L200882,8,2026-05-18,1516.98,0,1
R404886,L200882,9,2026-06-18,1436.87,0,6
R404887,L200883,1,2026-05-23,1521.02,0,3
R404888,L200883,2,2026-06-23,1461.83,0,1
R404889,L200884,1,2026-01-09,10469.36,0,5
R404890,L200884,2,2026-02-09,9958.97,0,2
R404891,L200884,3,2026-03-09,10106.8,0,4
R404892,L200884,4,2026-04-09,9976.82,0,0
R404893,L200884,5,2026-05-09,10390.71,0,1
R404894,L200884,6,2026-06-09,,1,52
R404895,L200885,1,2025-12-19,1159.35,0,0
R404896,L200885,2,2026-01-19,1054.22,0,6
R404897,L200885,3,2026-02-19,1016.24,0,6
R404898,L200885,4,2026-03-19,1056.34,0,6
R404899,L200885,5,2026-04-19,1058.68,0,1
R404900,L200885,6,2026-05-19,1119.84,0,3
R404901,L200885,7,2026-06-19,1039.28,0,4
R404902,L200886,1,2025-09-09,438.75,0,5
R404903,L200886,2,2025-10-09,398.46,0,0
R404904,L200886,3,2025-11-09,392.57,0,5
R404905,L200886,4,2025-12-09,436.63,0,1
R404906,L200886,5,2026-01-09,442.28,0,3
R404907,L200886,6,2026-02-09,411.04,0,1
R404908,L200886,7,2026-03-09,440.89,0,3
R404909,L200886,8,2026-04-09,430.38,0,1
R404910,L200886,9,2026-05-09,433.5,0,0
R404911,L200886,10,2026-06-09,389.82,0,2
R404912,L200887,1,2025-08-04,21535.64,0,6
R404913,L200887,2,2025-09-04,20773.78,0,4
R404914,L200887,3,2025-10-04,,1,88
R404915,L200887,4,2025-11-04,20576.29,0,2
R404916,L200887,5,2025-12-04,20634.8,0,2
R404917,L200887,6,2026-01-04,20925.71,0,5
R404918,L200887,7,2026-02-04,20182.61,0,5
R404919,L200887,8,2026-03-04,23473.36,0,1
R404920,L200887,9,2026-04-04,,1,59
R404921,L200887,10,2026-05-04,20437.36,0,5
R404922,L200887,11,2026-06-04,21026.13,0,5
R404923,L200887,12,2026-07-04,21940.06,0,0
R404924,L200888,1,2026-07-21,,1,55
R404925,L200889,1,2026-06-07,6998.61,0,0
R404926,L200890,1,2026-05-18,1210.57,0,3
R404927,L200890,2,2026-06-18,1305.63,0,4
R404928,L200891,1,2026-05-13,19835.78,0,1
R404929,L200891,2,2026-06-13,18229.98,0,6
R404930,L200892,1,2026-05-03,15276.97,0,3
R404931,L200892,2,2026-06-03,15989.29,0,5
R404932,L200893,1,2026-01-19,1409.71,0,0
R404933,L200893,2,2026-02-19,1481.25,0,6
R404934,L200893,3,2026-03-19,1375.03,0,1
R404935,L200893,4,2026-04-19,1444.36,0,2
R404936,L200893,5,2026-05-19,1374.32,0,4
R404937,L200893,6,2026-06-19,,1,69
R404938,L200894,1,2025-10-01,5759.7,0,2
R404939,L200894,2,2025-11-01,5356.12,0,5
R404940,L200894,3,2025-12-01,5522.62,0,3
R404941,L200894,4,2026-01-01,,1,96
R404942,L200894,5,2026-02-01,5810.04,0,3
R404943,L200894,6,2026-03-01,5292.22,0,4
R404944,L200894,7,2026-04-01,5974.36,0,0
R404945,L200894,8,2026-05-01,5430.91,0,0
R404946,L200894,9,2026-06-01,,1,82
R404947,L200894,10,2026-07-01,5145.23,0,6
R404948,L200895,1,2025-10-11,2370.92,0,5
R404949,L200895,2,2025-11-11,2398.04,0,2
R404950,L200895,3,2025-12-11,2602.59,0,2
R404951,L200895,4,2026-01-11,2678.29,0,5
R404952,L200895,5,2026-02-11,2470.62,0,3
R404953,L200895,6,2026-03-11,2563.51,0,0
R404954,L200895,7,2026-04-11,2462.86,0,5
R404955,L200895,8,2026-05-11,2310.23,0,2
R404956,L200895,9,2026-06-11,2649.5,0,0
R404957,L200896,1,2026-02-02,49404.21,0,5
R404958,L200896,2,2026-03-02,,1,83
R404959,L200896,3,2026-04-02,48763.54,0,4
R404960,L200896,4,2026-05-02,49953.54,0,4
R404961,L200896,5,2026-06-02,48105.8,0,0
R404962,L200897,1,2025-10-22,28209.28,0,1
R404963,L200897,2,2025-11-22,29880.78,0,6
R404964,L200897,3,2025-12-22,28083.75,0,0
R404965,L200897,4,2026-01-22,29938.01,0,3
R404966,L200897,5,2026-02-22,31394.77,0,1
R404967,L200897,6,2026-03-22,29944.89,0,5
R404968,L200897,7,2026-04-22,31009.76,0,4
R404969,L200897,8,2026-05-22,29298.02,0,1
R404970,L200897,9,2026-06-22,31048.01,0,0
R404971,L200898,1,2025-12-20,,1,49
R404972,L200898,2,2026-01-20,2471.42,0,2
R404973,L200898,3,2026-02-20,2746.78,0,6
R404974,L200898,4,2026-03-20,2807.49,0,1
R404975,L200898,5,2026-04-20,2631.02,0,3
R404976,L200898,6,2026-05-20,2656.86,0,6
R404977,L200898,7,2026-06-20,2674.79,0,4
R404978,L200899,1,2026-05-20,3183.31,0,1
R404979,L200899,2,2026-06-20,3079.52,0,5
R404980,L200900,1,2026-06-29,1571.06,0,0
R404981,L200901,1,2026-06-29,2171.65,0,6
R404982,L200902,1,2025-09-15,7792.53,0,3
R404983,L200902,2,2025-10-15,8184.67,0,5
R404984,L200902,3,2025-11-15,7199.83,0,0
R404985,L200902,4,2025-12-15,7287.6,0,0
R404986,L200902,5,2026-01-15,7756.44,0,2
R404987,L200902,6,2026-02-15,7642.7,0,2
R404988,L200902,7,2026-03-15,8164.79,0,4
R404989,L200902,8,2026-04-15,7877.67,0,2
R404990,L200902,9,2026-05-15,7741.03,0,4
R404991,L200902,10,2026-06-15,7503.95,0,1
R404992,L200903,1,2025-11-09,1436.31,0,0
R404993,L200903,2,2025-12-09,1438.31,0,3
R404994,L200903,3,2026-01-09,1426.03,0,1
R404995,L200903,4,2026-02-09,1374.87,0,5
R404996,L200903,5,2026-03-09,1328.12,0,2
R404997,L200903,6,2026-04-09,1331.76,0,3
R404998,L200903,7,2026-05-09,1375.23,0,1
R404999,L200903,8,2026-06-09,,1,76
R405000,L200904,1,2026-06-27,1407.71,0,4
R405001,L200905,1,2026-02-07,19105.03,0,5
R405002,L200905,2,2026-03-07,18516.05,0,4
R405003,L200905,3,2026-04-07,17937.99,0,2
R405004,L200905,4,2026-05-07,18059.09,0,5
R405005,L200905,5,2026-06-07,16956.23,0,0
R405006,L200906,1,2025-08-16,10219.09,0,3
R405007,L200906,2,2025-09-16,10995.26,0,3
R405008,L200906,3,2025-10-16,10374.28,0,0
R405009,L200906,4,2025-11-16,10908.78,0,0
R405010,L200906,5,2025-12-16,11033.28,0,0
R405011,L200906,6,2026-01-16,10177.45,0,2
R405012,L200906,7,2026-02-16,11032.59,0,1
R405013,L200906,8,2026-03-16,10063.91,0,0
R405014,L200906,9,2026-04-16,10419.1,0,4
R405015,L200906,10,2026-05-16,10773.16,0,4
R405016,L200906,11,2026-06-16,11212.22,0,3
R405017,L200907,1,2026-05-20,1529.57,0,5
R405018,L200907,2,2026-06-20,1439.54,0,5
R405019,L200908,1,2025-10-26,4403.86,0,5
R405020,L200908,2,2025-11-26,4361.55,0,4
R405021,L200908,3,2025-12-26,4324.69,0,6
R405022,L200908,4,2026-01-26,4399.6,0,0
R405023,L200908,5,2026-02-26,,1,80
R405024,L200908,6,2026-03-26,4290.78,0,5
R405025,L200908,7,2026-04-26,4653.51,0,3
R405026,L200908,8,2026-05-26,4445.75,0,2
R405027,L200908,9,2026-06-26,4428.69,0,3
R405028,L200909,1,2026-07-15,,1,71
R405029,L200910,1,2026-03-12,33546.78,0,3
R405030,L200910,2,2026-04-12,35789.49,0,6
R405031,L200910,3,2026-05-12,35792.44,0,4
R405032,L200910,4,2026-06-12,32092.69,0,2
R405033,L200911,1,2026-05-12,785.57,0,4
R405034,L200911,2,2026-06-12,852.16,0,5
R405035,L200912,1,2026-04-18,1841.94,0,1
R405036,L200912,2,2026-05-18,1864.02,0,5
R405037,L200912,3,2026-06-18,,1,40
R405038,L200913,1,2025-08-29,15485.39,0,5
R405039,L200913,2,2025-09-29,17148.28,0,1
R405040,L200913,3,2025-10-29,16710.19,0,2
R405041,L200913,4,2025-11-29,14932.17,0,1
R405042,L200913,5,2025-12-29,16375.62,0,0
R405043,L200913,6,2026-01-29,16871.07,0,1
R405044,L200913,7,2026-02-28,15739.85,0,4
R405045,L200913,8,2026-03-29,16305.84,0,3
R405046,L200913,9,2026-04-29,17147.09,0,1
R405047,L200913,10,2026-05-29,15210.98,0,4
R405048,L200913,11,2026-06-29,17234.04,0,5
R405049,L200914,1,2025-11-30,43612.08,0,3
R405050,L200914,2,2025-12-30,44940.86,0,0
R405051,L200914,3,2026-01-30,42430.6,0,4
R405052,L200914,4,2026-02-28,44966.82,0,3
R405053,L200914,5,2026-03-30,42879.08,0,1
R405054,L200914,6,2026-04-30,40465.39,0,4
R405055,L200914,7,2026-05-30,39239.87,0,6
R405056,L200914,8,2026-06-30,42208.05,0,4
R405057,L200915,1,2026-01-01,42215.14,0,4
R405058,L200915,2,2026-02-01,42283.31,0,3
R405059,L200915,3,2026-03-01,,1,81
R405060,L200915,4,2026-04-01,45162.98,0,5
R405061,L200915,5,2026-05-01,42198.85,0,5
R405062,L200915,6,2026-06-01,45167.71,0,0
R405063,L200915,7,2026-07-01,43224.66,0,1
R405064,L200916,1,2026-01-03,12938.79,0,6
R405065,L200916,2,2026-02-03,12204.88,0,1
R405066,L200916,3,2026-03-03,12225.24,0,2
R405067,L200916,4,2026-04-03,12902.7,0,2
R405068,L200916,5,2026-05-03,12848.36,0,1
R405069,L200916,6,2026-06-03,12032.42,0,5
R405070,L200917,1,2025-09-28,5533.86,0,5
R405071,L200917,2,2025-10-28,5474.91,0,6
R405072,L200917,3,2025-11-28,5058.94,0,2
R405073,L200917,4,2025-12-28,5433.16,0,4
R405074,L200917,5,2026-01-28,5437.26,0,6
R405075,L200917,6,2026-02-28,5362.94,0,6
R405076,L200917,7,2026-03-28,5111.11,0,5
R405077,L200917,8,2026-04-28,,1,66
R405078,L200917,9,2026-05-28,5089.62,0,0
R405079,L200917,10,2026-06-28,5053.34,0,1
R405080,L200918,1,2025-11-13,3741.59,0,6
R405081,L200918,2,2025-12-13,3595.45,0,1
R405082,L200918,3,2026-01-13,3668.89,0,5
R405083,L200918,4,2026-02-13,3349.51,0,1
R405084,L200918,5,2026-03-13,3359.84,0,6
R405085,L200918,6,2026-04-13,3528.56,0,2
R405086,L200918,7,2026-05-13,3533.24,0,3
R405087,L200918,8,2026-06-13,3606.56,0,3
R405088,L200919,1,2026-05-19,11411.63,0,0
R405089,L200919,2,2026-06-19,,1,90
R405090,L200920,1,2025-11-23,3213.25,0,6
R405091,L200920,2,2025-12-23,3212.4,0,2
R405092,L200920,3,2026-01-23,2929.05,0,2
R405093,L200920,4,2026-02-23,3311.48,0,3
R405094,L200920,5,2026-03-23,2913.67,0,1
R405095,L200920,6,2026-04-23,3148.52,0,4
R405096,L200920,7,2026-05-23,3007.94,0,3
R405097,L200920,8,2026-06-23,3069.79,0,3
R405098,L200921,1,2026-05-17,41274.83,0,0
R405099,L200921,2,2026-06-17,45943.41,0,4
R405100,L200922,1,2025-11-08,6116.22,0,6
R405101,L200922,2,2025-12-08,5926.63,0,3
R405102,L200922,3,2026-01-08,6235.46,0,0
R405103,L200922,4,2026-02-08,5987.32,0,0
R405104,L200922,5,2026-03-08,5582.12,0,6
R405105,L200922,6,2026-04-08,6296.93,0,0
R405106,L200922,7,2026-05-08,5519.09,0,6
R405107,L200922,8,2026-06-08,5711.67,0,1
R405108,L200923,1,2026-07-17,22371.38,0,2
R405109,L200924,1,2026-06-30,15123.47,0,4
R405110,L200925,1,2026-06-20,10634.76,0,6
R405111,L200926,1,2026-07-30,367.73,0,3
R405112,L200927,1,2026-01-27,3094.54,0,5
R405113,L200927,2,2026-02-27,,1,66
R405114,L200927,3,2026-03-27,2974.09,0,5
R405115,L200927,4,2026-04-27,3225.01,0,6
R405116,L200927,5,2026-05-27,,1,59
R405117,L200927,6,2026-06-27,3090.59,0,6
R405118,L200928,1,2025-12-15,828.99,0,1
R405119,L200928,2,2026-01-15,,1,41
R405120,L200928,3,2026-02-15,767.06,0,0
R405121,L200928,4,2026-03-15,835.61,0,5
R405122,L200928,5,2026-04-15,774.56,0,2
R405123,L200928,6,2026-05-15,838.47,0,0
R405124,L200928,7,2026-06-15,826.92,0,4
R405125,L200929,1,2025-08-07,1522.43,0,2
R405126,L200929,2,2025-09-07,1521.33,0,1
R405127,L200929,3,2025-10-07,1395.09,0,0
R405128,L200929,4,2025-11-07,1466.44,0,4
R405129,L200929,5,2025-12-07,1493.11,0,5
R405130,L200929,6,2026-01-07,1471.37,0,4
R405131,L200929,7,2026-02-07,,1,68
R405132,L200929,8,2026-03-07,1354.45,0,1
R405133,L200929,9,2026-04-07,,1,62
R405134,L200929,10,2026-05-07,1334.08,0,6
R405135,L200929,11,2026-06-07,1467.79,0,2
R405136,L200930,1,2026-03-11,,1,71
R405137,L200930,2,2026-04-11,1098.16,0,0
R405138,L200930,3,2026-05-11,1156.84,0,1
R405139,L200930,4,2026-06-11,1172.74,0,2
R405140,L200931,1,2025-11-26,1805.73,0,5
R405141,L200931,2,2025-12-26,1829.57,0,1
R405142,L200931,3,2026-01-26,1838.28,0,2
R405143,L200931,4,2026-02-26,1739.77,0,4
R405144,L200931,5,2026-03-26,1742.81,0,4
R405145,L200931,6,2026-04-26,1837.18,0,2
R405146,L200931,7,2026-05-26,,1,90
R405147,L200931,8,2026-06-26,1696.1,0,4
R405148,L200932,1,2025-11-26,23798.99,0,5
R405149,L200932,2,2025-12-26,21698.73,0,6
R405150,L200932,3,2026-01-26,22777.54,0,4
R405151,L200932,4,2026-02-26,23953.16,0,2
R405152,L200932,5,2026-03-26,24889.65,0,5
R405153,L200932,6,2026-04-26,24075.14,0,1
R405154,L200932,7,2026-05-26,24444.92,0,1
R405155,L200932,8,2026-06-26,22557.86,0,6
R405156,L200933,1,2026-07-19,1907.29,0,2
R405157,L200934,1,2025-09-12,2679.11,0,0
R405158,L200934,2,2025-10-12,,1,48
R405159,L200934,3,2025-11-12,2649.38,0,4
R405160,L200934,4,2025-12-12,2584.7,0,0
R405161,L200934,5,2026-01-12,,1,87
R405162,L200934,6,2026-02-12,,1,58
R405163,L200934,7,2026-03-12,,1,42
R405164,L200934,8,2026-04-12,2935.06,0,3
R405165,L200934,9,2026-05-12,2947.29,0,1
R405166,L200934,10,2026-06-12,,1,58
R405167,L200935,1,2026-01-29,34144.93,0,6
R405168,L200935,2,2026-02-28,33402.11,0,2
R405169,L200935,3,2026-03-29,33234.99,0,3
R405170,L200935,4,2026-04-29,32955.25,0,2
R405171,L200935,5,2026-05-29,35074.5,0,5
R405172,L200935,6,2026-06-29,37377.63,0,0
R405173,L200936,1,2025-09-11,30357.98,0,2
R405174,L200936,2,2025-10-11,32537.94,0,2
R405175,L200936,3,2025-11-11,34058.15,0,1
R405176,L200936,4,2025-12-11,32930.36,0,0
R405177,L200936,5,2026-01-11,31080.42,0,3
R405178,L200936,6,2026-02-11,31475.47,0,6
R405179,L200936,7,2026-03-11,29913.08,0,6
R405180,L200936,8,2026-04-11,32274.74,0,4
R405181,L200936,9,2026-05-11,33177.74,0,2
R405182,L200936,10,2026-06-11,30456.77,0,4
R405183,L200937,1,2026-06-15,34842.71,0,6
R405184,L200938,1,2026-02-04,26977.59,0,4
R405185,L200938,2,2026-03-04,27275.86,0,0
R405186,L200938,3,2026-04-04,28892.52,0,3
R405187,L200938,4,2026-05-04,27519.01,0,2
R405188,L200938,5,2026-06-04,28797.55,0,3
R405189,L200939,1,2026-04-21,2295.41,0,5
R405190,L200939,2,2026-05-21,2381.58,0,1
R405191,L200939,3,2026-06-21,2292.78,0,6
R405192,L200940,1,2026-05-29,20561.94,0,2
R405193,L200940,2,2026-06-29,20658.55,0,0
R405194,L200941,1,2026-02-18,14591.75,0,0
R405195,L200941,2,2026-03-18,15001.97,0,3
R405196,L200941,3,2026-04-18,15596.84,0,3
R405197,L200941,4,2026-05-18,16031.6,0,0
R405198,L200941,5,2026-06-18,,1,83
R405199,L200942,1,2026-02-17,5660.85,0,4
R405200,L200942,2,2026-03-17,5303.67,0,6
R405201,L200942,3,2026-04-17,5333.26,0,6
R405202,L200942,4,2026-05-17,5187.8,0,0
R405203,L200942,5,2026-06-17,5089.17,0,1
R405204,L200943,1,2026-01-31,1843.98,0,5
R405205,L200943,2,2026-02-28,1667.85,0,0
R405206,L200943,3,2026-03-31,1797.4,0,1
R405207,L200943,4,2026-04-30,1704.26,0,1
R405208,L200943,5,2026-05-31,1789.36,0,3
R405209,L200943,6,2026-06-30,1811.08,0,4
R405210,L200944,1,2025-11-14,16652.41,0,4
R405211,L200944,2,2025-12-14,16584.47,0,2
R405212,L200944,3,2026-01-14,15831.68,0,0
R405213,L200944,4,2026-02-14,14683.74,0,5
R405214,L200944,5,2026-03-14,16614.26,0,3
R405215,L200944,6,2026-04-14,16378.94,0,0
R405216,L200944,7,2026-05-14,14317.2,0,1
R405217,L200944,8,2026-06-14,15096.2,0,0
R405218,L200945,1,2026-07-28,21623.57,0,5
R405219,L200946,1,2026-07-08,1932.14,0,4
R405220,L200947,1,2026-06-16,2463.13,0,5
R405221,L200948,1,2025-10-07,17432.62,0,6
R405222,L200948,2,2025-11-07,16164.04,0,6
R405223,L200948,3,2025-12-07,18274.13,0,0
R405224,L200948,4,2026-01-07,16209.36,0,6
R405225,L200948,5,2026-02-07,16383.35,0,1
R405226,L200948,6,2026-03-07,16660.45,0,4
R405227,L200948,7,2026-04-07,16395.01,0,6
R405228,L200948,8,2026-05-07,16292.86,0,6
R405229,L200948,9,2026-06-07,18334.9,0,2
R405230,L200949,1,2025-12-23,45532.38,0,5
R405231,L200949,2,2026-01-23,43828.82,0,0
R405232,L200949,3,2026-02-23,44186.79,0,2
R405233,L200949,4,2026-03-23,41600.49,0,6
R405234,L200949,5,2026-04-23,39799.98,0,2
R405235,L200949,6,2026-05-23,45199.93,0,1
R405236,L200949,7,2026-06-23,40751.47,0,1
R405237,L200950,1,2026-06-30,15524.69,0,5
R405238,L200951,1,2026-02-28,4208.11,0,3
R405239,L200951,2,2026-03-29,4029.48,0,4
R405240,L200951,3,2026-04-29,4457.62,0,2
R405241,L200951,4,2026-05-29,4457.29,0,2
R405242,L200951,5,2026-06-29,,1,43
R405243,L200952,1,2026-02-18,45890.38,0,4
R405244,L200952,2,2026-03-18,47146.89,0,6
R405245,L200952,3,2026-04-18,46263.72,0,2
R405246,L200952,4,2026-05-18,,1,50
R405247,L200952,5,2026-06-18,49199.44,0,4
R405248,L200953,1,2026-06-13,882.52,0,0
R405249,L200954,1,2026-02-12,7178.36,0,3
R405250,L200954,2,2026-03-12,7327.55,0,0
R405251,L200954,3,2026-04-12,7160.83,0,0
R405252,L200954,4,2026-05-12,7710.01,0,6
R405253,L200954,5,2026-06-12,7171.12,0,4
R405254,L200955,1,2026-07-01,12814.32,0,4
R405255,L200956,1,2026-06-18,4319.7,0,5
R405256,L200957,1,2025-11-19,15563.61,0,1
R405257,L200957,2,2025-12-19,13932.41,0,1
R405258,L200957,3,2026-01-19,14554.5,0,2
R405259,L200957,4,2026-02-19,14592.41,0,2
R405260,L200957,5,2026-03-19,14189.76,0,0
R405261,L200957,6,2026-04-19,13652.15,0,2
R405262,L200957,7,2026-05-19,15061.11,0,3
R405263,L200957,8,2026-06-19,13530.71,0,1
R405264,L200958,1,2025-10-07,1512.58,0,3
R405265,L200958,2,2025-11-07,1486.68,0,3
R405266,L200958,3,2025-12-07,1494.09,0,1
R405267,L200958,4,2026-01-07,1572.63,0,5
R405268,L200958,5,2026-02-07,1441.94,0,3
R405269,L200958,6,2026-03-07,1598.42,0,2
R405270,L200958,7,2026-04-07,1560.26,0,1
R405271,L200958,8,2026-05-07,1557.85,0,6
R405272,L200958,9,2026-06-07,1568.28,0,1
R405273,L200959,1,2025-10-09,22208.57,0,2
R405274,L200959,2,2025-11-09,24611.13,0,5
R405275,L200959,3,2025-12-09,23504.62,0,0
R405276,L200959,4,2026-01-09,24038.58,0,5
R405277,L200959,5,2026-02-09,23876.24,0,5
R405278,L200959,6,2026-03-09,23971.63,0,0
R405279,L200959,7,2026-04-09,24922.84,0,4
R405280,L200959,8,2026-05-09,23827.82,0,2
R405281,L200959,9,2026-06-09,24947.64,0,6
R405282,L200960,1,2025-08-20,452.02,0,6
R405283,L200960,2,2025-09-20,445.05,0,3
R405284,L200960,3,2025-10-20,,1,48
R405285,L200960,4,2025-11-20,,1,74
R405286,L200960,5,2025-12-20,429.6,0,3
R405287,L200960,6,2026-01-20,,1,69
R405288,L200960,7,2026-02-20,435.1,0,5
R405289,L200960,8,2026-03-20,,1,55
R405290,L200960,9,2026-04-20,408.27,0,4
R405291,L200960,10,2026-05-20,405.44,0,0
R405292,L200960,11,2026-06-20,397.56,0,2
R405293,L200961,1,2025-11-21,5337.41,0,3
R405294,L200961,2,2025-12-21,5094.28,0,6
R405295,L200961,3,2026-01-21,5464.03,0,1
R405296,L200961,4,2026-02-21,5731.66,0,0
R405297,L200961,5,2026-03-21,,1,90
R405298,L200961,6,2026-04-21,5158.92,0,5
R405299,L200961,7,2026-05-21,5805.33,0,5
R405300,L200961,8,2026-06-21,5486.61,0,4
R405301,L200962,1,2025-12-02,268.27,0,5
R405302,L200962,2,2026-01-02,275.55,0,4
R405303,L200962,3,2026-02-02,252.47,0,6
R405304,L200962,4,2026-03-02,257.84,0,5
R405305,L200962,5,2026-04-02,281.37,0,2
R405306,L200962,6,2026-05-02,275.49,0,1
R405307,L200962,7,2026-06-02,256.48,0,3
R405308,L200962,8,2026-07-02,270.11,0,0
R405309,L200963,1,2026-04-23,928.34,0,1
R405310,L200963,2,2026-05-23,830.3,0,4
R405311,L200963,3,2026-06-23,901.62,0,5
R405312,L200964,1,2025-10-16,,1,42
R405313,L200964,2,2025-11-16,,1,45
R405314,L200964,3,2025-12-16,,1,73
R405315,L200964,4,2026-01-16,,1,56
R405316,L200964,5,2026-02-16,15084.97,0,0
R405317,L200964,6,2026-03-16,14180.27,0,5
R405318,L200964,7,2026-04-16,13766.95,0,6
R405319,L200964,8,2026-05-16,,1,52
R405320,L200964,9,2026-06-16,14958.98,0,5
R405321,L200965,1,2025-11-21,23483.2,0,2
R405322,L200965,2,2025-12-21,,1,87
R405323,L200965,3,2026-01-21,25580.76,0,3
R405324,L200965,4,2026-02-21,24472.98,0,0
R405325,L200965,5,2026-03-21,23374.55,0,0
R405326,L200965,6,2026-04-21,23396.66,0,5
R405327,L200965,7,2026-05-21,24837.74,0,1
R405328,L200965,8,2026-06-21,24397.71,0,4
R405329,L200966,1,2026-04-09,,1,50
R405330,L200966,2,2026-05-09,1889.11,0,0
R405331,L200966,3,2026-06-09,1905.39,0,0
R405332,L200967,1,2025-11-17,9609.6,0,1
R405333,L200967,2,2025-12-17,8853.71,0,2
R405334,L200967,3,2026-01-17,9501.47,0,3
R405335,L200967,4,2026-02-17,9115.96,0,3
R405336,L200967,5,2026-03-17,9295.7,0,3
R405337,L200967,6,2026-04-17,9286.35,0,1
R405338,L200967,7,2026-05-17,9006.17,0,6
R405339,L200967,8,2026-06-17,9306.31,0,0
R405340,L200968,1,2025-12-25,893.32,0,6
R405341,L200968,2,2026-01-25,836.96,0,2
R405342,L200968,3,2026-02-25,922.95,0,1
R405343,L200968,4,2026-03-25,842.51,0,5
R405344,L200968,5,2026-04-25,900.46,0,3
R405345,L200968,6,2026-05-25,919.6,0,2
R405346,L200968,7,2026-06-25,,1,45
R405347,L200969,1,2025-10-18,2374.8,0,1
R405348,L200969,2,2025-11-18,2162.48,0,4
R405349,L200969,3,2025-12-18,2209.83,0,5
R405350,L200969,4,2026-01-18,2437.87,0,5
R405351,L200969,5,2026-02-18,,1,40
R405352,L200969,6,2026-03-18,2128.24,0,2
R405353,L200969,7,2026-04-18,,1,44
R405354,L200969,8,2026-05-18,2162.96,0,6
R405355,L200969,9,2026-06-18,,1,31
R405356,L200970,1,2026-01-31,2829.06,0,0
R405357,L200970,2,2026-02-28,2846.11,0,1
R405358,L200970,3,2026-03-31,2548.64,0,6
R405359,L200970,4,2026-04-30,2664.49,0,6
R405360,L200970,5,2026-05-31,2518.51,0,2
R405361,L200970,6,2026-06-30,2623.77,0,6
R405362,L200971,1,2026-04-01,2304.03,0,0
R405363,L200971,2,2026-05-01,,1,71
R405364,L200971,3,2026-06-01,2500.21,0,0
R405365,L200971,4,2026-07-01,2443.93,0,5
R405366,L200972,1,2025-09-05,1324.0,0,4
R405367,L200972,2,2025-10-05,1301.98,0,4
R405368,L200972,3,2025-11-05,1284.66,0,1
R405369,L200972,4,2025-12-05,1247.66,0,3
R405370,L200972,5,2026-01-05,1366.51,0,1
R405371,L200972,6,2026-02-05,1342.59,0,3
R405372,L200972,7,2026-03-05,1339.18,0,6
R405373,L200972,8,2026-04-05,1263.22,0,6
R405374,L200972,9,2026-05-05,1272.48,0,0
R405375,L200972,10,2026-06-05,1350.3,0,6
R405376,L200973,1,2026-01-14,4233.17,0,1
R405377,L200973,2,2026-02-14,4205.18,0,4
R405378,L200973,3,2026-03-14,4401.03,0,3
R405379,L200973,4,2026-04-14,4361.91,0,3
R405380,L200973,5,2026-05-14,3947.33,0,0
R405381,L200973,6,2026-06-14,4512.76,0,5
R405382,L200974,1,2025-09-15,5453.33,0,1
R405383,L200974,2,2025-10-15,5255.57,0,3
R405384,L200974,3,2025-11-15,4954.2,0,1
R405385,L200974,4,2025-12-15,5136.69,0,6
R405386,L200974,5,2026-01-15,4945.34,0,3
R405387,L200974,6,2026-02-15,5670.71,0,5
R405388,L200974,7,2026-03-15,5311.97,0,5
R405389,L200974,8,2026-04-15,5016.25,0,4
R405390,L200974,9,2026-05-15,5349.95,0,6
R405391,L200974,10,2026-06-15,,1,74
R405392,L200975,1,2025-08-27,8345.95,0,3
R405393,L200975,2,2025-09-27,8646.22,0,5
R405394,L200975,3,2025-10-27,8741.09,0,0
R405395,L200975,4,2025-11-27,8113.55,0,0
R405396,L200975,5,2025-12-27,7615.95,0,4
R405397,L200975,6,2026-01-27,7740.44,0,5
R405398,L200975,7,2026-02-27,7728.71,0,6
R405399,L200975,8,2026-03-27,8131.91,0,3
R405400,L200975,9,2026-04-27,8536.8,0,1
R405401,L200975,10,2026-05-27,7607.66,0,2
R405402,L200975,11,2026-06-27,,1,46
R405403,L200976,1,2026-02-24,3834.17,0,5
R405404,L200976,2,2026-03-24,4271.84,0,0
R405405,L200976,3,2026-04-24,4106.65,0,3
R405406,L200976,4,2026-05-24,3845.27,0,6
R405407,L200976,5,2026-06-24,4358.84,0,6
R405408,L200977,1,2026-04-04,,1,53
R405409,L200977,2,2026-05-04,169646.88,0,3
R405410,L200977,3,2026-06-04,166531.82,0,1
R405411,L200978,1,2026-02-08,,1,71
R405412,L200978,2,2026-03-08,7321.86,0,4
R405413,L200978,3,2026-04-08,7689.74,0,5
R405414,L200978,4,2026-05-08,8433.98,0,5
R405415,L200978,5,2026-06-08,7708.88,0,2
R405416,L200979,1,2026-05-20,1806.18,0,6
R405417,L200979,2,2026-06-20,1796.52,0,3
R405418,L200980,1,2025-10-26,16056.67,0,2
R405419,L200980,2,2025-11-26,14667.68,0,4
R405420,L200980,3,2025-12-26,16154.38,0,6
R405421,L200980,4,2026-01-26,15907.31,0,0
R405422,L200980,5,2026-02-26,14479.24,0,1
R405423,L200980,6,2026-03-26,14537.96,0,3
R405424,L200980,7,2026-04-26,14793.79,0,2
R405425,L200980,8,2026-05-26,15094.25,0,3
R405426,L200980,9,2026-06-26,14016.26,0,6
R405427,L200981,1,2026-06-29,32457.37,0,0
R405428,L200982,1,2026-01-06,713.55,0,6
R405429,L200982,2,2026-02-06,,1,99
R405430,L200982,3,2026-03-06,763.43,0,2
R405431,L200982,4,2026-04-06,772.12,0,1
R405432,L200982,5,2026-05-06,,1,30
R405433,L200982,6,2026-06-06,,1,99
R405434,L200983,1,2025-12-04,606.28,0,3
R405435,L200983,2,2026-01-04,560.54,0,6
R405436,L200983,3,2026-02-04,579.88,0,3
R405437,L200983,4,2026-03-04,616.29,0,5
R405438,L200983,5,2026-04-04,611.43,0,5
R405439,L200983,6,2026-05-04,589.12,0,6
R405440,L200983,7,2026-06-04,619.66,0,0
R405441,L200984,1,2026-04-08,8202.53,0,3
R405442,L200984,2,2026-05-08,8805.14,0,1
R405443,L200984,3,2026-06-08,8869.14,0,3
R405444,L200985,1,2026-02-08,11614.11,0,4
R405445,L200985,2,2026-03-08,11611.66,0,3
R405446,L200985,3,2026-04-08,11646.88,0,4
R405447,L200985,4,2026-05-08,,1,88
R405448,L200985,5,2026-06-08,11663.65,0,2
R405449,L200986,1,2025-08-17,2330.62,0,6
R405450,L200986,2,2025-09-17,2262.92,0,6
R405451,L200986,3,2025-10-17,2309.7,0,5
R405452,L200986,4,2025-11-17,2325.56,0,3
R405453,L200986,5,2025-12-17,2240.35,0,1
R405454,L200986,6,2026-01-17,2171.43,0,3
R405455,L200986,7,2026-02-17,2290.47,0,2
R405456,L200986,8,2026-03-17,2040.94,0,3
R405457,L200986,9,2026-04-17,,1,80
R405458,L200986,10,2026-05-17,2120.99,0,5
R405459,L200986,11,2026-06-17,2104.06,0,1
R405460,L200987,1,2026-05-29,3658.41,0,2
R405461,L200987,2,2026-06-29,3782.27,0,6
R405462,L200988,1,2026-05-13,2139.2,0,2
R405463,L200988,2,2026-06-13,2273.27,0,4
R405464,L200989,1,2026-04-11,895.64,0,0
R405465,L200989,2,2026-05-11,887.97,0,1
R405466,L200989,3,2026-06-11,890.17,0,3
R405467,L200990,1,2025-10-06,5748.91,0,3
R405468,L200990,2,2025-11-06,5789.91,0,3
R405469,L200990,3,2025-12-06,5568.77,0,5
R405470,L200990,4,2026-01-06,5809.47,0,5
R405471,L200990,5,2026-02-06,6143.71,0,5
R405472,L200990,6,2026-03-06,6279.35,0,1
R405473,L200990,7,2026-04-06,5849.72,0,6
R405474,L200990,8,2026-05-06,5745.14,0,0
R405475,L200990,9,2026-06-06,5700.74,0,3
R405476,L200991,1,2026-07-22,584.95,0,5
R405477,L200992,1,2025-10-05,2471.86,0,4
R405478,L200992,2,2025-11-05,2489.46,0,6
R405479,L200992,3,2025-12-05,2321.68,0,0
R405480,L200992,4,2026-01-05,,1,39
R405481,L200992,5,2026-02-05,,1,87
R405482,L200992,6,2026-03-05,2219.37,0,4
R405483,L200992,7,2026-04-05,2435.05,0,0
R405484,L200992,8,2026-05-05,2346.36,0,3
R405485,L200992,9,2026-06-05,2273.46,0,6
R405486,L200993,1,2026-07-06,6313.98,0,2
R405487,L200994,1,2026-07-01,5592.23,0,2
R405488,L200995,1,2026-01-09,2143.02,0,6
R405489,L200995,2,2026-02-09,2038.77,0,5
R405490,L200995,3,2026-03-09,2148.88,0,3
R405491,L200995,4,2026-04-09,1954.39,0,0
R405492,L200995,5,2026-05-09,2167.34,0,1
R405493,L200995,6,2026-06-09,2073.05,0,3
R405494,L200996,1,2025-09-18,5411.13,0,5
R405495,L200996,2,2025-10-18,6079.97,0,5
R405496,L200996,3,2025-11-18,5398.7,0,2
R405497,L200996,4,2025-12-18,5404.08,0,1
R405498,L200996,5,2026-01-18,5822.55,0,3
R405499,L200996,6,2026-02-18,5790.95,0,0
R405500,L200996,7,2026-03-18,5934.59,0,6
R405501,L200996,8,2026-04-18,5531.3,0,3
R405502,L200996,9,2026-05-18,6047.2,0,4
R405503,L200996,10,2026-06-18,5929.89,0,0
R405504,L200997,1,2026-04-29,394.6,0,6
R405505,L200997,2,2026-05-29,404.59,0,1
R405506,L200997,3,2026-06-29,381.25,0,6
R405507,L200998,1,2026-04-26,1042.58,0,4
R405508,L200998,2,2026-05-26,,1,64
R405509,L200998,3,2026-06-26,1093.64,0,6
R405510,L200999,1,2025-11-27,5339.84,0,1
R405511,L200999,2,2025-12-27,5553.29,0,4
R405512,L200999,3,2026-01-27,5323.27,0,3
R405513,L200999,4,2026-02-27,5813.41,0,1
R405514,L200999,5,2026-03-27,5062.96,0,3
R405515,L200999,6,2026-04-27,5756.21,0,1
R405516,L200999,7,2026-05-27,5166.47,0,5
R405517,L200999,8,2026-06-27,,1,92
R405518,L201000,1,2026-03-23,1237.38,0,5
R405519,L201000,2,2026-04-23,,1,69
R405520,L201000,3,2026-05-23,,1,44
R405521,L201000,4,2026-06-23,1348.81,0,2
R405522,L201001,1,2025-09-30,1304.73,0,4
R405523,L201001,2,2025-10-31,1259.73,0,5
R405524,L201001,3,2025-11-30,1303.28,0,2
R405525,L201001,4,2025-12-31,1280.46,0,5
R405526,L201001,5,2026-01-31,1316.54,0,4
R405527,L201001,6,2026-02-28,,1,53
R405528,L201001,7,2026-03-31,,1,92
R405529,L201001,8,2026-04-30,1251.51,0,5
R405530,L201001,9,2026-05-31,1278.99,0,3
R405531,L201001,10,2026-06-30,1368.47,0,5
R405532,L201002,1,2025-08-13,1155.79,0,0
R405533,L201002,2,2025-09-13,1162.49,0,3
R405534,L201002,3,2025-10-13,1131.04,0,0
R405535,L201002,4,2025-11-13,1135.18,0,3
R405536,L201002,5,2025-12-13,1163.95,0,5
R405537,L201002,6,2026-01-13,1101.06,0,0
R405538,L201002,7,2026-02-13,1084.98,0,2
R405539,L201002,8,2026-03-13,1051.64,0,1
R405540,L201002,9,2026-04-13,1048.41,0,3
R405541,L201002,10,2026-05-13,1096.85,0,6
R405542,L201002,11,2026-06-13,1078.83,0,3
R405543,L201003,1,2026-07-19,3219.95,0,0
R405544,L201004,1,2025-11-16,21277.99,0,2
R405545,L201004,2,2025-12-16,20893.42,0,5
R405546,L201004,3,2026-01-16,22869.0,0,0
R405547,L201004,4,2026-02-16,21265.91,0,5
R405548,L201004,5,2026-03-16,,1,64
R405549,L201004,6,2026-04-16,,1,86
R405550,L201004,7,2026-05-16,,1,74
R405551,L201004,8,2026-06-16,,1,88
R405552,L201005,1,2026-07-12,2130.09,0,3
R405553,L201006,1,2026-03-06,1602.88,0,4
R405554,L201006,2,2026-04-06,1550.99,0,1
R405555,L201006,3,2026-05-06,1522.89,0,5
R405556,L201006,4,2026-06-06,1645.54,0,1
R405557,L201007,1,2025-09-03,,1,59
R405558,L201007,2,2025-10-03,,1,32
R405559,L201007,3,2025-11-03,7111.44,0,5
R405560,L201007,4,2025-12-03,6702.88,0,2
R405561,L201007,5,2026-01-03,6503.61,0,0
R405562,L201007,6,2026-02-03,6456.61,0,5
R405563,L201007,7,2026-03-03,6944.0,0,4
R405564,L201007,8,2026-04-03,6822.04,0,5
R405565,L201007,9,2026-05-03,6751.58,0,6
R405566,L201007,10,2026-06-03,7216.98,0,4
R405567,L201007,11,2026-07-03,7135.81,0,5
R405568,L201008,1,2025-12-24,530.37,0,0
R405569,L201008,2,2026-01-24,526.85,0,5
R405570,L201008,3,2026-02-24,468.17,0,3
R405571,L201008,4,2026-03-24,496.33,0,2
R405572,L201008,5,2026-04-24,503.18,0,1
R405573,L201008,6,2026-05-24,499.65,0,2
R405574,L201008,7,2026-06-24,481.75,0,6
R405575,L201009,1,2025-11-26,1374.25,0,2
R405576,L201009,2,2025-12-26,1383.75,0,1
R405577,L201009,3,2026-01-26,1328.96,0,1
R405578,L201009,4,2026-02-26,1363.47,0,0
R405579,L201009,5,2026-03-26,1316.01,0,1
R405580,L201009,6,2026-04-26,1281.93,0,1
R405581,L201009,7,2026-05-26,1260.19,0,6
R405582,L201009,8,2026-06-26,1398.2,0,5
R405583,L201010,1,2025-12-02,1653.94,0,3
R405584,L201010,2,2026-01-02,1613.88,0,5
R405585,L201010,3,2026-02-02,1508.08,0,5
R405586,L201010,4,2026-03-02,1571.52,0,3
R405587,L201010,5,2026-04-02,1671.31,0,4
R405588,L201010,6,2026-05-02,1577.37,0,0
R405589,L201010,7,2026-06-02,1647.85,0,4
R405590,L201010,8,2026-07-02,1731.02,0,1
R405591,L201011,1,2026-03-07,8674.05,0,3
R405592,L201011,2,2026-04-07,8373.37,0,5
R405593,L201011,3,2026-05-07,9261.7,0,1
R405594,L201011,4,2026-06-07,8431.28,0,5
R405595,L201012,1,2026-04-22,,1,50
R405596,L201012,2,2026-05-22,7605.62,0,1
R405597,L201012,3,2026-06-22,7737.41,0,4
R405598,L201013,1,2026-02-01,520.11,0,2
R405599,L201013,2,2026-03-01,531.26,0,5
R405600,L201013,3,2026-04-01,559.68,0,2
R405601,L201013,4,2026-05-01,,1,35
R405602,L201013,5,2026-06-01,558.24,0,6
R405603,L201013,6,2026-07-01,541.72,0,1
R405604,L201014,1,2026-03-27,8901.53,0,0
R405605,L201014,2,2026-04-27,8778.67,0,2
R405606,L201014,3,2026-05-27,8390.56,0,4
R405607,L201014,4,2026-06-27,9291.6,0,3
R405608,L201015,1,2026-02-23,2229.62,0,6
R405609,L201015,2,2026-03-23,2016.61,0,2
R405610,L201015,3,2026-04-23,2204.75,0,6
R405611,L201015,4,2026-05-23,,1,99
R405612,L201015,5,2026-06-23,1961.04,0,1
R405613,L201016,1,2026-04-19,4908.61,0,3
R405614,L201016,2,2026-05-19,4910.69,0,2
R405615,L201016,3,2026-06-19,4952.78,0,4
R405616,L201017,1,2026-07-02,1632.08,0,6
R405617,L201018,1,2025-10-04,9552.81,0,6
R405618,L201018,2,2025-11-04,9039.72,0,6
R405619,L201018,3,2025-12-04,8459.94,0,0
R405620,L201018,4,2026-01-04,8895.7,0,5
R405621,L201018,5,2026-02-04,9108.85,0,4
R405622,L201018,6,2026-03-04,8747.69,0,6
R405623,L201018,7,2026-04-04,8302.94,0,0
R405624,L201018,8,2026-05-04,8260.41,0,1
R405625,L201018,9,2026-06-04,9512.05,0,2
R405626,L201019,1,2026-05-04,,1,34
R405627,L201019,2,2026-06-04,1830.19,0,5
R405628,L201020,1,2025-11-23,1063.47,0,4
R405629,L201020,2,2025-12-23,1130.86,0,0
R405630,L201020,3,2026-01-23,1103.24,0,6
R405631,L201020,4,2026-02-23,1185.98,0,6
R405632,L201020,5,2026-03-23,1066.09,0,3
R405633,L201020,6,2026-04-23,1195.48,0,5
R405634,L201020,7,2026-05-23,1066.07,0,5
R405635,L201020,8,2026-06-23,1184.31,0,6
R405636,L201021,1,2026-02-16,12907.98,0,3
R405637,L201021,2,2026-03-16,11583.39,0,0
R405638,L201021,3,2026-04-16,11360.42,0,1
R405639,L201021,4,2026-05-16,12958.83,0,5
R405640,L201021,5,2026-06-16,12311.36,0,1
R405641,L201022,1,2026-04-11,6284.99,0,0
R405642,L201022,2,2026-05-11,5825.81,0,3
R405643,L201022,3,2026-06-11,6259.84,0,0
R405644,L201023,1,2025-12-10,4192.85,0,2
R405645,L201023,2,2026-01-10,4540.76,0,5
R405646,L201023,3,2026-02-10,4313.62,0,3
R405647,L201023,4,2026-03-10,4604.47,0,3
R405648,L201023,5,2026-04-10,4332.22,0,3
R405649,L201023,6,2026-05-10,4728.52,0,5
R405650,L201023,7,2026-06-10,4527.48,0,0
R405651,L201024,1,2025-11-13,590.01,0,1
R405652,L201024,2,2025-12-13,589.42,0,6
R405653,L201024,3,2026-01-13,651.16,0,0
R405654,L201024,4,2026-02-13,613.52,0,4
R405655,L201024,5,2026-03-13,615.85,0,6
R405656,L201024,6,2026-04-13,577.27,0,0
R405657,L201024,7,2026-05-13,598.53,0,4
R405658,L201024,8,2026-06-13,653.69,0,1
R405659,L201025,1,2026-04-13,26015.56,0,0
R405660,L201025,2,2026-05-13,22874.44,0,6
R405661,L201025,3,2026-06-13,25019.99,0,2
R405662,L201026,1,2025-09-16,30195.45,0,4
R405663,L201026,2,2025-10-16,28041.39,0,4
R405664,L201026,3,2025-11-16,30761.33,0,0
R405665,L201026,4,2025-12-16,29355.91,0,3
R405666,L201026,5,2026-01-16,,1,80
R405667,L201026,6,2026-02-16,29718.93,0,4
R405668,L201026,7,2026-03-16,27632.95,0,2
R405669,L201026,8,2026-04-16,27705.93,0,3
R405670,L201026,9,2026-05-16,27535.89,0,3
R405671,L201026,10,2026-06-16,31136.37,0,3
R405672,L201027,1,2025-12-02,35437.72,0,3
R405673,L201027,2,2026-01-02,32343.47,0,2
R405674,L201027,3,2026-02-02,33738.36,0,0
R405675,L201027,4,2026-03-02,,1,54
R405676,L201027,5,2026-04-02,34946.66,0,0
R405677,L201027,6,2026-05-02,35384.78,0,3
R405678,L201027,7,2026-06-02,33188.95,0,2
R405679,L201027,8,2026-07-02,32384.54,0,3
R405680,L201028,1,2025-09-09,39487.73,0,6
R405681,L201028,2,2025-10-09,39541.98,0,4
R405682,L201028,3,2025-11-09,39988.33,0,2
R405683,L201028,4,2025-12-09,37302.45,0,4
R405684,L201028,5,2026-01-09,35511.16,0,6
R405685,L201028,6,2026-02-09,36099.92,0,6
R405686,L201028,7,2026-03-09,38179.85,0,5
R405687,L201028,8,2026-04-09,37485.34,0,6
R405688,L201028,9,2026-05-09,37517.83,0,2
R405689,L201028,10,2026-06-09,36473.1,0,5
R405690,L201029,1,2026-05-08,1258.76,0,1
R405691,L201029,2,2026-06-08,,1,81
R405692,L201030,1,2026-02-07,,1,87
R405693,L201030,2,2026-03-07,417.92,0,2
R405694,L201030,3,2026-04-07,417.54,0,4
R405695,L201030,4,2026-05-07,383.48,0,2
R405696,L201030,5,2026-06-07,416.61,0,5
R405697,L201031,1,2025-12-20,3030.33,0,2
R405698,L201031,2,2026-01-20,3109.38,0,4
R405699,L201031,3,2026-02-20,3027.48,0,1
R405700,L201031,4,2026-03-20,3172.88,0,5
R405701,L201031,5,2026-04-20,3175.65,0,5
R405702,L201031,6,2026-05-20,2955.19,0,4
R405703,L201031,7,2026-06-20,2985.36,0,4
R405704,L201032,1,2025-12-08,7125.98,0,5
R405705,L201032,2,2026-01-08,6864.14,0,2
R405706,L201032,3,2026-02-08,6321.71,0,4
R405707,L201032,4,2026-03-08,6888.91,0,0
R405708,L201032,5,2026-04-08,6252.2,0,1
R405709,L201032,6,2026-05-08,6806.04,0,3
R405710,L201032,7,2026-06-08,,1,83
R405711,L201033,1,2026-03-16,1668.97,0,6
R405712,L201033,2,2026-04-16,,1,53
R405713,L201033,3,2026-05-16,1656.34,0,1
R405714,L201033,4,2026-06-16,1644.62,0,1
R405715,L201034,1,2026-07-18,2456.93,0,2
R405716,L201035,1,2025-12-28,13171.78,0,3
R405717,L201035,2,2026-01-28,13738.92,0,4
R405718,L201035,3,2026-02-28,13761.87,0,2
R405719,L201035,4,2026-03-28,12585.02,0,6
R405720,L201035,5,2026-04-28,12997.44,0,6
R405721,L201035,6,2026-05-28,14337.19,0,4
R405722,L201035,7,2026-06-28,13425.58,0,6
R405723,L201036,1,2025-09-15,5446.2,0,0
R405724,L201036,2,2025-10-15,5654.54,0,1
R405725,L201036,3,2025-11-15,,1,46
R405726,L201036,4,2025-12-15,5594.47,0,6
R405727,L201036,5,2026-01-15,5182.1,0,0
R405728,L201036,6,2026-02-15,5178.83,0,6
R405729,L201036,7,2026-03-15,5761.04,0,1
R405730,L201036,8,2026-04-15,5677.54,0,4
R405731,L201036,9,2026-05-15,5926.58,0,1
R405732,L201036,10,2026-06-15,5185.45,0,6
R405733,L201037,1,2025-10-21,22721.92,0,2
R405734,L201037,2,2025-11-21,25465.31,0,1
R405735,L201037,3,2025-12-21,22470.69,0,6
R405736,L201037,4,2026-01-21,24289.49,0,1
R405737,L201037,5,2026-02-21,24747.16,0,2
R405738,L201037,6,2026-03-21,25166.75,0,1
R405739,L201037,7,2026-04-21,23974.95,0,6
R405740,L201037,8,2026-05-21,24713.15,0,4
R405741,L201037,9,2026-06-21,24822.2,0,5
R405742,L201038,1,2026-02-04,1072.7,0,5
R405743,L201038,2,2026-03-04,1000.15,0,2
R405744,L201038,3,2026-04-04,1125.2,0,2
R405745,L201038,4,2026-05-04,1069.68,0,3
R405746,L201038,5,2026-06-04,1089.34,0,3
R405747,L201039,1,2026-07-06,3991.49,0,1
R405748,L201040,1,2026-04-04,11155.27,0,1
R405749,L201040,2,2026-05-04,12228.73,0,2
R405750,L201040,3,2026-06-04,11515.12,0,6
R405751,L201041,1,2026-06-16,6966.38,0,4
R405752,L201042,1,2026-01-01,2275.42,0,1
R405753,L201042,2,2026-02-01,2118.98,0,4
R405754,L201042,3,2026-03-01,2225.3,0,5
R405755,L201042,4,2026-04-01,2068.16,0,0
R405756,L201042,5,2026-05-01,2232.86,0,5
R405757,L201042,6,2026-06-01,2353.18,0,1
R405758,L201042,7,2026-07-01,,1,80
R405759,L201043,1,2026-05-05,6489.6,0,6
R405760,L201043,2,2026-06-05,6817.78,0,0
R405761,L201044,1,2026-07-12,2935.0,0,1
R405762,L201045,1,2025-09-12,702.53,0,6
R405763,L201045,2,2025-10-12,,1,39
R405764,L201045,3,2025-11-12,654.58,0,2
R405765,L201045,4,2025-12-12,636.86,0,3
R405766,L201045,5,2026-01-12,677.03,0,2
R405767,L201045,6,2026-02-12,691.85,0,1
R405768,L201045,7,2026-03-12,615.44,0,1
R405769,L201045,8,2026-04-12,667.86,0,6
R405770,L201045,9,2026-05-12,646.49,0,3
R405771,L201045,10,2026-06-12,672.26,0,3
R405772,L201046,1,2025-09-30,11863.71,0,4
R405773,L201046,2,2025-10-31,11419.09,0,1
R405774,L201046,3,2025-11-30,11539.66,0,1
R405775,L201046,4,2025-12-31,12909.26,0,0
R405776,L201046,5,2026-01-31,11460.09,0,4
R405777,L201046,6,2026-02-28,11623.48,0,4
R405778,L201046,7,2026-03-31,11909.47,0,5
R405779,L201046,8,2026-04-30,11681.66,0,5
R405780,L201046,9,2026-05-31,11603.35,0,4
R405781,L201046,10,2026-06-30,12533.13,0,0
R405782,L201047,1,2026-01-19,10431.74,0,4
R405783,L201047,2,2026-02-19,11692.16,0,4
R405784,L201047,3,2026-03-19,11922.87,0,2
R405785,L201047,4,2026-04-19,11931.81,0,0
R405786,L201047,5,2026-05-19,10761.84,0,2
R405787,L201047,6,2026-06-19,10840.35,0,1
R405788,L201048,1,2026-02-19,1753.11,0,0
R405789,L201048,2,2026-03-19,1819.87,0,0
R405790,L201048,3,2026-04-19,,1,96
R405791,L201048,4,2026-05-19,1762.44,0,0
R405792,L201048,5,2026-06-19,1767.97,0,6
R405793,L201049,1,2025-09-11,2943.96,0,1
R405794,L201049,2,2025-10-11,3022.38,0,3
R405795,L201049,3,2025-11-11,,1,50
R405796,L201049,4,2025-12-11,2720.75,0,5
R405797,L201049,5,2026-01-11,2792.93,0,1
R405798,L201049,6,2026-02-11,2995.97,0,0
R405799,L201049,7,2026-03-11,2747.72,0,1
R405800,L201049,8,2026-04-11,2786.99,0,3
R405801,L201049,9,2026-05-11,2704.94,0,6
R405802,L201049,10,2026-06-11,3003.62,0,0
R405803,L201050,1,2026-05-25,7760.12,0,2
R405804,L201050,2,2026-06-25,7552.43,0,3
R405805,L201051,1,2025-08-07,,1,55
R405806,L201051,2,2025-09-07,2829.69,0,2
R405807,L201051,3,2025-10-07,3007.48,0,1
R405808,L201051,4,2025-11-07,2676.3,0,0
R405809,L201051,5,2025-12-07,,1,41
R405810,L201051,6,2026-01-07,,1,58
R405811,L201051,7,2026-02-07,2666.26,0,4
R405812,L201051,8,2026-03-07,3069.73,0,4
R405813,L201051,9,2026-04-07,,1,49
R405814,L201051,10,2026-05-07,2729.68,0,6
R405815,L201051,11,2026-06-07,3034.76,0,2
R405816,L201052,1,2026-01-07,5017.72,0,2
R405817,L201052,2,2026-02-07,5424.15,0,5
R405818,L201052,3,2026-03-07,4956.71,0,5
R405819,L201052,4,2026-04-07,4848.24,0,6
R405820,L201052,5,2026-05-07,5159.98,0,2
R405821,L201052,6,2026-06-07,4683.65,0,6
R405822,L201053,1,2025-09-03,,1,95
R405823,L201053,2,2025-10-03,2211.96,0,4
R405824,L201053,3,2025-11-03,2075.65,0,4
R405825,L201053,4,2025-12-03,,1,85
R405826,L201053,5,2026-01-03,2097.72,0,6
R405827,L201053,6,2026-02-03,2308.37,0,3
R405828,L201053,7,2026-03-03,,1,44
R405829,L201053,8,2026-04-03,,1,79
R405830,L201053,9,2026-05-03,2088.03,0,2
R405831,L201053,10,2026-06-03,2255.42,0,6
R405832,L201053,11,2026-07-03,2215.22,0,5
R405833,L201054,1,2026-05-23,4018.2,0,5
R405834,L201054,2,2026-06-23,3795.68,0,2
R405835,L201055,1,2026-01-12,4032.74,0,1
R405836,L201055,2,2026-02-12,3745.56,0,1
R405837,L201055,3,2026-03-12,3723.93,0,3
R405838,L201055,4,2026-04-12,3531.12,0,6
R405839,L201055,5,2026-05-12,3709.69,0,6
R405840,L201055,6,2026-06-12,3801.28,0,3
R405841,L201056,1,2026-06-23,923.91,0,4
R405842,L201057,1,2025-10-16,2242.6,0,3
R405843,L201057,2,2025-11-16,2067.75,0,3
R405844,L201057,3,2025-12-16,2305.09,0,0
R405845,L201057,4,2026-01-16,2064.24,0,3
R405846,L201057,5,2026-02-16,2108.82,0,1
R405847,L201057,6,2026-03-16,2350.77,0,0
R405848,L201057,7,2026-04-16,2163.64,0,1
R405849,L201057,8,2026-05-16,2204.89,0,4
R405850,L201057,9,2026-06-16,2228.07,0,6
R405851,L201058,1,2026-02-27,,1,36
R405852,L201058,2,2026-03-27,4026.34,0,3
R405853,L201058,3,2026-04-27,4204.13,0,0
R405854,L201058,4,2026-05-27,,1,78
R405855,L201058,5,2026-06-27,4042.35,0,3
R405856,L201059,1,2025-12-08,25059.65,0,2
R405857,L201059,2,2026-01-08,25322.22,0,1
R405858,L201059,3,2026-02-08,25051.98,0,6
R405859,L201059,4,2026-03-08,,1,72
R405860,L201059,5,2026-04-08,25435.77,0,3
R405861,L201059,6,2026-05-08,,1,47
R405862,L201059,7,2026-06-08,26386.17,0,0
R405863,L201060,1,2026-03-03,5244.17,0,1
R405864,L201060,2,2026-04-03,5258.34,0,0
R405865,L201060,3,2026-05-03,5520.38,0,4
R405866,L201060,4,2026-06-03,5219.86,0,4
R405867,L201061,1,2026-03-07,1279.57,0,2
R405868,L201061,2,2026-04-07,1308.99,0,4
R405869,L201061,3,2026-05-07,1435.68,0,6
R405870,L201061,4,2026-06-07,1316.25,0,5
R405871,L201062,1,2025-09-24,22026.34,0,6
R405872,L201062,2,2025-10-24,19606.65,0,1
R405873,L201062,3,2025-11-24,19368.99,0,4
R405874,L201062,4,2025-12-24,22233.12,0,5
R405875,L201062,5,2026-01-24,19568.91,0,1
R405876,L201062,6,2026-02-24,20862.66,0,6
R405877,L201062,7,2026-03-24,22288.21,0,1
R405878,L201062,8,2026-04-24,21788.01,0,1
R405879,L201062,9,2026-05-24,21199.26,0,1
R405880,L201062,10,2026-06-24,20600.92,0,4
R405881,L201063,1,2026-01-28,4412.71,0,4
R405882,L201063,2,2026-02-28,4400.85,0,6
R405883,L201063,3,2026-03-28,4621.93,0,4
R405884,L201063,4,2026-04-28,4739.5,0,6
R405885,L201063,5,2026-05-28,4410.35,0,0
R405886,L201063,6,2026-06-28,4775.92,0,4
R405887,L201064,1,2026-06-20,3394.95,0,6
R405888,L201065,1,2025-10-23,,1,70
R405889,L201065,2,2025-11-23,39615.5,0,2
R405890,L201065,3,2025-12-23,38766.77,0,6
R405891,L201065,4,2026-01-23,41523.23,0,3
R405892,L201065,5,2026-02-23,39731.11,0,2
R405893,L201065,6,2026-03-23,42789.31,0,2
R405894,L201065,7,2026-04-23,39561.17,0,1
R405895,L201065,8,2026-05-23,41765.38,0,3
R405896,L201065,9,2026-06-23,44240.87,0,6
R405897,L201066,1,2026-02-22,17749.71,0,0
R405898,L201066,2,2026-03-22,18414.01,0,6
R405899,L201066,3,2026-04-22,,1,91
R405900,L201066,4,2026-05-22,17413.56,0,2
R405901,L201066,5,2026-06-22,17774.14,0,1
R405902,L201067,1,2025-10-21,1586.27,0,3
R405903,L201067,2,2025-11-21,1563.46,0,1
R405904,L201067,3,2025-12-21,1385.83,0,0
R405905,L201067,4,2026-01-21,1561.79,0,5
R405906,L201067,5,2026-02-21,1456.02,0,4
R405907,L201067,6,2026-03-21,1481.42,0,0
R405908,L201067,7,2026-04-21,1465.84,0,5
R405909,L201067,8,2026-05-21,1447.77,0,1
R405910,L201067,9,2026-06-21,1385.04,0,5
R405911,L201068,1,2025-10-03,11641.25,0,1
R405912,L201068,2,2025-11-03,12025.52,0,2
R405913,L201068,3,2025-12-03,10883.25,0,3
R405914,L201068,4,2026-01-03,12241.55,0,6
R405915,L201068,5,2026-02-03,12143.4,0,0
R405916,L201068,6,2026-03-03,,1,70
R405917,L201068,7,2026-04-03,10713.91,0,2
R405918,L201068,8,2026-05-03,11885.89,0,6
R405919,L201068,9,2026-06-03,11330.78,0,3
R405920,L201068,10,2026-07-03,11217.66,0,6
R405921,L201069,1,2026-02-11,10819.85,0,1
R405922,L201069,2,2026-03-11,,1,69
R405923,L201069,3,2026-04-11,10722.94,0,5
R405924,L201069,4,2026-05-11,9887.14,0,0
R405925,L201069,5,2026-06-11,10579.32,0,3
R405926,L201070,1,2025-12-07,6386.56,0,1
R405927,L201070,2,2026-01-07,6976.28,0,5
R405928,L201070,3,2026-02-07,6836.48,0,2
R405929,L201070,4,2026-03-07,6971.24,0,3
R405930,L201070,5,2026-04-07,6610.16,0,1
R405931,L201070,6,2026-05-07,6526.39,0,5
R405932,L201070,7,2026-06-07,6512.18,0,1
R405933,L201071,1,2026-07-22,538.45,0,2
R405934,L201072,1,2026-01-29,36901.79,0,2
R405935,L201072,2,2026-02-28,35836.89,0,2
R405936,L201072,3,2026-03-29,35274.92,0,2
R405937,L201072,4,2026-04-29,40269.48,0,2
R405938,L201072,5,2026-05-29,,1,31
R405939,L201072,6,2026-06-29,,1,59
R405940,L201073,1,2026-06-27,2144.51,0,0
R405941,L201074,1,2025-10-09,5865.16,0,5
R405942,L201074,2,2025-11-09,5673.36,0,6
R405943,L201074,3,2025-12-09,5905.15,0,0
R405944,L201074,4,2026-01-09,5609.95,0,5
R405945,L201074,5,2026-02-09,6056.26,0,1
R405946,L201074,6,2026-03-09,6040.3,0,1
R405947,L201074,7,2026-04-09,5929.48,0,2
R405948,L201074,8,2026-05-09,6289.27,0,3
R405949,L201074,9,2026-06-09,5889.88,0,2
R405950,L201075,1,2026-05-25,19447.72,0,1
R405951,L201075,2,2026-06-25,20525.75,0,2
R405952,L201076,1,2026-02-21,1734.99,0,2
R405953,L201076,2,2026-03-21,1898.36,0,0
R405954,L201076,3,2026-04-21,1879.74,0,4
R405955,L201076,4,2026-05-21,1704.08,0,4
R405956,L201076,5,2026-06-21,1916.89,0,1
R405957,L201077,1,2026-05-17,836.84,0,3
R405958,L201077,2,2026-06-17,886.57,0,3
R405959,L201078,1,2026-04-28,2186.7,0,6
R405960,L201078,2,2026-05-28,2215.04,0,4
R405961,L201078,3,2026-06-28,2042.78,0,5
R405962,L201079,1,2025-09-19,15233.97,0,5
R405963,L201079,2,2025-10-19,14710.6,0,1
R405964,L201079,3,2025-11-19,14535.4,0,1
R405965,L201079,4,2025-12-19,13209.24,0,5
R405966,L201079,5,2026-01-19,14950.91,0,3
R405967,L201079,6,2026-02-19,13847.23,0,5
R405968,L201079,7,2026-03-19,14450.6,0,2
R405969,L201079,8,2026-04-19,14759.93,0,6
R405970,L201079,9,2026-05-19,14693.81,0,4
R405971,L201079,10,2026-06-19,14721.86,0,5
R405972,L201080,1,2026-02-09,5272.56,0,2
R405973,L201080,2,2026-03-09,,1,42
R405974,L201080,3,2026-04-09,5026.45,0,0
R405975,L201080,4,2026-05-09,5357.6,0,2
R405976,L201080,5,2026-06-09,4964.34,0,6
R405977,L201081,1,2025-11-30,82796.84,0,4
R405978,L201081,2,2025-12-31,,1,92
R405979,L201081,3,2026-01-31,,1,59
R405980,L201081,4,2026-02-28,90971.89,0,5
R405981,L201081,5,2026-03-31,90908.93,0,6
R405982,L201081,6,2026-04-30,89561.52,0,1
R405983,L201081,7,2026-05-31,90021.55,0,6
R405984,L201081,8,2026-06-30,,1,80
R405985,L201082,1,2026-02-28,8902.38,0,5
R405986,L201082,2,2026-03-28,9451.87,0,0
R405987,L201082,3,2026-04-28,9267.81,0,4
R405988,L201082,4,2026-05-28,9504.53,0,6
R405989,L201082,5,2026-06-28,9324.26,0,2
R405990,L201083,1,2026-05-24,,1,43
R405991,L201083,2,2026-06-24,3287.01,0,0
R405992,L201084,1,2025-09-13,14278.46,0,0
R405993,L201084,2,2025-10-13,15298.41,0,1
R405994,L201084,3,2025-11-13,14548.14,0,0
R405995,L201084,4,2025-12-13,14288.7,0,2
R405996,L201084,5,2026-01-13,15100.85,0,6
R405997,L201084,6,2026-02-13,15600.06,0,5
R405998,L201084,7,2026-03-13,15052.64,0,1
R405999,L201084,8,2026-04-13,16389.04,0,6
R406000,L201084,9,2026-05-13,15563.42,0,2
R406001,L201084,10,2026-06-13,14204.82,0,5
R406002,L201085,1,2025-12-05,11726.73,0,5
R406003,L201085,2,2026-01-05,11451.03,0,4
R406004,L201085,3,2026-02-05,11989.9,0,2
R406005,L201085,4,2026-03-05,11129.57,0,0
R406006,L201085,5,2026-04-05,11527.74,0,1
R406007,L201085,6,2026-05-05,11333.16,0,6
R406008,L201085,7,2026-06-05,11199.94,0,6
R406009,L201086,1,2025-10-11,1565.83,0,6
R406010,L201086,2,2025-11-11,1647.03,0,3
R406011,L201086,3,2025-12-11,1518.46,0,3
R406012,L201086,4,2026-01-11,1702.32,0,1
R406013,L201086,5,2026-02-11,1521.69,0,6
R406014,L201086,6,2026-03-11,1503.56,0,5
R406015,L201086,7,2026-04-11,,1,33
R406016,L201086,8,2026-05-11,,1,37
R406017,L201086,9,2026-06-11,1650.48,0,0
R406018,L201087,1,2025-09-11,968.11,0,4
R406019,L201087,2,2025-10-11,,1,83
R406020,L201087,3,2025-11-11,985.83,0,5
R406021,L201087,4,2025-12-11,986.22,0,4
R406022,L201087,5,2026-01-11,1073.06,0,4
R406023,L201087,6,2026-02-11,1011.25,0,3
R406024,L201087,7,2026-03-11,1044.66,0,6
R406025,L201087,8,2026-04-11,921.18,0,6
R406026,L201087,9,2026-05-11,1026.8,0,3
R406027,L201087,10,2026-06-11,941.11,0,5
R406028,L201088,1,2026-01-16,1978.07,0,0
R406029,L201088,2,2026-02-16,1921.6,0,0
R406030,L201088,3,2026-03-16,,1,60
R406031,L201088,4,2026-04-16,1941.37,0,6
R406032,L201088,5,2026-05-16,2036.5,0,1
R406033,L201088,6,2026-06-16,2084.03,0,2
R406034,L201089,1,2025-08-31,24836.64,0,2
R406035,L201089,2,2025-09-30,24928.47,0,5
R406036,L201089,3,2025-10-31,23667.89,0,4
R406037,L201089,4,2025-11-30,24857.54,0,0
R406038,L201089,5,2025-12-31,23221.34,0,2
R406039,L201089,6,2026-01-31,24888.75,0,2
R406040,L201089,7,2026-02-28,25176.29,0,1
R406041,L201089,8,2026-03-31,,1,52
R406042,L201089,9,2026-04-30,24949.15,0,5
R406043,L201089,10,2026-05-31,21841.63,0,4
R406044,L201089,11,2026-06-30,,1,41
R406045,L201090,1,2026-06-07,3388.1,0,0
R406046,L201091,1,2026-01-29,669.74,0,3
R406047,L201091,2,2026-02-28,710.86,0,3
R406048,L201091,3,2026-03-29,657.27,0,4
R406049,L201091,4,2026-04-29,703.04,0,2
R406050,L201091,5,2026-05-29,651.99,0,4
R406051,L201091,6,2026-06-29,657.37,0,1
R406052,L201092,1,2026-07-05,3781.87,0,5
R406053,L201093,1,2025-11-04,523.82,0,5
R406054,L201093,2,2025-12-04,469.22,0,2
R406055,L201093,3,2026-01-04,510.64,0,0
R406056,L201093,4,2026-02-04,518.6,0,1
R406057,L201093,5,2026-03-04,494.41,0,6
R406058,L201093,6,2026-04-04,509.66,0,6
R406059,L201093,7,2026-05-04,533.73,0,0
R406060,L201093,8,2026-06-04,477.18,0,0
R406061,L201094,1,2026-03-13,17965.21,0,5
R406062,L201094,2,2026-04-13,19126.34,0,6
R406063,L201094,3,2026-05-13,19733.39,0,2
R406064,L201094,4,2026-06-13,17957.62,0,6
R406065,L201095,1,2026-06-28,881.54,0,1
R406066,L201096,1,2025-12-02,5988.9,0,4
R406067,L201096,2,2026-01-02,6169.83,0,1
R406068,L201096,3,2026-02-02,6165.11,0,2
R406069,L201096,4,2026-03-02,5616.46,0,3
R406070,L201096,5,2026-04-02,6040.13,0,6
R406071,L201096,6,2026-05-02,5974.23,0,6
R406072,L201096,7,2026-06-02,6010.54,0,6
R406073,L201096,8,2026-07-02,6190.32,0,6
R406074,L201097,1,2025-12-19,1556.94,0,1
R406075,L201097,2,2026-01-19,1488.74,0,4
R406076,L201097,3,2026-02-19,1496.62,0,4
R406077,L201097,4,2026-03-19,1545.34,0,6
R406078,L201097,5,2026-04-19,1572.66,0,5
R406079,L201097,6,2026-05-19,1600.98,0,5
R406080,L201097,7,2026-06-19,,1,69
R406081,L201098,1,2025-10-13,1216.79,0,0
R406082,L201098,2,2025-11-13,1126.32,0,2
R406083,L201098,3,2025-12-13,,1,61
R406084,L201098,4,2026-01-13,1162.19,0,0
R406085,L201098,5,2026-02-13,1164.06,0,5
R406086,L201098,6,2026-03-13,1198.64,0,5
R406087,L201098,7,2026-04-13,1126.35,0,5
R406088,L201098,8,2026-05-13,1112.44,0,3
R406089,L201098,9,2026-06-13,,1,56
R406090,L201099,1,2025-08-11,21409.96,0,2
R406091,L201099,2,2025-09-11,20806.83,0,2
R406092,L201099,3,2025-10-11,19768.91,0,0
R406093,L201099,4,2025-11-11,21940.11,0,4
R406094,L201099,5,2025-12-11,21592.57,0,6
R406095,L201099,6,2026-01-11,21646.9,0,1
R406096,L201099,7,2026-02-11,20938.83,0,3
R406097,L201099,8,2026-03-11,19643.38,0,0
R406098,L201099,9,2026-04-11,19681.91,0,5
R406099,L201099,10,2026-05-11,19211.92,0,4
R406100,L201099,11,2026-06-11,20123.14,0,4
R406101,L201100,1,2026-02-13,1738.59,0,5
R406102,L201100,2,2026-03-13,1809.8,0,6
R406103,L201100,3,2026-04-13,1716.6,0,2
R406104,L201100,4,2026-05-13,1720.41,0,2
R406105,L201100,5,2026-06-13,1834.32,0,4
R406106,L201101,1,2026-05-21,1822.66,0,1
R406107,L201101,2,2026-06-21,1802.55,0,2
R406108,L201102,1,2026-07-28,6039.88,0,2
R406109,L201103,1,2026-04-02,92494.1,0,0
R406110,L201103,2,2026-05-02,92115.42,0,3
R406111,L201103,3,2026-06-02,85364.1,0,1
R406112,L201103,4,2026-07-02,95783.15,0,0
R406113,L201104,1,2026-06-27,1677.43,0,0
R406114,L201105,1,2026-07-23,11450.08,0,0
R406115,L201106,1,2025-11-03,5695.53,0,0
R406116,L201106,2,2025-12-03,,1,86
R406117,L201106,3,2026-01-03,6125.46,0,5
R406118,L201106,4,2026-02-03,,1,84
R406119,L201106,5,2026-03-03,,1,68
R406120,L201106,6,2026-04-03,6217.13,0,6
R406121,L201106,7,2026-05-03,6357.37,0,3
R406122,L201106,8,2026-06-03,6376.48,0,2
R406123,L201106,9,2026-07-03,6281.47,0,4
R406124,L201107,1,2026-01-29,5161.91,0,4
R406125,L201107,2,2026-02-28,5649.22,0,6
R406126,L201107,3,2026-03-29,4927.92,0,2
R406127,L201107,4,2026-04-29,5449.25,0,1
R406128,L201107,5,2026-05-29,5634.28,0,3
R406129,L201107,6,2026-06-29,5522.08,0,4
R406130,L201108,1,2025-12-29,2671.34,0,3
R406131,L201108,2,2026-01-29,2896.44,0,2
R406132,L201108,3,2026-02-28,2844.7,0,5
R406133,L201108,4,2026-03-29,2616.75,0,0
R406134,L201108,5,2026-04-29,2637.56,0,2
R406135,L201108,6,2026-05-29,2708.31,0,6
R406136,L201108,7,2026-06-29,2744.62,0,0
R406137,L201109,1,2025-08-04,3737.34,0,6
R406138,L201109,2,2025-09-04,3415.35,0,5
R406139,L201109,3,2025-10-04,3673.28,0,4
R406140,L201109,4,2025-11-04,3810.53,0,3
R406141,L201109,5,2025-12-04,3733.17,0,2
R406142,L201109,6,2026-01-04,3531.08,0,2
R406143,L201109,7,2026-02-04,3864.56,0,4
R406144,L201109,8,2026-03-04,3535.43,0,1
R406145,L201109,9,2026-04-04,3447.92,0,2
R406146,L201109,10,2026-05-04,3813.21,0,1
R406147,L201109,11,2026-06-04,3486.17,0,0
R406148,L201109,12,2026-07-04,3790.48,0,3
R406149,L201110,1,2026-04-17,6777.63,0,0
R406150,L201110,2,2026-05-17,6706.94,0,6
R406151,L201110,3,2026-06-17,6684.82,0,3
R406152,L201111,1,2025-08-05,1070.34,0,2
R406153,L201111,2,2025-09-05,1113.56,0,2
R406154,L201111,3,2025-10-05,1020.16,0,4
R406155,L201111,4,2025-11-05,1015.38,0,4
R406156,L201111,5,2025-12-05,1046.4,0,4
R406157,L201111,6,2026-01-05,1154.34,0,2
R406158,L201111,7,2026-02-05,1115.1,0,3
R406159,L201111,8,2026-03-05,1036.54,0,0
R406160,L201111,9,2026-04-05,1155.02,0,4
R406161,L201111,10,2026-05-05,1114.45,0,3
R406162,L201111,11,2026-06-05,1169.21,0,2
R406163,L201111,12,2026-07-05,1073.97,0,1
R406164,L201112,1,2026-02-19,5252.95,0,1
R406165,L201112,2,2026-03-19,5173.44,0,2
R406166,L201112,3,2026-04-19,5028.4,0,6
R406167,L201112,4,2026-05-19,,1,98
R406168,L201112,5,2026-06-19,5355.05,0,3
R406169,L201113,1,2025-11-10,640.06,0,1
R406170,L201113,2,2025-12-10,675.11,0,3
R406171,L201113,3,2026-01-10,688.08,0,0
R406172,L201113,4,2026-02-10,609.82,0,2
R406173,L201113,5,2026-03-10,646.95,0,5
R406174,L201113,6,2026-04-10,620.14,0,1
R406175,L201113,7,2026-05-10,,1,40
R406176,L201113,8,2026-06-10,605.57,0,3
R406177,L201114,1,2025-09-01,3801.68,0,4
R406178,L201114,2,2025-10-01,3925.77,0,3
R406179,L201114,3,2025-11-01,3869.7,0,0
R406180,L201114,4,2025-12-01,3775.18,0,5
R406181,L201114,5,2026-01-01,4067.81,0,3
R406182,L201114,6,2026-02-01,3592.68,0,2
R406183,L201114,7,2026-03-01,3661.86,0,6
R406184,L201114,8,2026-04-01,3624.17,0,5
R406185,L201114,9,2026-05-01,4017.19,0,4
R406186,L201114,10,2026-06-01,3582.51,0,4
R406187,L201114,11,2026-07-01,3825.67,0,4
R406188,L201115,1,2025-12-21,353.51,0,2
R406189,L201115,2,2026-01-21,330.95,0,0
R406190,L201115,3,2026-02-21,339.37,0,0
R406191,L201115,4,2026-03-21,355.87,0,1
R406192,L201115,5,2026-04-21,356.9,0,1
R406193,L201115,6,2026-05-21,317.64,0,2
R406194,L201115,7,2026-06-21,363.65,0,4
R406195,L201116,1,2025-11-12,7453.99,0,6
R406196,L201116,2,2025-12-12,8640.51,0,5
R406197,L201116,3,2026-01-12,8151.79,0,3
R406198,L201116,4,2026-02-12,8334.64,0,4
R406199,L201116,5,2026-03-12,8107.37,0,0
R406200,L201116,6,2026-04-12,8331.51,0,6
R406201,L201116,7,2026-05-12,7724.17,0,0
R406202,L201116,8,2026-06-12,7693.41,0,1
R406203,L201117,1,2025-09-16,14031.22,0,0
R406204,L201117,2,2025-10-16,13363.83,0,3
R406205,L201117,3,2025-11-16,14265.92,0,4
R406206,L201117,4,2025-12-16,14641.59,0,6
R406207,L201117,5,2026-01-16,14190.06,0,3
R406208,L201117,6,2026-02-16,14231.0,0,5
R406209,L201117,7,2026-03-16,,1,81
R406210,L201117,8,2026-04-16,14879.22,0,6
R406211,L201117,9,2026-05-16,14086.5,0,2
R406212,L201117,10,2026-06-16,13847.84,0,2
R406213,L201118,1,2026-02-08,7579.74,0,3
R406214,L201118,2,2026-03-08,,1,41
R406215,L201118,3,2026-04-08,7222.24,0,4
R406216,L201118,4,2026-05-08,6714.57,0,5
R406217,L201118,5,2026-06-08,7010.31,0,2
R406218,L201119,1,2025-10-03,1542.99,0,1
R406219,L201119,2,2025-11-03,1442.59,0,6
R406220,L201119,3,2025-12-03,1447.62,0,6
R406221,L201119,4,2026-01-03,1667.63,0,0
R406222,L201119,5,2026-02-03,1473.14,0,4
R406223,L201119,6,2026-03-03,1658.19,0,0
R406224,L201119,7,2026-04-03,1626.1,0,3
R406225,L201119,8,2026-05-03,1451.94,0,2
R406226,L201119,9,2026-06-03,1675.69,0,3
R406227,L201119,10,2026-07-03,1550.79,0,1
R406228,L201120,1,2026-03-03,6233.44,0,0
R406229,L201120,2,2026-04-03,6337.88,0,0
R406230,L201120,3,2026-05-03,5592.77,0,0
R406231,L201120,4,2026-06-03,6073.2,0,6
R406232,L201121,1,2025-11-03,3537.7,0,1
R406233,L201121,2,2025-12-03,3161.55,0,2
R406234,L201121,3,2026-01-03,3627.28,0,2
R406235,L201121,4,2026-02-03,3598.83,0,0
R406236,L201121,5,2026-03-03,3309.41,0,3
R406237,L201121,6,2026-04-03,3546.8,0,1
R406238,L201121,7,2026-05-03,3236.0,0,0
R406239,L201121,8,2026-06-03,3210.22,0,6
R406240,L201121,9,2026-07-03,3627.72,0,5
R406241,L201122,1,2026-03-07,791.16,0,6
R406242,L201122,2,2026-04-07,788.5,0,4
R406243,L201122,3,2026-05-07,767.63,0,5
R406244,L201122,4,2026-06-07,777.23,0,4
R406245,L201123,1,2025-10-08,3326.23,0,6
R406246,L201123,2,2025-11-08,3170.09,0,6
R406247,L201123,3,2025-12-08,3208.2,0,2
R406248,L201123,4,2026-01-08,3193.65,0,6
R406249,L201123,5,2026-02-08,3073.77,0,4
R406250,L201123,6,2026-03-08,2997.45,0,1
R406251,L201123,7,2026-04-08,3326.91,0,2
R406252,L201123,8,2026-05-08,3097.44,0,4
R406253,L201123,9,2026-06-08,3374.2,0,0
R406254,L201124,1,2025-12-10,13555.22,0,1
R406255,L201124,2,2026-01-10,12751.8,0,2
R406256,L201124,3,2026-02-10,12653.53,0,0
R406257,L201124,4,2026-03-10,13118.84,0,3
R406258,L201124,5,2026-04-10,12818.98,0,0
R406259,L201124,6,2026-05-10,14512.25,0,1
R406260,L201124,7,2026-06-10,14379.71,0,6
R406261,L201125,1,2025-11-05,29930.14,0,6
R406262,L201125,2,2025-12-05,,1,92
R406263,L201125,3,2026-01-05,34678.14,0,0
R406264,L201125,4,2026-02-05,32952.75,0,0
R406265,L201125,5,2026-03-05,30436.17,0,4
R406266,L201125,6,2026-04-05,32857.38,0,2
R406267,L201125,7,2026-05-05,30831.16,0,2
R406268,L201125,8,2026-06-05,33460.43,0,1
R406269,L201126,1,2026-03-21,10356.73,0,4
R406270,L201126,2,2026-04-21,11328.2,0,3
R406271,L201126,3,2026-05-21,,1,82
R406272,L201126,4,2026-06-21,11414.01,0,4
R406273,L201127,1,2026-05-07,15348.2,0,2
R406274,L201127,2,2026-06-07,15167.14,0,1
R406275,L201128,1,2026-06-23,12205.92,0,3
R406276,L201129,1,2026-04-24,1886.69,0,4
R406277,L201129,2,2026-05-24,1966.72,0,1
R406278,L201129,3,2026-06-24,2077.5,0,1
R406279,L201130,1,2025-09-24,3917.71,0,2
R406280,L201130,2,2025-10-24,3720.52,0,6
R406281,L201130,3,2025-11-24,3894.03,0,2
R406282,L201130,4,2025-12-24,3972.33,0,6
R406283,L201130,5,2026-01-24,3534.28,0,6
R406284,L201130,6,2026-02-24,4023.68,0,2
R406285,L201130,7,2026-03-24,,1,98
R406286,L201130,8,2026-04-24,4042.93,0,3
R406287,L201130,9,2026-05-24,4032.62,0,2
R406288,L201130,10,2026-06-24,3787.06,0,0
R406289,L201131,1,2025-08-19,2590.01,0,4
R406290,L201131,2,2025-09-19,2330.16,0,3
R406291,L201131,3,2025-10-19,2441.22,0,5
R406292,L201131,4,2025-11-19,2350.48,0,4
R406293,L201131,5,2025-12-19,2414.14,0,2
R406294,L201131,6,2026-01-19,2556.71,0,1
R406295,L201131,7,2026-02-19,2379.56,0,2
R406296,L201131,8,2026-03-19,2408.34,0,5
R406297,L201131,9,2026-04-19,2592.49,0,5
R406298,L201131,10,2026-05-19,2620.23,0,5
R406299,L201131,11,2026-06-19,2274.94,0,5
R406300,L201132,1,2025-12-08,10122.98,0,6
R406301,L201132,2,2026-01-08,9283.67,0,6
R406302,L201132,3,2026-02-08,10111.14,0,2
R406303,L201132,4,2026-03-08,9418.0,0,1
R406304,L201132,5,2026-04-08,9613.49,0,6
R406305,L201132,6,2026-05-08,10224.17,0,2
R406306,L201132,7,2026-06-08,8987.44,0,2
R406307,L201133,1,2025-12-08,1166.2,0,1
R406308,L201133,2,2026-01-08,1050.35,0,1
R406309,L201133,3,2026-02-08,1189.34,0,6
R406310,L201133,4,2026-03-08,1078.88,0,0
R406311,L201133,5,2026-04-08,1044.27,0,6
R406312,L201133,6,2026-05-08,1122.42,0,6
R406313,L201133,7,2026-06-08,1083.68,0,1
R406314,L201134,1,2026-05-23,2629.19,0,0
R406315,L201134,2,2026-06-23,2531.23,0,4
R406316,L201135,1,2025-10-10,20943.93,0,1
R406317,L201135,2,2025-11-10,21632.15,0,0
R406318,L201135,3,2025-12-10,,1,30
R406319,L201135,4,2026-01-10,23137.31,0,0
R406320,L201135,5,2026-02-10,22058.45,0,6
R406321,L201135,6,2026-03-10,22568.08,0,6
R406322,L201135,7,2026-04-10,23953.69,0,3
R406323,L201135,8,2026-05-10,21399.08,0,3
R406324,L201135,9,2026-06-10,22580.72,0,6
R406325,L201136,1,2026-02-28,1631.53,0,2
R406326,L201136,2,2026-03-31,1744.49,0,1
R406327,L201136,3,2026-04-30,1712.09,0,0
R406328,L201136,4,2026-05-31,1675.43,0,0
R406329,L201136,5,2026-06-30,1685.45,0,0
R406330,L201137,1,2026-02-20,8569.59,0,4
R406331,L201137,2,2026-03-20,8089.45,0,2
R406332,L201137,3,2026-04-20,7687.72,0,5
R406333,L201137,4,2026-05-20,7470.79,0,6
R406334,L201137,5,2026-06-20,8235.49,0,0
R406335,L201138,1,2026-06-01,2156.17,0,6
R406336,L201138,2,2026-07-01,2293.66,0,1
R406337,L201139,1,2026-05-23,5102.06,0,6
R406338,L201139,2,2026-06-23,5129.08,0,2
R406339,L201140,1,2025-09-26,,1,97
R406340,L201140,2,2025-10-26,9874.85,0,5
R406341,L201140,3,2025-11-26,,1,63
R406342,L201140,4,2025-12-26,,1,34
R406343,L201140,5,2026-01-26,11077.52,0,6
R406344,L201140,6,2026-02-26,10857.96,0,0
R406345,L201140,7,2026-03-26,10293.12,0,6
R406346,L201140,8,2026-04-26,,1,84
R406347,L201140,9,2026-05-26,10941.51,0,3
R406348,L201140,10,2026-06-26,10599.28,0,3
R406349,L201141,1,2026-05-29,5876.24,0,6
R406350,L201141,2,2026-06-29,6191.38,0,2
R406351,L201142,1,2025-10-18,1972.6,0,1
R406352,L201142,2,2025-11-18,2021.29,0,0
R406353,L201142,3,2025-12-18,2083.7,0,5
R406354,L201142,4,2026-01-18,1969.68,0,6
R406355,L201142,5,2026-02-18,2098.35,0,2
R406356,L201142,6,2026-03-18,2149.52,0,6
R406357,L201142,7,2026-04-18,1866.96,0,6
R406358,L201142,8,2026-05-18,1906.15,0,1
R406359,L201142,9,2026-06-18,1952.35,0,2
R406360,L201143,1,2026-02-28,915.66,0,0
R406361,L201143,2,2026-03-29,886.1,0,1
R406362,L201143,3,2026-04-29,870.38,0,1
R406363,L201143,4,2026-05-29,811.79,0,6
R406364,L201143,5,2026-06-29,913.76,0,1
R406365,L201144,1,2026-05-26,940.59,0,1
R406366,L201144,2,2026-06-26,949.32,0,1
R406367,L201145,1,2025-12-25,24234.48,0,2
R406368,L201145,2,2026-01-25,23150.41,0,2
R406369,L201145,3,2026-02-25,22680.67,0,6
R406370,L201145,4,2026-03-25,23392.89,0,1
R406371,L201145,5,2026-04-25,22387.83,0,6
R406372,L201145,6,2026-05-25,23114.5,0,5
R406373,L201145,7,2026-06-25,22577.92,0,2
R406374,L201146,1,2026-01-30,87205.33,0,3
R406375,L201146,2,2026-02-28,86337.55,0,1
R406376,L201146,3,2026-03-30,82232.17,0,4
R406377,L201146,4,2026-04-30,87670.12,0,6
R406378,L201146,5,2026-05-30,85483.26,0,0
R406379,L201146,6,2026-06-30,80955.09,0,4
R406380,L201147,1,2026-04-19,4825.78,0,1
R406381,L201147,2,2026-05-19,4614.53,0,5
R406382,L201147,3,2026-06-19,4272.36,0,2
R406383,L201148,1,2026-07-08,1951.29,0,0
R406384,L201149,1,2026-03-16,3780.56,0,0
R406385,L201149,2,2026-04-16,3423.82,0,5
R406386,L201149,3,2026-05-16,,1,57
R406387,L201149,4,2026-06-16,3648.46,0,5
R406388,L201150,1,2026-06-15,15955.18,0,0
R406389,L201151,1,2026-05-16,4458.68,0,6
R406390,L201151,2,2026-06-16,4682.14,0,6
R406391,L201152,1,2026-06-30,10690.41,0,0
R406392,L201153,1,2026-06-16,2272.17,0,2
R406393,L201154,1,2026-06-04,,1,70
R406394,L201155,1,2025-11-20,954.15,0,2
R406395,L201155,2,2025-12-20,999.9,0,6
R406396,L201155,3,2026-01-20,1020.57,0,2
R406397,L201155,4,2026-02-20,949.94,0,0
R406398,L201155,5,2026-03-20,953.64,0,5
R406399,L201155,6,2026-04-20,992.98,0,1
R406400,L201155,7,2026-05-20,1016.44,0,6
R406401,L201155,8,2026-06-20,981.15,0,0
R406402,L201156,1,2026-07-15,3239.05,0,6
R406403,L201157,1,2026-02-18,,1,73
R406404,L201157,2,2026-03-18,26067.84,0,3
R406405,L201157,3,2026-04-18,23791.7,0,1
R406406,L201157,4,2026-05-18,,1,74
R406407,L201157,5,2026-06-18,26187.56,0,6
R406408,L201158,1,2025-09-26,8460.94,0,4
R406409,L201158,2,2025-10-26,8630.82,0,6
R406410,L201158,3,2025-11-26,8107.97,0,1
R406411,L201158,4,2025-12-26,7452.48,0,1
R406412,L201158,5,2026-01-26,8370.8,0,2
R406413,L201158,6,2026-02-26,8360.64,0,5
R406414,L201158,7,2026-03-26,7785.45,0,6
R406415,L201158,8,2026-04-26,7430.51,0,1
R406416,L201158,9,2026-05-26,,1,46
R406417,L201158,10,2026-06-26,,1,67
R406418,L201159,1,2026-02-06,1445.77,0,3
R406419,L201159,2,2026-03-06,1557.96,0,1
R406420,L201159,3,2026-04-06,1409.35,0,4
R406421,L201159,4,2026-05-06,1405.44,0,4
R406422,L201159,5,2026-06-06,1405.0,0,5
R406423,L201160,1,2026-01-27,58606.13,0,4
R406424,L201160,2,2026-02-27,55969.69,0,1
R406425,L201160,3,2026-03-27,54828.43,0,4
R406426,L201160,4,2026-04-27,52895.33,0,0
R406427,L201160,5,2026-05-27,,1,60
R406428,L201160,6,2026-06-27,59504.97,0,4
R406429,L201161,1,2025-10-22,,1,32
R406430,L201161,2,2025-11-22,,1,84
R406431,L201161,3,2025-12-22,3925.01,0,6
R406432,L201161,4,2026-01-22,3894.61,0,1
R406433,L201161,5,2026-02-22,4120.51,0,5
R406434,L201161,6,2026-03-22,4386.42,0,1
R406435,L201161,7,2026-04-22,4064.1,0,4
R406436,L201161,8,2026-05-22,4402.73,0,1
R406437,L201161,9,2026-06-22,4406.11,0,2
R406438,L201162,1,2025-10-22,10198.54,0,2
R406439,L201162,2,2025-11-22,9123.24,0,1
R406440,L201162,3,2025-12-22,9854.51,0,5
R406441,L201162,4,2026-01-22,10184.67,0,5
R406442,L201162,5,2026-02-22,,1,30
R406443,L201162,6,2026-03-22,9711.19,0,2
R406444,L201162,7,2026-04-22,10057.88,0,1
R406445,L201162,8,2026-05-22,10206.49,0,6
R406446,L201162,9,2026-06-22,10022.73,0,1
R406447,L201163,1,2026-03-13,119162.41,0,5
R406448,L201163,2,2026-04-13,127123.78,0,2
R406449,L201163,3,2026-05-13,122722.56,0,0
R406450,L201163,4,2026-06-13,134898.49,0,5
R406451,L201164,1,2026-03-07,11223.0,0,6
R406452,L201164,2,2026-04-07,12348.43,0,5
R406453,L201164,3,2026-05-07,11127.52,0,3
R406454,L201164,4,2026-06-07,11837.57,0,3
R406455,L201165,1,2025-12-15,15161.71,0,5
R406456,L201165,2,2026-01-15,14608.31,0,1
R406457,L201165,3,2026-02-15,14694.46,0,4
R406458,L201165,4,2026-03-15,13810.5,0,4
R406459,L201165,5,2026-04-15,14873.15,0,2
R406460,L201165,6,2026-05-15,13878.65,0,0
R406461,L201165,7,2026-06-15,15144.74,0,3
R406462,L201166,1,2026-07-23,2323.41,0,4
R406463,L201167,1,2026-05-06,3183.01,0,1
R406464,L201167,2,2026-06-06,3306.59,0,3
R406465,L201168,1,2025-10-15,4263.39,0,2
R406466,L201168,2,2025-11-15,,1,71
R406467,L201168,3,2025-12-15,4445.41,0,6
R406468,L201168,4,2026-01-15,4503.1,0,2
R406469,L201168,5,2026-02-15,4439.14,0,3
R406470,L201168,6,2026-03-15,4648.6,0,1
R406471,L201168,7,2026-04-15,4757.97,0,4
R406472,L201168,8,2026-05-15,4459.64,0,3
R406473,L201168,9,2026-06-15,4357.5,0,3
R406474,L201169,1,2025-11-23,2115.54,0,6
R406475,L201169,2,2025-12-23,1962.03,0,3
R406476,L201169,3,2026-01-23,2066.2,0,3
R406477,L201169,4,2026-02-23,2049.89,0,2
R406478,L201169,5,2026-03-23,1869.17,0,4
R406479,L201169,6,2026-04-23,2147.1,0,4
R406480,L201169,7,2026-05-23,2041.64,0,0
R406481,L201169,8,2026-06-23,2020.86,0,5
R406482,L201170,1,2026-05-09,28594.47,0,5
R406483,L201170,2,2026-06-09,29259.2,0,3
R406484,L201171,1,2025-10-27,1237.33,0,2
R406485,L201171,2,2025-11-27,1354.36,0,4
R406486,L201171,3,2025-12-27,1208.72,0,1
R406487,L201171,4,2026-01-27,1290.42,0,5
R406488,L201171,5,2026-02-27,1223.67,0,4
R406489,L201171,6,2026-03-27,1328.89,0,1
R406490,L201171,7,2026-04-27,1323.75,0,6
R406491,L201171,8,2026-05-27,1314.92,0,5
R406492,L201171,9,2026-06-27,1290.42,0,3
R406493,L201172,1,2026-06-28,54422.21,0,2
R406494,L201173,1,2025-12-09,11540.83,0,2
R406495,L201173,2,2026-01-09,11478.61,0,3
R406496,L201173,3,2026-02-09,,1,89
R406497,L201173,4,2026-03-09,11489.03,0,5
R406498,L201173,5,2026-04-09,11502.25,0,5
R406499,L201173,6,2026-05-09,10842.28,0,5
R406500,L201173,7,2026-06-09,10359.48,0,2
R406501,L201174,1,2026-06-23,2906.64,0,0
R406502,L201175,1,2025-08-07,507.39,0,5
R406503,L201175,2,2025-09-07,504.76,0,4
R406504,L201175,3,2025-10-07,498.19,0,6
R406505,L201175,4,2025-11-07,467.03,0,4
R406506,L201175,5,2025-12-07,504.08,0,5
R406507,L201175,6,2026-01-07,525.24,0,0
R406508,L201175,7,2026-02-07,504.17,0,6
R406509,L201175,8,2026-03-07,539.77,0,2
R406510,L201175,9,2026-04-07,467.27,0,3
R406511,L201175,10,2026-05-07,,1,97
R406512,L201175,11,2026-06-07,508.97,0,0
R406513,L201176,1,2026-04-07,,1,86
R406514,L201176,2,2026-05-07,6002.88,0,1
R406515,L201176,3,2026-06-07,5687.07,0,2
R406516,L201177,1,2025-12-25,939.37,0,3
R406517,L201177,2,2026-01-25,1058.09,0,1
R406518,L201177,3,2026-02-25,1005.94,0,3
R406519,L201177,4,2026-03-25,974.47,0,3
R406520,L201177,5,2026-04-25,945.09,0,1
R406521,L201177,6,2026-05-25,987.13,0,1
R406522,L201177,7,2026-06-25,968.45,0,4
R406523,L201178,1,2026-02-28,707.13,0,5
R406524,L201178,2,2026-03-29,709.62,0,6
R406525,L201178,3,2026-04-29,,1,66
R406526,L201178,4,2026-05-29,627.18,0,3
R406527,L201178,5,2026-06-29,722.94,0,3
R406528,L201179,1,2025-11-20,17037.65,0,6
R406529,L201179,2,2025-12-20,15872.52,0,0
R406530,L201179,3,2026-01-20,15685.48,0,4
R406531,L201179,4,2026-02-20,16825.06,0,5
R406532,L201179,5,2026-03-20,18099.94,0,1
R406533,L201179,6,2026-04-20,17496.48,0,5
R406534,L201179,7,2026-05-20,16346.59,0,1
R406535,L201179,8,2026-06-20,17886.22,0,3
R406536,L201180,1,2025-09-13,2165.22,0,1
R406537,L201180,2,2025-10-13,2096.64,0,3
R406538,L201180,3,2025-11-13,2302.02,0,1
R406539,L201180,4,2025-12-13,2188.89,0,6
R406540,L201180,5,2026-01-13,2229.16,0,1
R406541,L201180,6,2026-02-13,2302.35,0,3
R406542,L201180,7,2026-03-13,2366.37,0,3
R406543,L201180,8,2026-04-13,2253.0,0,3
R406544,L201180,9,2026-05-13,2247.96,0,2
R406545,L201180,10,2026-06-13,2315.76,0,3
R406546,L201181,1,2025-09-19,14974.46,0,5
R406547,L201181,2,2025-10-19,14232.87,0,6
R406548,L201181,3,2025-11-19,14498.34,0,4
R406549,L201181,4,2025-12-19,16408.72,0,5
R406550,L201181,5,2026-01-19,15878.04,0,6
R406551,L201181,6,2026-02-19,16557.56,0,1
R406552,L201181,7,2026-03-19,16056.14,0,2
R406553,L201181,8,2026-04-19,15145.64,0,3
R406554,L201181,9,2026-05-19,15319.33,0,2
R406555,L201181,10,2026-06-19,15871.44,0,2
R406556,L201182,1,2026-02-13,3808.8,0,3
R406557,L201182,2,2026-03-13,4080.36,0,4
R406558,L201182,3,2026-04-13,3681.88,0,1
R406559,L201182,4,2026-05-13,3963.21,0,3
R406560,L201182,5,2026-06-13,4074.64,0,0
R406561,L201183,1,2025-09-26,21816.16,0,4
R406562,L201183,2,2025-10-26,21817.85,0,6
R406563,L201183,3,2025-11-26,21936.76,0,5
R406564,L201183,4,2025-12-26,20815.61,0,3
R406565,L201183,5,2026-01-26,21112.52,0,4
R406566,L201183,6,2026-02-26,21702.88,0,1
R406567,L201183,7,2026-03-26,20927.48,0,1
R406568,L201183,8,2026-04-26,,1,32
R406569,L201183,9,2026-05-26,22743.72,0,3
R406570,L201183,10,2026-06-26,20718.19,0,0
R406571,L201184,1,2026-01-13,5342.06,0,4
R406572,L201184,2,2026-02-13,4797.47,0,4
R406573,L201184,3,2026-03-13,5074.67,0,5
R406574,L201184,4,2026-04-13,4799.73,0,4
R406575,L201184,5,2026-05-13,4850.91,0,3
R406576,L201184,6,2026-06-13,4763.54,0,0
R406577,L201185,1,2026-06-04,1257.74,0,4
R406578,L201186,1,2026-06-19,,1,41
R406579,L201187,1,2025-11-08,6820.84,0,5
R406580,L201187,2,2025-12-08,7364.47,0,1
R406581,L201187,3,2026-01-08,7740.09,0,6
R406582,L201187,4,2026-02-08,7095.65,0,3
R406583,L201187,5,2026-03-08,7317.71,0,4
R406584,L201187,6,2026-04-08,7330.93,0,2
R406585,L201187,7,2026-05-08,7651.49,0,0
R406586,L201187,8,2026-06-08,7265.0,0,6
R406587,L201188,1,2026-04-30,2029.25,0,0
R406588,L201188,2,2026-05-31,1984.93,0,0
R406589,L201188,3,2026-06-30,,1,95
R406590,L201189,1,2025-08-20,892.72,0,4
R406591,L201189,2,2025-09-20,813.26,0,6
R406592,L201189,3,2025-10-20,803.93,0,2
R406593,L201189,4,2025-11-20,804.42,0,6
R406594,L201189,5,2025-12-20,854.13,0,5
R406595,L201189,6,2026-01-20,906.14,0,0
R406596,L201189,7,2026-02-20,837.05,0,4
R406597,L201189,8,2026-03-20,846.66,0,4
R406598,L201189,9,2026-04-20,805.49,0,4
R406599,L201189,10,2026-05-20,918.24,0,5
R406600,L201189,11,2026-06-20,909.1,0,2
R406601,L201190,1,2026-07-29,1552.61,0,6
R406602,L201191,1,2025-12-17,24596.44,0,0
R406603,L201191,2,2026-01-17,24206.01,0,3
R406604,L201191,3,2026-02-17,24141.02,0,1
R406605,L201191,4,2026-03-17,,1,90
R406606,L201191,5,2026-04-17,22917.27,0,4
R406607,L201191,6,2026-05-17,23208.35,0,4
R406608,L201191,7,2026-06-17,,1,46
R406609,L201192,1,2025-10-05,33100.79,0,1
R406610,L201192,2,2025-11-05,35665.33,0,3
R406611,L201192,3,2025-12-05,34762.11,0,1
R406612,L201192,4,2026-01-05,33081.75,0,3
R406613,L201192,5,2026-02-05,34857.42,0,0
R406614,L201192,6,2026-03-05,33734.52,0,4
R406615,L201192,7,2026-04-05,34324.16,0,3
R406616,L201192,8,2026-05-05,34254.93,0,4
R406617,L201192,9,2026-06-05,34491.07,0,6
R406618,L201193,1,2025-10-09,5386.68,0,0
R406619,L201193,2,2025-11-09,5813.42,0,3
R406620,L201193,3,2025-12-09,5849.63,0,5
R406621,L201193,4,2026-01-09,5314.34,0,0
R406622,L201193,5,2026-02-09,5841.02,0,2
R406623,L201193,6,2026-03-09,6045.94,0,0
R406624,L201193,7,2026-04-09,6056.56,0,1
R406625,L201193,8,2026-05-09,6079.64,0,5
R406626,L201193,9,2026-06-09,5893.92,0,5
R406627,L201194,1,2025-11-30,,1,49
R406628,L201194,2,2025-12-31,,1,56
R406629,L201194,3,2026-01-31,2038.5,0,3
R406630,L201194,4,2026-02-28,2054.48,0,6
R406631,L201194,5,2026-03-31,2087.24,0,1
R406632,L201194,6,2026-04-30,,1,31
R406633,L201194,7,2026-05-31,,1,32
R406634,L201194,8,2026-06-30,,1,77
R406635,L201195,1,2026-06-18,,1,50
R406636,L201196,1,2026-04-18,1871.46,0,1
R406637,L201196,2,2026-05-18,,1,52
R406638,L201196,3,2026-06-18,1907.8,0,4
R406639,L201197,1,2025-09-07,11060.27,0,5
R406640,L201197,2,2025-10-07,,1,36
R406641,L201197,3,2025-11-07,,1,95
R406642,L201197,4,2025-12-07,10330.46,0,4
R406643,L201197,5,2026-01-07,11001.42,0,1
R406644,L201197,6,2026-02-07,,1,75
R406645,L201197,7,2026-03-07,10808.93,0,3
R406646,L201197,8,2026-04-07,11224.44,0,3
R406647,L201197,9,2026-05-07,10686.16,0,4
R406648,L201197,10,2026-06-07,11980.02,0,5
R406649,L201198,1,2025-09-09,7377.2,0,5
R406650,L201198,2,2025-10-09,6774.95,0,5
R406651,L201198,3,2025-11-09,,1,65
R406652,L201198,4,2025-12-09,6475.11,0,1
R406653,L201198,5,2026-01-09,6733.04,0,6
R406654,L201198,6,2026-02-09,7140.76,0,6
R406655,L201198,7,2026-03-09,6704.6,0,5
R406656,L201198,8,2026-04-09,7171.28,0,5
R406657,L201198,9,2026-05-09,7377.35,0,2
R406658,L201198,10,2026-06-09,6621.9,0,4
R406659,L201199,1,2026-01-23,2645.85,0,2
R406660,L201199,2,2026-02-23,2704.51,0,4
R406661,L201199,3,2026-03-23,2599.09,0,0
R406662,L201199,4,2026-04-23,2781.02,0,0
R406663,L201199,5,2026-05-23,2805.88,0,5
R406664,L201199,6,2026-06-23,2583.95,0,3
R406665,L201200,1,2026-06-04,18105.31,0,0
R406666,L201201,1,2026-01-17,7346.88,0,5
R406667,L201201,2,2026-02-17,7504.68,0,4
R406668,L201201,3,2026-03-17,6640.09,0,6
R406669,L201201,4,2026-04-17,6732.66,0,6
R406670,L201201,5,2026-05-17,6760.28,0,2
R406671,L201201,6,2026-06-17,6607.12,0,0
R406672,L201202,1,2025-09-07,193241.48,0,1
R406673,L201202,2,2025-10-07,190315.67,0,4
R406674,L201202,3,2025-11-07,197619.92,0,4
R406675,L201202,4,2025-12-07,217065.94,0,2
R406676,L201202,5,2026-01-07,211964.46,0,4
R406677,L201202,6,2026-02-07,190723.51,0,5
R406678,L201202,7,2026-03-07,191246.88,0,1
R406679,L201202,8,2026-04-07,199626.47,0,6
R406680,L201202,9,2026-05-07,212761.82,0,6
R406681,L201202,10,2026-06-07,200215.04,0,2
R406682,L201203,1,2026-02-08,3102.58,0,6
R406683,L201203,2,2026-03-08,,1,39
R406684,L201203,3,2026-04-08,2818.93,0,0
R406685,L201203,4,2026-05-08,3128.17,0,6
R406686,L201203,5,2026-06-08,3182.09,0,3
R406687,L201204,1,2025-12-22,25116.78,0,3
R406688,L201204,2,2026-01-22,25023.24,0,2
R406689,L201204,3,2026-02-22,24039.97,0,4
R406690,L201204,4,2026-03-22,25824.84,0,3
R406691,L201204,5,2026-04-22,24899.98,0,3
R406692,L201204,6,2026-05-22,22445.79,0,5
R406693,L201204,7,2026-06-22,24465.07,0,1
R406694,L201205,1,2025-10-26,4408.54,0,0
R406695,L201205,2,2025-11-26,4907.55,0,0
R406696,L201205,3,2025-12-26,4672.26,0,5
R406697,L201205,4,2026-01-26,,1,31
R406698,L201205,5,2026-02-26,,1,46
R406699,L201205,6,2026-03-26,,1,55
R406700,L201205,7,2026-04-26,,1,39
R406701,L201205,8,2026-05-26,4708.14,0,5
R406702,L201205,9,2026-06-26,5061.69,0,2
R406703,L201206,1,2026-01-26,705.91,0,4
R406704,L201206,2,2026-02-26,711.44,0,5
R406705,L201206,3,2026-03-26,646.93,0,3
R406706,L201206,4,2026-04-26,685.5,0,1
R406707,L201206,5,2026-05-26,701.06,0,4
R406708,L201206,6,2026-06-26,689.59,0,6
R406709,L201207,1,2026-05-06,46131.24,0,1
R406710,L201207,2,2026-06-06,48528.17,0,1
R406711,L201208,1,2025-12-07,2304.87,0,3
R406712,L201208,2,2026-01-07,2225.37,0,0
R406713,L201208,3,2026-02-07,2347.9,0,6
R406714,L201208,4,2026-03-07,2405.88,0,2
R406715,L201208,5,2026-04-07,2428.0,0,6
R406716,L201208,6,2026-05-07,2374.51,0,4
R406717,L201208,7,2026-06-07,2227.36,0,5
R406718,L201209,1,2026-05-25,511.79,0,5
R406719,L201209,2,2026-06-25,500.49,0,0
R406720,L201210,1,2025-10-26,13192.42,0,3
R406721,L201210,2,2025-11-26,13260.65,0,1
R406722,L201210,3,2025-12-26,,1,75
R406723,L201210,4,2026-01-26,,1,64
R406724,L201210,5,2026-02-26,,1,78
R406725,L201210,6,2026-03-26,12012.98,0,2
R406726,L201210,7,2026-04-26,13293.17,0,0
R406727,L201210,8,2026-05-26,,1,93
R406728,L201210,9,2026-06-26,13178.29,0,4
R406729,L201211,1,2026-01-01,782.38,0,2
R406730,L201211,2,2026-02-01,782.11,0,1
R406731,L201211,3,2026-03-01,798.72,0,3
R406732,L201211,4,2026-04-01,694.17,0,6
R406733,L201211,5,2026-05-01,751.68,0,4
R406734,L201211,6,2026-06-01,765.05,0,1
R406735,L201211,7,2026-07-01,760.83,0,6
R406736,L201212,1,2025-09-02,1573.99,0,6
R406737,L201212,2,2025-10-02,1688.0,0,4
R406738,L201212,3,2025-11-02,1574.31,0,4
R406739,L201212,4,2025-12-02,1703.85,0,6
R406740,L201212,5,2026-01-02,1583.4,0,2
R406741,L201212,6,2026-02-02,1750.66,0,4
R406742,L201212,7,2026-03-02,1618.13,0,2
R406743,L201212,8,2026-04-02,1681.32,0,2
R406744,L201212,9,2026-05-02,1612.0,0,6
R406745,L201212,10,2026-06-02,1707.83,0,2
R406746,L201212,11,2026-07-02,1724.01,0,5
R406747,L201213,1,2025-11-16,39245.4,0,2
R406748,L201213,2,2025-12-16,40563.98,0,1
R406749,L201213,3,2026-01-16,40298.2,0,1
R406750,L201213,4,2026-02-16,44449.43,0,1
R406751,L201213,5,2026-03-16,43780.11,0,3
R406752,L201213,6,2026-04-16,45013.1,0,2
R406753,L201213,7,2026-05-16,39496.07,0,3
R406754,L201213,8,2026-06-16,45202.68,0,0
R406755,L201214,1,2026-02-08,1244.69,0,6
R406756,L201214,2,2026-03-08,1396.99,0,6
R406757,L201214,3,2026-04-08,1297.06,0,2
R406758,L201214,4,2026-05-08,1351.04,0,0
R406759,L201214,5,2026-06-08,1252.31,0,0
R406760,L201215,1,2026-06-12,2542.18,0,1
R406761,L201216,1,2025-08-31,,1,55
R406762,L201216,2,2025-09-30,9254.59,0,0
R406763,L201216,3,2025-10-31,9843.69,0,4
R406764,L201216,4,2025-11-30,9160.91,0,4
R406765,L201216,5,2025-12-31,9740.41,0,2
R406766,L201216,6,2026-01-31,10391.92,0,6
R406767,L201216,7,2026-02-28,9190.5,0,2
R406768,L201216,8,2026-03-31,9468.54,0,5
R406769,L201216,9,2026-04-30,9622.81,0,3
R406770,L201216,10,2026-05-31,9192.51,0,0
R406771,L201216,11,2026-06-30,9509.84,0,4
R406772,L201217,1,2026-01-20,33799.54,0,6
R406773,L201217,2,2026-02-20,30883.82,0,3
R406774,L201217,3,2026-03-20,31513.3,0,0
R406775,L201217,4,2026-04-20,31527.38,0,1
R406776,L201217,5,2026-05-20,32908.31,0,1
R406777,L201217,6,2026-06-20,32586.98,0,5
R406778,L201218,1,2025-08-04,231.97,0,1
R406779,L201218,2,2025-09-04,244.54,0,0
R406780,L201218,3,2025-10-04,233.49,0,1
R406781,L201218,4,2025-11-04,228.84,0,0
R406782,L201218,5,2025-12-04,240.76,0,4
R406783,L201218,6,2026-01-04,238.93,0,2
R406784,L201218,7,2026-02-04,241.67,0,0
R406785,L201218,8,2026-03-04,,1,57
R406786,L201218,9,2026-04-04,242.48,0,3
R406787,L201218,10,2026-05-04,235.4,0,4
R406788,L201218,11,2026-06-04,232.44,0,4
R406789,L201218,12,2026-07-04,214.08,0,2
R406790,L201219,1,2025-09-19,,1,65
R406791,L201219,2,2025-10-19,3703.24,0,3
R406792,L201219,3,2025-11-19,3269.41,0,2
R406793,L201219,4,2025-12-19,3256.59,0,4
R406794,L201219,5,2026-01-19,3464.95,0,3
R406795,L201219,6,2026-02-19,3710.31,0,2
R406796,L201219,7,2026-03-19,3724.68,0,3
R406797,L201219,8,2026-04-19,3698.41,0,6
R406798,L201219,9,2026-05-19,3544.08,0,1
R406799,L201219,10,2026-06-19,3705.39,0,5
R406800,L201220,1,2026-04-08,839.78,0,4
R406801,L201220,2,2026-05-08,882.22,0,0
R406802,L201220,3,2026-06-08,878.51,0,3
R406803,L201221,1,2026-03-20,1036.01,0,0
R406804,L201221,2,2026-04-20,1133.04,0,5
R406805,L201221,3,2026-05-20,1051.51,0,6
R406806,L201221,4,2026-06-20,1146.76,0,0
R406807,L201222,1,2026-02-07,694.85,0,6
R406808,L201222,2,2026-03-07,709.57,0,1
R406809,L201222,3,2026-04-07,699.57,0,1
R406810,L201222,4,2026-05-07,753.88,0,2
R406811,L201222,5,2026-06-07,756.8,0,0
R406812,L201223,1,2026-04-14,485.91,0,3
R406813,L201223,2,2026-05-14,479.74,0,6
R406814,L201223,3,2026-06-14,518.52,0,0
R406815,L201224,1,2025-09-24,12874.11,0,2
R406816,L201224,2,2025-10-24,13273.34,0,5
R406817,L201224,3,2025-11-24,13806.44,0,4
R406818,L201224,4,2025-12-24,13865.88,0,6
R406819,L201224,5,2026-01-24,12064.99,0,6
R406820,L201224,6,2026-02-24,12764.63,0,3
R406821,L201224,7,2026-03-24,13019.3,0,4
R406822,L201224,8,2026-04-24,12451.24,0,6
R406823,L201224,9,2026-05-24,12906.1,0,6
R406824,L201224,10,2026-06-24,13598.44,0,6
R406825,L201225,1,2026-01-05,7793.16,0,1
R406826,L201225,2,2026-02-05,8142.35,0,4
R406827,L201225,3,2026-03-05,7893.65,0,4
R406828,L201225,4,2026-04-05,8203.04,0,6
R406829,L201225,5,2026-05-05,8659.79,0,0
R406830,L201225,6,2026-06-05,8892.1,0,5
R406831,L201226,1,2026-02-03,16447.47,0,3
R406832,L201226,2,2026-03-03,16729.95,0,6
R406833,L201226,3,2026-04-03,15526.85,0,3
R406834,L201226,4,2026-05-03,15519.64,0,6
R406835,L201226,5,2026-06-03,15529.58,0,0
R406836,L201227,1,2025-08-13,3406.93,0,6
R406837,L201227,2,2025-09-13,3106.91,0,0
R406838,L201227,3,2025-10-13,3387.33,0,2
R406839,L201227,4,2025-11-13,3451.29,0,3
R406840,L201227,5,2025-12-13,3171.73,0,1
R406841,L201227,6,2026-01-13,3245.66,0,3
R406842,L201227,7,2026-02-13,3233.15,0,1
R406843,L201227,8,2026-03-13,3017.46,0,1
R406844,L201227,9,2026-04-13,3275.78,0,5
R406845,L201227,10,2026-05-13,3042.88,0,2
R406846,L201227,11,2026-06-13,3346.38,0,4
R406847,L201228,1,2026-04-16,23811.97,0,3
R406848,L201228,2,2026-05-16,23978.59,0,6
R406849,L201228,3,2026-06-16,25064.24,0,1
R406850,L201229,1,2026-05-09,895.62,0,2
R406851,L201229,2,2026-06-09,978.1,0,1
R406852,L201230,1,2026-03-04,1724.43,0,1
R406853,L201230,2,2026-04-04,,1,59
R406854,L201230,3,2026-05-04,1793.32,0,3
R406855,L201230,4,2026-06-04,1824.49,0,5
R406856,L201231,1,2026-04-09,2850.68,0,4
R406857,L201231,2,2026-05-09,2982.18,0,5
R406858,L201231,3,2026-06-09,2825.08,0,3
R406859,L201232,1,2025-10-06,3115.38,0,3
R406860,L201232,2,2025-11-06,2809.33,0,0
R406861,L201232,3,2025-12-06,2925.0,0,2
R406862,L201232,4,2026-01-06,2862.31,0,6
R406863,L201232,5,2026-02-06,2948.29,0,6
R406864,L201232,6,2026-03-06,2942.57,0,5
R406865,L201232,7,2026-04-06,3013.49,0,1
R406866,L201232,8,2026-05-06,2815.54,0,6
R406867,L201232,9,2026-06-06,3115.68,0,0
R406868,L201233,1,2026-07-24,746.06,0,3
R406869,L201234,1,2026-06-15,2879.01,0,1
R406870,L201235,1,2025-10-07,10435.23,0,2
R406871,L201235,2,2025-11-07,10589.69,0,4
R406872,L201235,3,2025-12-07,10263.33,0,1
R406873,L201235,4,2026-01-07,10696.28,0,6
R406874,L201235,5,2026-02-07,10848.39,0,3
R406875,L201235,6,2026-03-07,11218.89,0,1
R406876,L201235,7,2026-04-07,9809.67,0,2
R406877,L201235,8,2026-05-07,9954.09,0,2
R406878,L201235,9,2026-06-07,10438.41,0,5
R406879,L201236,1,2025-11-05,2549.65,0,6
R406880,L201236,2,2025-12-05,,1,92
R406881,L201236,3,2026-01-05,2683.05,0,1
R406882,L201236,4,2026-02-05,2738.26,0,0
R406883,L201236,5,2026-03-05,2557.12,0,5
R406884,L201236,6,2026-04-05,2569.55,0,0
R406885,L201236,7,2026-05-05,2741.97,0,4
R406886,L201236,8,2026-06-05,2764.94,0,0
R406887,L201237,1,2025-09-12,1510.59,0,4
R406888,L201237,2,2025-10-12,1440.38,0,5
R406889,L201237,3,2025-11-12,1405.87,0,3
R406890,L201237,4,2025-12-12,1403.75,0,1
R406891,L201237,5,2026-01-12,1437.99,0,0
R406892,L201237,6,2026-02-12,1496.97,0,4
R406893,L201237,7,2026-03-12,1509.26,0,5
R406894,L201237,8,2026-04-12,1418.87,0,0
R406895,L201237,9,2026-05-12,1517.3,0,2
R406896,L201237,10,2026-06-12,1404.17,0,0
R406897,L201238,1,2025-11-01,3213.15,0,4
R406898,L201238,2,2025-12-01,3378.35,0,5
R406899,L201238,3,2026-01-01,3457.21,0,4
R406900,L201238,4,2026-02-01,,1,45
R406901,L201238,5,2026-03-01,3152.14,0,4
R406902,L201238,6,2026-04-01,3079.56,0,1
R406903,L201238,7,2026-05-01,,1,70
R406904,L201238,8,2026-06-01,3044.19,0,0
R406905,L201238,9,2026-07-01,3079.61,0,5
R406906,L201239,1,2025-12-27,232.97,0,1
R406907,L201239,2,2026-01-27,203.66,0,3
R406908,L201239,3,2026-02-27,212.66,0,3
R406909,L201239,4,2026-03-27,225.51,0,1
R406910,L201239,5,2026-04-27,,1,67
R406911,L201239,6,2026-05-27,,1,32
R406912,L201239,7,2026-06-27,,1,93
R406913,L201240,1,2025-08-25,2640.23,0,5
R406914,L201240,2,2025-09-25,2435.36,0,4
R406915,L201240,3,2025-10-25,2564.8,0,3
R406916,L201240,4,2025-11-25,2450.55,0,4
R406917,L201240,5,2025-12-25,2379.3,0,3
R406918,L201240,6,2026-01-25,2347.41,0,6
R406919,L201240,7,2026-02-25,2628.14,0,3
R406920,L201240,8,2026-03-25,2566.82,0,6
R406921,L201240,9,2026-04-25,2597.39,0,6
R406922,L201240,10,2026-05-25,2588.82,0,1
R406923,L201240,11,2026-06-25,2331.31,0,4
R406924,L201241,1,2026-02-28,3392.44,0,3
R406925,L201241,2,2026-03-29,3374.08,0,2
R406926,L201241,3,2026-04-29,3419.65,0,0
R406927,L201241,4,2026-05-29,3258.17,0,2
R406928,L201241,5,2026-06-29,3118.52,0,6
R406929,L201242,1,2025-10-16,1511.6,0,6
R406930,L201242,2,2025-11-16,1591.04,0,4
R406931,L201242,3,2025-12-16,1601.93,0,2
R406932,L201242,4,2026-01-16,,1,41
R406933,L201242,5,2026-02-16,1531.84,0,1
R406934,L201242,6,2026-03-16,1433.52,0,6
R406935,L201242,7,2026-04-16,1441.11,0,6
R406936,L201242,8,2026-05-16,1492.25,0,5
R406937,L201242,9,2026-06-16,1536.24,0,5
R406938,L201243,1,2026-05-07,,1,74
R406939,L201243,2,2026-06-07,43670.43,0,3
R406940,L201244,1,2025-12-08,724.66,0,5
R406941,L201244,2,2026-01-08,678.6,0,0
R406942,L201244,3,2026-02-08,,1,62
R406943,L201244,4,2026-03-08,706.63,0,3
R406944,L201244,5,2026-04-08,631.07,0,5
R406945,L201244,6,2026-05-08,657.21,0,2
R406946,L201244,7,2026-06-08,720.27,0,0
R406947,L201245,1,2025-11-18,80547.78,0,3
R406948,L201245,2,2025-12-18,,1,74
R406949,L201245,3,2026-01-18,82446.37,0,1
R406950,L201245,4,2026-02-18,88446.19,0,6
R406951,L201245,5,2026-03-18,81646.8,0,0
R406952,L201245,6,2026-04-18,76558.49,0,3
R406953,L201245,7,2026-05-18,88396.32,0,6
R406954,L201245,8,2026-06-18,83039.52,0,4
R406955,L201246,1,2026-03-14,,1,94
R406956,L201246,2,2026-04-14,47565.91,0,0
R406957,L201246,3,2026-05-14,49435.82,0,2
R406958,L201246,4,2026-06-14,49583.5,0,0
R406959,L201247,1,2026-07-09,7975.46,0,5
R406960,L201248,1,2026-02-19,2372.96,0,6
R406961,L201248,2,2026-03-19,,1,88
R406962,L201248,3,2026-04-19,2260.56,0,5
R406963,L201248,4,2026-05-19,2061.78,0,5
R406964,L201248,5,2026-06-19,2161.04,0,3
R406965,L201249,1,2026-04-25,897.78,0,5
R406966,L201249,2,2026-05-25,1006.69,0,3
R406967,L201249,3,2026-06-25,920.14,0,4
R406968,L201250,1,2026-06-20,4561.48,0,2
R406969,L201251,1,2026-01-06,14640.09,0,0
R406970,L201251,2,2026-02-06,13537.22,0,2
R406971,L201251,3,2026-03-06,12809.21,0,1
R406972,L201251,4,2026-04-06,14580.25,0,3
R406973,L201251,5,2026-05-06,13881.72,0,3
R406974,L201251,6,2026-06-06,,1,74
R406975,L201252,1,2026-05-03,1243.33,0,3
R406976,L201252,2,2026-06-03,1200.93,0,0
R406977,L201253,1,2026-03-03,868.48,0,0
R406978,L201253,2,2026-04-03,850.75,0,0
R406979,L201253,3,2026-05-03,,1,71
R406980,L201253,4,2026-06-03,952.27,0,6
R406981,L201254,1,2026-03-20,3067.18,0,3
R406982,L201254,2,2026-04-20,2896.72,0,2
R406983,L201254,3,2026-05-20,2973.7,0,1
R406984,L201254,4,2026-06-20,2907.79,0,3
R406985,L201255,1,2026-04-24,5872.33,0,1
R406986,L201255,2,2026-05-24,5785.2,0,1
R406987,L201255,3,2026-06-24,,1,96
R406988,L201256,1,2026-04-14,1286.44,0,5
R406989,L201256,2,2026-05-14,1243.76,0,2
R406990,L201256,3,2026-06-14,1194.83,0,0
R406991,L201257,1,2026-04-14,,1,32
R406992,L201257,2,2026-05-14,17393.52,0,2
R406993,L201257,3,2026-06-14,16647.43,0,0
R406994,L201258,1,2025-10-26,,1,39
R406995,L201258,2,2025-11-26,6017.35,0,3
R406996,L201258,3,2025-12-26,5439.67,0,5
R406997,L201258,4,2026-01-26,5820.89,0,1
R406998,L201258,5,2026-02-26,,1,91
R406999,L201258,6,2026-03-26,5753.42,0,4
R407000,L201258,7,2026-04-26,5765.78,0,5
R407001,L201258,8,2026-05-26,6000.48,0,5
R407002,L201258,9,2026-06-26,5576.07,0,6
R407003,L201259,1,2025-09-18,1213.62,0,2
R407004,L201259,2,2025-10-18,1176.71,0,3
R407005,L201259,3,2025-11-18,1196.72,0,3
R407006,L201259,4,2025-12-18,1090.94,0,3
R407007,L201259,5,2026-01-18,1154.78,0,6
R407008,L201259,6,2026-02-18,,1,37
R407009,L201259,7,2026-03-18,1151.58,0,2
R407010,L201259,8,2026-04-18,1221.62,0,5
R407011,L201259,9,2026-05-18,1213.77,0,0
R407012,L201259,10,2026-06-18,1237.47,0,6
R407013,L201260,1,2026-01-27,8346.22,0,2
R407014,L201260,2,2026-02-27,7820.3,0,3
R407015,L201260,3,2026-03-27,8228.31,0,3
R407016,L201260,4,2026-04-27,8412.69,0,1
R407017,L201260,5,2026-05-27,8207.33,0,4
R407018,L201260,6,2026-06-27,7769.24,0,2
R407019,L201261,1,2026-01-11,20835.6,0,2
R407020,L201261,2,2026-02-11,20356.77,0,1
R407021,L201261,3,2026-03-11,21365.59,0,3
R407022,L201261,4,2026-04-11,22923.86,0,3
R407023,L201261,5,2026-05-11,22135.18,0,6
R407024,L201261,6,2026-06-11,20114.14,0,1
R407025,L201262,1,2026-05-10,,1,54
R407026,L201262,2,2026-06-10,3383.64,0,3
R407027,L201263,1,2025-12-23,,1,96
R407028,L201263,2,2026-01-23,306.23,0,0
R407029,L201263,3,2026-02-23,273.7,0,4
R407030,L201263,4,2026-03-23,273.29,0,4
R407031,L201263,5,2026-04-23,305.38,0,6
R407032,L201263,6,2026-05-23,,1,48
R407033,L201263,7,2026-06-23,,1,69
R407034,L201264,1,2025-12-06,19053.89,0,4
R407035,L201264,2,2026-01-06,,1,76
R407036,L201264,3,2026-02-06,19017.82,0,0
R407037,L201264,4,2026-03-06,19084.05,0,1
R407038,L201264,5,2026-04-06,19091.37,0,1
R407039,L201264,6,2026-05-06,16520.08,0,6
R407040,L201264,7,2026-06-06,17429.78,0,5
R407041,L201265,1,2026-05-15,3701.31,0,5
R407042,L201265,2,2026-06-15,3983.15,0,4
R407043,L201266,1,2026-03-25,1335.42,0,6
R407044,L201266,2,2026-04-25,1284.19,0,2
R407045,L201266,3,2026-05-25,1356.29,0,6
R407046,L201266,4,2026-06-25,,1,39
R407047,L201267,1,2025-12-08,1398.85,0,2
R407048,L201267,2,2026-01-08,1574.42,0,2
R407049,L201267,3,2026-02-08,1520.88,0,3
R407050,L201267,4,2026-03-08,1531.67,0,4
R407051,L201267,5,2026-04-08,1576.55,0,6
R407052,L201267,6,2026-05-08,1394.66,0,0
R407053,L201267,7,2026-06-08,1368.64,0,0
R407054,L201268,1,2026-02-24,3455.22,0,0
R407055,L201268,2,2026-03-24,3481.13,0,6
R407056,L201268,3,2026-04-24,3493.1,0,0
R407057,L201268,4,2026-05-24,3845.66,0,6
R407058,L201268,5,2026-06-24,3478.22,0,0
R407059,L201269,1,2025-09-27,5840.09,0,3
R407060,L201269,2,2025-10-27,5758.57,0,5
R407061,L201269,3,2025-11-27,5899.09,0,5
R407062,L201269,4,2025-12-27,5734.8,0,4
R407063,L201269,5,2026-01-27,5610.16,0,2
R407064,L201269,6,2026-02-27,5570.72,0,5
R407065,L201269,7,2026-03-27,5170.49,0,4
R407066,L201269,8,2026-04-27,5143.39,0,1
R407067,L201269,9,2026-05-27,5799.31,0,6
R407068,L201269,10,2026-06-27,5588.74,0,5
R407069,L201270,1,2026-04-22,2404.13,0,2
R407070,L201270,2,2026-05-22,2413.55,0,6
R407071,L201270,3,2026-06-22,2238.28,0,6
R407072,L201271,1,2026-05-08,13981.58,0,0
R407073,L201271,2,2026-06-08,14205.37,0,1
R407074,L201272,1,2026-02-02,8161.11,0,6
R407075,L201272,2,2026-03-02,7330.47,0,2
R407076,L201272,3,2026-04-02,,1,53
R407077,L201272,4,2026-05-02,7098.16,0,3
R407078,L201272,5,2026-06-02,7791.08,0,2
R407079,L201273,1,2025-10-06,4405.59,0,1
R407080,L201273,2,2025-11-06,3929.5,0,3
R407081,L201273,3,2025-12-06,4257.62,0,4
R407082,L201273,4,2026-01-06,4054.42,0,4
R407083,L201273,5,2026-02-06,3964.52,0,1
R407084,L201273,6,2026-03-06,4318.7,0,3
R407085,L201273,7,2026-04-06,4369.72,0,3
R407086,L201273,8,2026-05-06,3816.18,0,0
R407087,L201273,9,2026-06-06,4132.82,0,2
R407088,L201274,1,2025-08-16,15796.59,0,6
R407089,L201274,2,2025-09-16,15831.67,0,5
R407090,L201274,3,2025-10-16,,1,62
R407091,L201274,4,2025-11-16,16817.75,0,3
R407092,L201274,5,2025-12-16,,1,73
R407093,L201274,6,2026-01-16,,1,81
R407094,L201274,7,2026-02-16,,1,83
R407095,L201274,8,2026-03-16,,1,67
R407096,L201274,9,2026-04-16,,1,95
R407097,L201274,10,2026-05-16,,1,30
R407098,L201274,11,2026-06-16,15580.79,0,6
R407099,L201275,1,2025-11-08,8446.11,0,0
R407100,L201275,2,2025-12-08,7795.69,0,0
R407101,L201275,3,2026-01-08,7788.19,0,3
R407102,L201275,4,2026-02-08,7739.64,0,5
R407103,L201275,5,2026-03-08,8576.42,0,2
R407104,L201275,6,2026-04-08,8805.5,0,1
R407105,L201275,7,2026-05-08,,1,34
R407106,L201275,8,2026-06-08,8587.77,0,4
R407107,L201276,1,2026-07-07,4629.52,0,4
R407108,L201277,1,2025-12-03,5484.12,0,0
R407109,L201277,2,2026-01-03,4881.1,0,6
R407110,L201277,3,2026-02-03,5030.26,0,6
R407111,L201277,4,2026-03-03,5341.43,0,1
R407112,L201277,5,2026-04-03,5099.43,0,3
R407113,L201277,6,2026-05-03,4901.25,0,5
R407114,L201277,7,2026-06-03,5487.07,0,6
R407115,L201278,1,2026-07-09,867.88,0,0
R407116,L201279,1,2026-06-01,3668.19,0,1
R407117,L201279,2,2026-07-01,3720.57,0,1
R407118,L201280,1,2026-05-15,2778.49,0,6
R407119,L201280,2,2026-06-15,2855.37,0,4
R407120,L201281,1,2026-02-18,6822.98,0,1
R407121,L201281,2,2026-03-18,7347.41,0,1
R407122,L201281,3,2026-04-18,7390.72,0,4
R407123,L201281,4,2026-05-18,6800.6,0,0
R407124,L201281,5,2026-06-18,7431.78,0,5
R407125,L201282,1,2026-07-10,3102.95,0,5
R407126,L201283,1,2025-11-17,1423.73,0,1
R407127,L201283,2,2025-12-17,1303.1,0,3
R407128,L201283,3,2026-01-17,1402.76,0,5
R407129,L201283,4,2026-02-17,1313.72,0,3
R407130,L201283,5,2026-03-17,1458.08,0,2
R407131,L201283,6,2026-04-17,1398.19,0,0
R407132,L201283,7,2026-05-17,1299.39,0,5
R407133,L201283,8,2026-06-17,1286.88,0,2
R407134,L201284,1,2025-08-04,6129.31,0,3
R407135,L201284,2,2025-09-04,5515.89,0,5
R407136,L201284,3,2025-10-04,5830.37,0,0
R407137,L201284,4,2025-11-04,5857.17,0,3
R407138,L201284,5,2025-12-04,6066.96,0,4
R407139,L201284,6,2026-01-04,5867.72,0,6
R407140,L201284,7,2026-02-04,5785.16,0,4
R407141,L201284,8,2026-03-04,5384.95,0,5
R407142,L201284,9,2026-04-04,5735.17,0,1
R407143,L201284,10,2026-05-04,5858.22,0,4
R407144,L201284,11,2026-06-04,6067.84,0,3
R407145,L201284,12,2026-07-04,5849.89,0,4
R407146,L201285,1,2026-06-02,362.78,0,6
R407147,L201286,1,2026-04-15,1310.76,0,6
R407148,L201286,2,2026-05-15,1327.28,0,2
R407149,L201286,3,2026-06-15,1345.66,0,2
R407150,L201287,1,2026-05-28,2132.45,0,5
R407151,L201287,2,2026-06-28,2176.74,0,3
R407152,L201288,1,2025-09-11,3127.84,0,5
R407153,L201288,2,2025-10-11,2926.25,0,0
R407154,L201288,3,2025-11-11,2748.23,0,6
R407155,L201288,4,2025-12-11,2812.95,0,4
R407156,L201288,5,2026-01-11,2949.61,0,4
R407157,L201288,6,2026-02-11,2730.96,0,6
R407158,L201288,7,2026-03-11,2785.74,0,5
R407159,L201288,8,2026-04-11,2727.12,0,5
R407160,L201288,9,2026-05-11,2998.07,0,2
R407161,L201288,10,2026-06-11,3028.69,0,6
R407162,L201289,1,2025-10-07,2269.2,0,6
R407163,L201289,2,2025-11-07,2262.2,0,1
R407164,L201289,3,2025-12-07,2384.65,0,6
R407165,L201289,4,2026-01-07,2350.71,0,1
R407166,L201289,5,2026-02-07,2281.01,0,2
R407167,L201289,6,2026-03-07,2362.06,0,1
R407168,L201289,7,2026-04-07,,1,69
R407169,L201289,8,2026-05-07,2447.48,0,1
R407170,L201289,9,2026-06-07,2443.39,0,0
R407171,L201290,1,2026-06-21,1537.25,0,6
R407172,L201291,1,2025-09-30,5182.96,0,3
R407173,L201291,2,2025-10-30,5971.54,0,0
R407174,L201291,3,2025-11-30,5964.11,0,2
R407175,L201291,4,2025-12-30,5733.98,0,0
R407176,L201291,5,2026-01-30,5379.69,0,6
R407177,L201291,6,2026-02-28,5873.23,0,6
R407178,L201291,7,2026-03-30,5470.78,0,1
R407179,L201291,8,2026-04-30,5949.68,0,5
R407180,L201291,9,2026-05-30,5670.22,0,3
R407181,L201291,10,2026-06-30,5270.89,0,4
R407182,L201292,1,2025-09-02,7472.93,0,2
R407183,L201292,2,2025-10-02,6955.5,0,2
R407184,L201292,3,2025-11-02,7868.07,0,2
R407185,L201292,4,2025-12-02,7064.4,0,0
R407186,L201292,5,2026-01-02,7801.89,0,6
R407187,L201292,6,2026-02-02,7443.89,0,4
R407188,L201292,7,2026-03-02,7219.0,0,6
R407189,L201292,8,2026-04-02,7691.3,0,4
R407190,L201292,9,2026-05-02,7766.97,0,1
R407191,L201292,10,2026-06-02,7193.65,0,1
R407192,L201292,11,2026-07-02,,1,97
R407193,L201293,1,2025-10-07,4258.7,0,0
R407194,L201293,2,2025-11-07,3794.57,0,6
R407195,L201293,3,2025-12-07,3728.13,0,5
R407196,L201293,4,2026-01-07,,1,95
R407197,L201293,5,2026-02-07,4276.42,0,0
R407198,L201293,6,2026-03-07,4099.97,0,1
R407199,L201293,7,2026-04-07,4027.46,0,4
R407200,L201293,8,2026-05-07,3694.78,0,6
R407201,L201293,9,2026-06-07,4148.83,0,2
R407202,L201294,1,2026-02-12,9774.14,0,1
R407203,L201294,2,2026-03-12,8624.1,0,1
R407204,L201294,3,2026-04-12,9246.71,0,0
R407205,L201294,4,2026-05-12,9861.5,0,3
R407206,L201294,5,2026-06-12,9672.16,0,6
R407207,L201295,1,2026-03-21,5161.46,0,0
R407208,L201295,2,2026-04-21,5382.26,0,6
R407209,L201295,3,2026-05-21,5067.26,0,4
R407210,L201295,4,2026-06-21,4804.21,0,0
R407211,L201296,1,2025-08-08,8237.55,0,2
R407212,L201296,2,2025-09-08,,1,64
R407213,L201296,3,2025-10-08,8538.78,0,3
R407214,L201296,4,2025-11-08,8423.68,0,6
R407215,L201296,5,2025-12-08,7844.4,0,1
R407216,L201296,6,2026-01-08,8035.2,0,4
R407217,L201296,7,2026-02-08,8911.22,0,3
R407218,L201296,8,2026-03-08,7846.87,0,4
R407219,L201296,9,2026-04-08,7803.43,0,3
R407220,L201296,10,2026-05-08,7968.02,0,4
R407221,L201296,11,2026-06-08,7689.42,0,2
R407222,L201297,1,2025-10-26,5277.0,0,1
R407223,L201297,2,2025-11-26,5174.15,0,6
R407224,L201297,3,2025-12-26,5109.5,0,2
R407225,L201297,4,2026-01-26,5385.98,0,3
R407226,L201297,5,2026-02-26,5349.82,0,5
R407227,L201297,6,2026-03-26,5601.57,0,5
R407228,L201297,7,2026-04-26,5169.35,0,0
R407229,L201297,8,2026-05-26,5197.13,0,1
R407230,L201297,9,2026-06-26,5757.51,0,6
R407231,L201298,1,2025-10-03,2655.52,0,0
R407232,L201298,2,2025-11-03,2770.98,0,1
R407233,L201298,3,2025-12-03,2800.39,0,6
R407234,L201298,4,2026-01-03,,1,39
R407235,L201298,5,2026-02-03,2600.89,0,5
R407236,L201298,6,2026-03-03,2722.89,0,6
R407237,L201298,7,2026-04-03,2503.82,0,5
R407238,L201298,8,2026-05-03,2491.76,0,5
R407239,L201298,9,2026-06-03,2739.62,0,5
R407240,L201298,10,2026-07-03,2479.44,0,4
R407241,L201299,1,2025-10-02,11734.1,0,3
R407242,L201299,2,2025-11-02,11657.36,0,1
R407243,L201299,3,2025-12-02,12370.18,0,5
R407244,L201299,4,2026-01-02,12443.57,0,1
R407245,L201299,5,2026-02-02,12486.81,0,0
R407246,L201299,6,2026-03-02,11763.79,0,3
R407247,L201299,7,2026-04-02,12149.68,0,5
R407248,L201299,8,2026-05-02,11835.27,0,3
R407249,L201299,9,2026-06-02,12482.26,0,5
R407250,L201299,10,2026-07-02,11640.01,0,3
R407251,L201300,1,2026-04-06,422.68,0,2
R407252,L201300,2,2026-05-06,413.73,0,4
R407253,L201300,3,2026-06-06,403.2,0,6
R407254,L201301,1,2026-01-14,5838.45,0,5
R407255,L201301,2,2026-02-14,,1,68
R407256,L201301,3,2026-03-14,6241.2,0,2
R407257,L201301,4,2026-04-14,5634.44,0,0
R407258,L201301,5,2026-05-14,6086.73,0,5
R407259,L201301,6,2026-06-14,5888.51,0,3
R407260,L201302,1,2025-08-28,6032.16,0,5
R407261,L201302,2,2025-09-28,5883.89,0,4
R407262,L201302,3,2025-10-28,6507.61,0,3
R407263,L201302,4,2025-11-28,6326.53,0,0
R407264,L201302,5,2025-12-28,6203.65,0,0
R407265,L201302,6,2026-01-28,,1,86
R407266,L201302,7,2026-02-28,5668.25,0,2
R407267,L201302,8,2026-03-28,6288.5,0,6
R407268,L201302,9,2026-04-28,5761.4,0,3
R407269,L201302,10,2026-05-28,6532.11,0,0
R407270,L201302,11,2026-06-28,6418.09,0,0
R407271,L201303,1,2025-10-07,24207.6,0,0
R407272,L201303,2,2025-11-07,25731.24,0,4
R407273,L201303,3,2025-12-07,25064.07,0,0
R407274,L201303,4,2026-01-07,25678.65,0,2
R407275,L201303,5,2026-02-07,27690.6,0,3
R407276,L201303,6,2026-03-07,26664.79,0,6
R407277,L201303,7,2026-04-07,27246.37,0,1
R407278,L201303,8,2026-05-07,26278.46,0,4
R407279,L201303,9,2026-06-07,,1,63
R407280,L201304,1,2026-02-20,11429.8,0,3
R407281,L201304,2,2026-03-20,10562.89,0,4
R407282,L201304,3,2026-04-20,10653.27,0,2
R407283,L201304,4,2026-05-20,11062.7,0,2
R407284,L201304,5,2026-06-20,11181.57,0,5
R407285,L201305,1,2026-06-18,7430.56,0,4
R407286,L201306,1,2025-10-01,802.6,0,0
R407287,L201306,2,2025-11-01,882.17,0,5
R407288,L201306,3,2025-12-01,826.44,0,0
R407289,L201306,4,2026-01-01,779.03,0,0
R407290,L201306,5,2026-02-01,,1,92
R407291,L201306,6,2026-03-01,793.4,0,2
R407292,L201306,7,2026-04-01,885.67,0,2
R407293,L201306,8,2026-05-01,,1,84
R407294,L201306,9,2026-06-01,837.12,0,4
R407295,L201306,10,2026-07-01,815.83,0,2
R407296,L201307,1,2025-10-06,478.56,0,6
R407297,L201307,2,2025-11-06,507.75,0,0
R407298,L201307,3,2025-12-06,507.7,0,4
R407299,L201307,4,2026-01-06,532.99,0,6
R407300,L201307,5,2026-02-06,,1,39
R407301,L201307,6,2026-03-06,483.1,0,2
R407302,L201307,7,2026-04-06,520.49,0,1
R407303,L201307,8,2026-05-06,542.5,0,6
R407304,L201307,9,2026-06-06,486.23,0,0
R407305,L201308,1,2026-04-25,1575.98,0,1
R407306,L201308,2,2026-05-25,1404.03,0,2
R407307,L201308,3,2026-06-25,,1,85
R407308,L201309,1,2025-10-28,,1,58
R407309,L201309,2,2025-11-28,,1,37
R407310,L201309,3,2025-12-28,,1,86
R407311,L201309,4,2026-01-28,,1,31
R407312,L201309,5,2026-02-28,2601.15,0,6
R407313,L201309,6,2026-03-28,2857.77,0,0
R407314,L201309,7,2026-04-28,,1,31
R407315,L201309,8,2026-05-28,2712.21,0,1
R407316,L201309,9,2026-06-28,2643.58,0,6
R407317,L201310,1,2026-02-16,36148.94,0,5
R407318,L201310,2,2026-03-16,36239.51,0,0
R407319,L201310,3,2026-04-16,36093.81,0,4
R407320,L201310,4,2026-05-16,34736.56,0,2
R407321,L201310,5,2026-06-16,33419.25,0,2
R407322,L201311,1,2026-02-28,2454.71,0,5
R407323,L201311,2,2026-03-31,2345.07,0,3
R407324,L201311,3,2026-04-30,2620.14,0,6
R407325,L201311,4,2026-05-31,2639.31,0,6
R407326,L201311,5,2026-06-30,2611.79,0,6
R407327,L201312,1,2025-11-26,2381.63,0,4
R407328,L201312,2,2025-12-26,2265.57,0,2
R407329,L201312,3,2026-01-26,2183.57,0,1
R407330,L201312,4,2026-02-26,2407.56,0,2
R407331,L201312,5,2026-03-26,2391.6,0,4
R407332,L201312,6,2026-04-26,2321.76,0,2
R407333,L201312,7,2026-05-26,2376.45,0,0
R407334,L201312,8,2026-06-26,2425.35,0,2
R407335,L201313,1,2025-08-01,,1,67
R407336,L201313,2,2025-09-01,6639.45,0,3
R407337,L201313,3,2025-10-01,6374.19,0,2
R407338,L201313,4,2025-11-01,,1,55
R407339,L201313,5,2025-12-01,6982.76,0,0
R407340,L201313,6,2026-01-01,6563.76,0,1
R407341,L201313,7,2026-02-01,7004.07,0,4
R407342,L201313,8,2026-03-01,6611.31,0,0
R407343,L201313,9,2026-04-01,6467.29,0,5
R407344,L201313,10,2026-05-01,6586.63,0,2
R407345,L201313,11,2026-06-01,6577.56,0,1
R407346,L201313,12,2026-07-01,6667.19,0,2
R407347,L201314,1,2026-02-21,,1,69
R407348,L201314,2,2026-03-21,,1,43
R407349,L201314,3,2026-04-21,,1,47
R407350,L201314,4,2026-05-21,1707.36,0,5
R407351,L201314,5,2026-06-21,1933.22,0,1
R407352,L201315,1,2026-04-08,1168.43,0,4
R407353,L201315,2,2026-05-08,1222.09,0,5
R407354,L201315,3,2026-06-08,1277.28,0,5
R407355,L201316,1,2025-10-18,2363.62,0,0
R407356,L201316,2,2025-11-18,2641.68,0,4
R407357,L201316,3,2025-12-18,2513.28,0,3
R407358,L201316,4,2026-01-18,,1,73
R407359,L201316,5,2026-02-18,2579.32,0,5
R407360,L201316,6,2026-03-18,2563.94,0,3
R407361,L201316,7,2026-04-18,2707.58,0,4
R407362,L201316,8,2026-05-18,2502.33,0,3
R407363,L201316,9,2026-06-18,2626.42,0,6
R407364,L201317,1,2025-12-30,7601.3,0,6
R407365,L201317,2,2026-01-30,6663.81,0,6
R407366,L201317,3,2026-02-28,,1,66
R407367,L201317,4,2026-03-30,7363.52,0,5
R407368,L201317,5,2026-04-30,6797.96,0,2
R407369,L201317,6,2026-05-30,6777.31,0,0
R407370,L201317,7,2026-06-30,7630.39,0,0
R407371,L201318,1,2026-03-20,,1,86
R407372,L201318,2,2026-04-20,223.06,0,1
R407373,L201318,3,2026-05-20,,1,88
R407374,L201318,4,2026-06-20,238.82,0,2
R407375,L201319,1,2026-01-03,642.99,0,2
R407376,L201319,2,2026-02-03,662.78,0,4
R407377,L201319,3,2026-03-03,696.63,0,3
R407378,L201319,4,2026-04-03,704.25,0,5
R407379,L201319,5,2026-05-03,713.18,0,5
R407380,L201319,6,2026-06-03,652.56,0,5
R407381,L201320,1,2026-03-03,42892.83,0,2
R407382,L201320,2,2026-04-03,42760.57,0,3
R407383,L201320,3,2026-05-03,,1,30
R407384,L201320,4,2026-06-03,41692.39,0,5
R407385,L201321,1,2025-11-28,5312.38,0,1
R407386,L201321,2,2025-12-28,5657.57,0,5
R407387,L201321,3,2026-01-28,5469.56,0,6
R407388,L201321,4,2026-02-28,5734.1,0,0
R407389,L201321,5,2026-03-28,5447.4,0,3
R407390,L201321,6,2026-04-28,5949.07,0,3
R407391,L201321,7,2026-05-28,6027.42,0,6
R407392,L201321,8,2026-06-28,5281.75,0,2
R407393,L201322,1,2026-05-22,2979.88,0,5
R407394,L201322,2,2026-06-22,3141.18,0,5
R407395,L201323,1,2026-02-24,768.45,0,6
R407396,L201323,2,2026-03-24,775.42,0,6
R407397,L201323,3,2026-04-24,855.69,0,0
R407398,L201323,4,2026-05-24,824.12,0,3
R407399,L201323,5,2026-06-24,787.78,0,1
R407400,L201324,1,2025-12-29,1037.27,0,5
R407401,L201324,2,2026-01-29,955.73,0,5
R407402,L201324,3,2026-02-28,1070.83,0,0
R407403,L201324,4,2026-03-29,1040.09,0,1
R407404,L201324,5,2026-04-29,1022.56,0,4
R407405,L201324,6,2026-05-29,1062.96,0,0
R407406,L201324,7,2026-06-29,950.74,0,2
R407407,L201325,1,2026-05-23,12070.91,0,5
R407408,L201325,2,2026-06-23,12027.77,0,2
R407409,L201326,1,2026-02-24,4117.35,0,2
R407410,L201326,2,2026-03-24,4100.25,0,1
R407411,L201326,3,2026-04-24,3817.77,0,2
R407412,L201326,4,2026-05-24,3948.68,0,6
R407413,L201326,5,2026-06-24,4207.26,0,5
R407414,L201327,1,2026-03-18,632.03,0,4
R407415,L201327,2,2026-04-18,573.35,0,0
R407416,L201327,3,2026-05-18,584.98,0,1
R407417,L201327,4,2026-06-18,,1,86
R407418,L201328,1,2025-10-09,1351.61,0,2
R407419,L201328,2,2025-11-09,,1,70
R407420,L201328,3,2025-12-09,1352.9,0,2
R407421,L201328,4,2026-01-09,1432.15,0,1
R407422,L201328,5,2026-02-09,1339.54,0,5
R407423,L201328,6,2026-03-09,,1,54
R407424,L201328,7,2026-04-09,1404.12,0,4
R407425,L201328,8,2026-05-09,1386.46,0,2
R407426,L201328,9,2026-06-09,1453.2,0,0
R407427,L201329,1,2026-04-19,,1,52
R407428,L201329,2,2026-05-19,6773.15,0,1
R407429,L201329,3,2026-06-19,6478.38,0,5
R407430,L201330,1,2026-02-27,3333.23,0,4
R407431,L201330,2,2026-03-27,3025.24,0,5
R407432,L201330,3,2026-04-27,3061.09,0,3
R407433,L201330,4,2026-05-27,3372.65,0,6
R407434,L201330,5,2026-06-27,3066.58,0,3
R407435,L201331,1,2026-05-24,14501.19,0,6
R407436,L201331,2,2026-06-24,15047.97,0,2
R407437,L201332,1,2026-02-28,9023.71,0,2
R407438,L201332,2,2026-03-31,,1,42
R407439,L201332,3,2026-04-30,9302.45,0,6
R407440,L201332,4,2026-05-31,9495.29,0,3
R407441,L201332,5,2026-06-30,10338.25,0,6
R407442,L201333,1,2026-05-23,17095.1,0,1
R407443,L201333,2,2026-06-23,18854.13,0,4
R407444,L201334,1,2025-09-27,788.04,0,1
R407445,L201334,2,2025-10-27,702.98,0,6
R407446,L201334,3,2025-11-27,744.33,0,4
R407447,L201334,4,2025-12-27,766.07,0,2
R407448,L201334,5,2026-01-27,,1,71
R407449,L201334,6,2026-02-27,710.92,0,3
R407450,L201334,7,2026-03-27,729.5,0,4
R407451,L201334,8,2026-04-27,766.16,0,2
R407452,L201334,9,2026-05-27,753.33,0,0
R407453,L201334,10,2026-06-27,683.17,0,4
R407454,L201335,1,2025-09-12,1485.62,0,3
R407455,L201335,2,2025-10-12,,1,32
R407456,L201335,3,2025-11-12,1436.89,0,3
R407457,L201335,4,2025-12-12,1434.17,0,2
R407458,L201335,5,2026-01-12,1585.92,0,2
R407459,L201335,6,2026-02-12,1621.01,0,2
R407460,L201335,7,2026-03-12,1538.61,0,5
R407461,L201335,8,2026-04-12,1504.16,0,5
R407462,L201335,9,2026-05-12,1646.65,0,1
R407463,L201335,10,2026-06-12,1460.02,0,0
R407464,L201336,1,2025-08-22,32654.66,0,5
R407465,L201336,2,2025-09-22,34641.76,0,2
R407466,L201336,3,2025-10-22,30627.2,0,6
R407467,L201336,4,2025-11-22,33393.01,0,6
R407468,L201336,5,2025-12-22,33759.02,0,6
R407469,L201336,6,2026-01-22,30727.71,0,0
R407470,L201336,7,2026-02-22,30744.26,0,0
R407471,L201336,8,2026-03-22,33069.39,0,4
R407472,L201336,9,2026-04-22,30936.11,0,1
R407473,L201336,10,2026-05-22,32259.68,0,5
R407474,L201336,11,2026-06-22,,1,89
R407475,L201337,1,2026-01-01,8912.98,0,3
R407476,L201337,2,2026-02-01,8189.05,0,1
R407477,L201337,3,2026-03-01,,1,64
R407478,L201337,4,2026-04-01,,1,91
R407479,L201337,5,2026-05-01,,1,38
R407480,L201337,6,2026-06-01,8732.92,0,6
R407481,L201337,7,2026-07-01,8287.43,0,1
R407482,L201338,1,2025-11-07,,1,60
R407483,L201338,2,2025-12-07,17519.61,0,0
R407484,L201338,3,2026-01-07,,1,40
R407485,L201338,4,2026-02-07,17700.91,0,3
R407486,L201338,5,2026-03-07,17368.18,0,6
R407487,L201338,6,2026-04-07,,1,98
R407488,L201338,7,2026-05-07,19046.54,0,6
R407489,L201338,8,2026-06-07,17726.82,0,2
R407490,L201339,1,2026-03-15,1519.78,0,4
R407491,L201339,2,2026-04-15,1571.09,0,0
R407492,L201339,3,2026-05-15,1506.79,0,3
R407493,L201339,4,2026-06-15,1514.63,0,6
R407494,L201340,1,2026-06-13,395.64,0,2
R407495,L201341,1,2026-01-08,7943.06,0,4
R407496,L201341,2,2026-02-08,7884.02,0,4
R407497,L201341,3,2026-03-08,7946.54,0,2
R407498,L201341,4,2026-04-08,7167.83,0,2
R407499,L201341,5,2026-05-08,7698.77,0,1
R407500,L201341,6,2026-06-08,7725.38,0,5
R407501,L201342,1,2026-03-15,7788.52,0,0
R407502,L201342,2,2026-04-15,8179.02,0,1
R407503,L201342,3,2026-05-15,8593.17,0,2
R407504,L201342,4,2026-06-15,7861.92,0,0
R407505,L201343,1,2025-08-07,1107.71,0,6
R407506,L201343,2,2025-09-07,,1,91
R407507,L201343,3,2025-10-07,,1,58
R407508,L201343,4,2025-11-07,1146.24,0,3
R407509,L201343,5,2025-12-07,1105.34,0,4
R407510,L201343,6,2026-01-07,,1,93
R407511,L201343,7,2026-02-07,1161.7,0,6
R407512,L201343,8,2026-03-07,1160.76,0,2
R407513,L201343,9,2026-04-07,1205.86,0,3
R407514,L201343,10,2026-05-07,,1,81
R407515,L201343,11,2026-06-07,1180.75,0,4
R407516,L201344,1,2026-06-22,4065.82,0,4
R407517,L201345,1,2025-08-19,6501.06,0,2
R407518,L201345,2,2025-09-19,6286.59,0,5
R407519,L201345,3,2025-10-19,6305.77,0,1
R407520,L201345,4,2025-11-19,6399.04,0,2
R407521,L201345,5,2025-12-19,5939.36,0,2
R407522,L201345,6,2026-01-19,6767.4,0,6
R407523,L201345,7,2026-02-19,6165.07,0,5
R407524,L201345,8,2026-03-19,6031.83,0,3
R407525,L201345,9,2026-04-19,6603.22,0,3
R407526,L201345,10,2026-05-19,6540.79,0,4
R407527,L201345,11,2026-06-19,6671.68,0,2
R407528,L201346,1,2025-09-21,2125.34,0,1
R407529,L201346,2,2025-10-21,2164.62,0,1
R407530,L201346,3,2025-11-21,2241.55,0,4
R407531,L201346,4,2025-12-21,2211.55,0,0
R407532,L201346,5,2026-01-21,2126.94,0,3
R407533,L201346,6,2026-02-21,2319.68,0,1
R407534,L201346,7,2026-03-21,2132.29,0,0
R407535,L201346,8,2026-04-21,2281.52,0,4
R407536,L201346,9,2026-05-21,2150.43,0,0
R407537,L201346,10,2026-06-21,2130.8,0,6
R407538,L201347,1,2025-09-05,612.42,0,3
R407539,L201347,2,2025-10-05,603.17,0,5
R407540,L201347,3,2025-11-05,647.55,0,0
R407541,L201347,4,2025-12-05,659.52,0,4
R407542,L201347,5,2026-01-05,624.03,0,6
R407543,L201347,6,2026-02-05,679.63,0,4
R407544,L201347,7,2026-03-05,590.94,0,0
R407545,L201347,8,2026-04-05,616.41,0,4
R407546,L201347,9,2026-05-05,621.39,0,2
R407547,L201347,10,2026-06-05,590.16,0,0
R407548,L201348,1,2026-01-25,8711.97,0,4
R407549,L201348,2,2026-02-25,9137.67,0,0
R407550,L201348,3,2026-03-25,8523.83,0,0
R407551,L201348,4,2026-04-25,8352.06,0,5
R407552,L201348,5,2026-05-25,8761.47,0,5
R407553,L201348,6,2026-06-25,8351.65,0,5
R407554,L201349,1,2026-02-10,1439.38,0,3
R407555,L201349,2,2026-03-10,1478.55,0,5
R407556,L201349,3,2026-04-10,1447.94,0,3
R407557,L201349,4,2026-05-10,1453.19,0,5
R407558,L201349,5,2026-06-10,1435.89,0,1
R407559,L201350,1,2026-07-24,17791.31,0,0
R407560,L201351,1,2026-02-25,1312.72,0,2
R407561,L201351,2,2026-03-25,1371.59,0,5
R407562,L201351,3,2026-04-25,1373.46,0,2
R407563,L201351,4,2026-05-25,1280.21,0,4
R407564,L201351,5,2026-06-25,1252.29,0,6
R407565,L201352,1,2025-11-26,662.67,0,5
R407566,L201352,2,2025-12-26,667.71,0,1
R407567,L201352,3,2026-01-26,670.28,0,4
R407568,L201352,4,2026-02-26,730.37,0,4
R407569,L201352,5,2026-03-26,746.49,0,5
R407570,L201352,6,2026-04-26,749.97,0,1
R407571,L201352,7,2026-05-26,708.65,0,6
R407572,L201352,8,2026-06-26,695.8,0,1
R407573,L201353,1,2025-12-18,38458.05,0,1
R407574,L201353,2,2026-01-18,37319.31,0,1
R407575,L201353,3,2026-02-18,35657.46,0,0
R407576,L201353,4,2026-03-18,,1,81
R407577,L201353,5,2026-04-18,,1,35
R407578,L201353,6,2026-05-18,35974.93,0,4
R407579,L201353,7,2026-06-18,38147.14,0,1
R407580,L201354,1,2025-08-19,13325.55,0,5
R407581,L201354,2,2025-09-19,13100.53,0,6
R407582,L201354,3,2025-10-19,13639.17,0,3
R407583,L201354,4,2025-11-19,13410.19,0,3
R407584,L201354,5,2025-12-19,13014.82,0,5
R407585,L201354,6,2026-01-19,13369.03,0,2
R407586,L201354,7,2026-02-19,12947.6,0,6
R407587,L201354,8,2026-03-19,13054.99,0,5
R407588,L201354,9,2026-04-19,,1,79
R407589,L201354,10,2026-05-19,14395.21,0,2
R407590,L201354,11,2026-06-19,12937.46,0,6
R407591,L201355,1,2025-12-22,519.68,0,3
R407592,L201355,2,2026-01-22,515.43,0,6
R407593,L201355,3,2026-02-22,509.31,0,5
R407594,L201355,4,2026-03-22,460.56,0,0
R407595,L201355,5,2026-04-22,504.73,0,3
R407596,L201355,6,2026-05-22,460.96,0,0
R407597,L201355,7,2026-06-22,479.08,0,5
R407598,L201356,1,2025-08-03,3361.47,0,0
R407599,L201356,2,2025-09-03,3192.38,0,5
R407600,L201356,3,2025-10-03,3637.77,0,3
R407601,L201356,4,2025-11-03,3165.52,0,3
R407602,L201356,5,2025-12-03,3199.43,0,0
R407603,L201356,6,2026-01-03,3520.02,0,4
R407604,L201356,7,2026-02-03,3557.09,0,6
R407605,L201356,8,2026-03-03,3368.36,0,4
R407606,L201356,9,2026-04-03,3231.79,0,3
R407607,L201356,10,2026-05-03,3577.39,0,1
R407608,L201356,11,2026-06-03,3487.94,0,3
R407609,L201356,12,2026-07-03,3280.54,0,4
R407610,L201357,1,2026-06-07,28773.82,0,0
R407611,L201358,1,2026-02-27,9204.77,0,6
R407612,L201358,2,2026-03-27,8407.2,0,1
R407613,L201358,3,2026-04-27,8818.68,0,5
R407614,L201358,4,2026-05-27,9143.35,0,4
R407615,L201358,5,2026-06-27,9048.27,0,0
R407616,L201359,1,2025-12-17,3775.35,0,6
R407617,L201359,2,2026-01-17,3809.69,0,5
R407618,L201359,3,2026-02-17,3960.89,0,6
R407619,L201359,4,2026-03-17,3538.58,0,0
R407620,L201359,5,2026-04-17,3899.72,0,3
R407621,L201359,6,2026-05-17,3613.55,0,2
R407622,L201359,7,2026-06-17,3566.78,0,3
R407623,L201360,1,2026-02-04,26103.21,0,0
R407624,L201360,2,2026-03-04,28486.17,0,6
R407625,L201360,3,2026-04-04,25470.99,0,2
R407626,L201360,4,2026-05-04,24984.69,0,3
R407627,L201360,5,2026-06-04,26432.66,0,5
R407628,L201361,1,2025-11-15,4475.74,0,1
R407629,L201361,2,2025-12-15,4145.02,0,2
R407630,L201361,3,2026-01-15,4475.29,0,3
R407631,L201361,4,2026-02-15,4237.08,0,2
R407632,L201361,5,2026-03-15,4646.13,0,4
R407633,L201361,6,2026-04-15,4426.61,0,0
R407634,L201361,7,2026-05-15,4585.09,0,0
R407635,L201361,8,2026-06-15,4112.53,0,6
R407636,L201362,1,2025-11-22,10652.46,0,2
R407637,L201362,2,2025-12-22,11347.2,0,5
R407638,L201362,3,2026-01-22,11663.75,0,5
R407639,L201362,4,2026-02-22,12005.81,0,4
R407640,L201362,5,2026-03-22,11752.36,0,3
R407641,L201362,6,2026-04-22,12003.89,0,4
R407642,L201362,7,2026-05-22,12142.66,0,3
R407643,L201362,8,2026-06-22,11737.26,0,2
R407644,L201363,1,2025-12-20,1963.03,0,0
R407645,L201363,2,2026-01-20,1995.43,0,4
R407646,L201363,3,2026-02-20,,1,72
R407647,L201363,4,2026-03-20,2007.49,0,1
R407648,L201363,5,2026-04-20,2160.54,0,4
R407649,L201363,6,2026-05-20,1993.85,0,1
R407650,L201363,7,2026-06-20,1934.35,0,0
R407651,L201364,1,2025-11-27,18242.28,0,1
R407652,L201364,2,2025-12-27,19247.1,0,4
R407653,L201364,3,2026-01-27,,1,62
R407654,L201364,4,2026-02-27,17848.63,0,6
R407655,L201364,5,2026-03-27,18331.91,0,2
R407656,L201364,6,2026-04-27,,1,40
R407657,L201364,7,2026-05-27,,1,37
R407658,L201364,8,2026-06-27,19622.24,0,6
R407659,L201365,1,2025-11-19,11743.93,0,0
R407660,L201365,2,2025-12-19,11861.45,0,2
R407661,L201365,3,2026-01-19,11921.74,0,0
R407662,L201365,4,2026-02-19,12413.19,0,4
R407663,L201365,5,2026-03-19,11698.16,0,3
R407664,L201365,6,2026-04-19,12682.6,0,1
R407665,L201365,7,2026-05-19,11782.54,0,5
R407666,L201365,8,2026-06-19,12938.0,0,0
R407667,L201366,1,2025-10-23,7714.01,0,5
R407668,L201366,2,2025-11-23,8100.93,0,6
R407669,L201366,3,2025-12-23,7365.41,0,6
R407670,L201366,4,2026-01-23,7495.92,0,0
R407671,L201366,5,2026-02-23,7671.77,0,0
R407672,L201366,6,2026-03-23,7323.64,0,4
R407673,L201366,7,2026-04-23,7164.97,0,5
R407674,L201366,8,2026-05-23,7123.1,0,5
R407675,L201366,9,2026-06-23,,1,91
R407676,L201367,1,2025-11-09,,1,57
R407677,L201367,2,2025-12-09,26601.95,0,0
R407678,L201367,3,2026-01-09,28258.15,0,0
R407679,L201367,4,2026-02-09,29678.48,0,5
R407680,L201367,5,2026-03-09,30183.98,0,5
R407681,L201367,6,2026-04-09,27670.51,0,1
R407682,L201367,7,2026-05-09,26247.6,0,6
R407683,L201367,8,2026-06-09,26397.35,0,4
R407684,L201368,1,2026-04-23,8339.92,0,5
R407685,L201368,2,2026-05-23,8956.73,0,4
R407686,L201368,3,2026-06-23,8721.14,0,4
R407687,L201369,1,2025-08-09,1701.55,0,1
R407688,L201369,2,2025-09-09,1725.52,0,2
R407689,L201369,3,2025-10-09,,1,71
R407690,L201369,4,2025-11-09,1611.64,0,5
R407691,L201369,5,2025-12-09,1615.1,0,5
R407692,L201369,6,2026-01-09,1762.86,0,5
R407693,L201369,7,2026-02-09,1777.35,0,5
R407694,L201369,8,2026-03-09,1594.98,0,0
R407695,L201369,9,2026-04-09,1824.37,0,3
R407696,L201369,10,2026-05-09,1682.24,0,1
R407697,L201369,11,2026-06-09,1814.74,0,4
R407698,L201370,1,2026-04-27,674.17,0,6
R407699,L201370,2,2026-05-27,653.72,0,6
R407700,L201370,3,2026-06-27,635.46,0,3
R407701,L201371,1,2025-11-16,2027.38,0,5
R407702,L201371,2,2025-12-16,2276.9,0,0
R407703,L201371,3,2026-01-16,2006.13,0,3
R407704,L201371,4,2026-02-16,2134.23,0,4
R407705,L201371,5,2026-03-16,1999.73,0,6
R407706,L201371,6,2026-04-16,2024.26,0,2
R407707,L201371,7,2026-05-16,2020.73,0,4
R407708,L201371,8,2026-06-16,,1,61
R407709,L201372,1,2026-05-25,1914.88,0,5
R407710,L201372,2,2026-06-25,1738.05,0,2
R407711,L201373,1,2025-09-14,2881.72,0,6
R407712,L201373,2,2025-10-14,2748.54,0,3
R407713,L201373,3,2025-11-14,2639.06,0,5
R407714,L201373,4,2025-12-14,2623.43,0,5
R407715,L201373,5,2026-01-14,2625.25,0,6
R407716,L201373,6,2026-02-14,2854.78,0,2
R407717,L201373,7,2026-03-14,2848.95,0,5
R407718,L201373,8,2026-04-14,2598.94,0,0
R407719,L201373,9,2026-05-14,2668.02,0,1
R407720,L201373,10,2026-06-14,2624.85,0,5
R407721,L201374,1,2026-01-10,7575.96,0,3
R407722,L201374,2,2026-02-10,8122.04,0,4
R407723,L201374,3,2026-03-10,8185.56,0,2
R407724,L201374,4,2026-04-10,7390.34,0,5
R407725,L201374,5,2026-05-10,7194.44,0,2
R407726,L201374,6,2026-06-10,7847.51,0,5
R407727,L201375,1,2025-09-15,731.8,0,5
R407728,L201375,2,2025-10-15,758.61,0,3
R407729,L201375,3,2025-11-15,698.24,0,0
R407730,L201375,4,2025-12-15,749.57,0,1
R407731,L201375,5,2026-01-15,736.96,0,5
R407732,L201375,6,2026-02-15,700.26,0,2
R407733,L201375,7,2026-03-15,711.15,0,3
R407734,L201375,8,2026-04-15,803.09,0,3
R407735,L201375,9,2026-05-15,779.09,0,5
R407736,L201375,10,2026-06-15,736.35,0,2
R407737,L201376,1,2026-07-08,3853.17,0,4
R407738,L201377,1,2026-06-15,29731.06,0,4
R407739,L201378,1,2025-10-16,2783.74,0,4
R407740,L201378,2,2025-11-16,2818.96,0,4
R407741,L201378,3,2025-12-16,,1,77
R407742,L201378,4,2026-01-16,,1,63
R407743,L201378,5,2026-02-16,2898.04,0,2
R407744,L201378,6,2026-03-16,2719.42,0,2
R407745,L201378,7,2026-04-16,3008.93,0,4
R407746,L201378,8,2026-05-16,2679.44,0,6
R407747,L201378,9,2026-06-16,2799.76,0,2
R407748,L201379,1,2025-12-25,19270.99,0,3
R407749,L201379,2,2026-01-25,19214.88,0,5
R407750,L201379,3,2026-02-25,19042.2,0,0
R407751,L201379,4,2026-03-25,18333.2,0,3
R407752,L201379,5,2026-04-25,18432.68,0,3
R407753,L201379,6,2026-05-25,19630.96,0,6
R407754,L201379,7,2026-06-25,18533.34,0,1
R407755,L201380,1,2026-03-14,880.29,0,1
R407756,L201380,2,2026-04-14,816.5,0,6
R407757,L201380,3,2026-05-14,861.05,0,6
R407758,L201380,4,2026-06-14,801.87,0,6
R407759,L201381,1,2026-02-15,828.74,0,5
R407760,L201381,2,2026-03-15,753.45,0,4
R407761,L201381,3,2026-04-15,,1,84
R407762,L201381,4,2026-05-15,759.81,0,4
R407763,L201381,5,2026-06-15,860.01,0,1
R407764,L201382,1,2025-08-26,13526.03,0,6
R407765,L201382,2,2025-09-26,13274.55,0,6
R407766,L201382,3,2025-10-26,14735.58,0,5
R407767,L201382,4,2025-11-26,13569.85,0,4
R407768,L201382,5,2025-12-26,14470.83,0,5
R407769,L201382,6,2026-01-26,,1,58
R407770,L201382,7,2026-02-26,13629.06,0,2
R407771,L201382,8,2026-03-26,13829.48,0,1
R407772,L201382,9,2026-04-26,14068.69,0,4
R407773,L201382,10,2026-05-26,15149.62,0,2
R407774,L201382,11,2026-06-26,,1,68
R407775,L201383,1,2026-07-11,12857.59,0,1
R407776,L201384,1,2026-06-29,217.14,0,0
R407777,L201385,1,2026-02-27,6604.27,0,3
R407778,L201385,2,2026-03-27,6410.45,0,1
R407779,L201385,3,2026-04-27,6028.35,0,5
R407780,L201385,4,2026-05-27,6774.31,0,6
R407781,L201385,5,2026-06-27,6670.03,0,6
R407782,L201386,1,2026-04-23,4643.27,0,2
R407783,L201386,2,2026-05-23,4948.51,0,4
R407784,L201386,3,2026-06-23,5174.49,0,1
R407785,L201387,1,2025-09-12,1565.88,0,0
R407786,L201387,2,2025-10-12,1555.39,0,3
R407787,L201387,3,2025-11-12,1722.06,0,6
R407788,L201387,4,2025-12-12,1711.91,0,4
R407789,L201387,5,2026-01-12,1699.87,0,1
R407790,L201387,6,2026-02-12,1779.32,0,0
R407791,L201387,7,2026-03-12,1719.44,0,3
R407792,L201387,8,2026-04-12,1574.71,0,0
R407793,L201387,9,2026-05-12,1683.86,0,5
R407794,L201387,10,2026-06-12,1659.87,0,3
R407795,L201388,1,2025-08-25,12151.42,0,2
R407796,L201388,2,2025-09-25,11346.98,0,5
R407797,L201388,3,2025-10-25,12609.2,0,1
R407798,L201388,4,2025-11-25,12104.76,0,3
R407799,L201388,5,2025-12-25,12447.94,0,6
R407800,L201388,6,2026-01-25,12849.03,0,2
R407801,L201388,7,2026-02-25,13041.56,0,5
R407802,L201388,8,2026-03-25,,1,85
R407803,L201388,9,2026-04-25,13020.24,0,5
R407804,L201388,10,2026-05-25,12185.53,0,3
R407805,L201388,11,2026-06-25,11327.99,0,6
R407806,L201389,1,2025-09-17,,1,77
R407807,L201389,2,2025-10-17,3129.39,0,3
R407808,L201389,3,2025-11-17,2817.41,0,6
R407809,L201389,4,2025-12-17,3012.87,0,2
R407810,L201389,5,2026-01-17,3089.42,0,5
R407811,L201389,6,2026-02-17,3094.07,0,4
R407812,L201389,7,2026-03-17,,1,31
R407813,L201389,8,2026-04-17,,1,91
R407814,L201389,9,2026-05-17,,1,83
R407815,L201389,10,2026-06-17,3059.78,0,3
R407816,L201390,1,2025-12-29,10544.56,0,2
R407817,L201390,2,2026-01-29,10752.37,0,5
R407818,L201390,3,2026-02-28,,1,54
R407819,L201390,4,2026-03-29,10826.25,0,6
R407820,L201390,5,2026-04-29,10571.3,0,3
R407821,L201390,6,2026-05-29,,1,71
R407822,L201390,7,2026-06-29,11208.22,0,2
R407823,L201391,1,2026-03-02,1613.49,0,5
R407824,L201391,2,2026-04-02,1810.77,0,0
R407825,L201391,3,2026-05-02,1714.79,0,2
R407826,L201391,4,2026-06-02,1745.05,0,1
R407827,L201392,1,2025-11-26,10872.16,0,6
R407828,L201392,2,2025-12-26,12082.02,0,2
R407829,L201392,3,2026-01-26,10605.57,0,6
R407830,L201392,4,2026-02-26,11036.93,0,2
R407831,L201392,5,2026-03-26,11854.21,0,5
R407832,L201392,6,2026-04-26,10493.94,0,4
R407833,L201392,7,2026-05-26,12064.91,0,4
R407834,L201392,8,2026-06-26,11453.03,0,4
R407835,L201393,1,2026-06-08,8320.36,0,5
R407836,L201394,1,2025-08-04,10983.71,0,6
R407837,L201394,2,2025-09-04,12186.17,0,3
R407838,L201394,3,2025-10-04,11258.14,0,4
R407839,L201394,4,2025-11-04,12203.66,0,3
R407840,L201394,5,2025-12-04,11597.34,0,2
R407841,L201394,6,2026-01-04,12096.12,0,3
R407842,L201394,7,2026-02-04,12155.32,0,6
R407843,L201394,8,2026-03-04,12202.67,0,6
R407844,L201394,9,2026-04-04,11043.59,0,5
R407845,L201394,10,2026-05-04,12426.08,0,6
R407846,L201394,11,2026-06-04,12327.46,0,5
R407847,L201394,12,2026-07-04,,1,78
R407848,L201395,1,2025-08-12,3806.81,0,3
R407849,L201395,2,2025-09-12,3848.0,0,0
R407850,L201395,3,2025-10-12,4184.08,0,1
R407851,L201395,4,2025-11-12,4391.66,0,3
R407852,L201395,5,2025-12-12,3973.32,0,5
R407853,L201395,6,2026-01-12,4311.61,0,3
R407854,L201395,7,2026-02-12,4394.82,0,6
R407855,L201395,8,2026-03-12,3827.81,0,5
R407856,L201395,9,2026-04-12,3996.79,0,6
R407857,L201395,10,2026-05-12,3981.11,0,6
R407858,L201395,11,2026-06-12,4181.78,0,2
R407859,L201396,1,2026-06-21,36781.38,0,1
R407860,L201397,1,2026-05-21,340.82,0,2
R407861,L201397,2,2026-06-21,327.05,0,2
R407862,L201398,1,2025-10-24,31904.63,0,5
R407863,L201398,2,2025-11-24,30703.98,0,0
R407864,L201398,3,2025-12-24,29468.59,0,3
R407865,L201398,4,2026-01-24,30215.97,0,4
R407866,L201398,5,2026-02-24,31465.91,0,6
R407867,L201398,6,2026-03-24,31620.72,0,0
R407868,L201398,7,2026-04-24,32679.8,0,0
R407869,L201398,8,2026-05-24,28773.43,0,6
R407870,L201398,9,2026-06-24,29714.88,0,5
R407871,L201399,1,2025-10-15,316.51,0,3
R407872,L201399,2,2025-11-15,339.15,0,6
R407873,L201399,3,2025-12-15,302.77,0,2
R407874,L201399,4,2026-01-15,,1,52
R407875,L201399,5,2026-02-15,327.7,0,4
R407876,L201399,6,2026-03-15,317.27,0,4
R407877,L201399,7,2026-04-15,332.7,0,5
R407878,L201399,8,2026-05-15,337.96,0,3
R407879,L201399,9,2026-06-15,320.46,0,6
