transaction_id,customer_id,transaction_date,transaction_type,transaction_amount,payment_channel,merchant_category,transaction_status
T300000,C100367,2025-07-25,Debit,367.05,Card,Travel,Successful
T300001,C100246,2025-10-07,Debit,307.17,UPI,Education,Successful
T300002,C100158,2025-07-24,Credit,5741.52,IMPS,Restaurants,Successful
T300003,C100056,2025-10-26,Debit,510.99,Card,Education,Successful
T300004,C100246,2025-09-22,Debit,7350.36,NEFT,Travel,Successful
T300005,C100774,2026-05-19,Debit,3180.97,UPI,Shopping,Successful
T300006,C100594,2025-07-06,Credit,4569.84,Card,Shopping,Successful
T300007,C100533,2025-09-14,Debit,2137.83,Card,Restaurants,Successful
T300008,C100062,2025-11-23,Credit,5813.59,NEFT,Groceries,Successful
T300009,C100488,2026-01-15,Debit,1187.9,UPI,Groceries,Successful
T300010,C100087,2026-04-25,Credit,409.49,IMPS,Groceries,Successful
T300011,C100235,2025-09-22,Debit,3294.86,Card,Travel,Reversed
T300012,C100504,2026-03-03,Credit,159.8,Net Banking,Utilities,Successful
T300013,C100573,2025-08-27,Debit,2159.09,NEFT,Education,Successful
T300014,C100322,2025-10-26,Debit,945.71,Card,Groceries,Successful
T300015,C100648,2025-12-21,Debit,10226.42,Net Banking,Healthcare,Successful
T300016,C100150,2025-11-19,Credit,19840.32,NEFT,Restaurants,Successful
T300017,C100285,2025-07-13,Debit,225.48,Net Banking,Shopping,Successful
T300018,C100231,2026-04-19,Debit,9359.02,NEFT,Utilities,Successful
T300019,C100722,2025-09-05,Credit,1324.92,IMPS,Shopping,Successful
T300020,C100773,2026-04-17,Debit,7388.42,Net Banking,Shopping,Successful
T300021,C100077,2026-01-28,Debit,2851.29,Card,Groceries,Successful
T300022,C100338,2025-07-17,Credit,4229.29,Net Banking,Groceries,Successful
T300023,C100240,2026-01-22,Debit,2869.74,Net Banking,Restaurants,Successful
T300024,C100693,2025-07-14,Debit,1478.92,Card,Utilities,Successful
T300025,C100249,2025-07-24,Debit,1230.92,IMPS,Utilities,Successful
T300026,C100497,2025-10-12,Debit,3288.11,IMPS,Travel,Successful
T300027,C100436,2026-03-28,Debit,1299.19,Net Banking,Utilities,Successful
T300028,C100483,2026-02-02,Debit,22734.56,Card,Utilities,Successful
T300029,C100504,2026-01-20,Debit,832.62,UPI,Shopping,Successful
T300030,C100085,2026-03-20,Debit,887.92,UPI,Education,Successful
T300031,C100662,2025-07-04,Debit,742.51,NEFT,Shopping,Successful
T300032,C100567,2025-08-19,Credit,5689.86,Net Banking,Education,Successful
T300033,C100341,2025-11-13,Credit,576.23,Net Banking,Education,Successful
T300034,C100653,2026-06-28,Credit,25418.04,NEFT,Travel,Successful
T300035,C100686,2025-08-31,Credit,,Card,Utilities,Successful
T300036,C100291,2025-12-24,Debit,8685.14,Net Banking,Shopping,Successful
T300037,C100200,2025-09-14,Debit,4094.01,Card,Groceries,Successful
T300038,C100475,2025-07-13,Credit,2314.26,Card,Education,Reversed
T300039,C100621,2026-06-08,Credit,3004.67,NEFT,Restaurants,Successful
T300040,C100338,2025-08-22,Credit,1378.97,Card,Utilities,Successful
T300041,C100086,2025-09-29,Debit,897.69,Net Banking,Shopping,Successful
T300042,C100290,2025-09-09,Debit,1357.41,Net Banking,Education,Successful
T300043,C100150,2026-06-11,Credit,725.42,NEFT,Groceries,Successful
T300044,C100744,2025-10-25,Debit,2985.21,NEFT,Utilities,Successful
T300045,C100167,2026-04-07,Debit,13098.4,Net Banking,Education,Successful
T300046,C100592,2026-03-23,Debit,6842.97,NEFT,Groceries,Successful
T300047,C100151,2025-07-06,Debit,1321.05,Card,Travel,Successful
T300048,C100399,2026-01-24,Debit,1812.33,UPI,Education,Successful
T300049,C100634,2025-08-17,Debit,2138.65,IMPS,Shopping,Reversed
T300050,C100641,2026-02-18,Debit,3905.54,IMPS,Education,Successful
T300051,C100425,2025-11-28,Debit,2457.91,Net Banking,Utilities,Successful
T300052,C100702,2025-12-02,Debit,4132.1,IMPS,Healthcare,Successful
T300053,C100734,2025-11-13,Credit,7133.66,IMPS,Groceries,Successful
T300054,C100536,2025-12-09,Debit,892.54,NEFT,Shopping,Successful
T300055,C100421,2026-02-22,Debit,1891.74,Card,Healthcare,Successful
T300056,C100445,2026-06-11,Debit,3688.58,IMPS,Shopping,Successful
T300057,C100709,2025-10-08,Debit,4110.53,UPI,Shopping,Successful
T300058,C100690,2026-03-05,Debit,1445.04,UPI,Shopping,Successful
T300059,C100654,2025-08-16,Debit,1563.64,Card,Education,Successful
T300060,C100052,2025-10-26,Debit,2569.25,UPI,Groceries,Successful
T300061,C100379,2026-04-10,Credit,1494.82,IMPS,Groceries,Successful
T300062,C100514,2026-04-11,Debit,851.67,UPI,Restaurants,Successful
T300063,C100399,2026-02-11,Debit,1863.59,Net Banking,Education,Successful
T300064,C100446,2025-11-28,Debit,1662.1,UPI,Education,Successful
T300065,C100023,2026-06-03,Debit,108.58,Net Banking,Shopping,Successful
T300066,C100701,2025-09-10,Debit,2012.01,Net Banking,Healthcare,Successful
T300067,C100039,2026-01-31,Debit,8446.75,NEFT,Shopping,Successful
T300068,C100306,2026-02-12,Debit,8618.73,NEFT,Utilities,Successful
T300069,C100290,2025-12-06,Debit,5822.91,IMPS,Travel,Successful
T300070,C100675,2025-11-08,Credit,984.16,Card,Healthcare,Successful
T300071,C100345,2026-01-25,Debit,3467.58,IMPS,Restaurants,Successful
T300072,C100315,2025-07-08,Credit,15103.49,Net Banking,Groceries,Successful
T300073,C100514,2026-06-22,Credit,736.47,UPI,Education,Successful
T300074,C100058,2025-09-01,Debit,10753.42,Net Banking,Education,Successful
T300075,C100212,2026-02-26,Debit,2541.1,Net Banking,Restaurants,Successful
T300076,C100304,2026-01-05,Credit,618.8,Net Banking,Restaurants,Successful
T300077,C100720,2025-08-27,Credit,64815.91,IMPS,Education,Successful
T300078,C100491,2025-12-09,Debit,298.95,Net Banking,Groceries,Successful
T300079,C100612,2025-07-24,Debit,1802.81,NEFT,Shopping,Successful
T300080,C100223,2026-03-28,Credit,1615.52,Net Banking,Shopping,Successful
T300081,C100574,2025-12-15,Debit,3813.22,Card,Healthcare,Failed
T300082,C100700,2025-08-08,Debit,2689.6,NEFT,Groceries,Successful
T300083,C100738,2026-02-02,Debit,1318.22,Card,Healthcare,Successful
T300084,C100023,2025-08-08,Debit,256.43,IMPS,Utilities,Failed
T300085,C100757,2025-10-27,Credit,1645.05,Card,Restaurants,Successful
T300086,C100546,2026-04-09,Debit,1478.72,UPI,Healthcare,Successful
T300087,C100443,2026-04-21,Credit,3567.77,Card,Healthcare,Successful
T300088,C100277,2026-05-10,Debit,1333.16,Net Banking,Restaurants,Reversed
T300089,C100380,2026-02-06,Credit,355.13,Net Banking,Healthcare,Successful
T300090,C100437,2026-03-07,Debit,3920.64,NEFT,Groceries,Reversed
T300091,C100585,2025-09-20,Credit,3289.54,Card,Utilities,Successful
T300092,C100747,2025-08-15,Credit,5623.42,IMPS,Education,Successful
T300093,C100001,2025-11-07,Debit,2820.75,NEFT,Utilities,Successful
T300094,C100621,2026-03-10,Debit,11833.2,UPI,Education,Successful
T300095,C100028,2026-02-05,Debit,4113.25,NEFT,Education,Successful
T300096,C100641,2025-08-14,Credit,621.94,Net Banking,Utilities,Successful
T300097,C100221,2026-02-08,Credit,4549.35,Card,Restaurants,Successful
T300098,C100008,2025-08-24,Debit,4740.9,IMPS,Groceries,Successful
T300099,C100033,2025-07-12,Credit,3526.07,Net Banking,Groceries,Successful
T300100,C100128,2025-11-13,Debit,1823.57,Net Banking,Restaurants,Successful
T300101,C100281,2025-12-17,Debit,4580.97,Card,Travel,Successful
T300102,C100354,2026-04-27,Credit,6070.23,Card,Restaurants,Successful
T300103,C100747,2026-03-06,Debit,1990.36,Card,Education,Successful
T300104,C100149,2025-12-15,Debit,617.49,Card,Utilities,Successful
T300105,C100401,2025-11-12,Debit,871.06,Net Banking,Healthcare,Successful
T300106,C100662,2025-12-22,Credit,4285.7,NEFT,Travel,Successful
T300107,C100149,2026-05-25,Debit,3953.69,IMPS,Travel,Successful
T300108,C100768,2025-09-28,Debit,6128.22,Net Banking,Restaurants,Successful
T300109,C100182,2026-05-20,Credit,931.7,IMPS,Healthcare,Successful
T300110,C100576,2025-07-21,Debit,2311.87,IMPS,Healthcare,Successful
T300111,C100730,2026-05-13,Debit,16810.03,IMPS,Restaurants,Successful
T300112,C100732,2025-07-13,Debit,5140.14,Card,Shopping,Successful
T300113,C100733,2025-11-25,Debit,2202.86,IMPS,Utilities,Successful
T300114,C100313,2026-02-16,Credit,7672.85,Card,Utilities,Successful
T300115,C100490,2025-11-22,Debit,1526.62,IMPS,Restaurants,Successful
T300116,C100646,2026-01-24,Debit,1280.65,UPI,Utilities,Successful
T300117,C100410,2026-02-27,Debit,578.91,Net Banking,Healthcare,Successful
T300118,C100621,2026-03-19,Debit,9155.51,UPI,Restaurants,Successful
T300119,C100459,2026-02-01,Debit,1178.45,IMPS,Education,Successful
T300120,C100381,2025-11-01,Debit,424.62,IMPS,Groceries,Failed
T300121,C100616,2025-12-07,Debit,4906.19,Net Banking,Groceries,Successful
T300122,C100161,2025-10-09,Credit,3032.87,Card,Restaurants,Successful
T300123,C100780,2026-05-04,Debit,920.82,Card,Groceries,Successful
T300124,C100373,2026-06-18,Debit,1539.89,NEFT,Utilities,Successful
T300125,C100500,2025-08-26,Debit,3821.88,IMPS,Groceries,Successful
T300126,C100692,2026-03-14,Credit,756.39,Card,Groceries,Successful
T300127,C100132,2025-08-18,Debit,1036.34,Card,Restaurants,Successful
T300128,C100428,2025-12-11,Debit,735.08,Card,Utilities,Successful
T300129,C100355,2026-03-25,Credit,6136.81,Card,Utilities,Successful
T300130,C100674,2025-10-30,Debit,4888.93,Net Banking,Travel,Successful
T300131,C100207,2026-05-21,Debit,1611.09,IMPS,Groceries,Successful
T300132,C100409,2026-05-08,Debit,4523.72,NEFT,Shopping,Successful
T300133,C100304,2025-11-30,Debit,2889.33,Net Banking,Groceries,Successful
T300134,C100371,2025-08-31,Credit,2997.1,Net Banking,Travel,Successful
T300135,C100068,2026-06-29,Debit,1422.73,Card,Travel,Successful
T300136,C100247,2025-10-23,Debit,830.8,Card,Travel,Successful
T300137,C100283,2025-10-30,Debit,829.64,UPI,Shopping,Successful
T300138,C100012,2025-08-18,Credit,2845.53,NEFT,Healthcare,Successful
T300139,C100209,2025-08-20,Debit,10142.31,Net Banking,Education,Successful
T300140,C100267,2025-08-22,Debit,2498.53,UPI,Education,Successful
T300141,C100339,2026-05-23,Debit,1934.48,IMPS,Utilities,Successful
T300142,C100269,2026-05-18,Credit,10402.16,Card,Shopping,Reversed
T300143,C100357,2026-06-10,Debit,839.42,UPI,Shopping,Successful
T300144,C100199,2026-02-11,Credit,18799.59,Net Banking,Travel,Successful
T300145,C100141,2025-11-29,Debit,5782.11,UPI,Travel,Reversed
T300146,C100563,2025-09-05,Debit,5938.5,IMPS,Shopping,Successful
T300147,C100313,2025-12-20,Debit,5542.53,NEFT,Shopping,Successful
T300148,C100643,2026-06-03,Debit,3488.12,UPI,Education,Successful
T300149,C100037,2026-01-23,Credit,1558.07,Net Banking,Healthcare,Successful
T300150,C100403,2025-07-03,Debit,6131.68,IMPS,Healthcare,Failed
T300151,C100653,2026-05-25,Debit,684.14,Net Banking,Education,Successful
T300152,C100226,2025-12-13,Debit,2795.85,Card,Shopping,Successful
T300153,C100512,2026-06-19,Debit,2372.09,UPI,Healthcare,Successful
T300154,C100359,2025-07-22,Debit,4240.91,Net Banking,Education,Successful
T300155,C100230,2025-12-14,Debit,2569.39,NEFT,Groceries,Successful
T300156,C100403,2025-09-04,Credit,919.05,NEFT,Restaurants,Failed
T300157,C100098,2026-02-08,Debit,367.92,NEFT,Travel,Successful
T300158,C100161,2025-11-25,Credit,1675.31,NEFT,Utilities,Successful
T300159,C100353,2025-12-25,Debit,418.39,Card,Utilities,Successful
T300160,C100074,2026-06-20,Debit,2925.66,Card,Shopping,Successful
T300161,C100398,2026-03-16,Debit,3587.17,IMPS,Utilities,Successful
T300162,C100035,2025-08-10,Credit,552.06,IMPS,Groceries,Successful
T300163,C100487,2025-08-14,Credit,3757.89,UPI,Restaurants,Successful
T300164,C100651,2025-08-23,Credit,1654.74,Card,Education,Successful
T300165,C100381,2025-10-30,Credit,1400.24,IMPS,Education,Successful
T300166,C100585,2025-09-14,Credit,3764.62,NEFT,Utilities,Successful
T300167,C100761,2025-08-05,Debit,1239.69,UPI,Utilities,Successful
T300168,C100496,2025-10-20,Credit,4527.99,Card,Utilities,Successful
T300169,C100042,2026-04-03,Debit,496.28,Card,Healthcare,Successful
T300170,C100717,2026-02-20,Debit,4051.71,UPI,Healthcare,Successful
T300171,C100356,2025-09-21,Debit,956.91,Card,Utilities,Successful
T300172,C100654,2025-08-28,Debit,,Card,Travel,Successful
T300173,C100474,2025-09-02,Debit,4619.54,IMPS,Healthcare,Successful
T300174,C100512,2026-05-02,Debit,7168.1,UPI,Travel,Successful
T300175,C100004,2025-11-25,Debit,1727.89,Card,Groceries,Reversed
T300176,C100798,2025-07-12,Credit,1242.5,UPI,Restaurants,Successful
T300177,C100747,2026-03-07,Credit,1528.88,NEFT,Travel,Successful
T300178,C100406,2025-10-11,Credit,2669.72,NEFT,Restaurants,Successful
T300179,C100115,2025-07-09,Credit,6147.84,NEFT,Restaurants,Reversed
T300180,C100514,2025-09-20,Credit,1609.54,IMPS,Groceries,Successful
T300181,C100204,2026-02-07,Debit,6607.46,IMPS,Healthcare,Successful
T300182,C100698,2026-02-20,Credit,609.95,IMPS,Healthcare,Successful
T300183,C100257,2025-09-01,Debit,273.21,IMPS,Groceries,Successful
T300184,C100152,2026-02-26,Debit,4967.02,Card,Healthcare,Successful
T300185,C100262,2026-03-23,Credit,1038.77,IMPS,Healthcare,Successful
T300186,C100301,2026-01-24,Debit,452.36,Net Banking,Education,Successful
T300187,C100276,2025-10-15,Debit,2289.65,NEFT,Education,Successful
T300188,C100521,2025-11-25,Debit,1781.52,UPI,Utilities,Successful
T300189,C100097,2026-02-22,Credit,4531.73,IMPS,Healthcare,Successful
T300190,C100425,2025-11-29,Credit,45525.91,Card,Utilities,Successful
T300191,C100775,2025-07-14,Credit,2029.39,NEFT,Shopping,Successful
T300192,C100102,2026-05-17,Credit,1660.49,Net Banking,Education,Successful
T300193,C100409,2026-02-25,Debit,5435.59,IMPS,Shopping,Successful
T300194,C100474,2026-03-14,Debit,1176.15,UPI,Shopping,Successful
T300195,C100752,2026-02-05,Debit,2686.87,IMPS,Education,Successful
T300196,C100420,2026-01-14,Credit,3721.98,UPI,Groceries,Successful
T300197,C100075,2026-06-17,Debit,2644.56,NEFT,Healthcare,Successful
T300198,C100159,2026-03-14,Debit,11096.85,Card,Travel,Successful
T300199,C100684,2026-06-20,Credit,2799.67,UPI,Shopping,Successful
T300200,C100668,2026-03-31,Credit,1892.15,NEFT,Groceries,Successful
T300201,C100220,2026-06-11,Credit,452.85,UPI,Healthcare,Successful
T300202,C100159,2025-12-13,Debit,3157.93,IMPS,Shopping,Successful
T300203,C100118,2025-09-16,Debit,3409.49,UPI,Restaurants,Successful
T300204,C100581,2026-06-11,Debit,1285.34,IMPS,Healthcare,Successful
T300205,C100606,2025-09-29,Debit,299.7,IMPS,Utilities,Successful
T300206,C100279,2025-07-08,Debit,1168.07,IMPS,Healthcare,Successful
T300207,C100099,2026-05-30,Debit,8178.23,UPI,Restaurants,Successful
T300208,C100775,2025-10-14,Debit,6841.19,Card,Education,Failed
T300209,C100777,2025-08-30,Debit,2162.83,Net Banking,Utilities,Reversed
T300210,C100107,2025-11-13,Debit,6072.65,UPI,Restaurants,Successful
T300211,C100357,2025-09-14,Debit,3441.59,Card,Groceries,Successful
T300212,C100295,2025-09-10,Debit,10415.69,IMPS,Utilities,Successful
T300213,C100044,2026-04-15,Credit,4453.78,Net Banking,Utilities,Reversed
T300214,C100119,2026-01-03,Credit,1892.38,Net Banking,Education,Reversed
T300215,C100331,2026-05-14,Debit,1730.08,Card,Education,Successful
T300216,C100614,2026-05-10,Debit,533.55,UPI,Travel,Successful
T300217,C100615,2025-10-27,Debit,6502.65,Net Banking,Travel,Successful
T300218,C100564,2025-08-21,Debit,4904.89,NEFT,Healthcare,Successful
T300219,C100086,2026-03-15,Debit,13188.62,NEFT,Education,Successful
T300220,C100405,2026-06-09,Debit,932.41,Net Banking,Shopping,Successful
T300221,C100191,2026-01-14,Debit,826.49,Card,Groceries,Successful
T300222,C100458,2025-07-30,Debit,5544.5,NEFT,Restaurants,Successful
T300223,C100286,2026-05-28,Credit,1305.59,Card,Healthcare,Successful
T300224,C100194,2025-12-07,Debit,4056.27,NEFT,Groceries,Successful
T300225,C100743,2026-02-19,Debit,2212.22,NEFT,Travel,Successful
T300226,C100688,2025-08-31,Debit,806.4,NEFT,Restaurants,Successful
T300227,C100499,2026-02-20,Credit,6520.92,NEFT,Education,Successful
T300228,C100519,2025-09-14,Credit,17123.86,UPI,Shopping,Successful
T300229,C100185,2025-08-14,Debit,7372.37,Net Banking,Restaurants,Successful
T300230,C100054,2025-10-19,Debit,1699.28,Net Banking,Healthcare,Successful
T300231,C100492,2026-01-12,Debit,1815.18,NEFT,Restaurants,Successful
T300232,C100394,2025-09-04,Debit,1427.66,UPI,Healthcare,Successful
T300233,C100186,2026-02-05,Credit,4199.05,IMPS,Travel,Successful
T300234,C100229,2025-07-21,Debit,1047.09,IMPS,Healthcare,Successful
T300235,C100470,2026-06-27,Credit,1775.97,UPI,Education,Successful
T300236,C100499,2026-03-26,Debit,772.63,IMPS,Travel,Successful
T300237,C100718,2025-09-21,Debit,435.09,Net Banking,Utilities,Failed
T300238,C100676,2026-04-09,Debit,5163.58,Net Banking,Education,Successful
T300239,C100607,2026-05-15,Debit,998.08,NEFT,Restaurants,Successful
T300240,C100783,2025-09-24,Debit,224.64,NEFT,Travel,Successful
T300241,C100188,2026-01-07,Debit,1941.26,Net Banking,Groceries,Successful
T300242,C100025,2025-12-22,Debit,3674.27,NEFT,Groceries,Successful
T300243,C100778,2026-02-05,Debit,1250.18,IMPS,Education,Successful
T300244,C100338,2026-04-04,Debit,2760.59,Card,Groceries,Successful
T300245,C100443,2025-11-15,Credit,2483.44,Card,Shopping,Successful
T300246,C100236,2026-06-19,Credit,724.75,NEFT,Healthcare,Successful
T300247,C100588,2025-07-27,Credit,1338.6,NEFT,Utilities,Reversed
T300248,C100095,2026-06-23,Debit,3262.07,IMPS,Education,Successful
T300249,C100274,2025-09-30,Debit,1290.32,NEFT,Shopping,Successful
T300250,C100559,2026-03-20,Debit,577.39,NEFT,Restaurants,Successful
T300251,C100279,2026-01-25,Debit,4346.8,UPI,Shopping,Failed
T300252,C100785,2025-11-27,Debit,2478.6,Net Banking,Utilities,Failed
T300253,C100006,2025-09-11,Debit,4758.5,UPI,Travel,Successful
T300254,C100763,2026-06-03,Debit,,IMPS,Utilities,Successful
T300255,C100414,2025-12-22,Debit,3069.51,IMPS,Groceries,Failed
T300256,C100772,2025-09-25,Debit,1158.14,NEFT,Shopping,Failed
T300257,C100338,2025-07-10,Debit,3228.38,IMPS,Shopping,Reversed
T300258,C100404,2026-01-09,Debit,2223.49,UPI,Shopping,Successful
T300259,C100257,2025-09-16,Debit,2300.12,Card,Restaurants,Successful
T300260,C100363,2026-02-22,Debit,811.74,IMPS,Utilities,Successful
T300261,C100036,2025-07-15,Credit,435.0,NEFT,Education,Successful
T300262,C100087,2026-02-04,Debit,2440.64,IMPS,Shopping,Successful
T300263,C100012,2025-11-29,Debit,5664.02,IMPS,Education,Failed
T300264,C100469,2026-02-01,Debit,2767.74,NEFT,Travel,Successful
T300265,C100014,2025-07-18,Credit,889.84,NEFT,Travel,Successful
T300266,C100414,2026-06-16,Debit,5513.28,Net Banking,Healthcare,Successful
T300267,C100147,2026-06-30,Debit,790.08,Net Banking,Shopping,Successful
T300268,C100741,2026-03-07,Debit,2832.05,Card,Groceries,Successful
T300269,C100195,2026-05-09,Credit,10455.24,UPI,Restaurants,Successful
T300270,C100480,2025-07-13,Debit,9045.99,Card,Healthcare,Successful
T300271,C100692,2025-11-07,Debit,1744.36,Card,Restaurants,Successful
T300272,C100114,2026-04-25,Debit,803.19,UPI,Restaurants,Successful
T300273,C100794,2025-07-19,Debit,487.42,UPI,Shopping,Successful
T300274,C100307,2026-05-18,Debit,1615.69,Card,Restaurants,Successful
T300275,C100047,2026-05-18,Debit,320.63,Net Banking,Healthcare,Successful
T300276,C100723,2025-10-13,Credit,560.96,Card,Groceries,Successful
T300277,C100113,2025-11-11,Credit,1011.14,Card,Utilities,Successful
T300278,C100575,2025-11-08,Debit,4718.29,Net Banking,Utilities,Successful
T300279,C100038,2026-01-02,Debit,2513.08,Card,Travel,Successful
T300280,C100516,2026-03-26,Credit,2411.97,Card,Utilities,Successful
T300281,C100016,2026-03-07,Debit,1218.53,IMPS,Restaurants,Reversed
T300282,C100738,2026-03-16,Debit,687.72,Card,Utilities,Successful
T300283,C100533,2026-05-25,Debit,1753.14,UPI,Restaurants,Successful
T300284,C100162,2026-05-05,Credit,835.13,IMPS,Shopping,Successful
T300285,C100439,2026-05-20,Debit,585.43,IMPS,Restaurants,Successful
T300286,C100235,2026-05-09,Credit,1719.94,Net Banking,Shopping,Successful
T300287,C100718,2026-06-23,Debit,,UPI,Restaurants,Successful
T300288,C100461,2025-07-13,Debit,1098.52,Card,Shopping,Successful
T300289,C100579,2025-07-21,Credit,870.44,Net Banking,Travel,Successful
T300290,C100018,2025-11-16,Debit,956.06,Card,Groceries,Successful
T300291,C100636,2025-07-31,Credit,4086.26,Card,Restaurants,Successful
T300292,C100602,2025-10-01,Credit,1125.99,IMPS,Utilities,Successful
T300293,C100476,2026-06-19,Credit,5783.1,NEFT,Shopping,Successful
T300294,C100110,2026-05-19,Debit,1470.19,Card,Utilities,Successful
T300295,C100320,2025-08-27,Debit,1514.04,UPI,Education,Successful
T300296,C100715,2025-11-10,Debit,1867.55,Net Banking,Groceries,Successful
T300297,C100365,2025-10-20,Debit,1229.6,NEFT,Groceries,Successful
T300298,C100347,2025-12-06,Debit,2103.83,Card,Travel,Successful
T300299,C100023,2025-12-14,Debit,2098.05,Net Banking,Groceries,Successful
T300300,C100459,2025-07-04,Debit,245.79,UPI,Education,Successful
T300301,C100384,2026-02-23,Credit,1013.96,Card,Education,Successful
T300302,C100682,2025-10-25,Debit,5442.99,NEFT,Travel,Successful
T300303,C100516,2026-05-08,Credit,1122.2,Net Banking,Education,Successful
T300304,C100322,2026-03-14,Credit,2571.7,Net Banking,Education,Successful
T300305,C100102,2025-08-04,Credit,6238.94,UPI,Education,Successful
T300306,C100311,2025-09-01,Debit,1678.79,NEFT,Healthcare,Successful
T300307,C100595,2025-12-21,Credit,558.0,IMPS,Education,Successful
T300308,C100417,2025-09-15,Debit,7833.17,Card,Travel,Successful
T300309,C100369,2026-02-27,Credit,1728.01,Card,Shopping,Successful
T300310,C100456,2025-07-02,Credit,1008.8,UPI,Utilities,Successful
T300311,C100510,2026-06-11,Debit,3531.92,UPI,Shopping,Successful
T300312,C100216,2025-10-30,Debit,1638.13,IMPS,Healthcare,Successful
T300313,C100226,2025-11-14,Debit,1182.94,Net Banking,Shopping,Successful
T300314,C100606,2026-04-16,Debit,1290.44,Card,Shopping,Successful
T300315,C100189,2026-02-11,Debit,437.62,Net Banking,Groceries,Successful
T300316,C100770,2026-01-23,Debit,6345.72,IMPS,Shopping,Successful
T300317,C100684,2026-01-24,Credit,3764.36,NEFT,Healthcare,Successful
T300318,C100324,2026-06-09,Debit,2841.07,Card,Shopping,Successful
T300319,C100280,2025-07-02,Credit,1399.18,Card,Shopping,Successful
T300320,C100622,2026-05-09,Credit,4527.29,Card,Travel,Successful
T300321,C100286,2026-06-08,Debit,11721.68,Net Banking,Restaurants,Failed
T300322,C100423,2026-01-02,Debit,668.23,Card,Shopping,Successful
T300323,C100265,2026-05-04,Debit,1541.62,IMPS,Travel,Successful
T300324,C100789,2025-07-10,Debit,4053.5,Net Banking,Groceries,Successful
T300325,C100618,2026-04-27,Debit,1172.32,IMPS,Utilities,Successful
T300326,C100705,2025-12-03,Credit,1981.84,Net Banking,Restaurants,Successful
T300327,C100744,2026-02-19,Credit,1253.01,Net Banking,Education,Successful
T300328,C100036,2025-12-28,Debit,1802.64,NEFT,Travel,Successful
T300329,C100053,2026-06-24,Debit,3967.4,Card,Groceries,Successful
T300330,C100429,2025-10-04,Debit,831.22,NEFT,Groceries,Successful
T300331,C100455,2026-04-25,Credit,2956.04,IMPS,Groceries,Successful
T300332,C100507,2025-11-26,Credit,3519.5,Card,Groceries,Successful
T300333,C100341,2025-09-12,Debit,1150.21,Card,Shopping,Successful
T300334,C100204,2026-01-23,Debit,853.38,Card,Healthcare,Successful
T300335,C100472,2025-11-03,Debit,1403.16,Net Banking,Groceries,Successful
T300336,C100396,2026-05-09,Debit,758.14,UPI,Healthcare,Successful
T300337,C100535,2025-07-01,Debit,955.68,Card,Restaurants,Successful
T300338,C100253,2026-05-16,Debit,6501.22,UPI,Shopping,Successful
T300339,C100745,2026-01-27,Credit,1790.28,Net Banking,Utilities,Reversed
T300340,C100417,2025-07-07,Credit,1900.69,Card,Restaurants,Successful
T300341,C100783,2026-02-07,Credit,7107.45,IMPS,Groceries,Successful
T300342,C100732,2025-07-24,Debit,1039.63,Net Banking,Education,Successful
T300343,C100135,2025-07-26,Debit,1256.07,NEFT,Restaurants,Successful
T300344,C100727,2025-11-05,Debit,624.35,IMPS,Shopping,Successful
T300345,C100126,2026-06-25,Debit,5992.84,Card,Education,Successful
T300346,C100297,2026-05-31,Credit,3086.95,Card,Utilities,Successful
T300347,C100429,2026-04-01,Debit,1258.64,NEFT,Healthcare,Successful
T300348,C100615,2025-08-16,Debit,1601.4,NEFT,Shopping,Successful
T300349,C100212,2026-05-16,Debit,1748.25,IMPS,Utilities,Failed
T300350,C100177,2025-09-22,Debit,927.87,UPI,Groceries,Successful
T300351,C100724,2026-02-26,Debit,8074.09,IMPS,Groceries,Successful
T300352,C100713,2026-04-09,Debit,479.92,UPI,Travel,Successful
T300353,C100601,2026-04-25,Credit,7428.3,Card,Travel,Successful
T300354,C100381,2026-01-07,Credit,1543.46,NEFT,Travel,Successful
T300355,C100040,2025-08-04,Debit,1529.65,Net Banking,Restaurants,Successful
T300356,C100417,2025-08-28,Debit,2897.41,Card,Groceries,Successful
T300357,C100563,2025-11-02,Debit,835.15,IMPS,Healthcare,Successful
T300358,C100147,2025-12-24,Debit,2092.54,Card,Utilities,Successful
T300359,C100430,2026-06-21,Debit,5722.64,NEFT,Shopping,Successful
T300360,C100221,2025-08-20,Debit,2884.84,NEFT,Travel,Failed
T300361,C100721,2026-04-26,Debit,732.65,Card,Education,Successful
T300362,C100732,2026-04-17,Debit,514.57,Card,Groceries,Successful
T300363,C100109,2026-05-19,Debit,1639.38,NEFT,Restaurants,Successful
T300364,C100089,2025-08-01,Credit,3582.52,NEFT,Shopping,Reversed
T300365,C100602,2026-06-06,Debit,609.43,Card,Shopping,Successful
T300366,C100008,2025-10-07,Debit,909.13,NEFT,Utilities,Successful
T300367,C100341,2025-11-22,Credit,2248.54,NEFT,Groceries,Successful
T300368,C100120,2025-10-23,Credit,681.41,Net Banking,Groceries,Successful
T300369,C100232,2025-07-12,Debit,213.64,Net Banking,Travel,Successful
T300370,C100733,2025-09-24,Debit,1131.24,UPI,Healthcare,Successful
T300371,C100106,2026-01-07,Credit,712.18,NEFT,Groceries,Failed
T300372,C100183,2026-01-31,Debit,813.59,Net Banking,Groceries,Successful
T300373,C100207,2025-07-17,Credit,964.86,IMPS,Groceries,Successful
T300374,C100113,2025-08-26,Debit,5315.55,Net Banking,Education,Successful
T300375,C100084,2025-07-21,Debit,744.88,NEFT,Shopping,Successful
T300376,C100216,2026-03-05,Debit,299.49,IMPS,Restaurants,Successful
T300377,C100677,2026-02-26,Debit,2314.1,Card,Education,Successful
T300378,C100222,2026-03-01,Debit,744.68,IMPS,Groceries,Successful
T300379,C100788,2026-05-12,Debit,3411.79,IMPS,Travel,Reversed
T300380,C100424,2025-09-06,Debit,438.14,NEFT,Restaurants,Successful
T300381,C100316,2025-09-10,Debit,24693.56,Card,Healthcare,Successful
T300382,C100305,2026-01-15,Debit,887.22,NEFT,Travel,Successful
T300383,C100327,2025-11-24,Debit,2049.07,IMPS,Utilities,Reversed
T300384,C100013,2025-07-16,Credit,4005.11,IMPS,Healthcare,Successful
T300385,C100307,2025-08-25,Debit,634.12,IMPS,Groceries,Successful
T300386,C100716,2026-04-15,Debit,1856.34,IMPS,Education,Failed
T300387,C100568,2025-09-19,Credit,4825.89,UPI,Groceries,Failed
T300388,C100036,2026-05-23,Credit,1521.31,IMPS,Groceries,Successful
T300389,C100684,2026-04-12,Debit,1601.26,UPI,Travel,Successful
T300390,C100701,2025-07-16,Debit,2793.17,UPI,Utilities,Successful
T300391,C100224,2026-02-04,Debit,978.67,NEFT,Utilities,Successful
T300392,C100343,2025-12-06,Debit,118.06,IMPS,Education,Successful
T300393,C100058,2025-09-27,Debit,10370.87,Card,Travel,Successful
T300394,C100564,2026-06-24,Debit,5616.54,Card,Utilities,Successful
T300395,C100141,2026-01-09,Debit,7822.53,Card,Healthcare,Failed
T300396,C100386,2025-11-06,Debit,1110.56,UPI,Healthcare,Successful
T300397,C100719,2025-12-12,Debit,1574.94,UPI,Travel,Successful
T300398,C100224,2026-03-05,Debit,1744.38,NEFT,Education,Failed
T300399,C100119,2026-04-12,Credit,6110.35,Net Banking,Groceries,Successful
T300400,C100692,2025-11-21,Debit,2514.95,Card,Restaurants,Successful
T300401,C100603,2025-11-07,Debit,532.71,Card,Education,Successful
T300402,C100236,2026-03-09,Debit,2819.37,Card,Healthcare,Successful
T300403,C100388,2026-01-13,Debit,197.99,NEFT,Travel,Successful
T300404,C100562,2025-09-17,Debit,1359.71,NEFT,Groceries,Successful
T300405,C100228,2025-11-28,Credit,1157.25,NEFT,Healthcare,Successful
T300406,C100345,2026-01-21,Debit,17352.27,UPI,Shopping,Successful
T300407,C100021,2025-11-15,Debit,5416.79,NEFT,Shopping,Successful
T300408,C100765,2025-07-23,Debit,11250.5,Card,Restaurants,Successful
T300409,C100793,2025-09-27,Credit,2693.82,IMPS,Healthcare,Successful
T300410,C100172,2026-04-23,Debit,475.15,IMPS,Travel,Successful
T300411,C100537,2025-10-03,Debit,4058.65,Net Banking,Utilities,Successful
T300412,C100732,2026-03-28,Debit,1538.71,Net Banking,Education,Successful
T300413,C100064,2026-03-17,Debit,3148.32,UPI,Restaurants,Successful
T300414,C100502,2025-12-07,Debit,460.91,UPI,Restaurants,Successful
T300415,C100109,2025-11-04,Debit,10723.99,NEFT,Utilities,Successful
T300416,C100147,2026-05-30,Debit,2225.87,Net Banking,Education,Successful
T300417,C100545,2026-06-26,Debit,3852.4,Net Banking,Groceries,Successful
T300418,C100577,2026-01-13,Debit,10985.54,NEFT,Education,Successful
T300419,C100249,2025-07-26,Debit,3322.76,Net Banking,Restaurants,Successful
T300420,C100169,2025-09-12,Credit,1933.73,IMPS,Utilities,Successful
T300421,C100515,2026-02-15,Debit,12934.83,Net Banking,Groceries,Successful
T300422,C100770,2025-12-16,Credit,4329.18,Net Banking,Education,Successful
T300423,C100072,2025-11-27,Debit,1541.91,Card,Healthcare,Successful
T300424,C100582,2026-05-15,Debit,1820.97,UPI,Education,Successful
T300425,C100674,2025-09-08,Debit,805.03,UPI,Healthcare,Failed
T300426,C100743,2026-04-23,Debit,574.65,IMPS,Shopping,Successful
T300427,C100723,2026-03-12,Credit,2201.59,Card,Groceries,Successful
T300428,C100025,2025-12-30,Debit,2037.89,Card,Healthcare,Successful
T300429,C100330,2025-07-20,Debit,1244.26,Card,Restaurants,Successful
T300430,C100553,2026-06-10,Debit,802.78,UPI,Travel,Successful
T300431,C100356,2026-06-14,Credit,,UPI,Shopping,Successful
T300432,C100347,2026-05-20,Debit,13647.53,IMPS,Shopping,Successful
T300433,C100068,2025-07-21,Credit,3265.64,Card,Restaurants,Successful
T300434,C100175,2025-10-21,Debit,717.42,Card,Groceries,Successful
T300435,C100744,2025-11-29,Debit,668.6,Net Banking,Shopping,Successful
T300436,C100295,2026-06-17,Credit,843.92,UPI,Utilities,Successful
T300437,C100480,2025-11-03,Debit,10469.85,NEFT,Groceries,Successful
T300438,C100466,2025-10-24,Debit,1929.0,IMPS,Travel,Successful
T300439,C100722,2026-01-08,Debit,2184.34,UPI,Healthcare,Successful
T300440,C100485,2026-05-11,Debit,1173.92,UPI,Restaurants,Successful
T300441,C100583,2026-05-23,Debit,519.1,IMPS,Restaurants,Failed
T300442,C100651,2026-03-20,Debit,3928.61,UPI,Education,Successful
T300443,C100019,2026-01-09,Debit,464.31,UPI,Groceries,Successful
T300444,C100051,2026-06-10,Debit,1490.84,IMPS,Groceries,Successful
T300445,C100045,2025-08-29,Credit,715.31,Net Banking,Utilities,Failed
T300446,C100070,2025-11-24,Debit,913.62,IMPS,Education,Failed
T300447,C100133,2026-04-29,Debit,719.27,NEFT,Groceries,Successful
T300448,C100247,2025-09-24,Credit,544.19,UPI,Utilities,Successful
T300449,C100003,2025-10-07,Debit,2143.9,IMPS,Groceries,Successful
T300450,C100409,2025-08-25,Credit,4973.66,IMPS,Healthcare,Successful
T300451,C100565,2025-12-13,Debit,595.66,UPI,Shopping,Successful
T300452,C100763,2025-12-28,Credit,2236.24,IMPS,Healthcare,Successful
T300453,C100489,2025-10-02,Debit,1888.12,Net Banking,Healthcare,Successful
T300454,C100609,2026-05-18,Debit,7264.16,NEFT,Restaurants,Successful
T300455,C100646,2026-04-30,Debit,5332.11,IMPS,Travel,Failed
T300456,C100631,2025-12-15,Debit,3511.23,UPI,Healthcare,Successful
T300457,C100350,2026-03-08,Credit,1391.61,UPI,Restaurants,Successful
T300458,C100633,2025-10-20,Debit,532.44,Net Banking,Restaurants,Successful
T300459,C100053,2026-01-21,Debit,8637.3,NEFT,Education,Successful
T300460,C100009,2026-06-25,Debit,901.67,Net Banking,Shopping,Successful
T300461,C100410,2025-07-08,Debit,5212.56,IMPS,Travel,Successful
T300462,C100694,2025-08-18,Debit,18718.86,IMPS,Shopping,Successful
T300463,C100181,2025-09-25,Debit,1195.58,UPI,Healthcare,Successful
T300464,C100494,2026-01-18,Debit,1228.27,Card,Shopping,Successful
T300465,C100523,2026-04-09,Debit,2597.24,IMPS,Utilities,Successful
T300466,C100484,2026-02-01,Credit,625.59,UPI,Restaurants,Successful
T300467,C100532,2025-11-15,Credit,8558.46,UPI,Education,Successful
T300468,C100610,2026-04-30,Debit,3631.94,UPI,Education,Successful
T300469,C100129,2026-06-23,Debit,701.09,IMPS,Utilities,Successful
T300470,C100781,2025-11-29,Debit,5669.95,IMPS,Utilities,Successful
T300471,C100232,2025-10-22,Debit,3404.34,UPI,Shopping,Successful
T300472,C100120,2026-03-07,Debit,6909.57,IMPS,Restaurants,Successful
T300473,C100503,2026-02-15,Debit,2650.84,IMPS,Restaurants,Successful
T300474,C100583,2025-12-28,Credit,2160.8,UPI,Shopping,Failed
T300475,C100585,2026-01-29,Debit,5651.2,Card,Utilities,Successful
T300476,C100200,2026-01-15,Debit,4047.28,UPI,Groceries,Successful
T300477,C100793,2026-05-07,Credit,5506.47,Card,Utilities,Successful
T300478,C100242,2025-11-06,Credit,2641.52,IMPS,Restaurants,Successful
T300479,C100525,2026-01-10,Debit,5472.13,Card,Shopping,Successful
T300480,C100672,2026-04-07,Debit,1422.68,NEFT,Education,Successful
T300481,C100443,2025-07-06,Credit,7409.71,IMPS,Healthcare,Successful
T300482,C100533,2026-03-14,Credit,2703.83,Net Banking,Shopping,Successful
T300483,C100658,2026-05-07,Debit,7957.41,IMPS,Travel,Successful
T300484,C100119,2025-11-09,Credit,774.4,NEFT,Shopping,Successful
T300485,C100468,2026-05-28,Debit,6391.26,UPI,Groceries,Successful
T300486,C100114,2026-02-01,Debit,1162.02,Card,Travel,Successful
T300487,C100349,2026-05-06,Debit,6223.36,Card,Travel,Successful
T300488,C100263,2025-09-29,Debit,1877.74,IMPS,Groceries,Successful
T300489,C100600,2025-08-28,Debit,5080.43,Net Banking,Shopping,Successful
T300490,C100423,2025-09-28,Debit,8324.39,Net Banking,Education,Reversed
T300491,C100653,2025-11-11,Credit,13359.26,Card,Restaurants,Successful
T300492,C100474,2026-01-21,Debit,1542.53,NEFT,Shopping,Successful
T300493,C100480,2026-04-16,Credit,2347.07,Card,Travel,Successful
T300494,C100493,2025-08-06,Debit,1085.36,NEFT,Restaurants,Successful
T300495,C100084,2026-02-15,Debit,12484.94,NEFT,Restaurants,Successful
T300496,C100059,2025-07-05,Credit,2594.13,UPI,Healthcare,Successful
T300497,C100656,2025-08-31,Credit,8956.16,NEFT,Restaurants,Successful
T300498,C100257,2026-01-23,Debit,2549.6,UPI,Healthcare,Successful
T300499,C100242,2026-01-25,Debit,1555.1,UPI,Travel,Successful
T300500,C100399,2026-05-15,Credit,1910.75,Card,Utilities,Successful
T300501,C100441,2025-07-16,Credit,10700.72,Card,Groceries,Successful
T300502,C100464,2026-02-04,Debit,2777.13,UPI,Shopping,Successful
T300503,C100013,2025-07-21,Credit,982.5,NEFT,Education,Successful
T300504,C100139,2025-09-22,Debit,12019.24,Card,Shopping,Successful
T300505,C100234,2026-05-06,Debit,271.23,Net Banking,Utilities,Successful
T300506,C100009,2026-02-24,Debit,992.47,NEFT,Shopping,Successful
T300507,C100405,2025-08-07,Debit,1834.06,UPI,Shopping,Successful
T300508,C100714,2026-05-10,Credit,4297.44,Card,Education,Successful
T300509,C100767,2025-08-24,Debit,4096.25,UPI,Travel,Successful
T300510,C100521,2026-05-11,Debit,3617.93,IMPS,Education,Successful
T300511,C100015,2026-02-19,Debit,675.13,Net Banking,Groceries,Failed
T300512,C100278,2025-11-08,Debit,1402.04,NEFT,Travel,Successful
T300513,C100089,2025-10-01,Debit,3417.08,UPI,Travel,Reversed
T300514,C100046,2026-01-14,Debit,19712.85,Net Banking,Shopping,Successful
T300515,C100237,2026-03-17,Debit,34727.47,IMPS,Healthcare,Successful
T300516,C100047,2026-03-21,Debit,2541.21,NEFT,Groceries,Successful
T300517,C100354,2025-08-25,Debit,701.94,UPI,Healthcare,Successful
T300518,C100254,2026-03-24,Credit,2096.88,Card,Utilities,Successful
T300519,C100747,2026-05-12,Debit,2773.47,NEFT,Utilities,Successful
T300520,C100159,2026-02-14,Debit,2571.29,Net Banking,Restaurants,Successful
T300521,C100522,2025-11-11,Debit,1959.35,UPI,Healthcare,Reversed
T300522,C100581,2026-01-13,Credit,4118.98,Net Banking,Healthcare,Successful
T300523,C100548,2026-06-06,Debit,1366.5,IMPS,Shopping,Successful
T300524,C100335,2026-03-03,Debit,5603.47,Card,Restaurants,Reversed
T300525,C100026,2025-11-14,Debit,596.45,NEFT,Restaurants,Successful
T300526,C100411,2025-08-12,Debit,2090.0,NEFT,Education,Successful
T300527,C100599,2025-09-02,Debit,1519.61,IMPS,Groceries,Successful
T300528,C100011,2026-04-02,Debit,1111.36,IMPS,Shopping,Successful
T300529,C100770,2025-09-07,Credit,435.17,NEFT,Travel,Successful
T300530,C100045,2025-09-15,Credit,1355.92,NEFT,Groceries,Successful
T300531,C100429,2025-10-22,Credit,1823.19,IMPS,Groceries,Failed
T300532,C100190,2026-04-13,Credit,1611.49,IMPS,Restaurants,Successful
T300533,C100432,2026-06-01,Debit,5576.98,Card,Education,Successful
T300534,C100010,2025-09-11,Debit,756.83,Net Banking,Restaurants,Successful
T300535,C100526,2026-04-25,Credit,3324.43,Card,Education,Successful
T300536,C100032,2026-05-24,Debit,3837.53,Net Banking,Shopping,Successful
T300537,C100294,2026-04-09,Credit,3194.0,IMPS,Travel,Successful
T300538,C100324,2025-10-12,Debit,1276.02,Card,Restaurants,Successful
T300539,C100288,2026-03-17,Debit,368.03,Card,Groceries,Successful
T300540,C100798,2025-10-05,Debit,636.07,Net Banking,Education,Successful
T300541,C100147,2026-06-24,Debit,739.26,IMPS,Shopping,Successful
T300542,C100536,2025-07-29,Debit,1273.38,Card,Healthcare,Successful
T300543,C100677,2025-07-28,Debit,8230.76,Card,Restaurants,Successful
T300544,C100075,2025-12-10,Debit,9818.29,Card,Shopping,Successful
T300545,C100743,2025-09-01,Debit,2903.18,UPI,Travel,Successful
T300546,C100144,2026-02-17,Credit,,UPI,Groceries,Successful
T300547,C100163,2025-10-27,Debit,8971.64,UPI,Utilities,Successful
T300548,C100644,2026-06-14,Debit,1474.85,UPI,Travel,Successful
T300549,C100662,2026-02-12,Debit,7565.71,NEFT,Travel,Successful
T300550,C100311,2026-03-07,Credit,854.64,Card,Healthcare,Successful
T300551,C100462,2026-02-02,Debit,1032.37,NEFT,Restaurants,Successful
T300552,C100500,2026-05-13,Debit,5600.42,IMPS,Restaurants,Successful
T300553,C100100,2025-08-10,Debit,970.26,IMPS,Healthcare,Successful
T300554,C100462,2025-11-25,Credit,1584.18,Card,Education,Successful
T300555,C100550,2026-03-22,Debit,8278.46,Card,Groceries,Successful
T300556,C100677,2026-05-01,Credit,2791.84,Card,Restaurants,Successful
T300557,C100232,2025-09-19,Debit,2589.79,Card,Shopping,Successful
T300558,C100525,2025-11-20,Debit,2650.75,UPI,Utilities,Successful
T300559,C100480,2026-06-24,Debit,1612.12,Card,Utilities,Successful
T300560,C100739,2026-03-21,Credit,1472.08,Card,Utilities,Successful
T300561,C100029,2026-04-07,Debit,5049.22,Card,Education,Successful
T300562,C100661,2026-05-21,Credit,5248.5,IMPS,Travel,Successful
T300563,C100606,2026-01-13,Credit,3238.15,IMPS,Restaurants,Successful
T300564,C100689,2026-01-03,Debit,2793.69,Net Banking,Shopping,Successful
T300565,C100613,2026-01-10,Debit,1299.44,Card,Groceries,Successful
T300566,C100665,2026-03-11,Debit,932.99,Net Banking,Utilities,Reversed
T300567,C100062,2025-08-12,Debit,3687.65,IMPS,Education,Successful
T300568,C100467,2025-11-21,Credit,1983.31,Card,Restaurants,Successful
T300569,C100209,2026-04-03,Credit,684.09,Net Banking,Education,Failed
T300570,C100230,2026-05-30,Debit,609.25,IMPS,Healthcare,Successful
T300571,C100376,2026-03-02,Debit,361.06,Card,Travel,Successful
T300572,C100016,2026-03-17,Debit,6762.95,Card,Utilities,Successful
T300573,C100193,2026-05-17,Credit,11758.51,Net Banking,Healthcare,Successful
T300574,C100226,2026-02-02,Debit,8472.86,IMPS,Healthcare,Successful
T300575,C100129,2025-07-04,Credit,1294.34,Card,Shopping,Successful
T300576,C100696,2025-11-11,Debit,394.8,UPI,Shopping,Failed
T300577,C100223,2026-06-15,Credit,1571.79,IMPS,Travel,Successful
T300578,C100696,2025-10-31,Debit,10590.07,UPI,Education,Successful
T300579,C100510,2026-04-24,Debit,1751.48,IMPS,Healthcare,Successful
T300580,C100644,2026-03-24,Credit,1754.33,Net Banking,Restaurants,Failed
T300581,C100440,2026-02-08,Debit,1856.91,IMPS,Restaurants,Successful
T300582,C100559,2026-02-11,Debit,30404.66,Net Banking,Restaurants,Successful
T300583,C100393,2025-08-01,Credit,4845.13,UPI,Education,Failed
T300584,C100778,2026-02-15,Credit,2714.07,Card,Restaurants,Successful
T300585,C100784,2025-07-14,Debit,3508.89,IMPS,Utilities,Successful
T300586,C100191,2026-02-25,Debit,849.84,Card,Healthcare,Successful
T300587,C100318,2026-04-14,Credit,13487.33,IMPS,Education,Successful
T300588,C100289,2026-04-19,Credit,600.46,UPI,Travel,Successful
T300589,C100716,2025-12-22,Debit,4182.15,NEFT,Utilities,Successful
T300590,C100780,2026-02-08,Debit,1218.71,UPI,Utilities,Successful
T300591,C100527,2026-03-30,Debit,2906.66,Card,Groceries,Successful
T300592,C100160,2026-03-21,Debit,4898.72,Card,Education,Successful
T300593,C100432,2026-04-08,Debit,820.67,UPI,Restaurants,Successful
T300594,C100579,2026-06-08,Credit,5153.38,Card,Healthcare,Successful
T300595,C100351,2025-08-11,Credit,403.02,Net Banking,Groceries,Successful
T300596,C100502,2026-02-19,Debit,11508.63,IMPS,Utilities,Successful
T300597,C100187,2026-01-20,Debit,14899.11,Net Banking,Travel,Successful
T300598,C100469,2026-02-20,Debit,1078.64,IMPS,Shopping,Successful
T300599,C100011,2025-08-07,Credit,1442.71,NEFT,Restaurants,Failed
T300600,C100557,2026-06-24,Credit,6199.95,UPI,Education,Successful
T300601,C100788,2025-10-30,Debit,4362.12,Net Banking,Shopping,Successful
T300602,C100790,2026-06-22,Debit,328.93,IMPS,Travel,Successful
T300603,C100005,2026-06-05,Debit,379.39,NEFT,Groceries,Successful
T300604,C100211,2025-10-27,Debit,2471.88,Card,Healthcare,Successful
T300605,C100543,2026-01-24,Debit,3882.17,UPI,Healthcare,Successful
T300606,C100061,2026-02-02,Credit,2553.12,Card,Shopping,Successful
T300607,C100356,2026-02-28,Credit,2537.84,UPI,Groceries,Successful
T300608,C100665,2025-07-03,Debit,3683.39,IMPS,Restaurants,Successful
T300609,C100261,2025-12-09,Debit,455.97,Net Banking,Restaurants,Failed
T300610,C100409,2025-08-06,Credit,2312.54,Net Banking,Utilities,Successful
T300611,C100334,2025-07-20,Debit,2412.61,NEFT,Education,Successful
T300612,C100463,2025-09-27,Credit,1374.26,IMPS,Travel,Successful
T300613,C100301,2025-09-15,Debit,3961.45,Net Banking,Utilities,Successful
T300614,C100629,2026-01-06,Debit,2473.44,UPI,Travel,Failed
T300615,C100239,2025-09-10,Debit,5493.55,NEFT,Restaurants,Successful
T300616,C100001,2025-11-01,Credit,966.43,UPI,Travel,Successful
T300617,C100435,2025-07-08,Debit,519.03,IMPS,Restaurants,Failed
T300618,C100054,2026-04-14,Debit,10779.34,Net Banking,Travel,Successful
T300619,C100508,2026-06-05,Credit,18135.34,Card,Education,Successful
T300620,C100300,2025-08-16,Credit,,Card,Restaurants,Successful
T300621,C100365,2026-04-14,Debit,6602.15,UPI,Healthcare,Successful
T300622,C100789,2026-02-08,Debit,917.86,Net Banking,Shopping,Successful
T300623,C100792,2026-02-15,Debit,931.34,NEFT,Travel,Successful
T300624,C100279,2025-10-23,Credit,1124.49,Net Banking,Education,Successful
T300625,C100399,2026-02-08,Debit,2428.27,UPI,Education,Failed
T300626,C100728,2026-06-05,Debit,2766.04,NEFT,Education,Successful
T300627,C100537,2025-07-10,Debit,974.35,UPI,Healthcare,Successful
T300628,C100755,2025-12-08,Debit,2670.15,UPI,Shopping,Successful
T300629,C100149,2026-01-14,Debit,2150.71,Card,Education,Successful
T300630,C100542,2025-09-23,Debit,13156.07,UPI,Education,Successful
T300631,C100432,2026-06-04,Debit,4327.34,IMPS,Education,Successful
T300632,C100180,2025-12-09,Debit,1704.05,Net Banking,Education,Successful
T300633,C100434,2025-11-10,Debit,19909.3,Card,Travel,Failed
T300634,C100712,2025-11-14,Credit,4238.35,NEFT,Healthcare,Successful
T300635,C100238,2026-06-20,Credit,2422.26,Net Banking,Travel,Successful
T300636,C100407,2026-04-03,Debit,5109.57,Card,Restaurants,Successful
T300637,C100443,2026-06-16,Debit,1700.31,IMPS,Healthcare,Successful
T300638,C100395,2026-01-26,Debit,4028.46,NEFT,Utilities,Successful
T300639,C100737,2025-07-11,Credit,152.56,IMPS,Utilities,Successful
T300640,C100147,2025-11-17,Debit,3027.14,Net Banking,Groceries,Successful
T300641,C100118,2026-02-13,Debit,1959.5,IMPS,Healthcare,Successful
T300642,C100174,2025-09-19,Debit,1033.07,UPI,Restaurants,Successful
T300643,C100722,2026-06-18,Debit,6664.04,IMPS,Shopping,Successful
T300644,C100444,2025-12-14,Credit,6237.61,UPI,Healthcare,Successful
T300645,C100114,2025-08-10,Debit,4290.14,Net Banking,Education,Reversed
T300646,C100715,2025-08-10,Credit,5540.02,Net Banking,Restaurants,Successful
T300647,C100422,2025-08-06,Debit,4507.46,NEFT,Groceries,Successful
T300648,C100631,2026-02-24,Debit,6311.45,UPI,Education,Successful
T300649,C100773,2025-10-30,Credit,646.55,Card,Utilities,Successful
T300650,C100249,2026-03-12,Debit,1061.71,Card,Healthcare,Successful
T300651,C100565,2025-12-19,Debit,1693.17,Card,Groceries,Successful
T300652,C100420,2025-11-19,Credit,809.65,Net Banking,Groceries,Successful
T300653,C100487,2025-09-27,Debit,9147.58,Net Banking,Utilities,Successful
T300654,C100587,2025-07-08,Credit,1083.54,Card,Groceries,Successful
T300655,C100743,2025-09-27,Debit,1638.45,NEFT,Healthcare,Successful
T300656,C100700,2025-11-07,Debit,622.39,NEFT,Utilities,Successful
T300657,C100053,2025-11-15,Credit,1144.58,NEFT,Restaurants,Failed
T300658,C100135,2026-02-06,Debit,8441.68,NEFT,Education,Successful
T300659,C100236,2026-06-06,Debit,5835.09,UPI,Travel,Successful
T300660,C100217,2025-07-12,Credit,1772.54,NEFT,Groceries,Successful
T300661,C100157,2026-05-20,Credit,1577.98,NEFT,Healthcare,Successful
T300662,C100017,2025-11-21,Debit,6746.35,IMPS,Utilities,Reversed
T300663,C100194,2026-02-17,Credit,1323.07,NEFT,Restaurants,Successful
T300664,C100740,2025-08-14,Debit,446.28,UPI,Utilities,Successful
T300665,C100307,2026-06-16,Debit,583.33,Net Banking,Travel,Reversed
T300666,C100125,2026-04-29,Credit,6137.51,UPI,Education,Successful
T300667,C100190,2026-03-30,Debit,686.74,Net Banking,Restaurants,Successful
T300668,C100172,2025-11-01,Credit,481.76,Net Banking,Education,Successful
T300669,C100412,2025-08-06,Credit,1644.11,UPI,Education,Successful
T300670,C100371,2026-01-31,Debit,3144.26,NEFT,Restaurants,Successful
T300671,C100504,2026-02-23,Debit,614.35,IMPS,Education,Successful
T300672,C100333,2025-11-25,Credit,775.91,UPI,Shopping,Successful
T300673,C100477,2025-07-03,Debit,,Card,Education,Successful
T300674,C100368,2026-05-23,Debit,308.17,UPI,Travel,Successful
T300675,C100753,2025-12-11,Debit,6079.8,Card,Shopping,Successful
T300676,C100415,2026-06-01,Debit,2886.41,IMPS,Shopping,Successful
T300677,C100778,2025-09-08,Debit,684.25,IMPS,Healthcare,Successful
T300678,C100231,2025-07-25,Debit,8578.68,Card,Restaurants,Successful
T300679,C100545,2026-03-21,Debit,4702.68,UPI,Shopping,Successful
T300680,C100390,2025-07-08,Debit,1803.58,Card,Restaurants,Successful
T300681,C100018,2025-10-30,Debit,541.8,Net Banking,Shopping,Successful
T300682,C100287,2026-03-26,Debit,823.86,IMPS,Travel,Successful
T300683,C100049,2025-10-10,Debit,3843.49,IMPS,Travel,Successful
T300684,C100520,2026-01-05,Debit,545.45,IMPS,Groceries,Successful
T300685,C100447,2025-07-06,Debit,618.37,Net Banking,Shopping,Successful
T300686,C100707,2026-01-11,Debit,2166.66,IMPS,Utilities,Failed
T300687,C100015,2025-08-03,Debit,3782.39,UPI,Travel,Successful
T300688,C100513,2026-02-14,Credit,3541.85,Card,Education,Successful
T300689,C100142,2025-11-03,Debit,2948.34,NEFT,Groceries,Successful
T300690,C100158,2026-03-12,Debit,1259.86,Card,Shopping,Successful
T300691,C100731,2026-01-29,Credit,4804.52,Card,Healthcare,Successful
T300692,C100019,2025-08-08,Credit,744.06,Card,Utilities,Successful
T300693,C100237,2026-04-15,Debit,4787.21,IMPS,Shopping,Successful
T300694,C100778,2025-08-21,Debit,2951.07,IMPS,Travel,Successful
T300695,C100610,2025-11-26,Credit,1043.43,Net Banking,Education,Successful
T300696,C100358,2025-11-04,Credit,4258.78,Card,Shopping,Successful
T300697,C100616,2026-01-04,Credit,7715.45,UPI,Travel,Successful
T300698,C100565,2025-10-22,Credit,329.19,NEFT,Travel,Successful
T300699,C100451,2026-02-14,Debit,1266.99,Net Banking,Shopping,Successful
T300700,C100443,2026-03-04,Debit,842.01,IMPS,Travel,Successful
T300701,C100061,2025-07-11,Debit,3216.99,UPI,Healthcare,Successful
T300702,C100266,2026-06-24,Debit,2639.24,UPI,Travel,Successful
T300703,C100023,2025-11-03,Credit,1404.73,IMPS,Utilities,Reversed
T300704,C100686,2026-04-19,Credit,821.87,IMPS,Shopping,Successful
T300705,C100733,2025-11-28,Credit,373.18,Card,Restaurants,Successful
T300706,C100575,2025-07-27,Debit,2229.36,UPI,Utilities,Successful
T300707,C100683,2025-12-08,Debit,706.97,IMPS,Groceries,Successful
T300708,C100688,2026-03-07,Credit,1696.1,UPI,Travel,Successful
T300709,C100552,2026-06-14,Debit,1456.86,NEFT,Utilities,Reversed
T300710,C100496,2026-04-24,Debit,6923.46,Card,Travel,Successful
T300711,C100365,2025-10-05,Debit,4532.58,IMPS,Shopping,Successful
T300712,C100343,2025-08-15,Debit,1382.06,Net Banking,Education,Reversed
T300713,C100577,2025-09-25,Credit,7211.49,UPI,Healthcare,Successful
T300714,C100534,2025-11-26,Debit,3568.58,NEFT,Utilities,Successful
T300715,C100306,2025-08-19,Debit,4366.14,NEFT,Healthcare,Successful
T300716,C100378,2026-04-17,Debit,3390.51,Card,Travel,Successful
T300717,C100337,2026-01-25,Debit,16463.71,UPI,Shopping,Successful
T300718,C100349,2025-11-30,Debit,3742.16,Net Banking,Groceries,Failed
T300719,C100622,2026-01-03,Credit,1756.3,UPI,Healthcare,Successful
T300720,C100371,2025-10-25,Debit,4415.71,NEFT,Education,Successful
T300721,C100656,2026-04-23,Debit,8217.33,IMPS,Restaurants,Successful
T300722,C100610,2025-08-13,Credit,1006.52,UPI,Groceries,Successful
T300723,C100247,2025-09-24,Debit,1070.5,UPI,Education,Successful
T300724,C100166,2025-11-22,Debit,10381.5,Card,Travel,Successful
T300725,C100140,2025-10-15,Debit,4242.0,Net Banking,Groceries,Successful
T300726,C100412,2026-05-21,Credit,1421.74,IMPS,Restaurants,Successful
T300727,C100748,2025-09-16,Debit,16863.17,Card,Education,Successful
T300728,C100399,2025-11-26,Debit,4642.96,Card,Restaurants,Failed
T300729,C100281,2025-11-08,Debit,886.96,NEFT,Utilities,Successful
T300730,C100154,2025-07-07,Debit,437.16,NEFT,Education,Successful
T300731,C100252,2025-10-12,Debit,4962.42,UPI,Travel,Successful
T300732,C100395,2025-09-08,Credit,4464.38,Net Banking,Shopping,Successful
T300733,C100419,2026-03-22,Debit,832.99,UPI,Groceries,Successful
T300734,C100775,2026-02-24,Credit,1705.13,Net Banking,Education,Successful
T300735,C100410,2026-02-19,Credit,3392.09,IMPS,Education,Successful
T300736,C100283,2025-07-28,Credit,2074.19,Card,Restaurants,Successful
T300737,C100137,2025-07-22,Debit,636.44,NEFT,Travel,Successful
T300738,C100690,2025-09-30,Debit,6399.83,UPI,Travel,Successful
T300739,C100737,2026-01-07,Debit,15538.53,Net Banking,Travel,Successful
T300740,C100514,2025-11-16,Credit,2482.06,UPI,Travel,Successful
T300741,C100457,2026-02-15,Credit,1221.61,NEFT,Education,Successful
T300742,C100337,2025-11-10,Credit,1374.82,UPI,Travel,Successful
T300743,C100518,2026-04-03,Debit,1194.36,Net Banking,Travel,Successful
T300744,C100083,2025-08-21,Credit,5578.61,UPI,Travel,Successful
T300745,C100130,2026-03-03,Debit,1733.13,UPI,Utilities,Successful
T300746,C100603,2026-02-02,Debit,14518.28,Net Banking,Healthcare,Successful
T300747,C100258,2025-09-23,Debit,2543.02,Card,Utilities,Successful
T300748,C100401,2026-01-22,Credit,1157.62,Net Banking,Utilities,Successful
T300749,C100687,2026-02-07,Debit,902.55,Card,Shopping,Successful
T300750,C100223,2025-07-06,Debit,1556.37,Card,Healthcare,Successful
T300751,C100029,2025-12-05,Credit,1330.13,Net Banking,Restaurants,Successful
T300752,C100357,2026-06-11,Debit,1369.88,Card,Groceries,Failed
T300753,C100044,2025-07-03,Credit,2018.38,Net Banking,Utilities,Successful
T300754,C100135,2025-09-13,Credit,,UPI,Groceries,Successful
T300755,C100044,2025-09-13,Debit,6107.85,IMPS,Healthcare,Successful
T300756,C100087,2026-02-15,Debit,6994.22,UPI,Healthcare,Successful
T300757,C100384,2025-09-17,Debit,2312.06,NEFT,Shopping,Successful
T300758,C100267,2026-05-20,Debit,714.92,Net Banking,Education,Reversed
T300759,C100045,2025-09-27,Debit,5230.3,NEFT,Shopping,Successful
T300760,C100473,2025-11-29,Debit,1094.2,IMPS,Shopping,Successful
T300761,C100516,2026-05-06,Debit,362.09,IMPS,Groceries,Successful
T300762,C100347,2026-01-01,Credit,6171.46,NEFT,Utilities,Successful
T300763,C100228,2026-01-03,Credit,3237.3,NEFT,Education,Successful
T300764,C100037,2026-06-08,Debit,697.24,IMPS,Utilities,Successful
T300765,C100087,2025-12-15,Credit,6571.31,NEFT,Utilities,Successful
T300766,C100293,2025-07-19,Credit,11490.95,NEFT,Restaurants,Successful
T300767,C100098,2026-06-08,Credit,526.34,Card,Groceries,Successful
T300768,C100081,2026-06-20,Credit,5231.69,Net Banking,Healthcare,Successful
T300769,C100405,2025-08-06,Credit,5211.65,IMPS,Shopping,Successful
T300770,C100258,2025-07-09,Credit,11617.77,NEFT,Groceries,Successful
T300771,C100427,2026-01-15,Credit,429.66,Card,Restaurants,Successful
T300772,C100610,2025-07-02,Debit,16207.21,Card,Travel,Successful
T300773,C100410,2026-01-16,Debit,1474.63,UPI,Healthcare,Successful
T300774,C100734,2026-02-12,Debit,2009.18,UPI,Healthcare,Reversed
T300775,C100030,2026-06-28,Debit,5088.14,Card,Shopping,Successful
T300776,C100659,2026-06-26,Credit,623.39,Card,Education,Successful
T300777,C100556,2026-02-25,Debit,1792.07,NEFT,Groceries,Successful
T300778,C100636,2026-02-08,Debit,3893.07,NEFT,Shopping,Successful
T300779,C100324,2025-12-18,Credit,219.01,Card,Healthcare,Successful
T300780,C100085,2026-05-09,Debit,1086.16,NEFT,Travel,Successful
T300781,C100680,2026-03-17,Debit,4624.41,Card,Utilities,Successful
T300782,C100170,2026-04-29,Debit,1107.77,NEFT,Healthcare,Successful
T300783,C100156,2026-02-11,Debit,1332.84,Card,Travel,Successful
T300784,C100037,2025-09-07,Credit,1125.69,Net Banking,Travel,Successful
T300785,C100099,2026-02-09,Credit,10426.79,Card,Groceries,Failed
T300786,C100362,2025-09-27,Debit,2481.04,Net Banking,Groceries,Reversed
T300787,C100240,2025-11-27,Debit,5874.83,UPI,Shopping,Successful
T300788,C100631,2025-09-24,Debit,,IMPS,Travel,Successful
T300789,C100226,2026-03-19,Debit,579.51,IMPS,Groceries,Successful
T300790,C100440,2026-05-09,Debit,101.7,IMPS,Groceries,Successful
T300791,C100178,2025-08-11,Credit,1469.02,NEFT,Utilities,Successful
T300792,C100633,2026-06-11,Debit,2206.85,IMPS,Restaurants,Successful
T300793,C100715,2026-04-19,Debit,1463.25,Net Banking,Shopping,Successful
T300794,C100529,2026-06-22,Debit,642.95,Net Banking,Groceries,Successful
T300795,C100050,2026-01-20,Credit,5193.82,Net Banking,Travel,Successful
T300796,C100289,2026-05-10,Debit,696.16,UPI,Healthcare,Successful
T300797,C100748,2025-08-20,Credit,1883.51,NEFT,Healthcare,Successful
T300798,C100719,2025-07-21,Debit,4488.87,Card,Groceries,Successful
T300799,C100663,2025-09-13,Credit,742.69,Net Banking,Groceries,Successful
T300800,C100359,2025-08-03,Debit,3421.8,Card,Shopping,Reversed
T300801,C100455,2026-05-11,Credit,5374.58,UPI,Education,Successful
T300802,C100468,2026-05-23,Debit,1148.02,NEFT,Utilities,Successful
T300803,C100529,2025-11-17,Debit,826.04,Net Banking,Travel,Successful
T300804,C100753,2025-09-29,Debit,,NEFT,Groceries,Successful
T300805,C100739,2025-08-07,Debit,2953.95,UPI,Travel,Successful
T300806,C100255,2025-08-15,Credit,3103.44,NEFT,Restaurants,Successful
T300807,C100402,2026-05-20,Debit,1744.81,UPI,Groceries,Successful
T300808,C100186,2026-04-17,Debit,5067.2,NEFT,Shopping,Successful
T300809,C100420,2025-11-07,Debit,758.88,NEFT,Utilities,Successful
T300810,C100176,2026-04-01,Debit,5927.9,Net Banking,Shopping,Successful
T300811,C100415,2025-10-03,Debit,1015.35,Net Banking,Groceries,Successful
T300812,C100396,2026-06-29,Debit,2790.89,NEFT,Restaurants,Successful
T300813,C100365,2026-04-05,Debit,8495.51,Net Banking,Restaurants,Successful
T300814,C100583,2026-02-01,Debit,951.02,Net Banking,Groceries,Successful
T300815,C100060,2026-02-03,Credit,4293.06,UPI,Restaurants,Successful
T300816,C100207,2026-05-06,Debit,3789.84,Net Banking,Healthcare,Successful
T300817,C100027,2026-02-12,Debit,2620.88,Net Banking,Restaurants,Successful
T300818,C100392,2025-08-21,Debit,4860.4,UPI,Restaurants,Successful
T300819,C100368,2026-01-26,Debit,481.8,UPI,Travel,Successful
T300820,C100248,2026-06-25,Debit,2719.22,IMPS,Travel,Successful
T300821,C100616,2026-05-13,Debit,881.72,Card,Healthcare,Successful
T300822,C100033,2026-01-25,Debit,1916.52,UPI,Travel,Successful
T300823,C100186,2025-08-15,Debit,3642.75,NEFT,Shopping,Successful
T300824,C100434,2026-05-09,Debit,4547.83,UPI,Utilities,Successful
T300825,C100234,2025-09-25,Debit,1411.31,IMPS,Shopping,Successful
T300826,C100591,2025-12-16,Debit,493.22,Net Banking,Education,Successful
T300827,C100305,2025-08-04,Credit,13377.22,NEFT,Education,Reversed
T300828,C100377,2026-04-15,Debit,,NEFT,Restaurants,Reversed
T300829,C100304,2026-03-23,Debit,5971.77,Card,Groceries,Successful
T300830,C100594,2026-02-24,Credit,4062.53,NEFT,Utilities,Successful
T300831,C100083,2026-06-06,Credit,1092.01,Card,Groceries,Successful
T300832,C100331,2026-03-19,Debit,4140.52,UPI,Travel,Successful
T300833,C100568,2025-08-02,Debit,10152.43,IMPS,Education,Failed
T300834,C100407,2026-02-09,Credit,2749.7,UPI,Education,Successful
T300835,C100724,2025-07-08,Debit,1187.33,UPI,Education,Successful
T300836,C100125,2025-09-13,Debit,584.18,UPI,Shopping,Successful
T300837,C100011,2026-02-17,Debit,991.74,NEFT,Shopping,Failed
T300838,C100505,2025-09-30,Credit,4563.62,UPI,Utilities,Successful
T300839,C100349,2026-02-20,Debit,2685.19,Net Banking,Shopping,Successful
T300840,C100250,2026-02-20,Debit,7468.86,UPI,Groceries,Successful
T300841,C100222,2026-06-17,Credit,2028.79,IMPS,Utilities,Successful
T300842,C100178,2025-09-06,Debit,2297.12,IMPS,Shopping,Successful
T300843,C100090,2026-02-13,Debit,480.26,IMPS,Healthcare,Successful
T300844,C100526,2025-09-20,Debit,1093.51,UPI,Shopping,Successful
T300845,C100462,2026-01-13,Credit,2788.44,IMPS,Shopping,Successful
T300846,C100156,2026-05-23,Debit,192.14,UPI,Restaurants,Successful
T300847,C100764,2025-11-09,Credit,732.25,Net Banking,Healthcare,Successful
T300848,C100185,2025-09-06,Debit,2988.24,Net Banking,Restaurants,Successful
T300849,C100521,2026-01-26,Debit,1918.85,Card,Groceries,Successful
T300850,C100721,2025-07-26,Credit,206.27,UPI,Restaurants,Successful
T300851,C100753,2025-12-16,Debit,3020.27,Net Banking,Healthcare,Successful
T300852,C100218,2026-06-29,Debit,726.81,NEFT,Restaurants,Successful
T300853,C100346,2025-11-17,Debit,524.23,NEFT,Healthcare,Successful
T300854,C100497,2025-10-17,Credit,3389.91,IMPS,Healthcare,Successful
T300855,C100553,2026-03-26,Credit,249.18,Net Banking,Education,Successful
T300856,C100015,2025-12-06,Debit,2069.67,Card,Travel,Successful
T300857,C100227,2026-01-28,Debit,862.97,Card,Shopping,Successful
T300858,C100399,2025-11-27,Debit,982.76,Net Banking,Restaurants,Successful
T300859,C100519,2026-01-10,Debit,654.73,Card,Restaurants,Successful
T300860,C100009,2025-09-06,Debit,3525.88,Card,Travel,Successful
T300861,C100671,2026-02-12,Debit,,IMPS,Shopping,Successful
T300862,C100727,2025-08-18,Debit,8319.06,NEFT,Shopping,Successful
T300863,C100238,2026-03-14,Debit,669.86,IMPS,Travel,Failed
T300864,C100092,2026-02-13,Debit,1157.62,Net Banking,Groceries,Successful
T300865,C100061,2026-05-18,Debit,2490.73,NEFT,Restaurants,Successful
T300866,C100368,2026-02-15,Debit,5893.8,UPI,Utilities,Successful
T300867,C100231,2025-11-21,Debit,2175.17,NEFT,Utilities,Successful
T300868,C100299,2026-06-04,Debit,1395.21,Card,Education,Successful
T300869,C100618,2025-10-07,Debit,6954.17,IMPS,Restaurants,Successful
T300870,C100135,2025-07-09,Debit,528.7,Net Banking,Groceries,Successful
T300871,C100741,2026-03-12,Debit,1160.46,NEFT,Healthcare,Successful
T300872,C100285,2026-01-03,Debit,700.25,Net Banking,Healthcare,Successful
T300873,C100331,2025-08-22,Debit,4622.23,Net Banking,Groceries,Successful
T300874,C100439,2026-06-09,Debit,3205.92,NEFT,Travel,Successful
T300875,C100178,2026-05-18,Credit,34338.62,Card,Utilities,Successful
T300876,C100038,2026-03-13,Debit,2399.5,NEFT,Education,Successful
T300877,C100016,2025-07-15,Debit,2097.66,Card,Education,Successful
T300878,C100528,2026-05-20,Debit,943.78,UPI,Healthcare,Successful
T300879,C100195,2026-06-28,Debit,2394.78,Net Banking,Restaurants,Successful
T300880,C100229,2025-09-28,Debit,1591.32,UPI,Utilities,Successful
T300881,C100138,2026-01-03,Debit,5796.41,UPI,Shopping,Successful
T300882,C100442,2025-12-31,Debit,1166.4,NEFT,Travel,Successful
T300883,C100686,2025-12-26,Credit,5113.26,Net Banking,Healthcare,Successful
T300884,C100638,2026-04-21,Debit,1455.51,Card,Shopping,Successful
T300885,C100527,2026-06-12,Debit,8425.08,UPI,Shopping,Successful
T300886,C100170,2026-06-18,Debit,3622.84,NEFT,Education,Successful
T300887,C100045,2025-09-08,Debit,3223.64,UPI,Shopping,Successful
T300888,C100037,2025-08-28,Credit,1830.7,UPI,Groceries,Successful
T300889,C100362,2026-05-06,Debit,10128.07,UPI,Restaurants,Successful
T300890,C100100,2026-05-26,Debit,4113.26,UPI,Travel,Successful
T300891,C100480,2026-06-19,Credit,2879.38,NEFT,Healthcare,Successful
T300892,C100278,2026-02-14,Credit,1879.86,Card,Utilities,Failed
T300893,C100798,2026-02-01,Debit,1426.9,UPI,Utilities,Reversed
T300894,C100145,2025-12-16,Credit,568.19,IMPS,Education,Successful
T300895,C100092,2026-02-08,Debit,1697.3,NEFT,Groceries,Successful
T300896,C100790,2026-05-14,Debit,2059.62,IMPS,Education,Successful
T300897,C100130,2025-07-19,Debit,3171.62,Net Banking,Groceries,Failed
T300898,C100385,2025-09-28,Debit,1938.1,IMPS,Healthcare,Successful
T300899,C100147,2025-09-29,Debit,27922.3,NEFT,Utilities,Successful
T300900,C100634,2026-04-18,Debit,5931.86,NEFT,Restaurants,Successful
T300901,C100643,2025-08-31,Debit,2744.9,Card,Shopping,Successful
T300902,C100005,2026-05-18,Debit,3238.19,Card,Travel,Successful
T300903,C100066,2026-03-24,Debit,6405.92,Net Banking,Utilities,Successful
T300904,C100277,2026-05-04,Debit,426.4,IMPS,Travel,Successful
T300905,C100326,2025-11-28,Credit,989.67,UPI,Healthcare,Successful
T300906,C100799,2025-11-09,Debit,4333.07,UPI,Healthcare,Successful
T300907,C100495,2025-12-06,Debit,15350.19,UPI,Travel,Successful
T300908,C100094,2025-08-13,Credit,374.25,NEFT,Education,Reversed
T300909,C100049,2026-06-06,Debit,3394.41,IMPS,Groceries,Successful
T300910,C100778,2025-07-21,Credit,1721.4,UPI,Healthcare,Successful
T300911,C100005,2026-03-05,Credit,1475.26,Net Banking,Healthcare,Successful
T300912,C100739,2025-10-28,Debit,7580.69,IMPS,Travel,Successful
T300913,C100700,2025-08-11,Credit,5465.78,IMPS,Restaurants,Successful
T300914,C100121,2025-09-20,Debit,9978.15,IMPS,Healthcare,Successful
T300915,C100320,2026-03-27,Debit,3108.98,NEFT,Travel,Successful
T300916,C100741,2026-05-28,Debit,5593.62,UPI,Travel,Successful
T300917,C100167,2025-09-20,Debit,2852.48,NEFT,Travel,Successful
T300918,C100279,2025-07-19,Credit,2909.46,Card,Groceries,Successful
T300919,C100024,2025-07-23,Credit,2093.07,UPI,Travel,Successful
T300920,C100057,2026-05-23,Debit,1082.3,IMPS,Travel,Successful
T300921,C100198,2026-06-13,Debit,1434.44,IMPS,Education,Successful
T300922,C100077,2026-04-09,Debit,1181.98,NEFT,Education,Successful
T300923,C100696,2025-12-06,Credit,6059.54,Net Banking,Travel,Successful
T300924,C100757,2026-04-21,Debit,473.01,UPI,Travel,Reversed
T300925,C100620,2026-05-05,Debit,4666.01,Net Banking,Healthcare,Successful
T300926,C100393,2026-03-23,Debit,14179.88,Card,Restaurants,Successful
T300927,C100263,2026-05-04,Credit,7989.6,UPI,Travel,Successful
T300928,C100528,2025-10-18,Debit,3845.42,Card,Groceries,Successful
T300929,C100140,2025-08-31,Credit,2908.11,IMPS,Travel,Successful
T300930,C100773,2025-11-27,Debit,970.16,IMPS,Shopping,Successful
T300931,C100012,2025-12-27,Credit,5482.71,Net Banking,Education,Failed
T300932,C100347,2025-07-06,Debit,1147.07,NEFT,Restaurants,Successful
T300933,C100095,2026-05-16,Credit,1840.63,Net Banking,Healthcare,Successful
T300934,C100570,2025-12-19,Credit,601.47,UPI,Healthcare,Successful
T300935,C100107,2026-06-20,Credit,2927.67,UPI,Shopping,Successful
T300936,C100670,2026-04-14,Debit,1607.66,Card,Education,Successful
T300937,C100079,2026-01-27,Debit,2809.88,NEFT,Utilities,Successful
T300938,C100419,2025-11-27,Debit,2896.93,Net Banking,Travel,Successful
T300939,C100451,2026-03-09,Credit,735.13,Net Banking,Restaurants,Successful
T300940,C100038,2025-10-07,Debit,489.87,Card,Travel,Successful
T300941,C100192,2025-12-31,Credit,810.78,IMPS,Travel,Successful
T300942,C100533,2026-06-04,Debit,1443.94,Net Banking,Restaurants,Successful
T300943,C100377,2025-09-12,Debit,1022.5,IMPS,Restaurants,Successful
T300944,C100289,2025-09-03,Debit,2295.17,Net Banking,Shopping,Failed
T300945,C100704,2026-03-02,Debit,11175.22,Net Banking,Restaurants,Successful
T300946,C100776,2025-07-27,Credit,,NEFT,Groceries,Successful
T300947,C100223,2026-06-27,Debit,7706.01,UPI,Utilities,Successful
T300948,C100050,2025-09-01,Debit,3048.65,Net Banking,Utilities,Successful
T300949,C100688,2025-07-18,Debit,1304.95,IMPS,Groceries,Successful
T300950,C100251,2025-08-12,Debit,1340.23,Net Banking,Utilities,Successful
T300951,C100759,2025-08-21,Debit,795.73,NEFT,Utilities,Successful
T300952,C100213,2025-12-15,Debit,965.88,UPI,Healthcare,Successful
T300953,C100496,2026-03-14,Credit,2187.96,Net Banking,Education,Successful
T300954,C100278,2026-01-09,Credit,2995.07,IMPS,Groceries,Successful
T300955,C100106,2025-07-14,Debit,1896.8,Card,Healthcare,Successful
T300956,C100663,2025-08-21,Debit,9924.5,NEFT,Travel,Successful
T300957,C100376,2026-05-16,Credit,5613.9,IMPS,Travel,Successful
T300958,C100147,2025-12-11,Debit,16567.29,UPI,Travel,Successful
T300959,C100540,2025-09-01,Credit,1135.44,Card,Shopping,Successful
T300960,C100319,2025-10-07,Debit,4599.6,Card,Shopping,Successful
T300961,C100238,2025-12-31,Debit,3084.16,IMPS,Healthcare,Successful
T300962,C100120,2025-08-19,Debit,115.52,Net Banking,Travel,Successful
T300963,C100032,2025-11-11,Debit,3321.0,UPI,Education,Successful
T300964,C100490,2025-07-17,Debit,1728.38,UPI,Travel,Successful
T300965,C100551,2026-03-16,Credit,518.75,NEFT,Groceries,Successful
T300966,C100179,2026-04-15,Debit,250.9,Card,Travel,Successful
T300967,C100084,2025-07-02,Debit,19844.58,Net Banking,Groceries,Successful
T300968,C100093,2025-12-12,Debit,6024.86,IMPS,Restaurants,Successful
T300969,C100599,2025-11-10,Debit,1186.3,IMPS,Shopping,Successful
T300970,C100026,2025-09-14,Debit,1533.21,IMPS,Education,Successful
T300971,C100125,2026-01-28,Credit,458.71,Net Banking,Groceries,Successful
T300972,C100176,2026-06-15,Credit,7922.13,IMPS,Shopping,Successful
T300973,C100581,2025-08-06,Debit,2313.55,Net Banking,Groceries,Successful
T300974,C100684,2025-07-06,Credit,477.9,IMPS,Travel,Successful
T300975,C100382,2025-11-25,Debit,672.97,UPI,Healthcare,Successful
T300976,C100714,2026-01-25,Debit,8143.02,Card,Shopping,Successful
T300977,C100530,2026-03-11,Debit,1147.35,IMPS,Education,Successful
T300978,C100515,2026-04-22,Debit,10099.54,UPI,Utilities,Successful
T300979,C100668,2026-02-22,Debit,1491.03,Net Banking,Utilities,Successful
T300980,C100108,2026-04-08,Debit,873.85,NEFT,Groceries,Successful
T300981,C100730,2026-04-09,Debit,628.4,NEFT,Utilities,Successful
T300982,C100470,2025-08-23,Debit,6685.8,NEFT,Utilities,Successful
T300983,C100410,2025-07-20,Credit,590.83,UPI,Education,Successful
T300984,C100147,2025-09-20,Debit,,Card,Groceries,Successful
T300985,C100227,2025-09-17,Debit,3354.77,Card,Education,Successful
T300986,C100763,2026-01-07,Debit,2023.73,Net Banking,Utilities,Reversed
T300987,C100158,2025-07-11,Debit,2474.9,Net Banking,Groceries,Successful
T300988,C100683,2026-05-25,Debit,4265.87,UPI,Groceries,Successful
T300989,C100257,2025-12-10,Debit,6575.01,UPI,Restaurants,Successful
T300990,C100421,2026-06-05,Debit,,IMPS,Travel,Successful
T300991,C100735,2025-07-11,Debit,523.42,UPI,Shopping,Successful
T300992,C100713,2026-04-03,Debit,565.96,Card,Groceries,Successful
T300993,C100189,2026-03-11,Debit,4528.17,Card,Groceries,Successful
T300994,C100270,2026-06-21,Debit,861.15,Card,Groceries,Successful
T300995,C100221,2025-07-28,Debit,846.77,Card,Education,Successful
T300996,C100418,2026-01-02,Debit,2162.81,IMPS,Utilities,Successful
T300997,C100532,2026-01-18,Debit,1827.81,NEFT,Restaurants,Successful
T300998,C100408,2025-07-02,Debit,510.55,Card,Utilities,Successful
T300999,C100493,2025-10-11,Debit,3350.48,UPI,Healthcare,Successful
T301000,C100498,2025-07-28,Debit,2560.17,UPI,Healthcare,Reversed
T301001,C100534,2025-10-22,Debit,1483.91,Card,Education,Failed
T301002,C100585,2026-04-09,Debit,5761.39,IMPS,Utilities,Successful
T301003,C100347,2026-01-22,Debit,19807.27,IMPS,Utilities,Successful
T301004,C100759,2025-08-18,Debit,5725.82,UPI,Education,Successful
T301005,C100655,2025-12-01,Credit,1828.62,Net Banking,Utilities,Successful
T301006,C100179,2025-11-18,Debit,1475.19,Card,Utilities,Successful
T301007,C100753,2025-11-23,Credit,3459.71,Card,Utilities,Successful
T301008,C100441,2026-02-22,Debit,1241.82,UPI,Groceries,Failed
T301009,C100535,2026-02-25,Debit,1086.33,Net Banking,Utilities,Successful
T301010,C100346,2026-05-05,Debit,1859.88,IMPS,Restaurants,Successful
T301011,C100572,2026-05-15,Debit,1261.35,IMPS,Utilities,Successful
T301012,C100561,2025-10-28,Debit,5492.47,IMPS,Healthcare,Successful
T301013,C100549,2025-09-15,Credit,4329.89,Net Banking,Healthcare,Successful
T301014,C100550,2025-08-09,Debit,3748.34,Card,Utilities,Successful
T301015,C100364,2026-06-27,Credit,884.15,UPI,Restaurants,Successful
T301016,C100033,2026-03-17,Debit,2154.26,Card,Education,Successful
T301017,C100412,2026-04-17,Credit,5763.65,Net Banking,Travel,Successful
T301018,C100321,2026-01-14,Debit,6974.93,NEFT,Shopping,Successful
T301019,C100349,2025-08-07,Debit,332.5,IMPS,Healthcare,Successful
T301020,C100236,2025-11-04,Credit,8504.08,NEFT,Restaurants,Successful
T301021,C100642,2026-04-05,Debit,588.0,Card,Restaurants,Successful
T301022,C100412,2026-05-12,Debit,3061.0,Net Banking,Education,Successful
T301023,C100663,2025-07-01,Debit,1990.19,Card,Travel,Successful
T301024,C100396,2025-07-20,Debit,1199.89,UPI,Education,Successful
T301025,C100028,2026-05-31,Debit,1558.33,UPI,Travel,Successful
T301026,C100174,2025-07-22,Credit,5894.75,Net Banking,Restaurants,Successful
T301027,C100742,2026-06-08,Debit,3176.37,Net Banking,Utilities,Successful
T301028,C100149,2026-02-09,Debit,3611.32,IMPS,Travel,Successful
T301029,C100739,2025-11-25,Debit,2154.52,NEFT,Education,Successful
T301030,C100051,2025-08-01,Credit,11396.12,Net Banking,Travel,Successful
T301031,C100317,2025-07-21,Debit,793.44,Card,Healthcare,Successful
T301032,C100304,2025-09-12,Debit,2371.89,NEFT,Groceries,Successful
T301033,C100535,2026-06-15,Credit,3590.22,UPI,Healthcare,Successful
T301034,C100390,2025-11-20,Debit,3425.73,UPI,Groceries,Successful
T301035,C100530,2026-02-01,Debit,1109.4,Net Banking,Shopping,Reversed
T301036,C100719,2025-10-21,Debit,8586.31,Net Banking,Restaurants,Successful
T301037,C100567,2026-05-09,Debit,2633.93,UPI,Groceries,Successful
T301038,C100534,2025-09-07,Debit,899.27,Net Banking,Groceries,Successful
T301039,C100231,2025-08-02,Debit,5456.04,Net Banking,Restaurants,Successful
T301040,C100127,2026-02-22,Debit,5681.06,NEFT,Healthcare,Successful
T301041,C100583,2026-04-14,Credit,17811.73,IMPS,Travel,Successful
T301042,C100476,2026-03-21,Debit,1301.2,Net Banking,Restaurants,Successful
T301043,C100543,2025-09-25,Debit,745.59,NEFT,Shopping,Successful
T301044,C100715,2025-12-09,Debit,5547.59,Card,Groceries,Failed
T301045,C100479,2025-12-26,Debit,6738.58,NEFT,Education,Successful
T301046,C100162,2025-08-26,Debit,9516.86,Net Banking,Education,Successful
T301047,C100368,2026-02-28,Debit,586.89,Card,Restaurants,Successful
T301048,C100676,2026-04-13,Credit,689.29,NEFT,Shopping,Successful
T301049,C100745,2026-03-21,Credit,3020.12,Card,Travel,Successful
T301050,C100626,2025-08-11,Debit,2454.14,Card,Restaurants,Failed
T301051,C100765,2026-01-05,Debit,1194.52,Net Banking,Utilities,Successful
T301052,C100638,2025-11-19,Debit,1252.21,Card,Utilities,Successful
T301053,C100682,2025-10-18,Debit,691.85,Net Banking,Restaurants,Successful
T301054,C100752,2026-02-01,Debit,4864.63,Card,Healthcare,Successful
T301055,C100390,2025-09-04,Debit,5253.68,UPI,Restaurants,Successful
T301056,C100224,2025-07-22,Debit,1229.1,Card,Restaurants,Successful
T301057,C100249,2025-11-25,Credit,1233.21,Net Banking,Groceries,Successful
T301058,C100293,2025-09-23,Credit,20362.8,IMPS,Groceries,Successful
T301059,C100605,2026-05-02,Debit,656.94,NEFT,Shopping,Successful
T301060,C100441,2025-12-21,Debit,454.14,Card,Travel,Successful
T301061,C100448,2025-12-09,Debit,1619.0,Net Banking,Education,Successful
T301062,C100350,2026-06-13,Debit,753.89,NEFT,Education,Successful
T301063,C100572,2025-11-20,Debit,3926.58,Net Banking,Utilities,Successful
T301064,C100473,2026-04-17,Debit,776.7,Card,Restaurants,Successful
T301065,C100760,2025-08-04,Debit,1795.29,Net Banking,Healthcare,Successful
T301066,C100499,2025-08-28,Debit,607.88,UPI,Shopping,Successful
T301067,C100165,2025-12-23,Debit,937.07,Card,Shopping,Successful
T301068,C100294,2026-03-27,Credit,795.83,Card,Groceries,Successful
T301069,C100225,2025-08-06,Credit,6869.8,UPI,Education,Successful
T301070,C100432,2025-08-14,Debit,1290.81,IMPS,Groceries,Successful
T301071,C100287,2026-03-16,Debit,1388.0,NEFT,Shopping,Successful
T301072,C100634,2026-06-30,Debit,2125.69,Card,Utilities,Successful
T301073,C100159,2025-07-12,Debit,3825.13,Net Banking,Utilities,Successful
T301074,C100776,2025-07-27,Credit,467.89,Net Banking,Groceries,Successful
T301075,C100042,2026-04-14,Credit,1641.55,UPI,Healthcare,Successful
T301076,C100728,2025-09-02,Debit,3464.18,IMPS,Utilities,Successful
T301077,C100336,2026-02-20,Debit,7966.15,UPI,Groceries,Successful
T301078,C100097,2025-07-05,Debit,941.37,NEFT,Healthcare,Successful
T301079,C100539,2026-03-09,Credit,2659.53,Card,Groceries,Successful
T301080,C100304,2026-05-25,Credit,2581.16,NEFT,Healthcare,Successful
T301081,C100584,2025-10-20,Debit,1104.23,IMPS,Restaurants,Failed
T301082,C100249,2026-01-04,Debit,3609.97,Card,Travel,Successful
T301083,C100389,2025-10-08,Debit,992.99,IMPS,Healthcare,Successful
T301084,C100397,2026-05-30,Debit,1869.21,Card,Restaurants,Successful
T301085,C100677,2025-12-10,Debit,2049.55,Card,Groceries,Successful
T301086,C100278,2025-10-06,Debit,5349.48,UPI,Shopping,Failed
T301087,C100310,2025-10-30,Credit,461.43,Card,Groceries,Failed
T301088,C100373,2025-11-01,Debit,1981.14,NEFT,Healthcare,Successful
T301089,C100586,2026-04-06,Credit,5977.91,UPI,Restaurants,Successful
T301090,C100220,2025-07-19,Debit,1782.76,IMPS,Healthcare,Successful
T301091,C100249,2026-06-15,Debit,8585.79,UPI,Healthcare,Successful
T301092,C100377,2026-04-20,Debit,3072.68,Net Banking,Shopping,Successful
T301093,C100357,2025-12-02,Credit,854.05,Net Banking,Travel,Successful
T301094,C100018,2026-01-14,Debit,1076.31,UPI,Education,Reversed
T301095,C100187,2026-01-27,Debit,3321.02,NEFT,Groceries,Successful
T301096,C100764,2025-07-17,Credit,1257.76,IMPS,Utilities,Successful
T301097,C100617,2026-01-20,Debit,1096.7,Card,Education,Successful
T301098,C100410,2026-06-05,Debit,1328.19,Card,Utilities,Successful
T301099,C100043,2026-01-07,Debit,2758.32,Card,Education,Successful
T301100,C100636,2026-05-21,Credit,5870.61,UPI,Healthcare,Successful
T301101,C100284,2025-12-27,Debit,991.09,UPI,Travel,Successful
T301102,C100625,2026-01-04,Debit,627.74,Net Banking,Restaurants,Successful
T301103,C100227,2025-12-31,Credit,3939.78,UPI,Travel,Successful
T301104,C100055,2025-07-16,Debit,2941.69,Card,Healthcare,Successful
T301105,C100346,2026-02-21,Debit,2412.43,Net Banking,Utilities,Successful
T301106,C100534,2025-12-04,Debit,319.82,NEFT,Shopping,Successful
T301107,C100148,2025-10-11,Debit,5434.23,Net Banking,Healthcare,Successful
T301108,C100227,2026-06-03,Debit,857.27,IMPS,Restaurants,Successful
T301109,C100550,2026-03-15,Credit,2918.33,UPI,Utilities,Successful
T301110,C100182,2025-08-05,Debit,4395.45,NEFT,Travel,Reversed
T301111,C100195,2025-07-19,Credit,518.56,NEFT,Shopping,Successful
T301112,C100262,2025-08-31,Debit,1791.93,NEFT,Shopping,Successful
T301113,C100136,2025-12-13,Debit,2129.52,IMPS,Healthcare,Successful
T301114,C100291,2025-09-24,Credit,4300.28,IMPS,Utilities,Successful
T301115,C100632,2026-06-26,Debit,9122.53,NEFT,Shopping,Successful
T301116,C100779,2025-07-16,Credit,6231.79,NEFT,Travel,Successful
T301117,C100202,2025-11-27,Debit,12467.58,Card,Shopping,Successful
T301118,C100797,2025-11-15,Credit,307.03,UPI,Groceries,Successful
T301119,C100767,2026-01-02,Credit,22239.07,UPI,Groceries,Successful
T301120,C100544,2025-10-24,Debit,1156.99,Card,Shopping,Successful
T301121,C100656,2025-12-21,Debit,1913.18,IMPS,Travel,Successful
T301122,C100782,2026-02-10,Credit,1026.56,NEFT,Groceries,Successful
T301123,C100728,2026-05-03,Credit,5977.6,Card,Travel,Successful
T301124,C100597,2025-09-02,Debit,6474.2,IMPS,Utilities,Successful
T301125,C100207,2025-10-16,Debit,1408.74,NEFT,Healthcare,Successful
T301126,C100031,2025-12-03,Debit,2778.06,UPI,Travel,Successful
T301127,C100555,2026-02-26,Credit,2389.29,NEFT,Healthcare,Successful
T301128,C100401,2026-05-25,Debit,2550.26,Net Banking,Groceries,Successful
T301129,C100160,2025-11-03,Debit,2162.41,IMPS,Utilities,Successful
T301130,C100471,2026-06-10,Debit,2939.03,Net Banking,Groceries,Successful
T301131,C100423,2025-09-03,Credit,2531.86,NEFT,Groceries,Successful
T301132,C100024,2026-01-01,Debit,5389.7,Card,Utilities,Successful
T301133,C100650,2025-07-16,Credit,2833.09,Net Banking,Utilities,Successful
T301134,C100147,2025-07-05,Debit,346.0,Card,Restaurants,Successful
T301135,C100505,2026-04-21,Debit,1730.98,NEFT,Groceries,Failed
T301136,C100245,2025-08-28,Credit,954.42,IMPS,Shopping,Successful
T301137,C100121,2025-12-11,Debit,2289.46,Net Banking,Restaurants,Successful
T301138,C100494,2025-10-27,Debit,899.76,UPI,Groceries,Successful
T301139,C100692,2026-03-03,Debit,3391.14,UPI,Healthcare,Successful
T301140,C100748,2026-04-03,Debit,2176.14,Net Banking,Restaurants,Successful
T301141,C100620,2026-04-10,Credit,716.35,UPI,Shopping,Failed
T301142,C100603,2025-10-03,Debit,5042.09,NEFT,Travel,Successful
T301143,C100192,2025-11-06,Credit,5484.42,NEFT,Healthcare,Successful
T301144,C100737,2026-05-30,Debit,7178.32,IMPS,Restaurants,Successful
T301145,C100364,2026-04-26,Credit,4650.98,Net Banking,Healthcare,Successful
T301146,C100224,2026-06-03,Debit,1521.12,UPI,Groceries,Successful
T301147,C100501,2026-04-12,Debit,887.54,NEFT,Education,Successful
T301148,C100362,2025-12-28,Credit,637.84,NEFT,Healthcare,Successful
T301149,C100344,2025-11-18,Debit,880.39,NEFT,Education,Successful
T301150,C100373,2026-04-16,Debit,3346.46,NEFT,Restaurants,Successful
T301151,C100328,2025-11-04,Debit,4640.35,IMPS,Utilities,Successful
T301152,C100129,2026-02-09,Debit,1148.39,IMPS,Travel,Successful
T301153,C100031,2026-02-22,Credit,2124.89,IMPS,Shopping,Successful
T301154,C100742,2025-08-04,Debit,4960.94,NEFT,Travel,Failed
T301155,C100146,2026-02-10,Credit,664.42,Net Banking,Restaurants,Successful
T301156,C100688,2025-10-25,Debit,5937.63,UPI,Travel,Successful
T301157,C100457,2025-08-26,Debit,1443.07,Card,Utilities,Successful
T301158,C100416,2026-01-18,Credit,4059.69,NEFT,Healthcare,Successful
T301159,C100338,2025-11-06,Debit,1114.66,Net Banking,Education,Successful
T301160,C100132,2026-01-06,Debit,1183.37,NEFT,Utilities,Successful
T301161,C100606,2025-09-02,Debit,2823.61,Net Banking,Healthcare,Successful
T301162,C100179,2026-02-27,Debit,2461.32,UPI,Travel,Successful
T301163,C100364,2026-01-17,Debit,4825.99,Card,Shopping,Successful
T301164,C100125,2026-01-30,Debit,5187.85,NEFT,Travel,Successful
T301165,C100346,2025-11-28,Debit,1298.44,Card,Shopping,Successful
T301166,C100332,2026-01-07,Debit,605.74,NEFT,Utilities,Successful
T301167,C100678,2025-07-11,Credit,2028.97,Net Banking,Restaurants,Successful
T301168,C100567,2026-05-12,Debit,6732.62,UPI,Restaurants,Successful
T301169,C100792,2025-12-01,Debit,2076.14,IMPS,Shopping,Successful
T301170,C100591,2025-08-23,Debit,860.08,NEFT,Healthcare,Successful
T301171,C100674,2025-10-31,Debit,3187.15,Net Banking,Groceries,Successful
T301172,C100376,2026-02-18,Debit,5794.57,UPI,Healthcare,Successful
T301173,C100059,2026-03-18,Debit,2559.0,Net Banking,Healthcare,Successful
T301174,C100443,2025-07-31,Debit,758.9,Net Banking,Shopping,Successful
T301175,C100788,2026-02-09,Debit,2533.46,Card,Restaurants,Reversed
T301176,C100160,2026-03-02,Debit,16895.0,Card,Utilities,Successful
T301177,C100239,2026-04-14,Debit,4180.85,Net Banking,Healthcare,Successful
T301178,C100196,2025-07-18,Credit,7411.05,Net Banking,Groceries,Successful
T301179,C100544,2026-04-03,Credit,3213.79,NEFT,Healthcare,Successful
T301180,C100021,2026-02-12,Debit,,Card,Utilities,Successful
T301181,C100473,2026-04-04,Debit,2292.92,NEFT,Groceries,Successful
T301182,C100629,2025-08-31,Debit,1313.84,IMPS,Education,Successful
T301183,C100680,2025-10-04,Debit,44354.16,Card,Utilities,Successful
T301184,C100162,2025-12-09,Debit,1959.43,Net Banking,Healthcare,Successful
T301185,C100193,2026-03-04,Debit,,UPI,Education,Successful
T301186,C100452,2026-03-05,Debit,1498.41,UPI,Utilities,Successful
T301187,C100466,2025-11-22,Debit,287.44,UPI,Shopping,Successful
T301188,C100706,2025-11-08,Debit,1000.18,NEFT,Travel,Failed
T301189,C100103,2025-10-05,Credit,773.61,IMPS,Education,Successful
T301190,C100416,2026-05-09,Debit,2602.31,Card,Utilities,Successful
T301191,C100108,2026-02-01,Debit,983.18,IMPS,Groceries,Successful
T301192,C100462,2026-02-12,Debit,1909.88,IMPS,Healthcare,Successful
T301193,C100782,2026-03-16,Debit,1087.24,IMPS,Travel,Successful
T301194,C100059,2026-06-28,Credit,2210.88,UPI,Groceries,Reversed
T301195,C100429,2026-05-24,Debit,5774.06,IMPS,Restaurants,Successful
T301196,C100183,2025-12-14,Credit,1502.84,UPI,Shopping,Successful
T301197,C100073,2025-12-04,Debit,4173.28,NEFT,Travel,Successful
T301198,C100514,2026-04-29,Debit,619.35,Net Banking,Travel,Successful
T301199,C100224,2026-05-01,Debit,5023.07,IMPS,Travel,Successful
T301200,C100548,2026-06-14,Debit,11249.23,UPI,Travel,Successful
T301201,C100751,2026-04-19,Credit,92106.34,Card,Healthcare,Successful
T301202,C100194,2025-10-31,Debit,9958.42,Net Banking,Healthcare,Successful
T301203,C100520,2025-11-27,Credit,7199.24,UPI,Healthcare,Successful
T301204,C100713,2025-12-30,Debit,3847.48,Card,Shopping,Successful
T301205,C100524,2026-06-02,Debit,4515.99,Card,Travel,Successful
T301206,C100576,2026-01-11,Credit,5987.58,Net Banking,Restaurants,Successful
T301207,C100748,2026-05-15,Debit,1354.56,UPI,Shopping,Successful
T301208,C100563,2026-03-31,Debit,6707.17,IMPS,Healthcare,Successful
T301209,C100303,2026-05-08,Debit,308.74,Net Banking,Utilities,Successful
T301210,C100748,2026-02-15,Debit,3013.94,IMPS,Restaurants,Successful
T301211,C100602,2026-03-07,Debit,2576.87,NEFT,Healthcare,Successful
T301212,C100174,2026-05-26,Debit,889.75,Card,Shopping,Successful
T301213,C100233,2025-12-11,Debit,2129.58,NEFT,Utilities,Failed
T301214,C100312,2025-10-28,Debit,1084.13,NEFT,Restaurants,Successful
T301215,C100786,2026-01-13,Debit,3692.3,IMPS,Healthcare,Successful
T301216,C100321,2025-10-14,Debit,6890.96,IMPS,Utilities,Reversed
T301217,C100683,2026-02-22,Debit,287.38,UPI,Education,Successful
T301218,C100643,2025-12-14,Debit,4032.39,NEFT,Travel,Successful
T301219,C100367,2025-08-03,Debit,2421.43,IMPS,Utilities,Successful
T301220,C100560,2025-07-16,Credit,3248.17,UPI,Shopping,Successful
T301221,C100129,2026-04-23,Debit,3230.6,IMPS,Education,Successful
T301222,C100421,2025-10-04,Debit,906.46,IMPS,Travel,Successful
T301223,C100681,2025-07-11,Debit,1644.9,Net Banking,Utilities,Failed
T301224,C100279,2026-06-23,Debit,2266.59,IMPS,Education,Successful
T301225,C100773,2025-11-14,Credit,9188.75,UPI,Groceries,Successful
T301226,C100166,2026-01-15,Debit,3587.71,NEFT,Restaurants,Successful
T301227,C100504,2026-01-04,Debit,277.72,Net Banking,Utilities,Successful
T301228,C100575,2025-07-20,Credit,1756.99,Card,Travel,Successful
T301229,C100144,2025-09-04,Credit,6086.28,Net Banking,Healthcare,Successful
T301230,C100594,2025-09-01,Debit,961.4,IMPS,Healthcare,Successful
T301231,C100774,2025-12-24,Debit,8662.55,Net Banking,Travel,Successful
T301232,C100545,2026-05-04,Debit,850.54,NEFT,Travel,Reversed
T301233,C100713,2026-06-12,Credit,3380.73,NEFT,Utilities,Reversed
T301234,C100054,2025-08-28,Credit,2869.5,Net Banking,Shopping,Successful
T301235,C100479,2025-12-30,Credit,4914.93,Card,Education,Successful
T301236,C100550,2026-04-30,Credit,909.78,Net Banking,Education,Successful
T301237,C100638,2026-03-10,Debit,1012.81,IMPS,Shopping,Successful
T301238,C100335,2026-05-09,Credit,1432.34,IMPS,Healthcare,Successful
T301239,C100160,2026-06-10,Debit,13876.3,Card,Travel,Successful
T301240,C100123,2025-12-07,Debit,1639.55,Card,Education,Successful
T301241,C100039,2026-03-29,Debit,1373.75,IMPS,Groceries,Successful
T301242,C100237,2025-07-03,Debit,1134.32,Card,Healthcare,Successful
T301243,C100358,2025-07-22,Debit,1041.53,UPI,Restaurants,Successful
T301244,C100307,2026-01-02,Debit,4089.44,IMPS,Restaurants,Successful
T301245,C100545,2025-10-25,Credit,2237.79,UPI,Shopping,Successful
T301246,C100360,2026-05-13,Debit,505.4,Card,Education,Successful
T301247,C100581,2026-05-04,Debit,3726.31,UPI,Shopping,Successful
T301248,C100455,2026-01-04,Credit,5956.95,IMPS,Groceries,Successful
T301249,C100229,2026-03-22,Credit,1559.54,Net Banking,Healthcare,Successful
T301250,C100362,2025-11-23,Debit,4290.1,NEFT,Healthcare,Successful
T301251,C100748,2026-03-26,Debit,4393.65,Card,Education,Successful
T301252,C100314,2025-11-15,Debit,1125.13,NEFT,Travel,Successful
T301253,C100566,2025-07-15,Credit,3142.96,UPI,Utilities,Successful
T301254,C100660,2026-04-07,Credit,1802.12,Card,Shopping,Failed
T301255,C100090,2025-09-27,Credit,8026.18,UPI,Education,Successful
T301256,C100489,2026-06-02,Debit,3976.36,Net Banking,Travel,Successful
T301257,C100458,2025-10-16,Credit,4513.72,Net Banking,Travel,Successful
T301258,C100219,2026-05-04,Debit,1098.18,IMPS,Shopping,Successful
T301259,C100480,2026-01-05,Debit,748.93,UPI,Education,Successful
T301260,C100515,2025-11-26,Debit,516.74,Net Banking,Travel,Successful
T301261,C100228,2026-03-16,Debit,2203.68,Net Banking,Healthcare,Successful
T301262,C100149,2026-06-09,Debit,352.22,UPI,Restaurants,Successful
T301263,C100047,2026-03-08,Debit,5517.63,NEFT,Education,Successful
T301264,C100471,2026-02-05,Debit,7345.38,UPI,Shopping,Successful
T301265,C100302,2025-12-07,Credit,384.36,UPI,Education,Successful
T301266,C100627,2025-10-08,Credit,2896.42,UPI,Groceries,Failed
T301267,C100222,2025-11-24,Debit,653.76,IMPS,Utilities,Successful
T301268,C100005,2026-05-09,Debit,3867.04,UPI,Education,Successful
T301269,C100664,2026-01-27,Debit,1610.98,Card,Utilities,Successful
T301270,C100539,2026-06-04,Credit,1203.47,UPI,Education,Reversed
T301271,C100209,2025-07-06,Debit,5769.39,NEFT,Shopping,Successful
T301272,C100222,2026-01-05,Debit,808.13,UPI,Restaurants,Successful
T301273,C100695,2025-09-13,Debit,6499.27,UPI,Restaurants,Successful
T301274,C100640,2026-03-23,Credit,742.38,Net Banking,Groceries,Successful
T301275,C100698,2026-01-11,Debit,2753.98,NEFT,Shopping,Successful
T301276,C100434,2025-11-17,Credit,14991.99,UPI,Shopping,Successful
T301277,C100042,2026-05-18,Credit,765.6,Net Banking,Groceries,Successful
T301278,C100319,2025-12-22,Debit,784.37,UPI,Healthcare,Successful
T301279,C100298,2025-11-19,Debit,8017.69,NEFT,Groceries,Successful
T301280,C100655,2026-02-28,Credit,2721.19,IMPS,Education,Successful
T301281,C100249,2025-11-24,Debit,7831.57,IMPS,Education,Successful
T301282,C100031,2026-06-29,Credit,3209.35,Net Banking,Utilities,Successful
T301283,C100364,2026-04-29,Debit,5275.27,Card,Restaurants,Successful
T301284,C100005,2025-10-03,Debit,6052.57,UPI,Utilities,Successful
T301285,C100089,2025-12-19,Credit,500.37,IMPS,Education,Successful
T301286,C100236,2025-12-14,Credit,3132.33,UPI,Groceries,Successful
T301287,C100083,2026-01-11,Credit,3736.98,Card,Restaurants,Successful
T301288,C100346,2025-12-13,Credit,3757.44,IMPS,Utilities,Successful
T301289,C100203,2026-01-04,Debit,2733.07,NEFT,Utilities,Successful
T301290,C100284,2025-12-08,Debit,2322.3,Card,Restaurants,Successful
T301291,C100023,2025-07-12,Debit,7023.82,IMPS,Shopping,Successful
T301292,C100558,2026-01-27,Credit,1327.49,NEFT,Education,Successful
T301293,C100360,2025-07-19,Debit,933.15,NEFT,Restaurants,Successful
T301294,C100368,2026-03-16,Debit,12722.14,Net Banking,Groceries,Successful
T301295,C100020,2026-03-14,Debit,1419.78,UPI,Groceries,Successful
T301296,C100049,2025-09-01,Debit,542.38,Card,Shopping,Successful
T301297,C100436,2026-02-21,Credit,8789.99,NEFT,Shopping,Successful
T301298,C100249,2026-04-25,Debit,1216.64,Card,Travel,Successful
T301299,C100680,2026-03-09,Debit,1967.72,NEFT,Restaurants,Successful
T301300,C100249,2025-10-01,Debit,1336.17,Card,Utilities,Successful
T301301,C100111,2025-07-09,Credit,386.33,UPI,Education,Successful
T301302,C100293,2026-04-20,Credit,11389.18,NEFT,Shopping,Successful
T301303,C100099,2026-05-11,Debit,6121.02,Card,Travel,Successful
T301304,C100269,2026-05-21,Credit,3450.8,UPI,Shopping,Successful
T301305,C100079,2025-08-03,Credit,1016.51,IMPS,Restaurants,Successful
T301306,C100780,2025-09-10,Debit,1599.44,Net Banking,Utilities,Reversed
T301307,C100310,2026-01-01,Credit,2030.21,Net Banking,Healthcare,Successful
T301308,C100100,2025-10-01,Debit,2277.68,Net Banking,Utilities,Successful
T301309,C100201,2026-06-10,Debit,875.09,Card,Education,Successful
T301310,C100551,2026-06-02,Debit,7931.98,IMPS,Groceries,Failed
T301311,C100797,2025-12-09,Debit,3959.81,IMPS,Healthcare,Reversed
T301312,C100660,2026-02-07,Debit,2469.72,IMPS,Shopping,Successful
T301313,C100704,2026-06-11,Debit,3084.22,IMPS,Restaurants,Failed
T301314,C100197,2026-04-10,Debit,2496.77,IMPS,Groceries,Successful
T301315,C100564,2025-08-12,Debit,5705.04,Net Banking,Groceries,Successful
T301316,C100384,2026-03-04,Credit,2609.82,Card,Groceries,Successful
T301317,C100098,2025-08-12,Debit,1808.58,NEFT,Shopping,Successful
T301318,C100695,2026-02-14,Debit,26436.24,Card,Utilities,Successful
T301319,C100754,2026-02-25,Debit,4356.33,IMPS,Utilities,Successful
T301320,C100737,2025-11-29,Debit,5416.63,IMPS,Restaurants,Successful
T301321,C100418,2025-07-03,Debit,7448.0,Net Banking,Travel,Successful
T301322,C100671,2026-02-05,Debit,568.34,Card,Restaurants,Failed
T301323,C100307,2025-11-13,Credit,6891.13,Card,Shopping,Successful
T301324,C100356,2025-09-20,Credit,421.13,IMPS,Education,Successful
T301325,C100313,2025-08-22,Debit,2349.09,Net Banking,Shopping,Successful
T301326,C100093,2026-04-20,Debit,1774.7,UPI,Utilities,Successful
T301327,C100639,2025-11-25,Debit,344.62,UPI,Restaurants,Successful
T301328,C100451,2026-05-30,Credit,10637.25,UPI,Restaurants,Successful
T301329,C100653,2026-04-06,Credit,2902.29,UPI,Travel,Successful
T301330,C100237,2025-09-15,Debit,2250.82,NEFT,Travel,Successful
T301331,C100624,2025-11-13,Debit,1346.34,Net Banking,Groceries,Successful
T301332,C100619,2026-06-19,Debit,42687.61,Net Banking,Shopping,Successful
T301333,C100598,2026-04-26,Credit,405.16,IMPS,Groceries,Successful
T301334,C100262,2025-10-08,Debit,3209.45,UPI,Utilities,Successful
T301335,C100242,2026-01-19,Credit,1451.71,UPI,Restaurants,Successful
T301336,C100782,2025-09-16,Credit,5603.1,Card,Restaurants,Successful
T301337,C100118,2025-09-22,Debit,339.64,Net Banking,Groceries,Successful
T301338,C100433,2026-03-06,Debit,2320.61,NEFT,Healthcare,Successful
T301339,C100311,2026-03-06,Debit,1807.94,UPI,Utilities,Reversed
T301340,C100170,2026-01-06,Debit,5556.56,UPI,Healthcare,Successful
T301341,C100012,2025-07-25,Debit,2166.22,IMPS,Education,Successful
T301342,C100294,2025-11-12,Debit,805.14,NEFT,Travel,Failed
T301343,C100316,2026-01-01,Debit,3263.25,UPI,Groceries,Successful
T301344,C100094,2026-01-18,Credit,3280.17,Card,Travel,Successful
T301345,C100046,2025-09-10,Debit,13013.78,NEFT,Travel,Successful
T301346,C100547,2026-04-02,Debit,1777.73,NEFT,Healthcare,Successful
T301347,C100798,2025-10-21,Debit,2178.37,Net Banking,Restaurants,Successful
T301348,C100456,2025-11-01,Debit,1149.11,Card,Groceries,Successful
T301349,C100027,2026-06-10,Debit,1077.14,Card,Shopping,Successful
T301350,C100569,2025-08-27,Debit,1586.22,Net Banking,Groceries,Successful
T301351,C100197,2025-10-18,Debit,4091.18,Card,Travel,Successful
T301352,C100693,2025-12-21,Credit,3487.06,UPI,Shopping,Successful
T301353,C100411,2026-05-01,Debit,6093.31,NEFT,Restaurants,Successful
T301354,C100560,2026-06-13,Debit,11639.34,UPI,Travel,Successful
T301355,C100627,2026-02-02,Debit,5613.09,Card,Shopping,Successful
T301356,C100398,2025-08-09,Debit,5445.15,IMPS,Groceries,Successful
T301357,C100617,2026-01-10,Debit,3335.94,IMPS,Groceries,Failed
T301358,C100443,2025-12-07,Credit,3752.38,IMPS,Travel,Successful
T301359,C100522,2025-12-28,Credit,2026.95,NEFT,Restaurants,Successful
T301360,C100094,2026-01-26,Debit,959.28,IMPS,Shopping,Successful
T301361,C100290,2026-02-20,Credit,671.66,UPI,Shopping,Successful
T301362,C100150,2025-11-12,Credit,2618.4,IMPS,Restaurants,Successful
T301363,C100388,2025-09-18,Debit,4676.51,IMPS,Healthcare,Successful
T301364,C100148,2026-06-03,Debit,912.42,Card,Travel,Successful
T301365,C100094,2025-12-02,Debit,4689.29,Card,Shopping,Successful
T301366,C100266,2026-06-13,Debit,5133.95,Card,Groceries,Successful
T301367,C100337,2026-01-25,Debit,1618.07,Card,Healthcare,Successful
T301368,C100786,2026-05-30,Credit,1321.85,Card,Education,Successful
T301369,C100543,2025-08-17,Credit,4422.27,UPI,Groceries,Successful
T301370,C100296,2026-06-29,Debit,10080.98,UPI,Travel,Successful
T301371,C100577,2025-07-16,Debit,2072.41,IMPS,Education,Successful
T301372,C100167,2025-09-13,Debit,1698.8,Card,Healthcare,Successful
T301373,C100618,2025-08-09,Credit,1449.36,Net Banking,Healthcare,Successful
T301374,C100039,2026-04-08,Debit,2178.94,UPI,Utilities,Successful
T301375,C100559,2026-03-30,Credit,2536.86,Net Banking,Utilities,Successful
T301376,C100674,2026-01-18,Debit,8206.58,IMPS,Education,Successful
T301377,C100231,2026-04-28,Debit,3140.1,Net Banking,Restaurants,Successful
T301378,C100157,2025-09-10,Debit,714.04,Net Banking,Restaurants,Successful
T301379,C100371,2025-11-07,Debit,15319.64,Card,Restaurants,Successful
T301380,C100232,2026-06-03,Debit,929.57,Net Banking,Shopping,Successful
T301381,C100652,2025-10-19,Credit,1884.39,UPI,Education,Successful
T301382,C100518,2026-03-03,Debit,847.39,Card,Shopping,Successful
T301383,C100501,2025-11-21,Debit,2253.01,Net Banking,Travel,Successful
T301384,C100060,2025-09-28,Debit,4241.87,NEFT,Education,Successful
T301385,C100701,2025-08-10,Debit,2080.03,Net Banking,Shopping,Successful
T301386,C100161,2025-12-07,Debit,856.74,UPI,Travel,Successful
T301387,C100501,2025-11-12,Debit,10368.1,Net Banking,Travel,Successful
T301388,C100251,2025-10-11,Debit,10147.41,NEFT,Education,Successful
T301389,C100630,2025-12-11,Debit,4406.26,IMPS,Travel,Successful
T301390,C100414,2025-10-30,Debit,2294.85,UPI,Groceries,Successful
T301391,C100286,2026-06-26,Debit,1753.14,NEFT,Travel,Reversed
T301392,C100045,2026-05-21,Debit,6812.83,IMPS,Education,Successful
T301393,C100384,2026-06-01,Debit,681.63,UPI,Shopping,Successful
T301394,C100382,2026-01-08,Credit,4489.44,Card,Travel,Successful
T301395,C100228,2025-07-08,Debit,689.29,UPI,Utilities,Successful
T301396,C100310,2025-07-18,Credit,816.77,UPI,Restaurants,Successful
T301397,C100513,2026-01-14,Debit,11187.57,Net Banking,Utilities,Failed
T301398,C100109,2026-01-20,Credit,3879.52,IMPS,Education,Successful
T301399,C100545,2026-06-16,Credit,,IMPS,Shopping,Successful
T301400,C100525,2026-01-06,Debit,761.08,IMPS,Shopping,Successful
T301401,C100338,2026-06-09,Credit,1961.0,UPI,Utilities,Successful
T301402,C100048,2025-12-19,Debit,2213.35,Net Banking,Education,Successful
T301403,C100680,2025-09-19,Credit,8155.15,IMPS,Utilities,Successful
T301404,C100590,2025-07-24,Debit,299.58,Net Banking,Healthcare,Successful
T301405,C100787,2025-12-02,Debit,13636.69,Net Banking,Education,Successful
T301406,C100050,2025-07-19,Debit,1594.06,Net Banking,Shopping,Successful
T301407,C100229,2026-02-19,Debit,1471.11,Net Banking,Restaurants,Successful
T301408,C100070,2025-12-19,Credit,1638.7,NEFT,Travel,Failed
T301409,C100288,2025-10-24,Debit,538.16,IMPS,Shopping,Successful
T301410,C100342,2025-10-17,Debit,6835.0,IMPS,Utilities,Successful
T301411,C100241,2026-04-12,Debit,1952.4,Card,Utilities,Failed
T301412,C100032,2026-03-02,Debit,1573.02,Net Banking,Shopping,Successful
T301413,C100350,2026-01-25,Debit,1715.09,IMPS,Groceries,Successful
T301414,C100086,2026-03-15,Debit,611.22,Net Banking,Shopping,Successful
T301415,C100200,2025-09-02,Debit,2369.09,IMPS,Groceries,Failed
T301416,C100776,2025-09-12,Debit,9870.4,IMPS,Healthcare,Successful
T301417,C100236,2025-12-09,Credit,2535.47,IMPS,Utilities,Reversed
T301418,C100452,2026-06-04,Debit,2755.53,UPI,Healthcare,Successful
T301419,C100395,2026-02-19,Debit,16918.38,NEFT,Restaurants,Successful
T301420,C100261,2025-10-25,Credit,1354.42,Net Banking,Travel,Successful
T301421,C100276,2026-05-25,Debit,,Net Banking,Groceries,Successful
T301422,C100037,2026-03-17,Debit,1584.54,NEFT,Education,Successful
T301423,C100311,2025-09-27,Debit,3378.8,NEFT,Travel,Successful
T301424,C100378,2026-04-28,Debit,7663.12,Net Banking,Healthcare,Successful
T301425,C100026,2025-09-06,Debit,5610.32,NEFT,Education,Successful
T301426,C100703,2025-10-20,Debit,1544.32,IMPS,Travel,Successful
T301427,C100112,2025-10-01,Debit,3319.19,Net Banking,Groceries,Successful
T301428,C100294,2026-03-21,Debit,494.87,UPI,Utilities,Successful
T301429,C100468,2026-06-25,Credit,765.59,Card,Shopping,Successful
T301430,C100357,2025-09-06,Debit,1661.55,Card,Restaurants,Successful
T301431,C100593,2025-10-06,Debit,4849.48,UPI,Education,Successful
T301432,C100243,2026-05-28,Debit,910.14,UPI,Utilities,Successful
T301433,C100577,2025-09-23,Credit,3002.1,Card,Groceries,Successful
T301434,C100610,2026-05-08,Debit,10333.36,Net Banking,Shopping,Successful
T301435,C100545,2026-01-05,Debit,6784.82,Card,Utilities,Successful
T301436,C100678,2025-11-13,Debit,4391.32,Net Banking,Groceries,Successful
T301437,C100239,2025-11-24,Debit,461.0,IMPS,Groceries,Successful
T301438,C100361,2026-05-20,Debit,1823.7,IMPS,Healthcare,Successful
T301439,C100375,2026-03-10,Debit,1457.3,NEFT,Restaurants,Successful
T301440,C100278,2025-12-13,Credit,3042.11,IMPS,Shopping,Successful
T301441,C100448,2025-09-21,Credit,725.57,IMPS,Shopping,Successful
T301442,C100618,2025-08-26,Debit,6132.08,Card,Groceries,Successful
T301443,C100490,2025-08-29,Debit,3180.43,UPI,Restaurants,Successful
T301444,C100545,2026-05-05,Debit,4481.01,UPI,Education,Successful
T301445,C100650,2026-06-25,Credit,1983.06,Card,Healthcare,Reversed
T301446,C100467,2026-05-31,Debit,967.61,IMPS,Restaurants,Successful
T301447,C100244,2026-04-21,Credit,4764.03,Card,Travel,Successful
T301448,C100089,2025-10-26,Debit,10806.0,Card,Healthcare,Successful
T301449,C100416,2026-03-14,Debit,3009.38,IMPS,Education,Successful
T301450,C100643,2026-06-19,Debit,5053.83,NEFT,Shopping,Successful
T301451,C100528,2026-06-02,Credit,21207.26,NEFT,Restaurants,Successful
T301452,C100300,2025-08-15,Debit,9516.53,UPI,Healthcare,Successful
T301453,C100284,2026-04-18,Credit,1473.5,Net Banking,Utilities,Successful
T301454,C100757,2025-08-14,Debit,450.01,Net Banking,Groceries,Successful
T301455,C100235,2025-11-11,Credit,6822.13,UPI,Education,Successful
T301456,C100588,2026-01-12,Debit,578.7,NEFT,Restaurants,Successful
T301457,C100360,2026-03-21,Debit,717.85,Card,Restaurants,Successful
T301458,C100789,2025-10-15,Debit,233.0,UPI,Utilities,Successful
T301459,C100218,2026-01-26,Credit,15313.7,Card,Education,Successful
T301460,C100633,2025-11-26,Debit,2166.33,NEFT,Healthcare,Failed
T301461,C100274,2025-10-19,Credit,1265.16,Net Banking,Education,Successful
T301462,C100315,2025-10-25,Credit,5677.23,UPI,Groceries,Successful
T301463,C100722,2026-03-16,Debit,2896.04,UPI,Shopping,Successful
T301464,C100333,2026-03-16,Debit,2221.9,Net Banking,Groceries,Successful
T301465,C100726,2026-06-18,Debit,925.42,IMPS,Utilities,Successful
T301466,C100596,2026-03-02,Credit,2151.88,IMPS,Travel,Successful
T301467,C100149,2026-03-18,Debit,2833.44,IMPS,Shopping,Successful
T301468,C100069,2026-06-08,Debit,1626.5,IMPS,Education,Successful
T301469,C100392,2025-11-28,Debit,355.5,NEFT,Groceries,Failed
T301470,C100689,2025-07-10,Debit,2630.89,Card,Shopping,Successful
T301471,C100180,2026-05-18,Debit,5963.69,NEFT,Utilities,Successful
T301472,C100035,2025-07-27,Debit,754.59,Net Banking,Travel,Successful
T301473,C100361,2025-11-25,Credit,10411.34,UPI,Travel,Successful
T301474,C100356,2026-03-10,Debit,5159.69,NEFT,Education,Successful
T301475,C100474,2025-11-08,Debit,426.18,Net Banking,Utilities,Successful
T301476,C100708,2026-06-29,Debit,450.81,NEFT,Travel,Successful
T301477,C100594,2026-05-04,Credit,690.3,Net Banking,Healthcare,Successful
T301478,C100178,2025-08-11,Debit,1299.76,Net Banking,Education,Successful
T301479,C100351,2026-04-24,Debit,2302.29,Card,Travel,Successful
T301480,C100693,2026-04-29,Debit,1753.43,IMPS,Shopping,Successful
T301481,C100500,2025-07-23,Debit,15616.4,UPI,Restaurants,Successful
T301482,C100735,2025-11-17,Credit,17527.77,Net Banking,Shopping,Successful
T301483,C100408,2025-10-01,Credit,6730.19,NEFT,Travel,Successful
T301484,C100720,2026-01-16,Debit,7742.26,UPI,Healthcare,Successful
T301485,C100017,2025-09-15,Credit,3965.72,Card,Education,Successful
T301486,C100750,2026-02-18,Debit,9402.96,IMPS,Utilities,Successful
T301487,C100088,2026-05-22,Debit,4067.18,Net Banking,Shopping,Successful
T301488,C100259,2026-06-19,Debit,1736.01,Card,Education,Successful
T301489,C100609,2026-02-24,Debit,6872.66,Card,Shopping,Failed
T301490,C100386,2026-06-06,Debit,2882.01,Net Banking,Groceries,Successful
T301491,C100465,2025-09-19,Credit,629.96,NEFT,Travel,Successful
T301492,C100350,2026-01-28,Credit,576.27,Card,Shopping,Successful
T301493,C100596,2025-11-22,Credit,548.86,IMPS,Shopping,Successful
T301494,C100381,2026-04-26,Debit,1197.93,IMPS,Shopping,Successful
T301495,C100278,2025-12-06,Debit,711.43,Net Banking,Shopping,Successful
T301496,C100614,2026-04-24,Debit,1021.96,IMPS,Shopping,Successful
T301497,C100577,2026-01-09,Debit,4505.56,IMPS,Groceries,Reversed
T301498,C100262,2025-11-28,Credit,13378.32,IMPS,Utilities,Successful
T301499,C100005,2025-10-12,Debit,4461.31,UPI,Groceries,Successful
T301500,C100207,2026-06-22,Debit,13173.61,UPI,Utilities,Successful
T301501,C100569,2025-07-31,Credit,1496.92,Net Banking,Education,Successful
T301502,C100286,2026-06-26,Debit,1999.29,UPI,Healthcare,Successful
T301503,C100082,2026-01-02,Debit,3564.71,IMPS,Restaurants,Successful
T301504,C100326,2025-08-22,Debit,781.32,IMPS,Groceries,Successful
T301505,C100644,2026-02-09,Credit,5316.47,Card,Healthcare,Successful
T301506,C100479,2026-03-06,Debit,7092.62,Net Banking,Groceries,Successful
T301507,C100779,2025-07-30,Debit,4790.34,NEFT,Restaurants,Successful
T301508,C100693,2026-03-17,Debit,4055.75,Net Banking,Restaurants,Successful
T301509,C100339,2026-05-17,Credit,3333.35,NEFT,Travel,Successful
T301510,C100429,2026-04-13,Debit,2155.92,Card,Groceries,Successful
T301511,C100051,2025-12-18,Debit,101.8,Card,Education,Successful
T301512,C100046,2026-01-27,Credit,895.04,UPI,Utilities,Successful
T301513,C100440,2025-07-08,Debit,2534.03,NEFT,Utilities,Successful
T301514,C100268,2026-01-16,Debit,379.02,NEFT,Education,Successful
T301515,C100723,2026-03-20,Debit,7702.99,NEFT,Utilities,Successful
T301516,C100015,2026-03-12,Debit,393.34,UPI,Groceries,Successful
T301517,C100291,2026-05-19,Debit,4426.93,IMPS,Shopping,Successful
T301518,C100635,2025-12-20,Debit,5921.68,NEFT,Healthcare,Successful
T301519,C100179,2026-06-15,Debit,3052.27,IMPS,Education,Successful
T301520,C100294,2025-12-12,Debit,1777.84,IMPS,Restaurants,Successful
T301521,C100274,2025-07-22,Debit,17358.63,Card,Utilities,Successful
T301522,C100410,2026-01-28,Debit,4305.51,IMPS,Restaurants,Successful
T301523,C100653,2026-06-19,Debit,1584.5,NEFT,Groceries,Successful
T301524,C100576,2026-02-14,Credit,3669.74,Card,Restaurants,Successful
T301525,C100378,2026-02-26,Credit,1319.83,UPI,Education,Successful
T301526,C100095,2025-08-06,Credit,5787.64,IMPS,Healthcare,Successful
T301527,C100103,2025-11-26,Debit,4567.14,UPI,Travel,Successful
T301528,C100542,2025-10-24,Debit,4478.7,UPI,Education,Successful
T301529,C100497,2026-01-28,Credit,450.68,UPI,Utilities,Successful
T301530,C100338,2026-03-30,Debit,3118.34,UPI,Groceries,Successful
T301531,C100268,2026-04-20,Debit,1149.09,Net Banking,Education,Successful
T301532,C100537,2025-07-31,Debit,5504.23,Card,Shopping,Successful
T301533,C100068,2025-11-05,Debit,355.03,Net Banking,Utilities,Reversed
T301534,C100648,2025-10-31,Debit,1473.01,Card,Travel,Successful
T301535,C100055,2026-06-12,Credit,848.19,NEFT,Education,Successful
T301536,C100530,2025-11-17,Debit,12518.52,NEFT,Utilities,Successful
T301537,C100065,2025-08-26,Debit,4948.89,Card,Utilities,Successful
T301538,C100322,2025-08-02,Credit,2494.24,UPI,Groceries,Successful
T301539,C100099,2025-10-31,Debit,1233.43,Card,Utilities,Successful
T301540,C100522,2025-11-08,Debit,7518.82,NEFT,Travel,Successful
T301541,C100453,2026-06-14,Credit,816.08,Net Banking,Shopping,Failed
T301542,C100190,2026-05-14,Debit,6778.17,Card,Groceries,Successful
T301543,C100008,2025-11-07,Debit,3540.6,Card,Shopping,Successful
T301544,C100043,2026-03-13,Credit,2343.17,IMPS,Utilities,Successful
T301545,C100425,2025-08-18,Credit,953.38,UPI,Utilities,Successful
T301546,C100007,2026-05-19,Debit,1428.76,Card,Utilities,Successful
T301547,C100705,2026-03-13,Debit,719.95,NEFT,Restaurants,Successful
T301548,C100333,2025-10-02,Debit,2115.15,Net Banking,Education,Successful
T301549,C100416,2026-04-03,Debit,1567.68,IMPS,Restaurants,Successful
T301550,C100165,2026-06-17,Debit,726.61,Card,Education,Successful
T301551,C100169,2026-05-10,Credit,893.58,Net Banking,Healthcare,Successful
T301552,C100085,2026-02-26,Debit,16591.65,Net Banking,Groceries,Successful
T301553,C100675,2026-05-08,Debit,1502.44,UPI,Healthcare,Successful
T301554,C100232,2025-11-25,Debit,6132.66,Net Banking,Groceries,Successful
T301555,C100055,2025-11-01,Credit,1092.23,UPI,Utilities,Successful
T301556,C100357,2026-05-13,Credit,2064.57,Net Banking,Utilities,Successful
T301557,C100054,2025-07-25,Debit,997.92,Net Banking,Groceries,Successful
T301558,C100660,2026-04-23,Debit,3287.21,NEFT,Shopping,Successful
T301559,C100503,2025-12-02,Debit,1420.15,NEFT,Restaurants,Successful
T301560,C100268,2025-11-25,Credit,2632.53,Card,Restaurants,Successful
T301561,C100353,2025-10-05,Credit,1504.36,IMPS,Healthcare,Successful
T301562,C100458,2025-12-01,Credit,3476.74,IMPS,Shopping,Successful
T301563,C100535,2025-07-31,Debit,5734.02,IMPS,Education,Successful
T301564,C100267,2025-10-07,Credit,5552.18,Card,Utilities,Successful
T301565,C100304,2026-06-14,Debit,3624.31,Net Banking,Education,Successful
T301566,C100276,2025-09-28,Credit,325.42,NEFT,Shopping,Reversed
T301567,C100299,2025-07-27,Debit,2917.59,NEFT,Travel,Successful
T301568,C100458,2026-02-03,Debit,11505.08,UPI,Groceries,Successful
T301569,C100488,2025-08-31,Debit,1079.22,UPI,Education,Successful
T301570,C100781,2025-08-29,Debit,7083.96,IMPS,Travel,Successful
T301571,C100166,2025-09-07,Debit,1400.19,UPI,Groceries,Successful
T301572,C100623,2026-02-07,Debit,5857.09,NEFT,Education,Successful
T301573,C100790,2025-10-16,Credit,1309.97,Net Banking,Groceries,Successful
T301574,C100182,2026-01-18,Debit,374.49,NEFT,Travel,Successful
T301575,C100172,2025-07-04,Debit,1487.46,NEFT,Education,Successful
T301576,C100084,2025-07-07,Debit,3902.4,NEFT,Travel,Successful
T301577,C100529,2025-07-24,Debit,1082.78,UPI,Healthcare,Successful
T301578,C100100,2026-03-18,Debit,1231.4,UPI,Travel,Successful
T301579,C100141,2026-01-03,Debit,2260.84,IMPS,Restaurants,Successful
T301580,C100412,2026-06-21,Debit,1568.39,Net Banking,Travel,Successful
T301581,C100291,2025-09-06,Credit,2731.81,Card,Groceries,Successful
T301582,C100605,2025-10-19,Debit,2430.47,UPI,Groceries,Failed
T301583,C100169,2026-02-10,Credit,2541.5,Card,Groceries,Successful
T301584,C100714,2025-08-04,Debit,3032.68,NEFT,Healthcare,Reversed
T301585,C100454,2025-08-05,Debit,1304.16,IMPS,Utilities,Successful
T301586,C100511,2026-04-13,Credit,2720.78,Card,Travel,Successful
T301587,C100559,2025-10-16,Credit,1999.41,UPI,Restaurants,Successful
T301588,C100259,2026-05-02,Debit,2051.31,Net Banking,Education,Successful
T301589,C100241,2026-02-24,Debit,13382.49,NEFT,Education,Successful
T301590,C100642,2026-06-02,Credit,10909.84,Card,Groceries,Successful
T301591,C100410,2025-08-31,Debit,388.21,IMPS,Groceries,Successful
T301592,C100380,2026-05-03,Debit,2725.41,Net Banking,Healthcare,Reversed
T301593,C100434,2025-12-21,Debit,,Net Banking,Shopping,Successful
T301594,C100526,2025-11-22,Debit,2326.92,Card,Shopping,Successful
T301595,C100618,2025-11-11,Credit,391.29,Card,Groceries,Successful
T301596,C100298,2026-03-14,Debit,4075.75,Card,Groceries,Successful
T301597,C100301,2026-04-08,Debit,4317.06,Net Banking,Education,Successful
T301598,C100202,2025-10-01,Debit,1468.77,IMPS,Travel,Successful
T301599,C100695,2026-05-14,Debit,4949.41,IMPS,Utilities,Successful
T301600,C100589,2025-09-04,Credit,2383.37,IMPS,Travel,Successful
T301601,C100723,2025-07-06,Debit,4595.15,NEFT,Healthcare,Successful
T301602,C100216,2025-10-24,Debit,1504.9,Net Banking,Utilities,Successful
T301603,C100245,2025-09-14,Debit,3239.61,Card,Travel,Successful
T301604,C100327,2025-08-08,Debit,645.74,Card,Shopping,Successful
T301605,C100575,2025-11-09,Debit,1515.55,UPI,Groceries,Successful
T301606,C100269,2026-06-16,Debit,3465.59,Net Banking,Education,Successful
T301607,C100797,2025-07-07,Debit,3427.85,Net Banking,Utilities,Successful
T301608,C100166,2025-11-07,Credit,11958.72,Card,Travel,Successful
T301609,C100722,2026-02-01,Debit,1166.15,NEFT,Groceries,Successful
T301610,C100032,2026-06-24,Debit,1189.94,UPI,Shopping,Successful
T301611,C100048,2026-04-06,Debit,1191.44,Card,Education,Successful
T301612,C100701,2026-01-12,Credit,2066.49,Net Banking,Shopping,Successful
T301613,C100279,2026-04-06,Debit,3678.73,UPI,Groceries,Successful
T301614,C100700,2026-06-05,Credit,948.36,NEFT,Groceries,Successful
T301615,C100031,2026-02-10,Debit,12358.16,Net Banking,Healthcare,Successful
T301616,C100751,2025-10-06,Debit,5565.88,Card,Groceries,Successful
T301617,C100716,2025-10-29,Debit,3776.42,NEFT,Travel,Successful
T301618,C100593,2025-09-25,Debit,10652.24,IMPS,Restaurants,Successful
T301619,C100680,2026-01-15,Debit,1592.92,Card,Travel,Successful
T301620,C100295,2025-07-28,Credit,716.7,NEFT,Travel,Successful
T301621,C100743,2025-07-31,Debit,2618.21,UPI,Utilities,Successful
T301622,C100439,2026-05-10,Debit,2896.13,NEFT,Shopping,Successful
T301623,C100654,2025-12-28,Debit,1582.29,UPI,Utilities,Successful
T301624,C100442,2026-04-28,Debit,6405.89,Net Banking,Utilities,Successful
T301625,C100084,2026-04-20,Debit,1620.05,Net Banking,Healthcare,Failed
T301626,C100555,2026-05-27,Debit,1268.66,NEFT,Utilities,Successful
T301627,C100111,2026-06-08,Debit,4361.96,IMPS,Shopping,Successful
T301628,C100365,2025-09-19,Debit,9551.94,Card,Healthcare,Successful
T301629,C100604,2026-04-19,Debit,312.26,NEFT,Travel,Successful
T301630,C100404,2025-10-31,Debit,1366.38,Net Banking,Healthcare,Failed
T301631,C100750,2025-09-01,Credit,2663.31,NEFT,Restaurants,Failed
T301632,C100018,2026-04-15,Credit,1496.35,UPI,Utilities,Successful
T301633,C100598,2026-06-12,Debit,4987.21,Net Banking,Shopping,Failed
T301634,C100676,2025-10-02,Debit,1874.88,UPI,Restaurants,Successful
T301635,C100460,2025-10-26,Credit,3622.13,IMPS,Travel,Successful
T301636,C100662,2025-07-18,Debit,4642.69,Net Banking,Travel,Successful
T301637,C100631,2026-04-18,Debit,877.43,Net Banking,Shopping,Successful
T301638,C100315,2025-08-15,Credit,100.0,UPI,Education,Successful
T301639,C100744,2025-10-20,Debit,1044.08,Card,Shopping,Failed
T301640,C100411,2026-02-27,Debit,1667.82,Net Banking,Travel,Reversed
T301641,C100718,2025-11-17,Debit,11354.73,NEFT,Groceries,Failed
T301642,C100345,2025-12-31,Debit,802.61,NEFT,Utilities,Successful
T301643,C100495,2026-03-20,Debit,993.57,NEFT,Restaurants,Successful
T301644,C100550,2026-05-22,Debit,559.81,IMPS,Education,Successful
T301645,C100221,2025-10-24,Credit,453.15,NEFT,Restaurants,Successful
T301646,C100635,2025-07-09,Debit,3481.32,IMPS,Restaurants,Successful
T301647,C100568,2026-02-02,Debit,,Net Banking,Shopping,Successful
T301648,C100769,2025-10-02,Credit,304.29,IMPS,Utilities,Successful
T301649,C100625,2025-10-15,Credit,738.52,Card,Restaurants,Successful
T301650,C100780,2025-07-12,Debit,2825.49,Net Banking,Groceries,Reversed
T301651,C100583,2026-01-07,Credit,3477.92,NEFT,Groceries,Successful
T301652,C100518,2025-07-28,Debit,1032.21,IMPS,Utilities,Successful
T301653,C100456,2026-05-08,Credit,2589.79,UPI,Healthcare,Successful
T301654,C100124,2025-09-27,Debit,995.56,Net Banking,Groceries,Successful
T301655,C100002,2025-11-13,Debit,1297.19,IMPS,Utilities,Successful
T301656,C100116,2026-01-25,Credit,1486.75,UPI,Shopping,Successful
T301657,C100591,2025-07-20,Debit,3186.82,UPI,Groceries,Failed
T301658,C100757,2026-03-09,Debit,2194.16,Net Banking,Education,Successful
T301659,C100273,2025-10-30,Credit,731.44,NEFT,Healthcare,Successful
T301660,C100611,2025-09-17,Debit,5185.22,Net Banking,Education,Successful
T301661,C100679,2026-03-08,Debit,9076.08,UPI,Restaurants,Successful
T301662,C100063,2026-01-12,Debit,1425.2,NEFT,Restaurants,Successful
T301663,C100512,2025-08-25,Debit,,NEFT,Restaurants,Successful
T301664,C100357,2026-03-06,Debit,5724.38,Card,Restaurants,Successful
T301665,C100797,2025-11-13,Debit,1752.5,IMPS,Shopping,Successful
T301666,C100235,2026-01-22,Credit,1425.75,UPI,Groceries,Failed
T301667,C100551,2026-03-18,Debit,1437.88,Card,Healthcare,Successful
T301668,C100275,2025-11-21,Debit,3780.95,Card,Utilities,Successful
T301669,C100505,2025-09-04,Debit,457.58,IMPS,Restaurants,Successful
T301670,C100036,2026-01-04,Debit,1208.24,Net Banking,Utilities,Successful
T301671,C100492,2026-01-24,Debit,2891.07,NEFT,Shopping,Successful
T301672,C100228,2026-04-23,Debit,4733.47,Net Banking,Healthcare,Failed
T301673,C100406,2025-09-14,Credit,904.51,UPI,Groceries,Successful
T301674,C100644,2025-12-01,Debit,3973.61,Card,Education,Successful
T301675,C100253,2025-10-01,Credit,595.61,Net Banking,Healthcare,Successful
T301676,C100170,2025-07-13,Debit,1374.65,IMPS,Restaurants,Successful
T301677,C100277,2025-08-05,Debit,10270.37,IMPS,Education,Failed
T301678,C100025,2025-09-22,Debit,13746.43,UPI,Travel,Successful
T301679,C100664,2026-01-23,Debit,1292.57,UPI,Groceries,Successful
T301680,C100769,2025-12-18,Credit,465.48,Net Banking,Shopping,Successful
T301681,C100589,2025-12-08,Debit,2292.59,NEFT,Education,Successful
T301682,C100671,2026-04-27,Debit,1186.35,IMPS,Healthcare,Successful
T301683,C100012,2026-01-01,Debit,681.18,IMPS,Education,Successful
T301684,C100226,2026-01-28,Debit,8423.21,Card,Healthcare,Successful
T301685,C100307,2025-09-09,Debit,194.91,Card,Education,Successful
T301686,C100654,2026-05-06,Credit,3668.56,IMPS,Groceries,Successful
T301687,C100295,2026-06-04,Debit,573.62,UPI,Education,Successful
T301688,C100376,2026-04-20,Credit,11327.69,Card,Groceries,Successful
T301689,C100049,2026-04-22,Debit,262.43,NEFT,Groceries,Successful
T301690,C100454,2025-10-29,Debit,690.55,NEFT,Restaurants,Successful
T301691,C100664,2026-06-17,Debit,1944.34,UPI,Utilities,Successful
T301692,C100697,2026-01-01,Debit,2106.66,IMPS,Healthcare,Successful
T301693,C100483,2025-11-25,Debit,1263.9,UPI,Education,Successful
T301694,C100368,2026-05-09,Debit,566.51,NEFT,Healthcare,Successful
T301695,C100465,2026-05-05,Debit,2606.1,UPI,Groceries,Successful
T301696,C100650,2026-06-23,Debit,3765.63,NEFT,Groceries,Successful
T301697,C100435,2026-05-28,Debit,1490.86,Net Banking,Restaurants,Successful
T301698,C100541,2026-06-03,Debit,7256.57,Card,Education,Successful
T301699,C100409,2025-09-28,Debit,2815.21,Card,Restaurants,Failed
T301700,C100579,2025-11-24,Debit,2473.49,IMPS,Utilities,Successful
T301701,C100313,2026-04-04,Debit,1511.78,NEFT,Groceries,Successful
T301702,C100303,2025-12-25,Debit,2451.14,IMPS,Education,Successful
T301703,C100498,2025-09-26,Credit,5311.47,Card,Restaurants,Successful
T301704,C100240,2025-11-07,Debit,165.63,IMPS,Healthcare,Successful
T301705,C100137,2025-09-23,Debit,5378.58,NEFT,Education,Successful
T301706,C100720,2025-12-19,Debit,2020.78,NEFT,Shopping,Successful
T301707,C100347,2025-10-08,Credit,6626.73,NEFT,Restaurants,Successful
T301708,C100747,2025-08-23,Debit,3032.0,UPI,Healthcare,Successful
T301709,C100588,2026-02-20,Debit,2968.84,UPI,Education,Successful
T301710,C100427,2025-07-25,Debit,1557.68,Net Banking,Utilities,Successful
T301711,C100569,2025-10-06,Debit,2261.79,UPI,Utilities,Successful
T301712,C100696,2025-12-02,Debit,807.17,UPI,Healthcare,Successful
T301713,C100452,2025-11-18,Credit,2326.53,Net Banking,Restaurants,Successful
T301714,C100406,2025-09-27,Debit,2704.05,IMPS,Restaurants,Successful
T301715,C100212,2025-07-02,Debit,3602.93,IMPS,Shopping,Successful
T301716,C100377,2025-12-29,Debit,788.32,NEFT,Groceries,Successful
T301717,C100579,2026-03-23,Debit,1791.62,UPI,Groceries,Reversed
T301718,C100598,2026-01-13,Debit,544.76,Card,Shopping,Successful
T301719,C100489,2025-11-29,Credit,2500.18,UPI,Restaurants,Successful
T301720,C100381,2025-08-14,Debit,1389.0,UPI,Groceries,Successful
T301721,C100161,2025-08-15,Debit,1157.43,UPI,Healthcare,Successful
T301722,C100701,2026-06-14,Debit,581.46,Card,Shopping,Successful
T301723,C100033,2025-11-20,Debit,465.28,NEFT,Utilities,Successful
T301724,C100033,2025-11-09,Credit,1881.64,Card,Shopping,Successful
T301725,C100376,2025-08-06,Debit,3695.03,UPI,Education,Successful
T301726,C100411,2026-01-12,Debit,452.16,IMPS,Education,Failed
T301727,C100068,2026-05-07,Debit,2308.06,IMPS,Utilities,Failed
T301728,C100598,2025-09-15,Credit,,IMPS,Shopping,Reversed
T301729,C100622,2025-09-14,Debit,719.03,Card,Education,Successful
T301730,C100108,2026-05-21,Credit,3643.72,NEFT,Groceries,Failed
T301731,C100024,2025-12-31,Debit,763.24,Card,Travel,Successful
T301732,C100403,2026-04-01,Debit,8850.54,Card,Shopping,Successful
T301733,C100353,2026-03-09,Credit,534.26,NEFT,Education,Successful
T301734,C100504,2025-08-28,Debit,3177.32,NEFT,Shopping,Successful
T301735,C100585,2025-11-15,Debit,5237.65,NEFT,Groceries,Successful
T301736,C100164,2025-10-17,Credit,2592.16,UPI,Travel,Successful
T301737,C100510,2026-03-29,Credit,1455.89,NEFT,Groceries,Successful
T301738,C100195,2026-04-06,Debit,628.3,Net Banking,Healthcare,Successful
T301739,C100030,2026-01-03,Credit,3410.59,UPI,Shopping,Successful
T301740,C100385,2025-11-10,Debit,1054.49,NEFT,Education,Successful
T301741,C100607,2025-07-09,Debit,2362.21,NEFT,Utilities,Successful
T301742,C100358,2025-12-22,Debit,8021.75,Card,Restaurants,Successful
T301743,C100216,2026-02-27,Debit,3452.12,Net Banking,Shopping,Successful
T301744,C100333,2025-09-13,Debit,3647.02,Net Banking,Healthcare,Successful
T301745,C100692,2026-01-07,Debit,271.93,UPI,Utilities,Reversed
T301746,C100276,2026-05-28,Credit,2883.37,Card,Utilities,Failed
T301747,C100159,2026-06-15,Debit,3117.62,NEFT,Utilities,Successful
T301748,C100180,2025-08-12,Debit,2822.14,IMPS,Healthcare,Failed
T301749,C100564,2026-03-01,Credit,4351.05,Net Banking,Travel,Successful
T301750,C100366,2025-07-24,Debit,842.64,Net Banking,Shopping,Successful
T301751,C100437,2026-04-25,Credit,2908.72,NEFT,Utilities,Successful
T301752,C100129,2025-11-27,Credit,1338.21,IMPS,Education,Successful
T301753,C100759,2025-10-20,Credit,2282.15,Net Banking,Shopping,Successful
T301754,C100337,2026-04-14,Debit,527.25,Net Banking,Restaurants,Successful
T301755,C100215,2025-09-13,Credit,1363.5,NEFT,Healthcare,Successful
T301756,C100312,2025-07-16,Credit,641.36,UPI,Healthcare,Successful
T301757,C100669,2026-06-15,Debit,3912.89,Card,Restaurants,Successful
T301758,C100501,2025-09-18,Debit,1641.67,Card,Travel,Successful
T301759,C100775,2026-05-22,Debit,5075.02,NEFT,Groceries,Successful
T301760,C100704,2025-11-04,Credit,8888.51,UPI,Education,Successful
T301761,C100069,2025-11-23,Debit,1561.43,IMPS,Shopping,Successful
T301762,C100547,2026-02-21,Debit,1017.24,Net Banking,Groceries,Successful
T301763,C100796,2025-07-25,Debit,11555.32,IMPS,Healthcare,Successful
T301764,C100215,2026-05-05,Debit,1916.54,Net Banking,Groceries,Successful
T301765,C100080,2026-04-05,Debit,4320.93,IMPS,Restaurants,Successful
T301766,C100323,2026-03-19,Debit,862.75,Card,Utilities,Successful
T301767,C100151,2026-03-11,Credit,4017.43,UPI,Education,Successful
T301768,C100177,2026-02-09,Credit,528.69,UPI,Utilities,Successful
T301769,C100029,2025-07-31,Debit,1681.37,IMPS,Utilities,Successful
T301770,C100756,2025-08-17,Debit,1333.07,IMPS,Healthcare,Reversed
T301771,C100053,2025-08-26,Debit,1927.33,UPI,Groceries,Successful
T301772,C100580,2025-11-17,Debit,1190.48,Net Banking,Travel,Successful
T301773,C100166,2026-04-29,Credit,1438.0,Net Banking,Shopping,Successful
T301774,C100743,2025-12-11,Debit,385.67,NEFT,Groceries,Successful
T301775,C100717,2025-08-04,Debit,5592.88,IMPS,Healthcare,Successful
T301776,C100006,2026-05-01,Debit,660.13,IMPS,Utilities,Successful
T301777,C100211,2026-04-11,Debit,1858.19,NEFT,Travel,Successful
T301778,C100156,2025-11-01,Credit,1415.67,Net Banking,Restaurants,Successful
T301779,C100467,2025-10-02,Credit,826.36,UPI,Groceries,Successful
T301780,C100051,2026-06-25,Credit,2088.3,Net Banking,Restaurants,Successful
T301781,C100784,2025-09-07,Debit,2152.92,UPI,Utilities,Successful
T301782,C100773,2025-12-25,Credit,381.01,Net Banking,Shopping,Successful
T301783,C100705,2026-04-07,Debit,2953.77,NEFT,Utilities,Successful
T301784,C100683,2025-09-12,Debit,3081.34,Card,Travel,Successful
T301785,C100250,2026-02-17,Credit,1568.7,IMPS,Groceries,Successful
T301786,C100149,2025-11-11,Credit,3870.4,Card,Restaurants,Successful
T301787,C100287,2025-10-17,Debit,294.91,Card,Healthcare,Successful
T301788,C100576,2025-11-08,Debit,3420.69,IMPS,Travel,Successful
T301789,C100118,2026-05-08,Debit,2142.6,IMPS,Education,Reversed
T301790,C100384,2026-05-19,Debit,963.55,UPI,Utilities,Successful
T301791,C100601,2025-11-03,Debit,1318.32,NEFT,Groceries,Successful
T301792,C100329,2025-09-17,Debit,9320.87,Net Banking,Education,Failed
T301793,C100163,2025-08-09,Debit,40003.71,Card,Utilities,Successful
T301794,C100003,2025-10-16,Debit,1456.98,NEFT,Utilities,Successful
T301795,C100484,2025-09-14,Credit,1551.97,Net Banking,Education,Successful
T301796,C100151,2025-11-30,Debit,1553.96,IMPS,Education,Successful
T301797,C100493,2026-03-01,Debit,7124.48,IMPS,Restaurants,Successful
T301798,C100027,2025-08-07,Debit,2082.56,IMPS,Travel,Successful
T301799,C100161,2026-01-31,Credit,1090.29,IMPS,Shopping,Failed
T301800,C100172,2025-07-03,Debit,2573.79,UPI,Utilities,Successful
T301801,C100096,2025-08-13,Debit,8504.15,UPI,Utilities,Successful
T301802,C100628,2025-08-17,Debit,5828.86,Card,Shopping,Successful
T301803,C100418,2026-02-24,Debit,9977.42,UPI,Healthcare,Successful
T301804,C100530,2025-09-28,Debit,247.01,UPI,Travel,Successful
T301805,C100000,2025-07-24,Debit,3086.51,Card,Education,Successful
T301806,C100241,2026-03-20,Debit,2386.37,IMPS,Restaurants,Successful
T301807,C100369,2025-08-09,Credit,1176.47,Net Banking,Healthcare,Reversed
T301808,C100674,2025-12-19,Debit,583.8,NEFT,Healthcare,Successful
T301809,C100391,2026-01-12,Debit,579.24,Net Banking,Shopping,Reversed
T301810,C100114,2026-03-06,Debit,554.8,NEFT,Travel,Successful
T301811,C100352,2025-11-21,Debit,9519.8,NEFT,Shopping,Successful
T301812,C100247,2026-02-09,Debit,3149.56,NEFT,Groceries,Successful
T301813,C100143,2026-03-19,Credit,2687.17,NEFT,Utilities,Successful
T301814,C100077,2026-05-30,Debit,3558.58,IMPS,Groceries,Successful
T301815,C100686,2026-01-15,Credit,1002.5,NEFT,Groceries,Successful
T301816,C100072,2025-10-04,Debit,2361.46,IMPS,Utilities,Successful
T301817,C100230,2025-08-26,Credit,2614.6,IMPS,Restaurants,Successful
T301818,C100294,2025-11-16,Debit,755.62,NEFT,Shopping,Successful
T301819,C100613,2026-04-24,Debit,175.93,Net Banking,Utilities,Successful
T301820,C100368,2026-02-02,Debit,7121.71,IMPS,Education,Successful
T301821,C100422,2025-12-04,Debit,2376.42,Card,Education,Successful
T301822,C100031,2026-05-19,Debit,938.97,UPI,Utilities,Successful
T301823,C100775,2026-06-18,Debit,2904.5,Net Banking,Shopping,Successful
T301824,C100030,2025-12-19,Credit,285.51,Net Banking,Healthcare,Successful
T301825,C100613,2025-10-01,Debit,3014.5,IMPS,Education,Successful
T301826,C100448,2025-07-05,Debit,476.06,Net Banking,Healthcare,Successful
T301827,C100652,2025-08-15,Debit,15095.55,Card,Restaurants,Successful
T301828,C100784,2026-02-18,Debit,3726.89,NEFT,Education,Successful
T301829,C100187,2025-09-12,Debit,4299.38,IMPS,Education,Successful
T301830,C100587,2026-04-21,Debit,2546.24,NEFT,Travel,Successful
T301831,C100431,2025-07-28,Debit,1958.41,NEFT,Education,Successful
T301832,C100498,2025-07-29,Debit,3142.66,Card,Education,Successful
T301833,C100327,2026-05-04,Debit,3444.49,UPI,Groceries,Successful
T301834,C100113,2025-09-20,Credit,4688.71,IMPS,Shopping,Successful
T301835,C100175,2026-06-08,Debit,804.92,IMPS,Travel,Successful
T301836,C100194,2026-05-29,Debit,1773.62,IMPS,Groceries,Successful
T301837,C100334,2026-03-31,Debit,4712.7,Card,Education,Successful
T301838,C100063,2025-07-25,Credit,12487.65,Net Banking,Healthcare,Successful
T301839,C100192,2025-10-19,Debit,2963.9,Net Banking,Healthcare,Successful
T301840,C100378,2026-05-07,Credit,916.04,UPI,Travel,Failed
T301841,C100002,2026-05-28,Debit,2645.19,Net Banking,Healthcare,Reversed
T301842,C100044,2026-04-26,Credit,1774.83,Net Banking,Restaurants,Successful
T301843,C100776,2026-01-19,Debit,1526.48,NEFT,Education,Successful
T301844,C100086,2026-06-14,Debit,2377.24,IMPS,Restaurants,Failed
T301845,C100170,2025-10-11,Credit,41375.45,UPI,Groceries,Successful
T301846,C100698,2025-07-22,Credit,2584.78,UPI,Groceries,Successful
T301847,C100149,2026-03-30,Credit,2055.36,IMPS,Healthcare,Successful
T301848,C100226,2025-10-22,Debit,4499.57,Card,Education,Successful
T301849,C100750,2026-01-12,Debit,2076.81,IMPS,Groceries,Successful
T301850,C100159,2025-10-08,Debit,2462.19,NEFT,Restaurants,Successful
T301851,C100799,2026-03-04,Debit,1297.12,Card,Travel,Successful
T301852,C100637,2025-10-11,Debit,7117.68,IMPS,Groceries,Successful
T301853,C100591,2026-02-03,Credit,3189.94,IMPS,Healthcare,Successful
T301854,C100389,2025-07-26,Debit,2071.51,UPI,Travel,Successful
T301855,C100350,2025-11-08,Credit,849.35,IMPS,Restaurants,Successful
T301856,C100365,2025-11-28,Debit,5030.8,IMPS,Utilities,Successful
T301857,C100320,2026-06-24,Debit,5592.05,Card,Restaurants,Successful
T301858,C100500,2026-04-19,Debit,15249.04,UPI,Healthcare,Successful
T301859,C100405,2025-08-16,Credit,2084.37,NEFT,Groceries,Successful
T301860,C100361,2026-05-24,Debit,4290.89,Card,Education,Successful
T301861,C100088,2026-02-19,Debit,1876.14,Net Banking,Groceries,Successful
T301862,C100107,2026-04-27,Debit,1888.9,Card,Healthcare,Successful
T301863,C100150,2026-03-27,Credit,1544.67,IMPS,Education,Successful
T301864,C100457,2025-07-25,Debit,19151.8,Net Banking,Healthcare,Successful
T301865,C100758,2026-06-07,Credit,2230.6,Card,Restaurants,Successful
T301866,C100431,2025-08-17,Debit,1226.63,Net Banking,Restaurants,Successful
T301867,C100059,2025-08-30,Debit,5347.22,Net Banking,Education,Successful
T301868,C100278,2025-12-01,Debit,2441.78,NEFT,Shopping,Successful
T301869,C100476,2026-05-26,Credit,3416.58,Net Banking,Groceries,Successful
T301870,C100644,2025-11-25,Debit,1270.67,IMPS,Education,Successful
T301871,C100432,2026-03-15,Debit,3085.05,NEFT,Healthcare,Successful
T301872,C100187,2026-03-07,Debit,870.14,UPI,Utilities,Failed
T301873,C100748,2026-04-12,Debit,1318.55,Net Banking,Restaurants,Successful
T301874,C100210,2025-09-30,Debit,1174.52,Net Banking,Healthcare,Successful
T301875,C100691,2026-06-18,Credit,804.46,Card,Healthcare,Successful
T301876,C100450,2025-10-09,Debit,3181.59,Net Banking,Utilities,Successful
T301877,C100038,2025-09-03,Credit,770.9,IMPS,Education,Successful
T301878,C100048,2026-02-01,Debit,5057.1,NEFT,Shopping,Successful
T301879,C100387,2025-07-06,Debit,4784.38,NEFT,Healthcare,Successful
T301880,C100537,2026-01-15,Debit,794.07,Net Banking,Shopping,Successful
T301881,C100119,2026-06-20,Debit,1481.7,IMPS,Travel,Successful
T301882,C100332,2026-03-30,Debit,1934.85,UPI,Healthcare,Successful
T301883,C100607,2025-11-30,Debit,8299.72,Net Banking,Travel,Successful
T301884,C100501,2025-10-31,Debit,2213.58,Net Banking,Shopping,Successful
T301885,C100525,2026-03-30,Debit,7774.81,Card,Education,Successful
T301886,C100720,2026-04-30,Credit,4245.42,NEFT,Restaurants,Successful
T301887,C100680,2026-01-20,Debit,2107.8,Net Banking,Travel,Failed
T301888,C100353,2025-11-22,Debit,19153.69,UPI,Education,Successful
T301889,C100120,2025-09-16,Credit,4464.47,IMPS,Utilities,Successful
T301890,C100042,2025-07-21,Debit,1530.67,NEFT,Shopping,Successful
T301891,C100543,2025-12-27,Debit,1880.47,Card,Shopping,Successful
T301892,C100129,2025-10-16,Debit,12099.65,Card,Education,Successful
T301893,C100068,2026-02-26,Credit,1285.4,NEFT,Travel,Failed
T301894,C100432,2026-01-27,Debit,1127.37,UPI,Education,Successful
T301895,C100113,2025-10-24,Debit,418.43,IMPS,Groceries,Successful
T301896,C100677,2026-03-11,Debit,3422.69,NEFT,Restaurants,Successful
T301897,C100239,2025-10-29,Credit,2061.42,NEFT,Education,Successful
T301898,C100510,2025-07-10,Debit,1048.54,NEFT,Education,Successful
T301899,C100210,2025-12-10,Debit,1648.28,Net Banking,Groceries,Successful
T301900,C100035,2025-07-07,Debit,2915.7,Net Banking,Healthcare,Successful
T301901,C100483,2025-07-14,Debit,378.22,NEFT,Utilities,Successful
T301902,C100430,2026-06-22,Debit,3921.2,NEFT,Shopping,Successful
T301903,C100560,2026-05-23,Debit,161.93,NEFT,Healthcare,Successful
T301904,C100222,2026-04-16,Debit,585.54,IMPS,Travel,Failed
T301905,C100737,2026-06-21,Debit,2595.43,Net Banking,Groceries,Successful
T301906,C100383,2025-09-22,Credit,21967.9,NEFT,Travel,Successful
T301907,C100561,2025-11-17,Debit,4439.51,Card,Groceries,Successful
T301908,C100605,2025-07-06,Debit,9070.2,IMPS,Restaurants,Successful
T301909,C100319,2025-10-07,Debit,1825.76,Net Banking,Groceries,Successful
T301910,C100030,2026-03-06,Credit,1618.84,UPI,Restaurants,Successful
T301911,C100779,2026-05-04,Debit,1699.96,UPI,Education,Successful
T301912,C100102,2025-08-26,Debit,1905.49,UPI,Healthcare,Successful
T301913,C100478,2026-03-20,Debit,15393.9,Card,Healthcare,Successful
T301914,C100089,2025-07-07,Debit,,NEFT,Education,Successful
T301915,C100541,2025-09-17,Debit,1088.3,Net Banking,Healthcare,Successful
T301916,C100074,2025-09-10,Credit,,NEFT,Education,Successful
T301917,C100773,2025-09-28,Debit,204.32,Net Banking,Restaurants,Successful
T301918,C100158,2025-08-14,Debit,3266.08,UPI,Healthcare,Successful
T301919,C100174,2026-05-17,Debit,7685.32,IMPS,Utilities,Failed
T301920,C100408,2025-09-18,Debit,4211.2,Card,Groceries,Successful
T301921,C100179,2025-11-28,Debit,907.51,NEFT,Healthcare,Successful
T301922,C100232,2026-06-07,Debit,3055.43,Net Banking,Restaurants,Successful
T301923,C100395,2025-10-13,Debit,3621.46,NEFT,Groceries,Successful
T301924,C100405,2026-06-17,Debit,1733.2,Card,Education,Successful
T301925,C100372,2025-10-24,Credit,927.07,Net Banking,Groceries,Successful
T301926,C100222,2025-09-03,Debit,1612.29,Card,Travel,Failed
T301927,C100216,2026-02-13,Credit,1221.88,IMPS,Groceries,Failed
T301928,C100602,2025-07-03,Credit,1945.56,UPI,Shopping,Successful
T301929,C100354,2025-11-13,Credit,2022.34,Card,Groceries,Successful
T301930,C100620,2025-07-19,Debit,1988.37,NEFT,Restaurants,Successful
T301931,C100457,2025-11-13,Debit,7837.22,Card,Shopping,Successful
T301932,C100582,2025-10-11,Credit,1667.33,Card,Education,Successful
T301933,C100077,2026-01-12,Debit,407.01,Net Banking,Education,Successful
T301934,C100735,2025-12-19,Debit,1348.94,Card,Utilities,Failed
T301935,C100124,2026-03-09,Credit,3712.39,Card,Groceries,Successful
T301936,C100572,2025-12-23,Debit,6798.93,Net Banking,Restaurants,Successful
T301937,C100472,2025-07-10,Debit,720.57,UPI,Shopping,Successful
T301938,C100225,2026-05-26,Credit,587.09,UPI,Education,Successful
T301939,C100694,2026-03-22,Debit,14954.29,Net Banking,Groceries,Successful
T301940,C100430,2025-07-22,Debit,8767.56,Net Banking,Restaurants,Successful
T301941,C100544,2025-10-29,Debit,1375.85,NEFT,Healthcare,Successful
T301942,C100226,2025-12-07,Credit,5075.18,UPI,Travel,Successful
T301943,C100163,2026-05-24,Credit,58051.09,IMPS,Education,Successful
T301944,C100493,2025-09-07,Credit,3040.41,Net Banking,Utilities,Successful
T301945,C100352,2026-02-15,Credit,1637.02,Card,Restaurants,Successful
T301946,C100403,2025-07-15,Debit,366.78,Net Banking,Utilities,Successful
T301947,C100383,2025-10-17,Debit,4337.12,Net Banking,Restaurants,Successful
T301948,C100353,2026-04-02,Credit,491.46,UPI,Shopping,Successful
T301949,C100292,2025-11-10,Credit,2200.74,Card,Restaurants,Successful
T301950,C100765,2025-07-11,Debit,1750.38,NEFT,Travel,Successful
T301951,C100366,2025-11-30,Debit,1376.03,UPI,Groceries,Successful
T301952,C100412,2026-01-01,Debit,12380.49,UPI,Travel,Successful
T301953,C100621,2025-12-30,Debit,4537.34,UPI,Healthcare,Successful
T301954,C100749,2026-03-01,Debit,142.33,Card,Shopping,Successful
T301955,C100369,2026-06-18,Credit,1397.42,Card,Education,Successful
T301956,C100131,2025-07-06,Debit,4826.83,IMPS,Groceries,Successful
T301957,C100280,2026-01-24,Debit,637.6,NEFT,Groceries,Successful
T301958,C100771,2025-08-24,Debit,510.6,Net Banking,Shopping,Successful
T301959,C100141,2026-01-07,Credit,1240.98,Net Banking,Utilities,Successful
T301960,C100134,2026-01-31,Debit,644.14,UPI,Healthcare,Successful
T301961,C100545,2025-07-27,Debit,1164.1,Net Banking,Groceries,Failed
T301962,C100372,2025-08-25,Debit,2122.87,UPI,Travel,Successful
T301963,C100405,2026-01-29,Debit,216.43,NEFT,Healthcare,Successful
T301964,C100732,2025-10-28,Credit,3219.85,IMPS,Shopping,Successful
T301965,C100355,2026-05-17,Debit,7822.28,NEFT,Shopping,Successful
T301966,C100463,2025-07-05,Debit,3795.48,Net Banking,Shopping,Successful
T301967,C100728,2025-12-12,Debit,7092.69,Net Banking,Shopping,Successful
T301968,C100080,2026-01-22,Credit,280.52,UPI,Healthcare,Successful
T301969,C100222,2025-09-23,Credit,2145.29,Net Banking,Restaurants,Successful
T301970,C100049,2026-03-28,Debit,196.2,Card,Healthcare,Successful
T301971,C100125,2025-10-03,Debit,2747.6,IMPS,Groceries,Successful
T301972,C100374,2025-09-02,Debit,1647.06,Card,Utilities,Successful
T301973,C100522,2026-03-01,Debit,4277.54,Net Banking,Travel,Successful
T301974,C100600,2025-09-07,Debit,2149.3,UPI,Shopping,Successful
T301975,C100271,2025-11-09,Credit,848.94,IMPS,Utilities,Failed
T301976,C100571,2026-05-02,Credit,2671.05,NEFT,Groceries,Successful
T301977,C100376,2026-06-21,Credit,1642.91,NEFT,Utilities,Successful
T301978,C100312,2026-06-29,Debit,935.92,UPI,Healthcare,Successful
T301979,C100493,2025-09-18,Credit,325.43,NEFT,Education,Successful
T301980,C100556,2025-09-27,Debit,5025.69,Net Banking,Utilities,Successful
T301981,C100625,2026-04-27,Debit,2749.63,UPI,Groceries,Successful
T301982,C100037,2025-10-18,Debit,7498.58,UPI,Education,Successful
T301983,C100042,2026-05-02,Debit,4868.91,NEFT,Healthcare,Successful
T301984,C100493,2026-05-27,Credit,2248.78,Net Banking,Shopping,Successful
T301985,C100130,2026-05-07,Debit,3344.31,Net Banking,Utilities,Successful
T301986,C100212,2025-10-29,Debit,150.95,UPI,Travel,Successful
T301987,C100634,2025-09-04,Debit,14317.59,IMPS,Travel,Successful
T301988,C100556,2025-10-22,Debit,1979.36,IMPS,Healthcare,Successful
T301989,C100155,2026-02-10,Debit,2584.26,NEFT,Education,Successful
T301990,C100467,2025-10-04,Debit,1042.33,NEFT,Groceries,Failed
T301991,C100586,2026-06-29,Debit,1491.58,UPI,Restaurants,Successful
T301992,C100028,2025-10-24,Debit,273.21,Net Banking,Utilities,Successful
T301993,C100287,2025-10-19,Debit,4093.27,UPI,Travel,Successful
T301994,C100521,2025-07-16,Debit,5860.03,NEFT,Education,Successful
T301995,C100456,2025-10-12,Credit,5343.63,Card,Groceries,Successful
T301996,C100138,2026-03-13,Debit,2327.1,Card,Travel,Successful
T301997,C100262,2025-11-07,Credit,2123.31,Net Banking,Utilities,Successful
T301998,C100075,2025-08-17,Credit,438.25,Net Banking,Shopping,Successful
T301999,C100799,2026-01-02,Debit,5662.16,NEFT,Travel,Successful
T302000,C100613,2026-06-23,Debit,1644.89,Net Banking,Groceries,Successful
T302001,C100627,2026-03-20,Debit,7483.01,Card,Shopping,Successful
T302002,C100383,2025-08-19,Debit,608.44,NEFT,Healthcare,Successful
T302003,C100462,2026-03-14,Debit,4236.27,NEFT,Education,Successful
T302004,C100490,2026-02-25,Debit,2566.73,NEFT,Travel,Reversed
T302005,C100123,2026-04-06,Credit,7847.64,IMPS,Restaurants,Successful
T302006,C100777,2025-10-24,Credit,1584.87,IMPS,Travel,Successful
T302007,C100351,2026-03-11,Debit,4428.66,IMPS,Utilities,Reversed
T302008,C100725,2025-07-10,Credit,2812.43,IMPS,Groceries,Reversed
T302009,C100403,2025-09-26,Debit,2168.3,UPI,Healthcare,Successful
T302010,C100604,2026-03-31,Debit,3956.01,Card,Restaurants,Successful
T302011,C100212,2025-08-30,Debit,552.97,IMPS,Healthcare,Successful
T302012,C100565,2026-01-29,Debit,4301.13,Card,Healthcare,Successful
T302013,C100021,2025-12-25,Credit,2938.17,UPI,Restaurants,Successful
T302014,C100688,2026-05-27,Debit,1090.68,UPI,Utilities,Successful
T302015,C100530,2025-11-26,Credit,2858.94,Card,Education,Successful
T302016,C100656,2025-12-22,Credit,5595.75,Card,Shopping,Successful
T302017,C100329,2026-05-19,Debit,13726.11,Card,Groceries,Successful
T302018,C100458,2025-11-09,Debit,858.68,Card,Utilities,Successful
T302019,C100176,2025-10-02,Debit,1421.51,IMPS,Travel,Successful
T302020,C100541,2025-07-26,Debit,1008.99,IMPS,Healthcare,Successful
T302021,C100494,2026-04-18,Debit,1317.39,NEFT,Healthcare,Successful
T302022,C100389,2025-12-11,Debit,1191.76,NEFT,Shopping,Successful
T302023,C100493,2025-10-25,Debit,1859.5,UPI,Groceries,Successful
T302024,C100482,2025-12-11,Credit,1977.5,Card,Travel,Successful
T302025,C100127,2025-11-14,Debit,472.73,Card,Travel,Successful
T302026,C100412,2025-07-13,Credit,37895.61,IMPS,Education,Failed
T302027,C100291,2026-06-01,Debit,1315.6,Net Banking,Healthcare,Successful
T302028,C100714,2026-05-25,Debit,1237.35,UPI,Education,Successful
T302029,C100146,2025-09-05,Credit,1991.53,UPI,Restaurants,Successful
T302030,C100366,2026-04-26,Debit,923.92,Net Banking,Utilities,Failed
T302031,C100435,2026-04-18,Credit,979.75,Net Banking,Healthcare,Successful
T302032,C100507,2026-05-01,Debit,5137.77,UPI,Education,Successful
T302033,C100137,2026-03-25,Debit,1922.72,NEFT,Travel,Successful
T302034,C100761,2025-07-18,Credit,1913.72,Card,Education,Successful
T302035,C100657,2026-01-15,Credit,,Card,Groceries,Successful
T302036,C100072,2025-10-26,Credit,2299.5,NEFT,Travel,Successful
T302037,C100646,2025-11-02,Credit,8773.87,Card,Utilities,Successful
T302038,C100378,2026-02-25,Debit,480.11,Card,Travel,Successful
T302039,C100713,2026-06-28,Credit,2343.48,Net Banking,Travel,Successful
T302040,C100035,2025-08-08,Credit,,NEFT,Healthcare,Successful
T302041,C100308,2025-10-31,Debit,608.29,IMPS,Education,Successful
T302042,C100234,2026-06-26,Credit,10175.9,IMPS,Utilities,Successful
T302043,C100457,2026-05-11,Credit,5452.64,Net Banking,Shopping,Successful
T302044,C100134,2025-07-24,Debit,2307.12,Card,Groceries,Successful
T302045,C100313,2025-11-30,Debit,,Net Banking,Healthcare,Failed
T302046,C100077,2026-01-03,Debit,428.5,Net Banking,Utilities,Successful
T302047,C100136,2025-08-09,Debit,3055.39,IMPS,Travel,Failed
T302048,C100476,2025-07-21,Debit,514.43,UPI,Education,Failed
T302049,C100067,2025-08-02,Credit,1863.81,UPI,Education,Successful
T302050,C100699,2026-02-13,Debit,11934.88,IMPS,Travel,Successful
T302051,C100607,2026-03-28,Debit,1589.11,UPI,Groceries,Successful
T302052,C100257,2025-07-01,Debit,4658.44,IMPS,Restaurants,Successful
T302053,C100110,2026-02-05,Debit,9415.38,Card,Shopping,Successful
T302054,C100547,2026-02-19,Debit,3572.64,NEFT,Groceries,Successful
T302055,C100713,2026-06-28,Debit,2284.09,IMPS,Travel,Successful
T302056,C100476,2025-08-24,Credit,1621.74,NEFT,Healthcare,Successful
T302057,C100372,2026-03-19,Credit,2121.95,NEFT,Restaurants,Successful
T302058,C100491,2026-03-28,Credit,1692.45,NEFT,Healthcare,Successful
T302059,C100053,2026-04-13,Debit,9276.95,UPI,Shopping,Successful
T302060,C100279,2025-08-15,Debit,3080.1,NEFT,Restaurants,Successful
T302061,C100043,2026-06-20,Debit,1737.12,Card,Groceries,Successful
T302062,C100162,2025-09-01,Debit,1325.76,Card,Healthcare,Successful
T302063,C100575,2026-04-25,Debit,1316.67,Net Banking,Shopping,Successful
T302064,C100029,2026-03-30,Debit,9538.04,IMPS,Utilities,Successful
T302065,C100152,2025-10-06,Debit,954.64,UPI,Utilities,Successful
T302066,C100613,2025-07-15,Debit,5360.19,Card,Groceries,Successful
T302067,C100741,2026-02-02,Debit,9225.14,Card,Shopping,Successful
T302068,C100580,2025-10-10,Debit,7770.15,Card,Healthcare,Successful
T302069,C100749,2026-04-07,Debit,459.63,UPI,Education,Successful
T302070,C100423,2025-07-03,Debit,3751.28,NEFT,Education,Reversed
T302071,C100630,2025-09-09,Credit,854.72,Net Banking,Groceries,Failed
T302072,C100246,2026-06-09,Debit,2525.12,IMPS,Healthcare,Successful
T302073,C100626,2025-09-24,Credit,1154.2,Net Banking,Education,Successful
T302074,C100663,2025-09-20,Debit,7055.39,UPI,Utilities,Successful
T302075,C100268,2025-08-29,Debit,2194.34,NEFT,Shopping,Successful
T302076,C100032,2025-11-16,Debit,3148.82,IMPS,Healthcare,Successful
T302077,C100275,2026-03-24,Credit,1439.1,Net Banking,Restaurants,Successful
T302078,C100568,2025-10-07,Debit,9363.96,UPI,Travel,Successful
T302079,C100362,2026-06-03,Credit,3121.52,Net Banking,Utilities,Successful
T302080,C100547,2026-03-13,Debit,909.72,Net Banking,Healthcare,Failed
T302081,C100107,2026-05-05,Debit,8695.03,Net Banking,Restaurants,Successful
T302082,C100481,2025-09-01,Debit,17898.97,NEFT,Restaurants,Successful
T302083,C100334,2026-06-19,Debit,912.39,UPI,Utilities,Successful
T302084,C100388,2026-05-24,Debit,1352.62,Net Banking,Healthcare,Failed
T302085,C100373,2026-06-26,Credit,2164.0,NEFT,Shopping,Successful
T302086,C100504,2026-05-19,Credit,7903.43,IMPS,Education,Successful
T302087,C100464,2025-08-09,Debit,6297.96,Net Banking,Groceries,Successful
T302088,C100711,2026-05-19,Debit,2458.61,Net Banking,Healthcare,Successful
T302089,C100798,2026-03-04,Credit,3788.26,UPI,Utilities,Successful
T302090,C100337,2026-03-16,Debit,1223.67,Net Banking,Shopping,Failed
T302091,C100381,2025-10-22,Credit,6903.19,Net Banking,Education,Successful
T302092,C100594,2025-12-17,Debit,2297.67,IMPS,Restaurants,Successful
T302093,C100515,2026-06-02,Debit,9622.5,IMPS,Restaurants,Successful
T302094,C100136,2025-10-06,Debit,713.88,Net Banking,Travel,Successful
T302095,C100145,2026-02-28,Debit,2851.95,Net Banking,Healthcare,Failed
T302096,C100391,2025-12-31,Debit,3398.89,IMPS,Groceries,Successful
T302097,C100648,2026-04-14,Credit,2220.46,Card,Groceries,Successful
T302098,C100442,2026-01-21,Credit,1086.32,Card,Healthcare,Successful
T302099,C100446,2025-12-02,Debit,939.87,Net Banking,Groceries,Successful
T302100,C100485,2025-10-03,Debit,5797.65,Net Banking,Restaurants,Successful
T302101,C100454,2025-10-15,Debit,10176.9,IMPS,Utilities,Successful
T302102,C100016,2026-01-16,Credit,1607.36,Card,Groceries,Successful
T302103,C100768,2026-01-21,Debit,11577.99,UPI,Travel,Successful
T302104,C100023,2026-01-09,Debit,962.02,NEFT,Restaurants,Successful
T302105,C100326,2026-02-11,Debit,409.06,NEFT,Travel,Successful
T302106,C100655,2025-12-23,Debit,2192.41,Card,Healthcare,Successful
T302107,C100645,2025-12-04,Credit,2961.0,IMPS,Healthcare,Successful
T302108,C100374,2026-01-26,Credit,4460.78,Card,Groceries,Successful
T302109,C100561,2026-01-30,Debit,3985.07,UPI,Shopping,Successful
T302110,C100204,2025-12-08,Debit,252.96,UPI,Travel,Successful
T302111,C100638,2026-03-04,Debit,1537.32,UPI,Groceries,Successful
T302112,C100224,2025-07-08,Debit,938.51,Card,Shopping,Successful
T302113,C100340,2026-06-06,Credit,252.56,Net Banking,Restaurants,Successful
T302114,C100600,2026-06-29,Credit,901.46,UPI,Healthcare,Failed
T302115,C100738,2025-12-18,Credit,1291.18,Card,Healthcare,Successful
T302116,C100314,2026-01-18,Credit,3866.94,Net Banking,Healthcare,Successful
T302117,C100142,2025-08-13,Credit,758.28,UPI,Travel,Successful
T302118,C100063,2026-05-03,Credit,3274.81,IMPS,Healthcare,Successful
T302119,C100016,2026-05-22,Debit,2901.7,IMPS,Restaurants,Failed
T302120,C100377,2025-10-08,Debit,5478.75,NEFT,Education,Successful
T302121,C100279,2026-01-09,Credit,19662.75,IMPS,Restaurants,Successful
T302122,C100459,2025-07-10,Credit,3936.32,NEFT,Groceries,Successful
T302123,C100074,2025-10-16,Debit,32378.41,UPI,Groceries,Successful
T302124,C100520,2026-01-12,Debit,3061.61,UPI,Utilities,Successful
T302125,C100682,2025-07-12,Credit,1946.8,IMPS,Shopping,Successful
T302126,C100058,2026-05-18,Debit,2835.07,Net Banking,Shopping,Successful
T302127,C100620,2025-10-27,Debit,10411.45,Card,Restaurants,Successful
T302128,C100796,2026-03-19,Credit,14465.27,Net Banking,Shopping,Failed
T302129,C100387,2025-09-23,Debit,1313.19,IMPS,Groceries,Successful
T302130,C100188,2026-05-30,Debit,179.52,Net Banking,Education,Successful
T302131,C100346,2025-09-30,Credit,1808.82,IMPS,Education,Successful
T302132,C100615,2026-06-05,Debit,1511.52,UPI,Shopping,Successful
T302133,C100299,2025-09-13,Debit,901.74,NEFT,Travel,Successful
T302134,C100068,2025-09-13,Debit,2080.53,Card,Groceries,Successful
T302135,C100134,2026-02-04,Credit,768.09,IMPS,Groceries,Successful
T302136,C100404,2025-07-22,Debit,11831.44,UPI,Utilities,Successful
T302137,C100730,2026-06-21,Debit,21852.63,NEFT,Groceries,Successful
T302138,C100337,2025-12-30,Debit,1696.87,Card,Groceries,Successful
T302139,C100011,2026-01-25,Credit,2570.77,Net Banking,Education,Successful
T302140,C100728,2025-08-29,Debit,14195.86,UPI,Groceries,Successful
T302141,C100616,2025-10-25,Debit,5576.63,NEFT,Restaurants,Successful
T302142,C100015,2026-01-03,Debit,842.52,UPI,Education,Successful
T302143,C100760,2026-03-12,Credit,5100.36,Net Banking,Groceries,Successful
T302144,C100025,2025-10-25,Debit,688.86,IMPS,Groceries,Successful
T302145,C100538,2025-08-02,Debit,5796.7,Net Banking,Groceries,Successful
T302146,C100409,2025-07-25,Debit,9770.63,Card,Restaurants,Failed
T302147,C100051,2026-03-19,Debit,441.99,UPI,Restaurants,Successful
T302148,C100093,2026-04-20,Debit,476.68,Net Banking,Healthcare,Successful
T302149,C100727,2026-04-07,Debit,1532.49,Card,Travel,Successful
T302150,C100172,2026-03-25,Debit,5906.01,IMPS,Utilities,Successful
T302151,C100185,2025-10-13,Debit,3280.21,IMPS,Groceries,Successful
T302152,C100348,2026-06-10,Credit,800.91,IMPS,Healthcare,Successful
T302153,C100026,2025-07-04,Credit,2495.3,Card,Shopping,Successful
T302154,C100699,2025-11-18,Credit,9835.54,UPI,Education,Successful
T302155,C100037,2025-07-03,Credit,1285.68,Net Banking,Groceries,Successful
T302156,C100791,2025-12-07,Credit,6749.0,Net Banking,Restaurants,Successful
T302157,C100632,2026-02-22,Debit,1378.27,Net Banking,Travel,Successful
T302158,C100430,2026-02-02,Debit,1004.34,NEFT,Restaurants,Successful
T302159,C100088,2025-09-02,Debit,1924.17,NEFT,Restaurants,Successful
T302160,C100712,2026-03-04,Debit,795.93,IMPS,Utilities,Successful
T302161,C100627,2025-07-11,Credit,5381.59,UPI,Healthcare,Successful
T302162,C100572,2026-04-08,Debit,1698.17,NEFT,Travel,Failed
T302163,C100763,2026-03-21,Credit,1384.07,Net Banking,Travel,Successful
T302164,C100139,2025-07-31,Credit,451.66,IMPS,Healthcare,Successful
T302165,C100540,2026-05-26,Credit,6379.86,Net Banking,Shopping,Successful
T302166,C100027,2025-11-11,Debit,3280.64,NEFT,Utilities,Successful
T302167,C100351,2025-09-24,Debit,3565.94,Net Banking,Utilities,Successful
T302168,C100085,2026-01-28,Credit,3011.87,NEFT,Healthcare,Successful
T302169,C100517,2025-08-15,Debit,1514.41,Card,Utilities,Successful
T302170,C100792,2025-10-26,Debit,4339.26,Net Banking,Education,Successful
T302171,C100645,2025-08-15,Debit,1495.56,Card,Education,Successful
T302172,C100704,2025-10-11,Debit,4435.24,Net Banking,Utilities,Successful
T302173,C100201,2025-09-07,Debit,4915.37,UPI,Travel,Successful
T302174,C100379,2026-04-22,Debit,4685.56,Net Banking,Healthcare,Successful
T302175,C100669,2025-12-24,Debit,2210.54,NEFT,Shopping,Successful
T302176,C100204,2025-08-22,Debit,538.74,UPI,Groceries,Reversed
T302177,C100279,2025-07-04,Debit,18899.43,Net Banking,Restaurants,Successful
T302178,C100413,2025-08-20,Credit,1033.34,Card,Healthcare,Successful
T302179,C100017,2026-05-16,Debit,317.25,NEFT,Travel,Successful
T302180,C100592,2026-01-30,Debit,1785.44,Net Banking,Utilities,Successful
T302181,C100254,2026-01-19,Credit,218.42,Net Banking,Restaurants,Successful
T302182,C100234,2026-03-14,Debit,856.37,Card,Travel,Successful
T302183,C100165,2026-04-15,Debit,1976.71,NEFT,Travel,Successful
T302184,C100109,2026-03-19,Debit,492.49,NEFT,Shopping,Successful
T302185,C100407,2026-02-27,Debit,1224.79,Card,Groceries,Successful
T302186,C100760,2026-01-06,Credit,2603.29,Net Banking,Restaurants,Successful
T302187,C100000,2025-10-20,Debit,966.29,NEFT,Education,Successful
T302188,C100059,2025-12-01,Debit,7696.2,Card,Education,Successful
T302189,C100417,2026-02-27,Debit,3278.4,NEFT,Shopping,Successful
T302190,C100376,2025-08-16,Debit,1006.23,Card,Utilities,Successful
T302191,C100499,2026-06-23,Debit,702.59,Net Banking,Travel,Successful
T302192,C100685,2025-12-02,Credit,3476.29,Net Banking,Healthcare,Successful
T302193,C100574,2025-09-07,Debit,1593.43,Card,Education,Successful
T302194,C100186,2026-06-17,Debit,481.74,Net Banking,Shopping,Successful
T302195,C100060,2026-01-20,Debit,4179.62,Card,Education,Successful
T302196,C100633,2026-05-13,Credit,2185.0,IMPS,Shopping,Successful
T302197,C100153,2025-07-21,Debit,301.28,Card,Healthcare,Failed
T302198,C100530,2025-07-05,Debit,554.49,Net Banking,Education,Successful
T302199,C100190,2026-01-27,Debit,982.97,Card,Shopping,Successful
T302200,C100742,2026-01-15,Debit,10127.95,Card,Utilities,Successful
T302201,C100700,2026-01-27,Debit,1579.92,IMPS,Shopping,Successful
T302202,C100787,2026-01-13,Debit,4329.42,Card,Education,Successful
T302203,C100381,2026-06-25,Credit,383.16,Net Banking,Restaurants,Successful
T302204,C100764,2025-08-29,Credit,512.33,IMPS,Restaurants,Successful
T302205,C100087,2025-08-24,Debit,2133.63,IMPS,Utilities,Successful
T302206,C100155,2026-02-26,Debit,3614.46,UPI,Utilities,Successful
T302207,C100736,2026-05-26,Debit,3208.05,Net Banking,Utilities,Successful
T302208,C100387,2026-04-21,Debit,1315.45,NEFT,Travel,Successful
T302209,C100123,2026-06-08,Credit,699.5,UPI,Healthcare,Successful
T302210,C100458,2025-10-17,Credit,12081.05,Net Banking,Healthcare,Successful
T302211,C100386,2026-02-22,Debit,6205.26,Net Banking,Education,Successful
T302212,C100112,2025-08-04,Debit,1294.51,NEFT,Healthcare,Successful
T302213,C100344,2025-10-09,Debit,2075.64,Net Banking,Shopping,Successful
T302214,C100335,2026-01-01,Debit,1402.3,Net Banking,Healthcare,Successful
T302215,C100481,2025-09-03,Credit,1622.96,Net Banking,Travel,Successful
T302216,C100260,2026-03-12,Debit,963.95,UPI,Groceries,Successful
T302217,C100357,2026-02-23,Debit,6116.63,NEFT,Restaurants,Successful
T302218,C100138,2026-06-19,Debit,2846.51,Net Banking,Education,Successful
T302219,C100439,2025-09-20,Debit,4209.65,IMPS,Groceries,Successful
T302220,C100387,2026-02-11,Debit,1888.46,UPI,Utilities,Successful
T302221,C100505,2026-01-22,Credit,7463.96,NEFT,Healthcare,Successful
T302222,C100789,2026-02-04,Debit,4310.29,IMPS,Healthcare,Reversed
T302223,C100146,2025-12-02,Debit,1886.4,Net Banking,Healthcare,Successful
T302224,C100698,2026-05-09,Debit,246.6,Card,Education,Reversed
T302225,C100688,2026-03-04,Debit,2068.78,UPI,Healthcare,Successful
T302226,C100316,2025-08-19,Debit,1668.23,Net Banking,Utilities,Successful
T302227,C100750,2025-08-18,Debit,6043.79,IMPS,Restaurants,Successful
T302228,C100423,2025-12-22,Debit,12258.86,NEFT,Groceries,Successful
T302229,C100095,2025-09-09,Debit,375.58,Net Banking,Utilities,Successful
T302230,C100603,2025-07-12,Debit,981.08,Net Banking,Groceries,Successful
T302231,C100791,2025-10-04,Debit,,NEFT,Travel,Successful
T302232,C100571,2026-05-15,Debit,1999.97,IMPS,Healthcare,Successful
T302233,C100505,2025-09-03,Debit,7511.78,Card,Education,Failed
T302234,C100441,2026-05-12,Credit,3188.42,Card,Travel,Successful
T302235,C100777,2025-08-11,Debit,1914.99,NEFT,Healthcare,Successful
T302236,C100460,2025-07-03,Debit,3408.84,Card,Healthcare,Successful
T302237,C100657,2025-08-26,Debit,1429.3,Card,Education,Successful
T302238,C100576,2026-04-13,Credit,5490.66,IMPS,Shopping,Successful
T302239,C100650,2026-02-05,Debit,11395.2,Net Banking,Education,Successful
T302240,C100641,2026-06-14,Credit,3912.13,Card,Utilities,Successful
T302241,C100181,2025-10-26,Debit,1510.05,Card,Utilities,Successful
T302242,C100033,2026-01-29,Debit,2099.27,IMPS,Travel,Failed
T302243,C100598,2026-06-06,Debit,1063.71,UPI,Shopping,Successful
T302244,C100162,2026-06-06,Debit,1232.97,UPI,Education,Reversed
T302245,C100021,2025-11-13,Debit,4008.96,UPI,Utilities,Successful
T302246,C100397,2026-01-28,Credit,3385.09,IMPS,Restaurants,Successful
T302247,C100123,2025-10-21,Debit,21711.58,NEFT,Travel,Successful
T302248,C100274,2025-09-17,Debit,2491.36,UPI,Shopping,Successful
T302249,C100308,2026-06-03,Credit,1061.27,Card,Education,Successful
T302250,C100515,2026-03-05,Debit,1839.29,NEFT,Restaurants,Successful
T302251,C100152,2025-08-01,Debit,12674.99,Card,Groceries,Successful
T302252,C100712,2025-10-17,Debit,5951.27,IMPS,Utilities,Successful
T302253,C100022,2026-05-15,Credit,1774.32,Net Banking,Shopping,Successful
T302254,C100411,2025-10-31,Debit,3269.64,NEFT,Healthcare,Successful
T302255,C100081,2026-05-02,Debit,4832.62,NEFT,Groceries,Successful
T302256,C100718,2026-04-06,Credit,1727.11,UPI,Restaurants,Reversed
T302257,C100521,2025-12-22,Debit,1939.5,Card,Shopping,Successful
T302258,C100753,2025-11-08,Debit,305.87,Card,Groceries,Successful
T302259,C100676,2025-12-18,Debit,1946.64,Net Banking,Healthcare,Successful
T302260,C100122,2026-03-05,Debit,2234.49,Net Banking,Education,Reversed
T302261,C100727,2025-12-27,Debit,1057.4,UPI,Healthcare,Successful
T302262,C100386,2025-11-04,Debit,13179.62,Card,Travel,Successful
T302263,C100340,2025-10-07,Debit,6077.96,IMPS,Shopping,Reversed
T302264,C100471,2025-10-01,Debit,873.47,Net Banking,Groceries,Successful
T302265,C100023,2025-12-22,Debit,552.58,NEFT,Healthcare,Successful
T302266,C100461,2026-02-24,Debit,4668.46,UPI,Restaurants,Reversed
T302267,C100650,2026-05-24,Debit,1663.72,Net Banking,Groceries,Failed
T302268,C100428,2026-05-28,Debit,1940.04,UPI,Travel,Successful
T302269,C100762,2025-11-07,Debit,2342.22,IMPS,Travel,Successful
T302270,C100674,2025-07-09,Credit,1464.48,Card,Healthcare,Successful
T302271,C100166,2025-08-16,Debit,818.7,Card,Groceries,Successful
T302272,C100610,2025-10-17,Credit,16496.38,UPI,Groceries,Successful
T302273,C100378,2026-02-04,Debit,1656.67,Card,Healthcare,Successful
T302274,C100703,2026-05-02,Debit,2824.83,Net Banking,Utilities,Successful
T302275,C100508,2026-05-16,Debit,3656.85,UPI,Travel,Successful
T302276,C100617,2025-10-31,Debit,2002.84,NEFT,Travel,Successful
T302277,C100643,2026-05-20,Debit,3410.89,NEFT,Shopping,Successful
T302278,C100706,2026-05-29,Debit,1643.01,IMPS,Travel,Successful
T302279,C100398,2025-11-23,Debit,1093.75,UPI,Healthcare,Successful
T302280,C100039,2025-09-26,Debit,7362.9,IMPS,Education,Successful
T302281,C100662,2025-10-27,Debit,5842.91,Net Banking,Shopping,Failed
T302282,C100535,2025-10-13,Debit,2205.88,UPI,Restaurants,Successful
T302283,C100353,2025-08-21,Debit,1686.26,Net Banking,Restaurants,Successful
T302284,C100222,2026-03-04,Debit,1093.37,UPI,Utilities,Successful
T302285,C100354,2025-08-21,Debit,1947.26,NEFT,Groceries,Successful
T302286,C100741,2026-02-09,Debit,1162.13,IMPS,Education,Successful
T302287,C100298,2026-04-23,Debit,8933.72,Card,Shopping,Successful
T302288,C100746,2025-07-13,Debit,696.66,IMPS,Shopping,Successful
T302289,C100689,2025-09-19,Debit,8727.84,UPI,Healthcare,Successful
T302290,C100627,2025-11-05,Credit,1747.26,NEFT,Utilities,Successful
T302291,C100502,2026-02-04,Credit,1167.86,IMPS,Restaurants,Successful
T302292,C100641,2025-09-14,Debit,3679.37,Card,Groceries,Successful
T302293,C100221,2025-07-22,Debit,1587.44,Card,Education,Successful
T302294,C100776,2025-10-01,Debit,622.57,Net Banking,Shopping,Successful
T302295,C100486,2025-12-02,Credit,1039.9,NEFT,Utilities,Failed
T302296,C100502,2025-08-27,Debit,1905.4,Net Banking,Travel,Successful
T302297,C100351,2025-11-04,Credit,1510.29,Net Banking,Groceries,Successful
T302298,C100128,2025-07-14,Debit,1345.33,UPI,Restaurants,Successful
T302299,C100165,2025-12-16,Debit,4685.63,UPI,Restaurants,Successful
T302300,C100071,2025-11-14,Debit,7484.39,NEFT,Restaurants,Successful
T302301,C100378,2026-04-28,Credit,2633.56,Card,Groceries,Successful
T302302,C100424,2025-09-03,Debit,11437.95,UPI,Education,Successful
T302303,C100266,2026-01-08,Debit,11393.98,NEFT,Healthcare,Successful
T302304,C100243,2025-12-09,Debit,3004.28,Card,Groceries,Successful
T302305,C100144,2026-03-31,Debit,3727.6,IMPS,Healthcare,Successful
T302306,C100003,2026-03-12,Debit,1714.57,IMPS,Restaurants,Successful
T302307,C100398,2025-08-25,Debit,7037.61,IMPS,Groceries,Successful
T302308,C100685,2025-10-10,Debit,1318.31,NEFT,Utilities,Successful
T302309,C100662,2026-04-21,Credit,1661.15,Card,Restaurants,Successful
T302310,C100426,2025-11-24,Debit,863.7,Net Banking,Utilities,Successful
T302311,C100401,2025-10-29,Debit,,NEFT,Utilities,Successful
T302312,C100339,2026-05-23,Debit,1669.89,NEFT,Healthcare,Successful
T302313,C100702,2026-05-30,Credit,3968.19,UPI,Utilities,Successful
T302314,C100022,2026-02-27,Credit,1566.89,Net Banking,Shopping,Successful
T302315,C100764,2025-10-09,Credit,2939.15,Net Banking,Restaurants,Successful
T302316,C100534,2025-08-22,Debit,1222.28,UPI,Shopping,Successful
T302317,C100206,2026-04-16,Credit,16100.07,Net Banking,Shopping,Failed
T302318,C100330,2025-10-18,Credit,3512.82,IMPS,Utilities,Successful
T302319,C100042,2026-03-25,Credit,4177.8,Card,Shopping,Successful
T302320,C100529,2025-08-24,Credit,2499.51,NEFT,Utilities,Successful
T302321,C100496,2026-02-19,Debit,1244.73,UPI,Utilities,Successful
T302322,C100307,2026-03-29,Debit,2341.31,NEFT,Healthcare,Successful
T302323,C100071,2026-02-23,Credit,2781.71,IMPS,Education,Reversed
T302324,C100462,2025-09-30,Debit,3673.16,Card,Restaurants,Successful
T302325,C100496,2025-10-05,Credit,993.08,Card,Restaurants,Successful
T302326,C100313,2026-05-15,Debit,3523.62,NEFT,Shopping,Successful
T302327,C100503,2026-05-05,Debit,1162.71,NEFT,Utilities,Successful
T302328,C100691,2026-02-16,Debit,450.23,UPI,Utilities,Successful
T302329,C100143,2026-04-23,Credit,4685.03,Net Banking,Restaurants,Successful
T302330,C100116,2025-09-25,Debit,2272.98,UPI,Groceries,Successful
T302331,C100740,2026-02-19,Credit,1176.67,UPI,Restaurants,Failed
T302332,C100695,2025-10-20,Debit,5168.77,NEFT,Restaurants,Successful
T302333,C100576,2025-11-29,Credit,2130.06,Card,Utilities,Successful
T302334,C100669,2026-01-22,Debit,4012.33,NEFT,Shopping,Successful
T302335,C100473,2025-07-04,Debit,2311.57,UPI,Restaurants,Failed
T302336,C100356,2025-10-22,Debit,3727.39,NEFT,Travel,Successful
T302337,C100246,2026-06-14,Credit,1898.71,Card,Shopping,Successful
T302338,C100788,2026-02-06,Debit,1437.79,Card,Restaurants,Successful
T302339,C100131,2026-04-26,Debit,14465.7,Card,Groceries,Successful
T302340,C100498,2026-06-01,Debit,534.37,Net Banking,Travel,Successful
T302341,C100775,2026-06-22,Credit,8753.99,NEFT,Travel,Successful
T302342,C100239,2025-08-11,Credit,4682.72,UPI,Restaurants,Successful
T302343,C100684,2025-10-23,Credit,1648.83,IMPS,Education,Successful
T302344,C100719,2025-11-16,Debit,1171.01,Net Banking,Education,Successful
T302345,C100778,2026-04-23,Debit,703.79,IMPS,Groceries,Successful
T302346,C100525,2026-06-07,Credit,1263.28,Net Banking,Restaurants,Successful
T302347,C100663,2025-08-14,Credit,2505.95,NEFT,Groceries,Successful
T302348,C100124,2026-03-22,Debit,776.03,IMPS,Shopping,Successful
T302349,C100123,2025-10-07,Debit,10642.15,Card,Healthcare,Successful
T302350,C100369,2025-11-28,Debit,1531.23,UPI,Education,Successful
T302351,C100461,2025-11-04,Credit,,Card,Shopping,Successful
T302352,C100265,2025-11-15,Debit,837.75,NEFT,Restaurants,Successful
T302353,C100270,2026-01-04,Debit,1023.74,UPI,Healthcare,Successful
T302354,C100384,2026-04-09,Debit,,IMPS,Education,Successful
T302355,C100468,2025-12-27,Debit,253.97,Card,Utilities,Failed
T302356,C100383,2026-01-14,Debit,3315.5,UPI,Shopping,Successful
T302357,C100373,2026-04-11,Credit,8722.47,NEFT,Education,Successful
T302358,C100628,2025-09-05,Debit,4786.2,IMPS,Restaurants,Failed
T302359,C100295,2026-03-21,Debit,8066.58,NEFT,Shopping,Successful
T302360,C100016,2025-10-19,Debit,1007.51,Net Banking,Education,Successful
T302361,C100335,2026-02-04,Debit,17014.56,IMPS,Shopping,Reversed
T302362,C100682,2026-05-23,Debit,3621.83,UPI,Groceries,Successful
T302363,C100734,2026-01-18,Debit,2609.88,Net Banking,Groceries,Successful
T302364,C100052,2025-08-15,Credit,1113.17,IMPS,Shopping,Successful
T302365,C100392,2025-09-01,Credit,1080.04,NEFT,Groceries,Failed
T302366,C100571,2025-08-24,Debit,2080.04,Card,Healthcare,Successful
T302367,C100219,2025-07-24,Debit,2130.91,IMPS,Groceries,Successful
T302368,C100080,2026-04-28,Debit,6496.33,IMPS,Healthcare,Successful
T302369,C100432,2025-08-22,Debit,5476.75,Net Banking,Education,Successful
T302370,C100437,2026-03-04,Credit,2636.36,Net Banking,Groceries,Successful
T302371,C100299,2025-10-28,Debit,7471.1,UPI,Utilities,Successful
T302372,C100638,2025-10-24,Credit,671.09,UPI,Groceries,Successful
T302373,C100026,2026-03-18,Debit,3499.02,UPI,Groceries,Successful
T302374,C100683,2025-12-22,Debit,2847.55,Net Banking,Healthcare,Successful
T302375,C100155,2026-05-01,Credit,6237.47,NEFT,Utilities,Successful
T302376,C100685,2026-02-05,Credit,1793.83,UPI,Groceries,Successful
T302377,C100533,2025-10-10,Debit,3778.74,UPI,Healthcare,Successful
T302378,C100563,2026-06-10,Debit,1654.32,IMPS,Utilities,Successful
T302379,C100177,2025-08-21,Debit,2802.58,Card,Education,Successful
T302380,C100722,2026-05-19,Debit,1606.75,Card,Travel,Successful
T302381,C100192,2026-03-14,Debit,2920.78,UPI,Groceries,Successful
T302382,C100478,2026-03-07,Debit,2549.73,Card,Utilities,Successful
T302383,C100274,2025-12-22,Debit,4771.09,IMPS,Travel,Successful
T302384,C100139,2026-05-08,Credit,2853.35,Net Banking,Education,Successful
T302385,C100607,2025-11-08,Debit,5818.32,IMPS,Utilities,Successful
T302386,C100607,2026-06-24,Debit,9880.13,Net Banking,Shopping,Successful
T302387,C100619,2025-12-11,Credit,1819.89,UPI,Utilities,Successful
T302388,C100584,2025-08-15,Debit,2099.67,NEFT,Shopping,Successful
T302389,C100660,2025-07-24,Debit,1828.71,NEFT,Shopping,Successful
T302390,C100389,2025-11-28,Debit,2584.74,NEFT,Travel,Successful
T302391,C100500,2026-05-07,Debit,2744.74,Net Banking,Healthcare,Successful
T302392,C100560,2025-11-03,Debit,2043.53,UPI,Healthcare,Successful
T302393,C100735,2026-06-07,Debit,433.75,Card,Shopping,Successful
T302394,C100675,2025-10-26,Credit,2922.49,UPI,Restaurants,Successful
T302395,C100285,2025-10-25,Debit,1162.17,NEFT,Utilities,Reversed
T302396,C100559,2026-02-25,Debit,2971.84,IMPS,Travel,Successful
T302397,C100795,2025-12-07,Credit,1308.76,IMPS,Shopping,Successful
T302398,C100128,2026-02-27,Debit,9765.11,UPI,Restaurants,Successful
T302399,C100705,2026-05-06,Debit,10031.3,Net Banking,Restaurants,Successful
T302400,C100628,2025-09-15,Debit,1467.36,UPI,Utilities,Successful
T302401,C100308,2025-12-27,Debit,2325.82,Card,Utilities,Successful
T302402,C100780,2026-06-11,Credit,2239.72,IMPS,Shopping,Successful
T302403,C100591,2025-11-28,Credit,10327.02,NEFT,Restaurants,Successful
T302404,C100110,2026-05-22,Debit,3125.45,Net Banking,Shopping,Successful
T302405,C100111,2026-05-26,Credit,1431.91,UPI,Groceries,Successful
T302406,C100166,2026-04-18,Credit,1426.23,UPI,Groceries,Successful
T302407,C100204,2026-04-20,Debit,1075.01,Net Banking,Utilities,Successful
T302408,C100600,2025-09-11,Debit,1910.88,UPI,Groceries,Successful
T302409,C100139,2025-10-27,Debit,838.33,NEFT,Shopping,Successful
T302410,C100288,2025-09-24,Credit,1609.78,IMPS,Shopping,Successful
T302411,C100610,2026-02-01,Debit,1745.44,UPI,Utilities,Successful
T302412,C100776,2025-08-29,Debit,126818.22,IMPS,Education,Successful
T302413,C100116,2026-05-23,Debit,797.47,UPI,Travel,Successful
T302414,C100215,2025-10-09,Debit,4077.74,NEFT,Shopping,Successful
T302415,C100474,2026-04-05,Debit,2728.66,NEFT,Travel,Successful
T302416,C100412,2026-05-02,Credit,580.66,IMPS,Utilities,Successful
T302417,C100037,2026-05-21,Debit,1429.75,Net Banking,Restaurants,Successful
T302418,C100585,2025-11-20,Debit,1618.56,NEFT,Utilities,Successful
T302419,C100253,2026-03-05,Debit,5462.95,Net Banking,Travel,Reversed
T302420,C100212,2026-01-12,Debit,21925.97,NEFT,Healthcare,Successful
T302421,C100468,2026-04-06,Debit,3193.47,NEFT,Education,Successful
T302422,C100598,2026-01-22,Debit,1911.32,Net Banking,Restaurants,Successful
T302423,C100177,2026-06-08,Debit,1849.66,IMPS,Restaurants,Successful
T302424,C100452,2025-12-13,Credit,1008.93,NEFT,Restaurants,Successful
T302425,C100701,2026-05-06,Debit,,Card,Shopping,Successful
T302426,C100443,2025-10-06,Debit,2973.61,Net Banking,Shopping,Successful
T302427,C100531,2026-02-15,Debit,596.86,Card,Education,Successful
T302428,C100217,2026-02-06,Debit,1916.04,Card,Shopping,Reversed
T302429,C100280,2026-01-13,Debit,4729.88,NEFT,Shopping,Successful
T302430,C100331,2025-07-20,Credit,1659.24,Card,Groceries,Failed
T302431,C100770,2026-06-11,Debit,19602.44,Card,Shopping,Successful
T302432,C100735,2026-01-06,Debit,1608.43,Card,Travel,Successful
T302433,C100442,2026-02-28,Debit,535.69,Net Banking,Healthcare,Successful
T302434,C100288,2025-08-01,Debit,580.95,UPI,Travel,Successful
T302435,C100644,2026-01-04,Debit,,UPI,Travel,Successful
T302436,C100641,2025-08-26,Credit,3124.98,IMPS,Healthcare,Successful
T302437,C100559,2025-07-23,Debit,1912.95,NEFT,Groceries,Successful
T302438,C100510,2025-12-08,Credit,3905.83,NEFT,Restaurants,Successful
T302439,C100010,2025-12-03,Debit,2130.74,UPI,Utilities,Successful
T302440,C100441,2025-12-06,Debit,2103.63,NEFT,Travel,Successful
T302441,C100301,2025-08-16,Debit,5008.03,NEFT,Restaurants,Successful
T302442,C100671,2026-05-27,Credit,5944.17,Net Banking,Shopping,Successful
T302443,C100585,2026-02-03,Credit,50538.17,IMPS,Travel,Successful
T302444,C100429,2026-02-06,Debit,3028.37,IMPS,Travel,Successful
T302445,C100487,2025-09-20,Debit,1435.34,IMPS,Utilities,Successful
T302446,C100327,2025-07-01,Debit,634.61,Net Banking,Restaurants,Successful
T302447,C100093,2026-03-01,Debit,2832.48,Card,Restaurants,Successful
T302448,C100306,2026-03-30,Debit,5999.34,NEFT,Groceries,Successful
T302449,C100156,2025-09-26,Debit,1927.78,Card,Education,Successful
T302450,C100521,2026-04-24,Debit,2131.8,NEFT,Restaurants,Failed
T302451,C100219,2025-07-31,Debit,5996.04,UPI,Travel,Successful
T302452,C100667,2025-11-29,Credit,100.0,Net Banking,Shopping,Successful
T302453,C100285,2025-07-10,Debit,1699.58,Card,Healthcare,Successful
T302454,C100594,2025-07-26,Debit,2344.53,UPI,Utilities,Successful
T302455,C100733,2026-05-31,Debit,598.63,UPI,Healthcare,Successful
T302456,C100606,2025-11-01,Debit,1431.48,NEFT,Groceries,Successful
T302457,C100543,2026-04-20,Debit,4002.09,Card,Travel,Reversed
T302458,C100666,2025-07-31,Credit,2285.52,Card,Healthcare,Failed
T302459,C100298,2026-02-05,Debit,2033.0,Net Banking,Groceries,Successful
T302460,C100377,2026-01-20,Credit,1955.12,IMPS,Utilities,Successful
T302461,C100454,2026-04-22,Debit,9849.57,Net Banking,Shopping,Successful
T302462,C100074,2026-02-16,Debit,342.45,IMPS,Restaurants,Successful
T302463,C100178,2025-08-13,Credit,4059.33,Net Banking,Travel,Successful
T302464,C100337,2025-12-05,Debit,5325.8,Net Banking,Healthcare,Successful
T302465,C100425,2026-05-03,Debit,4723.41,Card,Restaurants,Failed
T302466,C100277,2026-06-23,Debit,4227.45,IMPS,Healthcare,Successful
T302467,C100423,2025-08-27,Debit,2003.05,Net Banking,Groceries,Successful
T302468,C100643,2026-06-24,Debit,1927.75,Card,Healthcare,Successful
T302469,C100257,2025-11-16,Debit,441.56,Net Banking,Healthcare,Successful
T302470,C100170,2025-09-10,Debit,611.03,Card,Healthcare,Successful
T302471,C100622,2026-02-02,Debit,1739.23,UPI,Groceries,Successful
T302472,C100788,2026-04-09,Debit,1226.48,Net Banking,Shopping,Failed
T302473,C100267,2026-03-20,Credit,3887.87,Net Banking,Healthcare,Successful
T302474,C100587,2025-11-21,Credit,968.25,Net Banking,Groceries,Successful
T302475,C100319,2026-04-23,Debit,2434.48,NEFT,Healthcare,Successful
T302476,C100421,2025-12-10,Debit,1840.93,Card,Restaurants,Successful
T302477,C100166,2026-05-10,Debit,17910.75,UPI,Education,Successful
T302478,C100376,2026-05-01,Debit,12142.48,Net Banking,Restaurants,Failed
T302479,C100732,2026-04-16,Debit,4143.82,Card,Groceries,Successful
T302480,C100727,2025-09-06,Debit,2739.68,IMPS,Healthcare,Successful
T302481,C100205,2026-03-29,Debit,2849.8,Card,Restaurants,Successful
T302482,C100272,2026-05-07,Debit,18001.46,NEFT,Healthcare,Failed
T302483,C100509,2025-08-13,Credit,2490.93,NEFT,Education,Successful
T302484,C100050,2025-12-08,Debit,6514.36,NEFT,Travel,Successful
T302485,C100775,2025-12-29,Credit,1058.98,UPI,Groceries,Successful
T302486,C100340,2026-06-04,Debit,898.47,Card,Groceries,Successful
T302487,C100007,2026-04-15,Debit,5621.84,UPI,Travel,Successful
T302488,C100641,2026-04-15,Debit,13275.88,Net Banking,Groceries,Successful
T302489,C100563,2025-11-14,Debit,2342.59,IMPS,Utilities,Successful
T302490,C100188,2025-08-12,Debit,1024.03,IMPS,Groceries,Successful
T302491,C100384,2025-12-23,Credit,355.23,Card,Groceries,Successful
T302492,C100406,2026-05-15,Debit,458.61,IMPS,Healthcare,Successful
T302493,C100343,2025-11-26,Debit,860.44,Net Banking,Travel,Successful
T302494,C100429,2025-09-16,Credit,320.52,UPI,Utilities,Successful
T302495,C100660,2026-05-19,Credit,2270.38,UPI,Education,Successful
T302496,C100093,2025-12-11,Debit,3448.67,IMPS,Shopping,Successful
T302497,C100350,2026-05-18,Debit,738.56,UPI,Groceries,Successful
T302498,C100383,2026-05-27,Debit,6805.53,Net Banking,Restaurants,Successful
T302499,C100243,2025-10-13,Debit,653.03,Net Banking,Restaurants,Successful
T302500,C100073,2026-04-14,Credit,,Card,Healthcare,Successful
T302501,C100668,2025-10-12,Debit,665.74,Card,Shopping,Successful
T302502,C100275,2025-09-25,Debit,1682.16,IMPS,Restaurants,Successful
T302503,C100621,2025-07-05,Debit,1270.71,UPI,Travel,Successful
T302504,C100040,2025-08-24,Debit,1752.3,UPI,Travel,Successful
T302505,C100730,2025-09-06,Debit,10251.54,Net Banking,Utilities,Successful
T302506,C100227,2026-02-27,Credit,2409.51,UPI,Travel,Failed
T302507,C100517,2025-08-30,Debit,651.17,Net Banking,Travel,Successful
T302508,C100503,2025-10-12,Debit,510.01,NEFT,Travel,Successful
T302509,C100246,2025-10-08,Credit,2617.01,Card,Utilities,Successful
T302510,C100619,2025-10-02,Debit,9368.0,Net Banking,Healthcare,Successful
T302511,C100546,2026-05-24,Debit,2766.26,Net Banking,Travel,Successful
T302512,C100327,2026-05-20,Credit,946.04,Net Banking,Shopping,Successful
T302513,C100481,2025-11-26,Debit,256.57,IMPS,Restaurants,Successful
T302514,C100574,2026-01-19,Debit,8144.27,Net Banking,Groceries,Failed
T302515,C100081,2025-08-25,Debit,1245.09,IMPS,Restaurants,Successful
T302516,C100537,2026-05-04,Debit,291.55,Net Banking,Groceries,Successful
T302517,C100089,2026-03-21,Debit,9828.99,NEFT,Education,Successful
T302518,C100440,2026-02-28,Credit,5782.51,UPI,Travel,Failed
T302519,C100744,2026-04-23,Debit,3046.83,Card,Utilities,Successful
T302520,C100248,2026-03-23,Debit,2460.41,UPI,Groceries,Failed
T302521,C100242,2025-08-16,Debit,610.77,Card,Shopping,Successful
T302522,C100004,2026-05-12,Credit,578.9,NEFT,Shopping,Successful
T302523,C100645,2025-07-14,Debit,5360.08,IMPS,Groceries,Successful
T302524,C100402,2025-07-01,Debit,3497.23,Net Banking,Utilities,Successful
T302525,C100768,2025-07-28,Credit,1649.67,Net Banking,Healthcare,Successful
T302526,C100699,2025-12-26,Debit,8528.22,NEFT,Travel,Successful
T302527,C100739,2025-07-02,Debit,6957.91,UPI,Travel,Successful
T302528,C100040,2026-01-10,Debit,1965.28,NEFT,Shopping,Successful
T302529,C100357,2025-08-26,Debit,5670.91,NEFT,Utilities,Successful
T302530,C100339,2026-04-11,Debit,2603.99,NEFT,Restaurants,Successful
T302531,C100267,2025-09-14,Debit,1480.29,Net Banking,Utilities,Successful
T302532,C100777,2025-10-20,Debit,1969.09,NEFT,Education,Successful
T302533,C100274,2026-01-07,Debit,528.48,NEFT,Travel,Successful
T302534,C100538,2025-08-04,Debit,334.2,Card,Groceries,Successful
T302535,C100756,2025-07-02,Debit,989.82,IMPS,Healthcare,Successful
T302536,C100458,2025-11-09,Debit,1965.78,UPI,Healthcare,Successful
T302537,C100391,2026-06-25,Debit,17677.59,NEFT,Restaurants,Successful
T302538,C100401,2025-08-20,Debit,5162.71,Net Banking,Restaurants,Successful
T302539,C100038,2025-07-20,Debit,4710.99,IMPS,Travel,Reversed
T302540,C100697,2025-09-14,Credit,3688.16,NEFT,Utilities,Successful
T302541,C100169,2026-03-29,Debit,1112.97,NEFT,Restaurants,Successful
T302542,C100197,2026-04-13,Debit,1790.68,Net Banking,Restaurants,Successful
T302543,C100081,2025-10-11,Debit,1531.81,IMPS,Shopping,Successful
T302544,C100043,2025-12-22,Credit,2106.19,NEFT,Education,Successful
T302545,C100386,2025-10-25,Debit,913.94,NEFT,Groceries,Successful
T302546,C100511,2025-08-15,Debit,5196.31,Card,Utilities,Successful
T302547,C100374,2025-09-08,Debit,2078.53,NEFT,Groceries,Successful
T302548,C100494,2026-04-01,Credit,1590.61,Card,Shopping,Successful
T302549,C100342,2026-06-09,Credit,2519.3,NEFT,Utilities,Successful
T302550,C100411,2026-03-14,Credit,9385.95,Card,Utilities,Successful
T302551,C100430,2026-03-12,Credit,9708.28,IMPS,Healthcare,Successful
T302552,C100585,2025-10-31,Debit,2239.12,Net Banking,Healthcare,Successful
T302553,C100228,2026-02-19,Credit,1623.49,Card,Travel,Successful
T302554,C100186,2026-03-16,Credit,4208.34,NEFT,Groceries,Successful
T302555,C100096,2025-07-18,Debit,375.93,NEFT,Utilities,Successful
T302556,C100047,2025-07-09,Debit,574.38,NEFT,Healthcare,Successful
T302557,C100582,2025-12-20,Debit,2913.42,Card,Shopping,Successful
T302558,C100280,2025-09-26,Debit,5704.41,Card,Education,Successful
T302559,C100054,2025-11-01,Debit,1494.21,Net Banking,Travel,Successful
T302560,C100708,2026-01-17,Credit,3203.27,UPI,Groceries,Successful
T302561,C100141,2026-05-24,Debit,807.06,IMPS,Shopping,Successful
T302562,C100384,2026-05-10,Debit,1376.01,Net Banking,Restaurants,Reversed
T302563,C100568,2025-10-10,Debit,1110.76,IMPS,Healthcare,Successful
T302564,C100794,2025-11-20,Debit,721.67,UPI,Education,Successful
T302565,C100241,2025-12-14,Debit,1583.68,UPI,Healthcare,Failed
T302566,C100783,2026-01-08,Debit,4726.2,NEFT,Restaurants,Successful
T302567,C100776,2026-02-03,Debit,5317.32,Net Banking,Utilities,Successful
T302568,C100579,2026-06-25,Credit,23456.56,IMPS,Healthcare,Successful
T302569,C100027,2025-08-14,Debit,10220.41,IMPS,Groceries,Successful
T302570,C100613,2026-03-22,Credit,2723.57,UPI,Restaurants,Successful
T302571,C100483,2026-01-21,Debit,398.38,NEFT,Groceries,Successful
T302572,C100459,2025-10-05,Debit,9896.37,Card,Healthcare,Successful
T302573,C100255,2026-01-28,Debit,2841.87,NEFT,Healthcare,Successful
T302574,C100547,2025-12-31,Debit,2966.74,Card,Healthcare,Successful
T302575,C100381,2025-12-22,Debit,3132.84,UPI,Education,Successful
T302576,C100075,2026-05-31,Debit,3960.38,IMPS,Travel,Successful
T302577,C100725,2025-12-30,Debit,5504.84,UPI,Education,Successful
T302578,C100222,2025-08-14,Debit,1862.02,Net Banking,Utilities,Successful
T302579,C100511,2025-12-22,Debit,3171.94,NEFT,Restaurants,Successful
T302580,C100516,2026-03-24,Debit,1382.85,NEFT,Shopping,Successful
T302581,C100516,2026-03-23,Debit,596.45,UPI,Healthcare,Successful
T302582,C100750,2025-08-31,Debit,1015.17,IMPS,Education,Successful
T302583,C100402,2025-12-22,Credit,2610.31,IMPS,Education,Successful
T302584,C100619,2025-09-23,Credit,4728.09,IMPS,Groceries,Successful
T302585,C100494,2026-05-20,Debit,2710.15,IMPS,Groceries,Successful
T302586,C100482,2026-06-01,Debit,3387.95,Net Banking,Shopping,Successful
T302587,C100095,2025-08-20,Debit,1698.08,NEFT,Education,Successful
T302588,C100772,2026-04-01,Credit,3231.71,IMPS,Education,Successful
T302589,C100612,2025-10-13,Debit,2161.34,NEFT,Restaurants,Successful
T302590,C100430,2025-08-02,Debit,3838.65,UPI,Utilities,Successful
T302591,C100448,2025-09-24,Debit,1801.79,IMPS,Education,Successful
T302592,C100683,2025-12-26,Debit,2401.05,Net Banking,Restaurants,Successful
T302593,C100781,2026-02-14,Debit,5854.95,IMPS,Groceries,Failed
T302594,C100053,2025-10-02,Debit,2113.89,UPI,Travel,Successful
T302595,C100304,2025-08-22,Credit,1672.85,NEFT,Utilities,Successful
T302596,C100091,2025-12-17,Debit,3956.51,IMPS,Groceries,Successful
T302597,C100218,2025-07-28,Debit,1348.31,IMPS,Utilities,Successful
T302598,C100766,2026-04-13,Credit,3578.82,UPI,Travel,Failed
T302599,C100256,2026-01-24,Debit,3101.13,NEFT,Groceries,Successful
T302600,C100135,2025-10-03,Credit,664.93,Card,Restaurants,Successful
T302601,C100159,2026-05-09,Debit,276.79,IMPS,Education,Successful
T302602,C100197,2026-06-30,Debit,3386.58,Net Banking,Groceries,Successful
T302603,C100416,2026-05-08,Debit,481.04,UPI,Education,Successful
T302604,C100494,2025-09-24,Debit,11820.86,NEFT,Groceries,Successful
T302605,C100023,2026-05-21,Credit,2255.43,UPI,Utilities,Successful
T302606,C100313,2026-01-24,Debit,1645.51,Card,Shopping,Successful
T302607,C100496,2025-07-29,Credit,4208.74,Net Banking,Education,Successful
T302608,C100195,2025-12-13,Debit,523.55,Net Banking,Groceries,Successful
T302609,C100452,2025-09-04,Debit,29586.98,Net Banking,Travel,Successful
T302610,C100193,2025-09-10,Debit,4139.06,UPI,Utilities,Failed
T302611,C100221,2026-02-09,Debit,3230.76,Card,Education,Successful
T302612,C100783,2025-08-25,Debit,1056.86,Net Banking,Restaurants,Successful
T302613,C100750,2026-05-17,Debit,2364.29,NEFT,Shopping,Successful
T302614,C100258,2025-10-30,Debit,2148.4,UPI,Healthcare,Successful
T302615,C100336,2025-12-11,Debit,3449.53,UPI,Travel,Successful
T302616,C100228,2025-10-16,Debit,1008.29,Card,Restaurants,Successful
T302617,C100525,2026-05-18,Credit,772.14,IMPS,Travel,Successful
T302618,C100628,2026-05-04,Debit,9621.73,UPI,Healthcare,Successful
T302619,C100746,2026-02-23,Credit,1381.27,UPI,Healthcare,Successful
T302620,C100257,2025-12-01,Debit,1180.75,NEFT,Shopping,Successful
T302621,C100585,2025-10-03,Debit,731.81,Card,Travel,Successful
T302622,C100312,2025-10-13,Debit,612.3,IMPS,Travel,Successful
T302623,C100366,2026-06-10,Debit,18040.56,Net Banking,Groceries,Reversed
T302624,C100627,2025-11-20,Debit,1028.47,UPI,Education,Successful
T302625,C100413,2025-11-03,Debit,371.15,NEFT,Groceries,Successful
T302626,C100528,2025-07-08,Debit,2339.22,UPI,Shopping,Reversed
T302627,C100388,2025-10-30,Debit,1637.96,Net Banking,Education,Successful
T302628,C100303,2025-12-21,Credit,513.17,Net Banking,Utilities,Successful
T302629,C100297,2026-02-01,Debit,638.3,IMPS,Shopping,Successful
T302630,C100034,2026-04-07,Debit,1591.77,IMPS,Shopping,Successful
T302631,C100799,2025-08-12,Credit,1306.65,IMPS,Restaurants,Successful
T302632,C100111,2026-02-01,Debit,5317.84,Card,Healthcare,Successful
T302633,C100319,2025-10-29,Debit,1582.05,UPI,Travel,Successful
T302634,C100275,2026-03-29,Credit,3522.63,NEFT,Education,Successful
T302635,C100783,2026-01-02,Debit,2348.99,Card,Shopping,Failed
T302636,C100100,2025-10-13,Debit,1313.43,NEFT,Travel,Successful
T302637,C100769,2025-10-09,Debit,1082.29,IMPS,Education,Successful
T302638,C100011,2026-01-17,Credit,7539.79,UPI,Utilities,Successful
T302639,C100319,2026-05-05,Debit,8899.09,Card,Shopping,Successful
T302640,C100777,2026-02-20,Credit,15891.77,Net Banking,Healthcare,Successful
T302641,C100050,2026-01-14,Debit,3242.33,IMPS,Utilities,Reversed
T302642,C100007,2026-06-13,Debit,6623.75,NEFT,Travel,Successful
T302643,C100683,2025-09-19,Debit,702.19,UPI,Utilities,Successful
T302644,C100511,2026-03-06,Debit,11845.7,Net Banking,Healthcare,Successful
T302645,C100387,2026-03-08,Debit,685.95,IMPS,Education,Successful
T302646,C100016,2026-02-09,Debit,8331.0,Card,Utilities,Successful
T302647,C100220,2026-05-03,Credit,592.43,Net Banking,Restaurants,Successful
T302648,C100478,2026-01-14,Debit,3124.4,Card,Healthcare,Successful
T302649,C100517,2026-05-26,Debit,12191.76,UPI,Utilities,Successful
T302650,C100256,2026-05-31,Debit,2495.59,UPI,Healthcare,Successful
T302651,C100402,2025-12-25,Debit,664.62,Card,Restaurants,Successful
T302652,C100702,2026-06-25,Credit,2087.08,UPI,Utilities,Successful
T302653,C100757,2026-03-31,Debit,7767.17,NEFT,Healthcare,Reversed
T302654,C100518,2025-08-20,Debit,1885.98,Net Banking,Shopping,Successful
T302655,C100562,2026-04-09,Debit,2137.27,IMPS,Education,Successful
T302656,C100725,2026-03-06,Credit,2779.46,Net Banking,Restaurants,Successful
T302657,C100549,2025-08-17,Debit,764.14,IMPS,Restaurants,Successful
T302658,C100397,2025-12-06,Debit,24378.03,Card,Healthcare,Successful
T302659,C100052,2026-02-22,Credit,7981.49,Net Banking,Healthcare,Successful
T302660,C100540,2025-09-25,Debit,813.63,UPI,Shopping,Successful
T302661,C100641,2026-04-01,Debit,2736.32,Card,Healthcare,Reversed
T302662,C100726,2025-12-10,Debit,3824.29,NEFT,Travel,Successful
T302663,C100101,2026-04-28,Debit,4504.08,IMPS,Healthcare,Successful
T302664,C100789,2026-06-21,Debit,222.29,UPI,Restaurants,Successful
T302665,C100183,2025-11-05,Debit,3568.09,NEFT,Healthcare,Failed
T302666,C100473,2026-01-04,Debit,6299.21,IMPS,Healthcare,Successful
T302667,C100525,2026-05-19,Debit,927.79,Card,Groceries,Successful
T302668,C100449,2026-06-19,Credit,2188.38,Card,Utilities,Successful
T302669,C100155,2026-06-23,Debit,808.42,NEFT,Travel,Successful
T302670,C100457,2026-01-13,Debit,3679.77,Net Banking,Education,Successful
T302671,C100608,2026-06-09,Debit,6735.1,IMPS,Education,Successful
T302672,C100228,2025-10-14,Credit,7589.77,NEFT,Healthcare,Successful
T302673,C100343,2025-11-28,Debit,826.87,Net Banking,Restaurants,Successful
T302674,C100094,2025-10-05,Debit,381.62,Card,Utilities,Successful
T302675,C100493,2025-11-26,Debit,7009.15,Card,Shopping,Successful
T302676,C100216,2026-04-14,Credit,1142.34,Card,Education,Successful
T302677,C100248,2025-07-25,Debit,1251.65,IMPS,Travel,Successful
T302678,C100763,2025-12-17,Debit,214.56,IMPS,Restaurants,Successful
T302679,C100776,2025-10-26,Debit,7650.98,Card,Shopping,Successful
T302680,C100603,2026-01-02,Debit,1094.85,IMPS,Restaurants,Successful
T302681,C100361,2026-01-28,Debit,4729.57,NEFT,Shopping,Successful
T302682,C100405,2025-10-16,Debit,1201.15,NEFT,Utilities,Successful
T302683,C100311,2026-06-04,Credit,4901.94,Card,Utilities,Failed
T302684,C100508,2025-07-07,Debit,2547.47,IMPS,Travel,Successful
T302685,C100276,2026-06-14,Debit,2826.94,Net Banking,Groceries,Successful
T302686,C100363,2025-12-09,Debit,1127.61,Card,Restaurants,Successful
T302687,C100172,2026-04-21,Credit,6671.98,IMPS,Restaurants,Successful
T302688,C100720,2025-10-21,Debit,4648.33,IMPS,Restaurants,Successful
T302689,C100711,2025-09-16,Debit,,Net Banking,Healthcare,Successful
T302690,C100211,2025-08-28,Debit,3478.67,UPI,Groceries,Successful
T302691,C100765,2026-04-04,Debit,929.59,NEFT,Education,Successful
T302692,C100374,2026-01-29,Debit,1383.41,UPI,Restaurants,Successful
T302693,C100523,2026-05-13,Debit,4972.69,Card,Education,Successful
T302694,C100409,2025-10-11,Credit,2858.46,Card,Healthcare,Successful
T302695,C100759,2025-07-10,Credit,15797.8,UPI,Travel,Reversed
T302696,C100192,2025-12-16,Debit,7701.86,Net Banking,Education,Successful
T302697,C100481,2026-02-22,Debit,6524.11,Card,Healthcare,Successful
T302698,C100243,2025-11-22,Debit,3364.43,Card,Utilities,Successful
T302699,C100652,2026-03-04,Debit,6599.32,UPI,Shopping,Successful
T302700,C100560,2025-12-06,Debit,1460.55,NEFT,Restaurants,Successful
T302701,C100558,2026-01-09,Debit,8293.81,UPI,Shopping,Successful
T302702,C100140,2025-08-22,Debit,1422.44,Net Banking,Education,Successful
T302703,C100360,2026-05-29,Debit,963.11,Net Banking,Shopping,Successful
T302704,C100297,2026-06-08,Debit,1622.08,NEFT,Travel,Successful
T302705,C100379,2026-05-27,Credit,1060.41,Net Banking,Travel,Successful
T302706,C100553,2025-07-12,Debit,1803.03,UPI,Healthcare,Reversed
T302707,C100422,2025-10-18,Debit,204.49,UPI,Healthcare,Successful
T302708,C100092,2025-10-20,Debit,9151.36,UPI,Restaurants,Successful
T302709,C100078,2026-01-20,Debit,2885.48,Card,Travel,Successful
T302710,C100665,2026-01-14,Debit,2409.61,UPI,Education,Successful
T302711,C100576,2025-08-29,Debit,7245.95,NEFT,Restaurants,Successful
T302712,C100562,2025-11-18,Debit,2155.42,Card,Restaurants,Successful
T302713,C100080,2025-09-27,Debit,618.94,Net Banking,Healthcare,Successful
T302714,C100255,2026-01-15,Debit,523.48,Net Banking,Groceries,Successful
T302715,C100561,2026-06-21,Credit,6103.19,NEFT,Travel,Successful
T302716,C100114,2026-06-30,Debit,,Card,Travel,Successful
T302717,C100429,2025-12-05,Debit,2969.12,UPI,Shopping,Successful
T302718,C100533,2025-08-09,Credit,5586.25,NEFT,Restaurants,Successful
T302719,C100525,2025-11-11,Credit,2816.02,Card,Education,Successful
T302720,C100731,2026-05-12,Debit,1553.42,Net Banking,Shopping,Successful
T302721,C100385,2025-12-16,Debit,2278.11,UPI,Education,Successful
T302722,C100780,2026-06-29,Debit,3277.9,UPI,Shopping,Successful
T302723,C100364,2025-07-11,Debit,1058.92,IMPS,Education,Successful
T302724,C100611,2025-11-22,Debit,1268.24,NEFT,Education,Successful
T302725,C100074,2026-01-09,Debit,6834.09,Net Banking,Restaurants,Successful
T302726,C100693,2026-03-11,Debit,660.39,Card,Healthcare,Successful
T302727,C100649,2025-09-10,Credit,19340.96,UPI,Education,Successful
T302728,C100761,2025-11-09,Debit,318.74,Card,Restaurants,Successful
T302729,C100796,2025-07-19,Credit,6227.2,NEFT,Healthcare,Successful
T302730,C100225,2025-11-19,Debit,1260.24,UPI,Education,Successful
T302731,C100209,2025-11-28,Debit,307.79,Net Banking,Restaurants,Successful
T302732,C100658,2025-11-26,Credit,6765.17,UPI,Healthcare,Failed
T302733,C100547,2026-03-17,Credit,1282.48,UPI,Restaurants,Successful
T302734,C100502,2026-06-16,Debit,7792.13,Card,Utilities,Successful
T302735,C100602,2025-09-29,Debit,1278.4,UPI,Utilities,Successful
T302736,C100147,2025-12-26,Debit,8670.92,IMPS,Healthcare,Successful
T302737,C100002,2025-10-20,Debit,1826.88,NEFT,Restaurants,Failed
T302738,C100096,2025-11-18,Debit,4589.17,Net Banking,Restaurants,Reversed
T302739,C100028,2025-10-31,Credit,1464.06,UPI,Shopping,Successful
T302740,C100239,2025-11-08,Debit,5228.3,UPI,Groceries,Successful
T302741,C100066,2026-01-26,Debit,8116.74,UPI,Groceries,Successful
T302742,C100312,2026-03-28,Debit,2396.37,UPI,Education,Successful
T302743,C100005,2025-09-27,Debit,3222.11,UPI,Restaurants,Successful
T302744,C100553,2026-03-26,Debit,6010.28,NEFT,Utilities,Successful
T302745,C100772,2026-03-01,Credit,315.4,NEFT,Utilities,Failed
T302746,C100117,2025-10-16,Debit,2875.49,NEFT,Travel,Successful
T302747,C100275,2026-05-11,Debit,1178.09,UPI,Restaurants,Successful
T302748,C100707,2025-09-04,Debit,2676.16,IMPS,Travel,Successful
T302749,C100774,2026-06-29,Debit,24037.42,UPI,Groceries,Successful
T302750,C100209,2025-11-19,Debit,1625.53,Card,Restaurants,Successful
T302751,C100713,2026-03-21,Debit,1904.68,Card,Restaurants,Successful
T302752,C100729,2026-04-02,Debit,1020.46,UPI,Healthcare,Successful
T302753,C100370,2026-05-05,Debit,961.89,UPI,Utilities,Successful
T302754,C100201,2025-10-30,Debit,10935.33,Net Banking,Groceries,Successful
T302755,C100347,2025-11-12,Credit,1134.54,NEFT,Restaurants,Successful
T302756,C100729,2025-12-13,Debit,824.89,IMPS,Restaurants,Successful
T302757,C100006,2026-05-06,Debit,2954.81,Card,Restaurants,Successful
T302758,C100569,2026-06-01,Debit,1084.95,IMPS,Utilities,Successful
T302759,C100061,2026-04-17,Debit,2591.57,Card,Healthcare,Successful
T302760,C100347,2025-10-30,Debit,2342.41,UPI,Shopping,Successful
T302761,C100462,2026-06-13,Debit,4234.3,IMPS,Shopping,Successful
T302762,C100512,2025-11-09,Credit,1907.29,IMPS,Utilities,Reversed
T302763,C100525,2025-09-18,Credit,1377.84,IMPS,Groceries,Successful
T302764,C100159,2025-09-10,Debit,1671.74,Net Banking,Utilities,Successful
T302765,C100572,2026-03-20,Debit,2501.43,NEFT,Healthcare,Successful
T302766,C100356,2026-06-24,Credit,4371.34,UPI,Shopping,Successful
T302767,C100766,2025-10-15,Credit,1216.4,UPI,Restaurants,Failed
T302768,C100022,2026-05-05,Credit,176.08,Card,Travel,Successful
T302769,C100725,2026-06-11,Debit,653.65,Net Banking,Travel,Successful
T302770,C100309,2025-08-08,Debit,605.88,UPI,Healthcare,Successful
T302771,C100670,2025-12-31,Debit,6323.31,Net Banking,Shopping,Successful
T302772,C100611,2025-07-05,Debit,10010.97,IMPS,Restaurants,Successful
T302773,C100311,2025-09-05,Debit,7706.81,NEFT,Education,Successful
T302774,C100092,2025-11-29,Debit,100.0,NEFT,Education,Successful
T302775,C100499,2026-03-21,Debit,3553.27,IMPS,Travel,Successful
T302776,C100494,2026-02-05,Debit,,NEFT,Travel,Successful
T302777,C100510,2025-08-03,Debit,2237.21,NEFT,Groceries,Successful
T302778,C100431,2026-06-05,Credit,650.73,NEFT,Utilities,Successful
T302779,C100046,2025-07-18,Debit,2220.0,NEFT,Groceries,Successful
T302780,C100142,2025-09-03,Credit,3116.22,Card,Utilities,Successful
T302781,C100469,2025-12-29,Debit,629.47,Card,Shopping,Successful
T302782,C100671,2025-08-01,Debit,7907.9,NEFT,Utilities,Successful
T302783,C100543,2026-04-11,Debit,1231.07,UPI,Groceries,Successful
T302784,C100513,2026-04-18,Debit,294.8,IMPS,Healthcare,Successful
T302785,C100125,2025-10-19,Debit,4848.45,IMPS,Education,Failed
T302786,C100715,2025-08-04,Debit,12518.91,Net Banking,Utilities,Successful
T302787,C100253,2025-12-27,Debit,1399.48,NEFT,Shopping,Successful
T302788,C100044,2025-12-27,Debit,1738.09,UPI,Groceries,Successful
T302789,C100668,2026-02-13,Credit,3713.09,UPI,Education,Successful
T302790,C100577,2025-07-17,Debit,2058.48,NEFT,Travel,Reversed
T302791,C100046,2026-03-08,Credit,4720.38,UPI,Education,Successful
T302792,C100382,2026-04-26,Credit,4495.25,IMPS,Shopping,Successful
T302793,C100104,2025-07-14,Credit,630.34,IMPS,Shopping,Successful
T302794,C100375,2026-02-10,Credit,2032.12,Net Banking,Education,Successful
T302795,C100183,2026-04-30,Credit,843.8,NEFT,Travel,Successful
T302796,C100688,2026-02-06,Debit,15474.37,NEFT,Shopping,Successful
T302797,C100713,2026-02-05,Credit,7939.4,Card,Utilities,Successful
T302798,C100055,2025-09-12,Credit,423.62,IMPS,Education,Successful
T302799,C100421,2025-11-17,Credit,2407.83,UPI,Utilities,Successful
T302800,C100225,2025-11-07,Credit,464.08,UPI,Shopping,Successful
T302801,C100795,2025-07-04,Debit,519.88,IMPS,Utilities,Successful
T302802,C100043,2026-04-16,Credit,365.54,UPI,Groceries,Successful
T302803,C100032,2026-02-13,Debit,3971.62,NEFT,Restaurants,Successful
T302804,C100668,2026-01-01,Credit,2674.91,IMPS,Groceries,Successful
T302805,C100724,2025-09-29,Debit,939.59,NEFT,Education,Successful
T302806,C100607,2025-09-17,Debit,1577.74,UPI,Shopping,Successful
T302807,C100744,2026-02-21,Debit,9660.15,Net Banking,Healthcare,Reversed
T302808,C100177,2026-06-02,Credit,5947.48,IMPS,Education,Failed
T302809,C100000,2025-10-21,Credit,1852.72,Net Banking,Utilities,Successful
T302810,C100177,2025-10-28,Debit,2556.0,Card,Restaurants,Successful
T302811,C100470,2026-03-10,Debit,444.61,NEFT,Restaurants,Successful
T302812,C100169,2026-01-11,Debit,1654.74,Net Banking,Shopping,Successful
T302813,C100643,2025-10-31,Debit,4555.21,Net Banking,Travel,Successful
T302814,C100278,2026-01-31,Debit,1574.88,IMPS,Shopping,Successful
T302815,C100474,2026-06-26,Debit,1929.36,UPI,Restaurants,Successful
T302816,C100015,2026-05-07,Debit,1936.18,Card,Education,Successful
T302817,C100529,2026-03-05,Credit,7351.34,Net Banking,Shopping,Successful
T302818,C100506,2025-07-21,Debit,905.22,IMPS,Healthcare,Successful
T302819,C100727,2026-06-17,Debit,1279.01,Card,Groceries,Successful
T302820,C100584,2025-08-27,Credit,2419.19,Card,Education,Successful
T302821,C100235,2025-07-28,Debit,2074.92,UPI,Utilities,Successful
T302822,C100699,2026-04-30,Debit,2899.3,NEFT,Utilities,Successful
T302823,C100016,2026-01-03,Debit,3003.57,UPI,Restaurants,Successful
T302824,C100244,2025-12-12,Credit,3588.86,IMPS,Utilities,Successful
T302825,C100491,2025-12-18,Debit,893.24,Card,Restaurants,Successful
T302826,C100177,2026-01-08,Debit,2026.54,IMPS,Utilities,Successful
T302827,C100672,2026-03-17,Debit,6389.1,Card,Travel,Successful
T302828,C100338,2025-07-09,Debit,517.75,Net Banking,Shopping,Successful
T302829,C100349,2026-03-27,Debit,4542.57,Card,Shopping,Successful
T302830,C100281,2026-03-01,Debit,919.71,UPI,Shopping,Successful
T302831,C100631,2026-03-17,Debit,14996.83,UPI,Travel,Successful
T302832,C100625,2025-12-30,Credit,680.95,NEFT,Travel,Successful
T302833,C100566,2025-11-08,Debit,6985.16,Net Banking,Education,Successful
T302834,C100319,2026-05-29,Debit,,Net Banking,Groceries,Successful
T302835,C100733,2026-01-27,Debit,6435.48,IMPS,Healthcare,Successful
T302836,C100562,2025-11-06,Credit,5396.08,UPI,Restaurants,Successful
T302837,C100728,2026-06-24,Debit,4373.53,NEFT,Travel,Successful
T302838,C100692,2025-10-29,Debit,1063.2,UPI,Healthcare,Successful
T302839,C100753,2025-11-08,Debit,1061.49,IMPS,Shopping,Successful
T302840,C100711,2026-06-19,Debit,1892.26,NEFT,Healthcare,Successful
T302841,C100123,2026-05-05,Credit,4888.5,Net Banking,Travel,Successful
T302842,C100731,2025-07-07,Credit,10540.37,Net Banking,Travel,Successful
T302843,C100583,2025-11-27,Debit,778.25,Card,Healthcare,Successful
T302844,C100608,2026-02-27,Credit,4209.61,UPI,Travel,Successful
T302845,C100316,2026-04-05,Credit,1052.32,Card,Utilities,Successful
T302846,C100575,2025-10-07,Credit,1980.34,IMPS,Restaurants,Successful
T302847,C100570,2026-03-22,Debit,23593.9,NEFT,Restaurants,Successful
T302848,C100354,2025-12-27,Debit,2621.76,Card,Groceries,Successful
T302849,C100657,2025-10-02,Credit,4974.91,NEFT,Travel,Successful
T302850,C100333,2025-10-04,Debit,3311.48,Net Banking,Travel,Successful
T302851,C100434,2025-09-06,Debit,1258.72,Net Banking,Healthcare,Successful
T302852,C100579,2026-01-01,Debit,4569.95,Net Banking,Education,Successful
T302853,C100393,2025-09-09,Credit,5484.49,NEFT,Utilities,Successful
T302854,C100251,2025-11-17,Debit,584.27,Net Banking,Shopping,Successful
T302855,C100636,2025-09-03,Debit,575.26,NEFT,Shopping,Successful
T302856,C100381,2026-01-01,Debit,304.75,Card,Shopping,Successful
T302857,C100432,2025-09-11,Debit,746.18,Net Banking,Restaurants,Successful
T302858,C100203,2026-02-01,Credit,1146.39,Net Banking,Education,Successful
T302859,C100450,2026-02-21,Debit,2350.37,IMPS,Restaurants,Failed
T302860,C100318,2026-04-22,Debit,690.95,Net Banking,Travel,Successful
T302861,C100698,2025-11-26,Credit,1710.52,NEFT,Shopping,Successful
T302862,C100595,2025-10-04,Credit,6697.86,Card,Shopping,Successful
T302863,C100623,2026-06-01,Credit,1776.91,Card,Education,Failed
T302864,C100305,2026-05-10,Debit,409.58,IMPS,Utilities,Successful
T302865,C100190,2026-03-19,Debit,2209.89,NEFT,Education,Successful
T302866,C100087,2026-02-17,Debit,3790.71,NEFT,Travel,Successful
T302867,C100443,2026-01-14,Credit,7468.0,UPI,Healthcare,Successful
T302868,C100642,2026-06-08,Debit,1043.87,NEFT,Utilities,Successful
T302869,C100564,2025-07-04,Debit,3871.24,Net Banking,Shopping,Successful
T302870,C100796,2025-09-09,Debit,8299.54,UPI,Groceries,Successful
T302871,C100116,2026-01-17,Credit,1231.39,Net Banking,Education,Successful
T302872,C100473,2026-06-12,Debit,15541.41,Card,Healthcare,Successful
T302873,C100524,2025-07-22,Credit,4769.9,UPI,Utilities,Successful
T302874,C100347,2026-03-12,Credit,5035.32,UPI,Healthcare,Successful
T302875,C100641,2026-01-09,Credit,8345.23,UPI,Healthcare,Successful
T302876,C100689,2026-05-05,Debit,2101.12,Card,Education,Successful
T302877,C100719,2025-07-17,Debit,1324.5,IMPS,Healthcare,Successful
T302878,C100485,2025-07-07,Debit,3826.84,NEFT,Healthcare,Successful
T302879,C100496,2025-09-11,Debit,5747.17,Card,Healthcare,Successful
T302880,C100523,2025-12-06,Credit,482.85,Card,Restaurants,Successful
T302881,C100444,2025-09-04,Debit,4076.49,UPI,Healthcare,Successful
T302882,C100224,2026-05-17,Debit,356.44,Card,Restaurants,Successful
T302883,C100093,2026-02-16,Credit,3623.99,NEFT,Education,Successful
T302884,C100276,2026-01-09,Debit,3155.85,NEFT,Shopping,Successful
T302885,C100175,2025-12-18,Debit,1171.32,Net Banking,Shopping,Successful
T302886,C100287,2025-08-22,Debit,12099.37,Net Banking,Shopping,Successful
T302887,C100718,2025-09-21,Debit,1577.84,Card,Travel,Successful
T302888,C100260,2025-10-24,Debit,1496.31,Card,Travel,Successful
T302889,C100411,2025-09-23,Debit,3581.89,IMPS,Travel,Successful
T302890,C100352,2025-08-04,Credit,1229.53,NEFT,Healthcare,Successful
T302891,C100664,2026-06-19,Debit,2633.59,Card,Shopping,Successful
T302892,C100123,2026-06-17,Debit,669.78,Net Banking,Utilities,Successful
T302893,C100767,2025-12-26,Debit,1635.08,IMPS,Shopping,Successful
T302894,C100646,2026-06-10,Debit,1317.55,UPI,Shopping,Successful
T302895,C100685,2026-02-16,Debit,1732.41,Card,Groceries,Successful
T302896,C100250,2026-05-22,Credit,3539.29,UPI,Shopping,Successful
T302897,C100527,2026-05-18,Debit,1362.67,UPI,Shopping,Successful
T302898,C100027,2026-05-02,Credit,378.52,Net Banking,Education,Successful
T302899,C100777,2026-01-31,Debit,3941.3,Card,Healthcare,Successful
T302900,C100753,2026-03-21,Debit,1673.61,Card,Shopping,Successful
T302901,C100409,2025-07-24,Debit,858.64,Card,Restaurants,Successful
T302902,C100657,2026-02-09,Debit,1106.94,IMPS,Utilities,Successful
T302903,C100423,2026-04-08,Debit,1286.61,IMPS,Groceries,Successful
T302904,C100460,2026-01-17,Debit,521.34,Net Banking,Travel,Successful
T302905,C100262,2026-04-15,Debit,4635.52,IMPS,Travel,Successful
T302906,C100464,2025-09-08,Debit,3988.07,NEFT,Travel,Successful
T302907,C100033,2026-01-13,Debit,6252.07,NEFT,Education,Successful
T302908,C100186,2026-06-12,Debit,1919.61,Net Banking,Education,Successful
T302909,C100200,2025-11-06,Debit,2085.05,UPI,Shopping,Successful
T302910,C100339,2025-11-26,Debit,3111.29,NEFT,Travel,Successful
T302911,C100181,2026-04-04,Debit,9078.64,Net Banking,Travel,Successful
T302912,C100663,2026-06-12,Debit,2645.4,UPI,Utilities,Failed
T302913,C100012,2025-08-17,Credit,4799.56,IMPS,Shopping,Successful
T302914,C100725,2026-05-29,Debit,929.66,Card,Utilities,Successful
T302915,C100297,2025-12-25,Debit,3734.4,UPI,Travel,Successful
T302916,C100021,2026-03-31,Credit,470.45,UPI,Travel,Successful
T302917,C100329,2025-10-25,Debit,2625.07,UPI,Restaurants,Successful
T302918,C100130,2026-01-16,Credit,975.82,IMPS,Education,Successful
T302919,C100477,2025-10-30,Debit,2455.08,UPI,Groceries,Successful
T302920,C100627,2025-08-04,Credit,2406.81,NEFT,Shopping,Successful
T302921,C100102,2025-08-20,Debit,6310.54,Card,Utilities,Successful
T302922,C100307,2026-03-12,Debit,4429.99,NEFT,Utilities,Successful
T302923,C100384,2026-05-15,Debit,2598.93,Net Banking,Travel,Successful
T302924,C100661,2026-05-27,Debit,6652.25,UPI,Education,Successful
T302925,C100272,2026-04-03,Debit,1529.81,IMPS,Groceries,Successful
T302926,C100737,2026-02-13,Debit,8451.82,NEFT,Utilities,Successful
T302927,C100141,2026-03-10,Debit,2826.2,UPI,Restaurants,Successful
T302928,C100616,2026-03-25,Debit,522.47,UPI,Utilities,Successful
T302929,C100343,2025-12-25,Credit,2690.42,NEFT,Utilities,Successful
T302930,C100319,2025-08-18,Debit,1562.33,UPI,Healthcare,Successful
T302931,C100467,2026-06-26,Debit,1590.84,NEFT,Groceries,Successful
T302932,C100696,2026-06-08,Debit,23383.3,IMPS,Groceries,Successful
T302933,C100551,2026-01-07,Credit,12761.06,Net Banking,Groceries,Successful
T302934,C100148,2026-03-28,Debit,2429.59,IMPS,Travel,Successful
T302935,C100310,2025-12-15,Credit,2886.41,Net Banking,Education,Successful
T302936,C100037,2026-03-19,Debit,2070.92,Net Banking,Education,Failed
T302937,C100637,2026-03-24,Debit,,Net Banking,Education,Successful
T302938,C100601,2025-11-21,Debit,859.86,UPI,Education,Successful
T302939,C100317,2025-10-20,Debit,2062.07,UPI,Utilities,Successful
T302940,C100393,2025-12-03,Credit,1403.49,Net Banking,Restaurants,Successful
T302941,C100785,2026-06-21,Debit,1960.0,Card,Travel,Successful
T302942,C100509,2026-02-06,Debit,2062.78,Card,Healthcare,Successful
T302943,C100297,2025-11-01,Credit,1923.51,Net Banking,Healthcare,Successful
T302944,C100773,2026-05-18,Credit,1433.23,Net Banking,Utilities,Successful
T302945,C100324,2025-11-23,Debit,4683.45,Card,Education,Reversed
T302946,C100145,2026-06-04,Credit,673.09,NEFT,Restaurants,Successful
T302947,C100058,2025-11-06,Debit,12166.23,Card,Travel,Successful
T302948,C100666,2025-08-21,Debit,4781.56,Card,Education,Successful
T302949,C100451,2025-09-23,Credit,1521.47,UPI,Restaurants,Successful
T302950,C100232,2026-06-17,Debit,5259.97,Net Banking,Shopping,Failed
T302951,C100167,2026-02-25,Credit,6129.71,UPI,Groceries,Successful
T302952,C100074,2025-12-27,Debit,21087.72,IMPS,Education,Successful
T302953,C100664,2025-10-26,Debit,583.96,Net Banking,Shopping,Successful
T302954,C100470,2026-04-25,Debit,4498.35,Net Banking,Groceries,Successful
T302955,C100386,2025-08-18,Debit,1165.36,UPI,Shopping,Successful
T302956,C100592,2026-05-08,Credit,2346.3,Card,Shopping,Successful
T302957,C100209,2026-03-20,Debit,5306.43,UPI,Restaurants,Successful
T302958,C100004,2026-02-08,Debit,519.44,Card,Travel,Successful
T302959,C100345,2026-02-16,Credit,1873.49,NEFT,Utilities,Successful
T302960,C100703,2025-08-17,Debit,1794.34,Net Banking,Utilities,Successful
T302961,C100186,2026-05-22,Credit,1356.9,NEFT,Travel,Successful
T302962,C100084,2025-07-21,Debit,526.65,Net Banking,Travel,Successful
T302963,C100425,2025-09-28,Debit,6884.39,UPI,Shopping,Successful
T302964,C100085,2026-06-05,Debit,2655.88,Card,Shopping,Successful
T302965,C100488,2025-11-09,Debit,4399.73,Card,Travel,Successful
T302966,C100424,2026-03-12,Credit,609.54,IMPS,Healthcare,Successful
T302967,C100646,2025-10-20,Credit,366.92,UPI,Education,Successful
T302968,C100002,2025-10-13,Debit,8625.9,NEFT,Shopping,Successful
T302969,C100520,2026-05-16,Debit,2390.17,IMPS,Groceries,Successful
T302970,C100203,2026-05-16,Debit,11377.51,Net Banking,Healthcare,Successful
T302971,C100600,2026-04-24,Debit,4008.49,Net Banking,Travel,Successful
T302972,C100102,2025-10-19,Debit,3291.73,NEFT,Education,Successful
T302973,C100314,2026-06-22,Credit,5609.95,UPI,Utilities,Successful
T302974,C100131,2026-04-12,Debit,972.88,Card,Education,Successful
T302975,C100237,2026-02-13,Debit,2736.66,IMPS,Travel,Successful
T302976,C100687,2026-04-28,Debit,1367.48,Card,Restaurants,Successful
T302977,C100208,2025-09-21,Debit,1217.31,Card,Utilities,Successful
T302978,C100383,2026-03-31,Debit,5348.82,Net Banking,Groceries,Successful
T302979,C100760,2026-05-24,Debit,1617.25,Card,Travel,Successful
T302980,C100772,2025-08-22,Debit,2641.99,NEFT,Travel,Successful
T302981,C100053,2025-08-29,Debit,1046.06,UPI,Restaurants,Successful
T302982,C100769,2026-05-21,Credit,595.04,UPI,Utilities,Successful
T302983,C100032,2025-07-08,Debit,6864.71,Card,Healthcare,Successful
T302984,C100199,2026-03-06,Debit,1201.82,NEFT,Healthcare,Successful
T302985,C100170,2026-01-25,Credit,625.6,IMPS,Healthcare,Successful
T302986,C100158,2026-05-20,Credit,1825.97,IMPS,Restaurants,Successful
T302987,C100483,2026-02-15,Debit,1026.68,IMPS,Travel,Failed
T302988,C100125,2025-11-04,Debit,3589.07,UPI,Healthcare,Successful
T302989,C100487,2025-11-11,Debit,1531.14,IMPS,Utilities,Successful
T302990,C100547,2026-04-19,Credit,798.57,NEFT,Travel,Successful
T302991,C100136,2025-08-19,Debit,2469.06,Card,Travel,Successful
T302992,C100503,2026-06-06,Credit,812.13,Net Banking,Restaurants,Successful
T302993,C100098,2025-07-04,Credit,785.17,Card,Education,Successful
T302994,C100451,2025-07-31,Debit,2809.09,IMPS,Education,Successful
T302995,C100601,2026-04-28,Credit,768.7,Net Banking,Utilities,Successful
T302996,C100062,2026-05-11,Debit,1639.9,Net Banking,Restaurants,Successful
T302997,C100328,2026-02-18,Credit,557.91,Card,Restaurants,Successful
T302998,C100114,2026-02-23,Credit,308.25,Card,Education,Successful
T302999,C100111,2025-09-04,Debit,2733.18,UPI,Shopping,Successful
T303000,C100756,2025-12-10,Debit,2885.63,UPI,Shopping,Successful
T303001,C100471,2026-03-08,Debit,5163.13,Net Banking,Restaurants,Successful
T303002,C100714,2025-09-01,Credit,1848.52,IMPS,Restaurants,Reversed
T303003,C100702,2026-02-08,Debit,2963.14,Card,Education,Successful
T303004,C100422,2026-03-24,Credit,612.65,Card,Shopping,Successful
T303005,C100638,2025-08-26,Credit,6216.33,IMPS,Utilities,Failed
T303006,C100659,2025-08-12,Debit,4962.58,NEFT,Travel,Successful
T303007,C100315,2025-09-21,Debit,2201.22,UPI,Groceries,Successful
T303008,C100601,2026-04-16,Debit,10316.29,NEFT,Restaurants,Successful
T303009,C100702,2026-06-13,Debit,7624.11,Card,Restaurants,Successful
T303010,C100206,2025-12-04,Debit,1102.17,UPI,Groceries,Successful
T303011,C100154,2026-04-21,Credit,1213.22,Card,Utilities,Successful
T303012,C100072,2026-06-13,Debit,17050.48,NEFT,Utilities,Successful
T303013,C100527,2025-11-12,Credit,3407.65,Card,Travel,Successful
T303014,C100239,2025-07-10,Debit,524.48,NEFT,Education,Successful
T303015,C100402,2025-10-09,Debit,1162.4,IMPS,Healthcare,Successful
T303016,C100304,2025-08-13,Debit,2163.78,NEFT,Healthcare,Successful
T303017,C100176,2025-12-14,Credit,586.38,IMPS,Healthcare,Successful
T303018,C100134,2026-04-11,Debit,7496.52,UPI,Groceries,Successful
T303019,C100067,2025-12-22,Debit,6514.39,Card,Groceries,Successful
T303020,C100767,2025-12-25,Debit,9050.94,UPI,Groceries,Reversed
T303021,C100240,2025-12-30,Debit,3196.36,IMPS,Healthcare,Successful
T303022,C100550,2026-03-26,Debit,46737.77,Card,Travel,Successful
T303023,C100108,2026-04-13,Debit,,Card,Education,Successful
T303024,C100287,2025-12-30,Debit,2989.59,Card,Groceries,Successful
T303025,C100503,2025-08-08,Debit,4053.7,Card,Education,Successful
T303026,C100490,2025-10-11,Debit,1188.37,Net Banking,Groceries,Successful
T303027,C100683,2026-03-16,Debit,2593.97,Card,Shopping,Successful
T303028,C100480,2026-02-19,Credit,579.48,NEFT,Utilities,Successful
T303029,C100449,2026-05-03,Debit,22496.81,Net Banking,Utilities,Successful
T303030,C100730,2025-07-13,Debit,1492.44,Card,Shopping,Successful
T303031,C100512,2025-09-23,Debit,651.94,Net Banking,Restaurants,Successful
T303032,C100597,2026-03-31,Debit,3496.12,NEFT,Travel,Successful
T303033,C100615,2026-06-30,Debit,350.2,Card,Restaurants,Successful
T303034,C100037,2025-08-26,Debit,700.78,Card,Shopping,Failed
T303035,C100368,2026-04-22,Debit,5049.17,UPI,Utilities,Successful
T303036,C100656,2025-08-28,Debit,2732.78,NEFT,Shopping,Successful
T303037,C100405,2026-01-30,Debit,712.18,UPI,Groceries,Successful
T303038,C100582,2026-01-04,Debit,1857.65,UPI,Groceries,Successful
T303039,C100556,2026-05-06,Credit,1464.68,Card,Travel,Successful
T303040,C100183,2025-12-11,Credit,2919.64,Net Banking,Education,Successful
T303041,C100488,2025-10-20,Debit,6548.28,Net Banking,Restaurants,Successful
T303042,C100157,2026-04-07,Credit,1556.24,UPI,Travel,Successful
T303043,C100009,2026-02-13,Debit,3277.91,UPI,Groceries,Successful
T303044,C100059,2025-08-19,Credit,5789.38,Net Banking,Healthcare,Successful
T303045,C100102,2026-05-02,Debit,2556.7,NEFT,Utilities,Successful
T303046,C100660,2025-10-27,Debit,2570.96,NEFT,Shopping,Successful
T303047,C100055,2025-11-28,Credit,2354.06,Net Banking,Utilities,Successful
T303048,C100424,2025-12-20,Credit,5299.27,IMPS,Shopping,Successful
T303049,C100372,2025-08-23,Debit,817.12,NEFT,Restaurants,Successful
T303050,C100092,2025-11-03,Debit,2359.72,Net Banking,Shopping,Successful
T303051,C100110,2025-10-09,Credit,3092.11,Net Banking,Education,Successful
T303052,C100702,2025-10-14,Credit,7313.67,Card,Healthcare,Successful
T303053,C100309,2025-11-21,Credit,2358.17,Card,Utilities,Successful
T303054,C100322,2026-02-01,Credit,2752.46,NEFT,Healthcare,Successful
T303055,C100725,2026-05-07,Credit,3557.56,UPI,Groceries,Successful
T303056,C100084,2025-10-21,Debit,3636.27,NEFT,Groceries,Successful
T303057,C100609,2026-01-26,Debit,22708.67,Card,Utilities,Successful
T303058,C100279,2025-12-14,Debit,26833.47,NEFT,Healthcare,Successful
T303059,C100170,2025-10-11,Debit,1040.53,NEFT,Groceries,Successful
T303060,C100429,2025-12-14,Credit,1563.51,UPI,Groceries,Successful
T303061,C100262,2026-04-24,Debit,1496.36,IMPS,Education,Successful
T303062,C100350,2026-05-24,Debit,2158.37,IMPS,Healthcare,Successful
T303063,C100468,2026-01-12,Debit,2949.53,IMPS,Education,Successful
T303064,C100459,2026-01-09,Debit,1501.42,Card,Utilities,Successful
T303065,C100302,2026-04-29,Debit,2133.71,NEFT,Restaurants,Successful
T303066,C100019,2025-07-13,Debit,3143.59,IMPS,Utilities,Successful
T303067,C100001,2025-08-06,Credit,806.04,IMPS,Travel,Successful
T303068,C100341,2026-05-05,Debit,6154.65,NEFT,Travel,Successful
T303069,C100587,2025-11-10,Debit,1918.63,UPI,Healthcare,Successful
T303070,C100595,2026-01-19,Debit,2112.8,IMPS,Groceries,Successful
T303071,C100694,2025-09-18,Debit,14645.15,IMPS,Education,Failed
T303072,C100269,2025-11-20,Debit,1805.46,Net Banking,Education,Successful
T303073,C100426,2025-10-23,Debit,4372.04,Net Banking,Shopping,Successful
T303074,C100040,2026-03-25,Debit,375.04,UPI,Education,Reversed
T303075,C100041,2025-09-13,Debit,1817.49,NEFT,Restaurants,Successful
T303076,C100379,2025-09-21,Credit,1607.23,NEFT,Healthcare,Failed
T303077,C100766,2025-09-21,Debit,579.9,IMPS,Groceries,Successful
T303078,C100063,2025-08-30,Credit,4470.4,Card,Education,Reversed
T303079,C100692,2025-09-27,Debit,3021.9,Net Banking,Utilities,Successful
T303080,C100456,2025-09-13,Credit,5611.47,Net Banking,Healthcare,Successful
T303081,C100772,2026-02-28,Debit,6019.74,Card,Restaurants,Successful
T303082,C100387,2025-09-20,Debit,3178.45,NEFT,Education,Successful
T303083,C100152,2025-11-04,Debit,3128.81,UPI,Shopping,Successful
T303084,C100486,2026-03-30,Debit,2127.57,NEFT,Healthcare,Successful
T303085,C100309,2025-07-15,Debit,6036.33,UPI,Education,Successful
T303086,C100652,2026-05-07,Debit,1541.57,IMPS,Education,Successful
T303087,C100042,2025-10-08,Credit,8173.33,Net Banking,Restaurants,Successful
T303088,C100663,2025-09-24,Debit,1872.75,IMPS,Shopping,Successful
T303089,C100029,2025-12-13,Debit,1654.09,NEFT,Healthcare,Successful
T303090,C100618,2026-01-24,Credit,576.93,Net Banking,Travel,Successful
T303091,C100197,2025-09-19,Credit,5873.35,IMPS,Restaurants,Successful
T303092,C100585,2026-06-02,Credit,3869.08,NEFT,Shopping,Successful
T303093,C100145,2025-08-11,Debit,2361.35,Card,Restaurants,Successful
T303094,C100179,2026-05-29,Debit,3714.42,NEFT,Utilities,Successful
T303095,C100186,2026-01-06,Credit,12466.12,Net Banking,Shopping,Successful
T303096,C100066,2025-07-12,Credit,4735.48,Net Banking,Healthcare,Successful
T303097,C100175,2026-03-20,Debit,4132.45,UPI,Shopping,Successful
T303098,C100774,2025-09-21,Credit,2581.41,UPI,Healthcare,Successful
T303099,C100224,2025-10-26,Debit,7079.01,IMPS,Healthcare,Successful
T303100,C100693,2026-05-13,Debit,5211.45,Card,Utilities,Successful
T303101,C100442,2026-05-21,Debit,3545.9,Card,Restaurants,Successful
T303102,C100433,2026-01-28,Debit,2050.84,IMPS,Groceries,Successful
T303103,C100778,2025-11-12,Debit,1219.41,UPI,Restaurants,Successful
T303104,C100145,2026-04-26,Debit,612.31,UPI,Travel,Failed
T303105,C100385,2026-01-02,Debit,1241.13,UPI,Groceries,Successful
T303106,C100589,2025-09-14,Credit,2546.4,IMPS,Groceries,Successful
T303107,C100230,2025-07-14,Debit,3134.31,UPI,Restaurants,Successful
T303108,C100375,2025-09-14,Debit,,Net Banking,Utilities,Successful
T303109,C100123,2025-10-11,Credit,4810.11,Net Banking,Restaurants,Successful
T303110,C100467,2025-10-29,Debit,557.95,IMPS,Education,Failed
T303111,C100363,2026-06-12,Debit,1441.68,NEFT,Utilities,Successful
T303112,C100748,2026-04-18,Debit,,Card,Restaurants,Successful
T303113,C100613,2026-06-14,Credit,768.28,IMPS,Utilities,Successful
T303114,C100260,2025-10-04,Debit,,Net Banking,Restaurants,Successful
T303115,C100258,2025-07-30,Debit,1418.45,Net Banking,Healthcare,Failed
T303116,C100654,2025-09-09,Debit,190.44,UPI,Healthcare,Successful
T303117,C100695,2026-02-05,Debit,4544.88,UPI,Groceries,Successful
T303118,C100395,2026-02-01,Debit,4526.91,IMPS,Groceries,Successful
T303119,C100597,2025-09-09,Debit,1837.29,NEFT,Shopping,Failed
T303120,C100237,2025-12-11,Debit,1781.48,Net Banking,Healthcare,Successful
T303121,C100716,2026-01-19,Debit,1690.01,UPI,Utilities,Successful
T303122,C100489,2026-04-06,Debit,3258.39,NEFT,Utilities,Successful
T303123,C100352,2026-06-23,Credit,,Net Banking,Travel,Successful
T303124,C100392,2025-08-04,Debit,3362.34,NEFT,Utilities,Successful
T303125,C100659,2026-02-03,Debit,2070.52,UPI,Groceries,Successful
T303126,C100171,2026-01-13,Credit,5404.11,IMPS,Travel,Successful
T303127,C100516,2026-02-08,Debit,6052.4,IMPS,Groceries,Successful
T303128,C100383,2026-05-08,Debit,1955.22,Card,Shopping,Successful
T303129,C100265,2026-02-02,Debit,6737.05,IMPS,Healthcare,Successful
T303130,C100010,2025-11-14,Credit,3983.94,NEFT,Travel,Successful
T303131,C100731,2026-01-04,Debit,2181.66,UPI,Shopping,Successful
T303132,C100773,2025-11-20,Debit,2266.09,IMPS,Travel,Successful
T303133,C100032,2026-06-27,Debit,6027.89,Net Banking,Education,Successful
T303134,C100390,2026-01-24,Credit,6566.99,IMPS,Education,Successful
T303135,C100703,2025-07-15,Debit,4963.87,UPI,Shopping,Successful
T303136,C100463,2025-09-11,Credit,1118.54,Net Banking,Shopping,Successful
T303137,C100726,2026-04-02,Debit,2064.52,Net Banking,Healthcare,Successful
T303138,C100267,2025-08-01,Debit,1865.8,IMPS,Travel,Successful
T303139,C100574,2025-11-29,Debit,3060.66,NEFT,Groceries,Successful
T303140,C100461,2025-07-17,Debit,878.49,IMPS,Shopping,Successful
T303141,C100271,2025-11-04,Credit,4653.39,Net Banking,Utilities,Successful
T303142,C100178,2025-11-02,Debit,2366.94,Net Banking,Utilities,Successful
T303143,C100002,2026-05-26,Debit,8738.01,IMPS,Restaurants,Successful
T303144,C100708,2026-04-09,Debit,1095.9,NEFT,Healthcare,Successful
T303145,C100117,2026-01-22,Credit,763.82,NEFT,Restaurants,Successful
T303146,C100643,2025-08-30,Debit,1688.13,Card,Restaurants,Successful
T303147,C100581,2025-09-14,Debit,262.22,Card,Education,Successful
T303148,C100264,2026-02-01,Debit,2450.42,UPI,Education,Successful
T303149,C100108,2025-11-02,Debit,1752.96,NEFT,Groceries,Successful
T303150,C100559,2026-06-09,Debit,4345.11,IMPS,Utilities,Successful
T303151,C100434,2025-09-11,Credit,2557.21,NEFT,Education,Failed
T303152,C100227,2025-09-25,Debit,10751.73,IMPS,Groceries,Successful
T303153,C100128,2025-12-12,Debit,4617.69,IMPS,Shopping,Successful
T303154,C100307,2025-07-25,Debit,2035.18,Net Banking,Travel,Successful
T303155,C100045,2026-06-14,Debit,5683.29,Net Banking,Shopping,Successful
T303156,C100446,2025-08-21,Debit,698.23,IMPS,Travel,Successful
T303157,C100496,2025-08-24,Credit,4242.9,UPI,Education,Successful
T303158,C100701,2026-02-02,Credit,1231.45,IMPS,Groceries,Successful
T303159,C100543,2025-10-26,Credit,1468.41,IMPS,Utilities,Successful
T303160,C100295,2025-08-08,Credit,3372.68,NEFT,Travel,Successful
T303161,C100434,2025-10-30,Debit,3392.89,IMPS,Utilities,Successful
T303162,C100528,2026-06-10,Debit,5031.75,IMPS,Utilities,Successful
T303163,C100601,2025-10-24,Credit,2533.35,UPI,Restaurants,Successful
T303164,C100183,2026-01-13,Debit,7839.08,UPI,Restaurants,Successful
T303165,C100272,2025-07-27,Credit,712.75,NEFT,Healthcare,Successful
T303166,C100506,2025-07-16,Credit,2933.93,Card,Restaurants,Successful
T303167,C100139,2025-10-14,Debit,788.34,Net Banking,Groceries,Successful
T303168,C100598,2026-05-06,Credit,12154.26,IMPS,Groceries,Successful
T303169,C100707,2025-10-05,Debit,7084.52,UPI,Travel,Failed
T303170,C100603,2026-02-02,Debit,1510.5,NEFT,Restaurants,Successful
T303171,C100078,2025-08-14,Debit,581.46,Net Banking,Education,Successful
T303172,C100522,2026-02-15,Debit,6768.31,Net Banking,Healthcare,Successful
T303173,C100607,2025-07-15,Credit,8244.66,Net Banking,Education,Successful
T303174,C100042,2025-12-27,Credit,3499.31,Card,Groceries,Successful
T303175,C100542,2025-07-03,Debit,1191.44,UPI,Utilities,Successful
T303176,C100600,2025-07-01,Credit,2282.57,NEFT,Education,Successful
T303177,C100268,2026-05-27,Debit,26688.33,NEFT,Education,Successful
T303178,C100004,2026-03-28,Debit,448.48,NEFT,Restaurants,Successful
T303179,C100051,2025-11-20,Credit,4656.76,NEFT,Shopping,Successful
T303180,C100435,2026-04-14,Debit,9120.12,UPI,Groceries,Successful
T303181,C100563,2026-05-19,Debit,887.99,NEFT,Restaurants,Successful
T303182,C100284,2026-03-30,Debit,5518.38,IMPS,Groceries,Successful
T303183,C100686,2026-01-19,Debit,470.52,UPI,Education,Successful
T303184,C100415,2025-08-24,Debit,1365.71,IMPS,Shopping,Successful
T303185,C100326,2026-01-22,Debit,427.13,UPI,Utilities,Successful
T303186,C100437,2026-04-16,Credit,4610.58,IMPS,Groceries,Successful
T303187,C100539,2026-04-07,Debit,584.13,Net Banking,Shopping,Successful
T303188,C100324,2025-07-04,Credit,3035.77,Net Banking,Restaurants,Successful
T303189,C100419,2025-11-22,Debit,2256.14,Card,Education,Successful
T303190,C100041,2025-09-20,Debit,511.76,IMPS,Travel,Successful
T303191,C100248,2026-05-18,Debit,17304.74,UPI,Travel,Successful
T303192,C100606,2025-08-08,Credit,2559.62,IMPS,Education,Successful
T303193,C100485,2026-04-19,Debit,1659.61,Card,Education,Successful
T303194,C100294,2025-11-04,Debit,465.13,IMPS,Healthcare,Successful
T303195,C100720,2025-08-31,Debit,5411.68,Net Banking,Groceries,Successful
T303196,C100183,2026-03-29,Debit,3452.1,Card,Shopping,Reversed
T303197,C100207,2025-10-24,Debit,6030.71,IMPS,Shopping,Successful
T303198,C100090,2025-07-14,Debit,423.72,NEFT,Healthcare,Successful
T303199,C100765,2026-03-16,Debit,4441.5,Card,Restaurants,Successful
T303200,C100789,2025-12-31,Credit,9838.11,UPI,Utilities,Successful
T303201,C100269,2025-08-19,Debit,2107.53,IMPS,Healthcare,Successful
T303202,C100754,2026-03-09,Debit,1584.0,Card,Healthcare,Successful
T303203,C100643,2026-01-15,Credit,2912.68,NEFT,Education,Successful
T303204,C100524,2026-06-17,Credit,1564.77,NEFT,Groceries,Reversed
T303205,C100585,2026-02-25,Debit,2481.15,Net Banking,Utilities,Successful
T303206,C100569,2026-06-14,Debit,655.06,UPI,Utilities,Successful
T303207,C100336,2025-12-21,Credit,1960.58,Net Banking,Restaurants,Successful
T303208,C100016,2025-11-15,Debit,561.79,Net Banking,Groceries,Successful
T303209,C100293,2026-04-26,Debit,739.29,Card,Travel,Successful
T303210,C100709,2026-01-08,Debit,5739.87,IMPS,Education,Successful
T303211,C100303,2026-05-20,Debit,13164.05,UPI,Healthcare,Successful
T303212,C100292,2026-01-14,Debit,668.61,UPI,Education,Successful
T303213,C100616,2026-04-24,Credit,9954.38,Net Banking,Utilities,Successful
T303214,C100221,2025-10-02,Debit,688.33,Net Banking,Travel,Successful
T303215,C100471,2026-02-03,Debit,1617.16,Card,Shopping,Successful
T303216,C100619,2025-08-16,Debit,5278.98,IMPS,Shopping,Successful
T303217,C100232,2026-01-18,Debit,5643.52,UPI,Restaurants,Failed
T303218,C100193,2025-12-18,Debit,967.4,IMPS,Travel,Successful
T303219,C100189,2026-06-30,Debit,3359.45,Card,Travel,Successful
T303220,C100629,2026-04-02,Debit,628.98,NEFT,Shopping,Successful
T303221,C100738,2025-12-03,Credit,708.36,Card,Education,Successful
T303222,C100294,2025-07-19,Debit,4181.19,Net Banking,Education,Successful
T303223,C100338,2025-11-01,Credit,2914.38,UPI,Groceries,Failed
T303224,C100551,2026-06-09,Debit,3443.48,NEFT,Restaurants,Successful
T303225,C100741,2026-01-16,Credit,7254.0,Net Banking,Healthcare,Successful
T303226,C100206,2025-11-30,Debit,1030.07,Net Banking,Restaurants,Successful
T303227,C100238,2026-06-14,Debit,2824.04,NEFT,Restaurants,Successful
T303228,C100311,2025-12-18,Debit,1536.08,NEFT,Groceries,Failed
T303229,C100457,2025-09-07,Debit,1969.92,Card,Utilities,Successful
T303230,C100066,2025-10-15,Debit,1765.96,UPI,Shopping,Successful
T303231,C100527,2025-09-17,Debit,1893.66,Net Banking,Utilities,Successful
T303232,C100606,2025-12-31,Debit,1021.06,Net Banking,Restaurants,Successful
T303233,C100313,2026-02-08,Debit,850.29,UPI,Restaurants,Successful
T303234,C100216,2026-06-10,Debit,548.09,UPI,Groceries,Successful
T303235,C100355,2026-05-16,Credit,7314.86,NEFT,Travel,Failed
T303236,C100286,2026-02-05,Debit,2090.98,Net Banking,Healthcare,Successful
T303237,C100163,2026-05-09,Debit,579.94,NEFT,Utilities,Successful
T303238,C100136,2026-03-24,Debit,1920.28,Net Banking,Healthcare,Successful
T303239,C100060,2025-08-30,Debit,597.65,UPI,Travel,Successful
T303240,C100609,2026-04-22,Debit,2588.62,IMPS,Groceries,Successful
T303241,C100642,2026-04-17,Credit,4050.12,Net Banking,Shopping,Successful
T303242,C100037,2025-12-12,Debit,4699.68,NEFT,Utilities,Successful
T303243,C100668,2025-07-12,Debit,714.49,UPI,Travel,Successful
T303244,C100625,2025-07-26,Debit,3715.27,Net Banking,Restaurants,Successful
T303245,C100289,2026-03-15,Credit,1193.85,IMPS,Utilities,Successful
T303246,C100396,2025-12-19,Credit,2741.72,Card,Restaurants,Successful
T303247,C100731,2026-05-15,Debit,2462.47,UPI,Shopping,Successful
T303248,C100556,2026-06-02,Debit,1743.54,IMPS,Shopping,Successful
T303249,C100646,2026-03-02,Debit,2455.3,UPI,Groceries,Successful
T303250,C100363,2025-08-29,Debit,9565.94,UPI,Groceries,Successful
T303251,C100454,2025-09-06,Credit,1003.7,IMPS,Restaurants,Successful
T303252,C100143,2026-03-19,Credit,4361.65,Net Banking,Travel,Successful
T303253,C100357,2025-09-17,Credit,2701.98,NEFT,Restaurants,Successful
T303254,C100694,2025-07-20,Debit,1025.06,NEFT,Groceries,Successful
T303255,C100463,2026-01-08,Debit,225.32,UPI,Shopping,Successful
T303256,C100088,2025-09-22,Credit,627.94,UPI,Restaurants,Successful
T303257,C100405,2026-02-10,Debit,1254.1,Card,Groceries,Successful
T303258,C100438,2025-12-18,Debit,9209.42,IMPS,Education,Successful
T303259,C100038,2025-10-03,Debit,1969.03,Net Banking,Utilities,Successful
T303260,C100005,2025-09-20,Debit,1118.54,IMPS,Education,Successful
T303261,C100529,2026-05-13,Debit,1978.35,UPI,Groceries,Successful
T303262,C100775,2026-02-24,Debit,6337.94,Net Banking,Education,Successful
T303263,C100078,2025-10-26,Debit,2432.26,IMPS,Shopping,Successful
T303264,C100725,2026-05-14,Debit,2358.83,NEFT,Restaurants,Successful
T303265,C100074,2026-01-08,Credit,12371.34,Net Banking,Shopping,Successful
T303266,C100394,2026-04-02,Debit,5192.79,Net Banking,Utilities,Successful
T303267,C100657,2025-10-30,Debit,12083.83,Card,Healthcare,Successful
T303268,C100329,2026-02-28,Debit,4896.54,UPI,Healthcare,Successful
T303269,C100174,2026-04-22,Credit,3816.7,IMPS,Utilities,Successful
T303270,C100011,2025-12-28,Debit,2187.56,NEFT,Education,Successful
T303271,C100643,2025-08-16,Debit,820.94,UPI,Healthcare,Successful
T303272,C100048,2025-08-13,Debit,3222.17,UPI,Travel,Successful
T303273,C100436,2025-08-01,Credit,3173.03,UPI,Travel,Successful
T303274,C100321,2025-09-19,Credit,375.87,NEFT,Groceries,Failed
T303275,C100694,2025-08-25,Debit,1305.04,Card,Travel,Failed
T303276,C100122,2025-12-26,Credit,4278.55,IMPS,Healthcare,Successful
T303277,C100377,2025-11-22,Debit,748.48,Net Banking,Shopping,Successful
T303278,C100468,2025-12-06,Debit,15901.16,IMPS,Groceries,Successful
T303279,C100622,2025-07-13,Credit,1088.65,UPI,Utilities,Successful
T303280,C100494,2026-03-21,Credit,2439.16,UPI,Restaurants,Successful
T303281,C100473,2026-05-26,Debit,4546.68,IMPS,Groceries,Successful
T303282,C100140,2025-09-28,Credit,2713.23,Card,Utilities,Successful
T303283,C100583,2025-10-22,Debit,3106.49,UPI,Groceries,Successful
T303284,C100678,2025-11-05,Credit,719.6,IMPS,Restaurants,Failed
T303285,C100597,2026-04-22,Credit,1865.02,UPI,Healthcare,Successful
T303286,C100066,2026-01-19,Debit,617.02,IMPS,Travel,Successful
T303287,C100638,2026-02-05,Credit,1866.85,Card,Shopping,Successful
T303288,C100755,2025-08-27,Debit,3330.72,UPI,Travel,Successful
T303289,C100254,2026-06-16,Debit,920.83,NEFT,Utilities,Successful
T303290,C100269,2025-09-22,Debit,894.41,UPI,Healthcare,Successful
T303291,C100578,2025-07-16,Credit,2438.45,UPI,Travel,Successful
T303292,C100683,2026-06-09,Debit,1606.01,Net Banking,Shopping,Successful
T303293,C100295,2026-06-22,Debit,5864.67,UPI,Travel,Successful
T303294,C100518,2026-01-05,Debit,1444.76,Net Banking,Travel,Successful
T303295,C100426,2026-03-04,Credit,2458.26,Card,Healthcare,Successful
T303296,C100692,2026-04-05,Debit,8155.44,Net Banking,Travel,Successful
T303297,C100767,2025-12-10,Debit,10741.53,Net Banking,Groceries,Successful
T303298,C100381,2025-07-31,Debit,8645.29,UPI,Education,Successful
T303299,C100528,2026-02-05,Credit,4170.58,IMPS,Travel,Successful
T303300,C100613,2025-08-20,Debit,3431.16,IMPS,Education,Successful
T303301,C100777,2026-03-11,Debit,7059.12,Card,Healthcare,Successful
T303302,C100671,2026-05-20,Debit,2229.87,NEFT,Restaurants,Successful
T303303,C100303,2025-07-02,Debit,3299.68,UPI,Healthcare,Successful
T303304,C100199,2026-02-24,Debit,8244.31,UPI,Shopping,Successful
T303305,C100613,2026-03-09,Credit,3497.74,Card,Utilities,Successful
T303306,C100177,2026-06-15,Debit,3496.89,Net Banking,Education,Successful
T303307,C100087,2026-01-09,Debit,843.85,NEFT,Healthcare,Successful
T303308,C100625,2026-01-08,Debit,360.19,NEFT,Groceries,Successful
T303309,C100202,2026-06-04,Debit,2804.81,IMPS,Travel,Successful
T303310,C100261,2026-05-05,Debit,14000.3,Net Banking,Utilities,Successful
T303311,C100050,2025-11-15,Debit,5515.99,Card,Shopping,Successful
T303312,C100068,2026-06-25,Debit,1485.8,Net Banking,Healthcare,Successful
T303313,C100769,2026-01-11,Debit,4533.29,Net Banking,Groceries,Successful
T303314,C100629,2026-04-18,Debit,1201.96,NEFT,Utilities,Successful
T303315,C100655,2026-01-30,Debit,987.71,IMPS,Utilities,Successful
T303316,C100732,2025-08-27,Debit,394.25,IMPS,Education,Successful
T303317,C100390,2026-03-17,Debit,829.12,NEFT,Shopping,Successful
T303318,C100321,2025-08-13,Debit,4699.64,UPI,Education,Failed
T303319,C100426,2025-09-26,Credit,1987.12,UPI,Education,Successful
T303320,C100132,2026-03-23,Debit,10078.33,UPI,Restaurants,Successful
T303321,C100256,2026-01-11,Debit,361.86,Card,Healthcare,Successful
T303322,C100119,2025-10-07,Debit,2275.37,IMPS,Groceries,Successful
T303323,C100561,2025-07-18,Credit,3083.08,NEFT,Utilities,Successful
T303324,C100135,2025-07-21,Credit,2392.38,NEFT,Travel,Failed
T303325,C100611,2025-07-05,Credit,1396.41,NEFT,Education,Successful
T303326,C100517,2026-05-20,Debit,3264.28,Card,Groceries,Successful
T303327,C100457,2026-03-23,Debit,3253.78,UPI,Shopping,Successful
T303328,C100388,2025-07-31,Debit,9385.56,UPI,Healthcare,Successful
T303329,C100767,2026-03-25,Credit,1770.09,NEFT,Utilities,Successful
T303330,C100426,2025-08-14,Debit,4080.67,NEFT,Healthcare,Successful
T303331,C100184,2026-04-01,Credit,1612.25,NEFT,Restaurants,Successful
T303332,C100013,2025-08-25,Debit,2936.92,Net Banking,Groceries,Successful
T303333,C100219,2025-08-22,Debit,669.2,Net Banking,Groceries,Successful
T303334,C100319,2026-01-02,Debit,3388.72,Net Banking,Education,Successful
T303335,C100582,2025-09-12,Credit,525.92,Card,Utilities,Successful
T303336,C100713,2025-10-11,Credit,1971.95,IMPS,Restaurants,Successful
T303337,C100278,2026-01-14,Debit,348.22,Net Banking,Travel,Successful
T303338,C100576,2025-08-29,Debit,886.85,IMPS,Utilities,Successful
T303339,C100662,2026-03-28,Debit,318.09,UPI,Groceries,Successful
T303340,C100642,2026-06-14,Credit,1388.61,IMPS,Healthcare,Successful
T303341,C100690,2025-07-12,Debit,5198.11,Card,Utilities,Successful
T303342,C100567,2026-03-24,Debit,928.24,NEFT,Healthcare,Successful
T303343,C100050,2025-11-12,Debit,466.94,Card,Travel,Successful
T303344,C100286,2025-11-19,Credit,19455.63,IMPS,Travel,Successful
T303345,C100014,2026-03-14,Debit,1071.84,Card,Utilities,Successful
T303346,C100286,2026-03-11,Credit,2501.68,UPI,Utilities,Successful
T303347,C100344,2026-05-29,Credit,1199.56,IMPS,Restaurants,Successful
T303348,C100354,2026-06-27,Credit,779.2,Net Banking,Restaurants,Successful
T303349,C100523,2026-05-21,Debit,2501.76,Card,Shopping,Successful
T303350,C100071,2025-07-13,Debit,1482.62,Card,Restaurants,Successful
T303351,C100766,2025-09-01,Debit,4337.04,NEFT,Groceries,Successful
T303352,C100671,2025-09-18,Debit,2030.87,Net Banking,Shopping,Successful
T303353,C100099,2026-05-29,Debit,3508.2,Net Banking,Groceries,Successful
T303354,C100553,2025-10-15,Debit,1374.59,Card,Travel,Successful
T303355,C100622,2026-04-13,Debit,5524.08,UPI,Restaurants,Successful
T303356,C100340,2026-02-14,Debit,2098.99,Net Banking,Shopping,Successful
T303357,C100164,2025-11-25,Debit,1261.12,Card,Healthcare,Successful
T303358,C100791,2026-02-22,Debit,3961.9,Card,Shopping,Successful
T303359,C100654,2025-09-23,Debit,2207.89,Card,Shopping,Successful
T303360,C100255,2026-02-10,Debit,298.32,UPI,Healthcare,Successful
T303361,C100553,2026-01-18,Debit,847.47,UPI,Healthcare,Successful
T303362,C100133,2026-03-10,Debit,4069.78,Net Banking,Education,Successful
T303363,C100732,2026-03-27,Debit,1167.81,NEFT,Restaurants,Failed
T303364,C100032,2025-11-04,Debit,676.7,NEFT,Utilities,Successful
T303365,C100665,2025-09-26,Debit,10438.25,IMPS,Education,Successful
T303366,C100347,2025-07-28,Credit,455.61,Net Banking,Education,Successful
T303367,C100082,2025-10-08,Credit,2544.77,NEFT,Healthcare,Successful
T303368,C100773,2026-02-19,Credit,2589.25,UPI,Travel,Successful
T303369,C100601,2025-11-19,Credit,1794.74,Net Banking,Shopping,Successful
T303370,C100730,2026-06-03,Credit,2601.01,Net Banking,Shopping,Successful
T303371,C100662,2026-06-12,Debit,776.19,NEFT,Education,Successful
T303372,C100585,2026-04-19,Debit,2103.55,IMPS,Travel,Successful
T303373,C100797,2025-09-22,Debit,2728.98,Net Banking,Restaurants,Successful
T303374,C100589,2026-04-03,Debit,18403.92,NEFT,Healthcare,Successful
T303375,C100449,2026-01-06,Debit,794.03,NEFT,Restaurants,Failed
T303376,C100751,2025-08-20,Credit,2001.72,Net Banking,Travel,Successful
T303377,C100242,2025-11-26,Debit,860.8,NEFT,Shopping,Successful
T303378,C100175,2026-04-10,Debit,4515.59,Card,Travel,Successful
T303379,C100631,2025-12-01,Debit,2737.11,IMPS,Education,Failed
T303380,C100727,2025-12-06,Credit,1871.55,NEFT,Groceries,Successful
T303381,C100673,2026-06-21,Credit,1390.73,Net Banking,Shopping,Successful
T303382,C100017,2025-08-26,Debit,2618.06,IMPS,Healthcare,Successful
T303383,C100169,2025-07-16,Debit,1496.27,Net Banking,Travel,Successful
T303384,C100062,2026-05-11,Debit,27040.96,Net Banking,Education,Successful
T303385,C100241,2025-12-15,Debit,4686.68,Card,Groceries,Successful
T303386,C100322,2026-02-05,Debit,822.8,UPI,Shopping,Successful
T303387,C100539,2025-11-04,Debit,903.32,IMPS,Utilities,Successful
T303388,C100539,2026-02-10,Credit,2053.53,IMPS,Shopping,Successful
T303389,C100729,2026-06-30,Debit,334.32,Net Banking,Groceries,Successful
T303390,C100283,2025-10-13,Credit,3006.89,IMPS,Healthcare,Successful
T303391,C100467,2025-09-09,Credit,908.98,Card,Utilities,Successful
T303392,C100192,2026-03-01,Debit,3789.57,Card,Shopping,Successful
T303393,C100454,2026-01-24,Debit,3738.05,UPI,Education,Successful
T303394,C100133,2025-12-29,Debit,2977.39,IMPS,Utilities,Successful
T303395,C100640,2025-08-16,Debit,11810.93,IMPS,Education,Successful
T303396,C100589,2025-12-14,Debit,573.66,NEFT,Groceries,Successful
T303397,C100248,2026-06-11,Debit,4930.96,UPI,Travel,Successful
T303398,C100745,2026-05-02,Debit,1423.61,Card,Utilities,Successful
T303399,C100727,2025-09-19,Credit,3774.88,Card,Travel,Successful
T303400,C100062,2025-11-24,Debit,591.36,IMPS,Shopping,Successful
T303401,C100743,2026-01-02,Debit,7759.43,Card,Utilities,Successful
T303402,C100040,2025-07-19,Debit,3559.75,Card,Healthcare,Successful
T303403,C100717,2025-12-12,Debit,2577.99,IMPS,Education,Successful
T303404,C100796,2025-11-04,Debit,880.41,IMPS,Groceries,Successful
T303405,C100209,2025-12-15,Debit,3526.5,UPI,Shopping,Failed
T303406,C100038,2026-01-15,Credit,1522.9,IMPS,Groceries,Successful
T303407,C100139,2026-05-03,Debit,1240.81,NEFT,Travel,Successful
T303408,C100032,2026-04-29,Credit,1832.92,Net Banking,Healthcare,Successful
T303409,C100177,2025-10-05,Debit,6806.17,Card,Education,Successful
T303410,C100319,2025-11-14,Credit,1359.82,IMPS,Travel,Successful
T303411,C100776,2025-10-15,Debit,4477.49,IMPS,Utilities,Successful
T303412,C100791,2025-08-14,Debit,1918.78,Net Banking,Shopping,Successful
T303413,C100248,2025-11-23,Debit,1381.91,Card,Education,Successful
T303414,C100761,2025-12-16,Credit,1940.95,Card,Education,Successful
T303415,C100114,2026-02-01,Debit,1860.26,UPI,Restaurants,Successful
T303416,C100404,2025-11-10,Debit,1979.17,UPI,Shopping,Successful
T303417,C100715,2025-11-26,Credit,1134.32,Card,Shopping,Successful
T303418,C100200,2025-12-04,Debit,2625.17,IMPS,Utilities,Successful
T303419,C100722,2026-05-16,Credit,4182.09,UPI,Restaurants,Successful
T303420,C100073,2026-05-16,Debit,2130.92,IMPS,Groceries,Successful
T303421,C100443,2026-05-27,Credit,543.48,Card,Healthcare,Successful
T303422,C100224,2026-06-04,Credit,3450.13,UPI,Travel,Successful
T303423,C100731,2025-11-19,Debit,10451.08,NEFT,Healthcare,Successful
T303424,C100338,2025-08-14,Debit,8646.39,IMPS,Shopping,Successful
T303425,C100212,2026-04-12,Debit,3052.96,IMPS,Utilities,Successful
T303426,C100696,2025-12-14,Debit,558.7,UPI,Healthcare,Successful
T303427,C100018,2026-01-03,Debit,4823.55,Net Banking,Education,Successful
T303428,C100726,2026-01-31,Debit,1612.26,IMPS,Shopping,Successful
T303429,C100284,2026-02-07,Debit,2994.52,Net Banking,Restaurants,Failed
T303430,C100484,2026-06-29,Credit,2480.64,Card,Utilities,Successful
T303431,C100735,2026-01-28,Credit,1152.9,Card,Shopping,Successful
T303432,C100071,2025-10-19,Debit,989.34,NEFT,Shopping,Successful
T303433,C100367,2026-06-19,Debit,1620.84,NEFT,Education,Successful
T303434,C100053,2026-04-09,Credit,448.1,Card,Utilities,Successful
T303435,C100753,2026-04-28,Credit,1184.95,Net Banking,Restaurants,Successful
T303436,C100708,2025-11-03,Debit,1398.08,Net Banking,Shopping,Successful
T303437,C100721,2025-11-12,Debit,258.88,UPI,Groceries,Successful
T303438,C100020,2026-06-18,Credit,2515.91,UPI,Restaurants,Successful
T303439,C100522,2026-06-12,Debit,5832.8,UPI,Shopping,Successful
T303440,C100730,2026-03-08,Credit,423.85,UPI,Education,Successful
T303441,C100298,2025-11-05,Debit,948.12,Card,Groceries,Successful
T303442,C100093,2026-03-31,Debit,3171.89,IMPS,Shopping,Successful
T303443,C100572,2025-09-22,Debit,1511.28,Net Banking,Groceries,Successful
T303444,C100010,2026-03-14,Credit,926.6,Card,Healthcare,Successful
T303445,C100182,2026-02-12,Credit,605.26,UPI,Travel,Successful
T303446,C100731,2026-02-17,Debit,1059.42,Net Banking,Healthcare,Successful
T303447,C100282,2025-07-04,Credit,5677.35,Card,Groceries,Successful
T303448,C100200,2025-07-07,Credit,3494.7,IMPS,Shopping,Successful
T303449,C100343,2026-01-03,Debit,4048.39,NEFT,Groceries,Successful
T303450,C100684,2025-11-24,Debit,1787.51,UPI,Shopping,Successful
T303451,C100157,2026-06-08,Debit,7213.19,UPI,Utilities,Successful
T303452,C100474,2026-04-05,Debit,5656.32,Net Banking,Travel,Successful
T303453,C100648,2026-02-03,Debit,5724.85,UPI,Travel,Successful
T303454,C100764,2025-12-14,Debit,895.95,Net Banking,Groceries,Successful
T303455,C100468,2026-04-05,Debit,6153.02,UPI,Shopping,Reversed
T303456,C100012,2025-09-11,Debit,5435.79,Card,Utilities,Successful
T303457,C100012,2026-05-26,Debit,1326.95,Net Banking,Healthcare,Successful
T303458,C100791,2026-03-05,Credit,2529.12,UPI,Travel,Successful
T303459,C100499,2026-03-22,Debit,611.46,Net Banking,Groceries,Successful
T303460,C100136,2025-11-27,Debit,1677.45,Net Banking,Travel,Successful
T303461,C100791,2025-12-05,Debit,2593.21,NEFT,Healthcare,Successful
T303462,C100389,2026-01-18,Credit,617.44,Net Banking,Healthcare,Successful
T303463,C100610,2026-02-05,Credit,1624.86,Net Banking,Restaurants,Successful
T303464,C100767,2025-11-28,Debit,5399.27,UPI,Groceries,Successful
T303465,C100372,2026-04-29,Debit,603.25,Net Banking,Healthcare,Successful
T303466,C100756,2025-09-24,Debit,3548.8,Net Banking,Education,Successful
T303467,C100055,2025-12-26,Debit,3054.52,Card,Healthcare,Successful
T303468,C100107,2025-12-17,Debit,16920.83,UPI,Healthcare,Successful
T303469,C100606,2025-10-08,Debit,4777.46,IMPS,Healthcare,Failed
T303470,C100244,2025-12-16,Debit,2626.59,UPI,Education,Successful
T303471,C100460,2026-06-26,Debit,679.33,NEFT,Education,Successful
T303472,C100211,2025-11-30,Credit,2214.24,Card,Restaurants,Successful
T303473,C100492,2025-08-16,Debit,4007.61,NEFT,Shopping,Successful
T303474,C100572,2025-07-14,Credit,7663.69,Card,Utilities,Successful
T303475,C100104,2025-11-17,Credit,5622.67,Net Banking,Education,Successful
T303476,C100215,2026-02-26,Debit,1432.39,IMPS,Groceries,Successful
T303477,C100635,2026-06-27,Credit,2308.38,NEFT,Shopping,Successful
T303478,C100546,2026-03-11,Debit,788.51,UPI,Healthcare,Failed
T303479,C100451,2025-10-02,Debit,3328.71,Card,Shopping,Failed
T303480,C100329,2026-02-15,Debit,1160.5,Card,Travel,Successful
T303481,C100193,2026-04-14,Credit,2958.75,NEFT,Groceries,Successful
T303482,C100447,2025-10-29,Debit,1630.75,IMPS,Restaurants,Successful
T303483,C100239,2025-11-18,Debit,,Net Banking,Utilities,Successful
T303484,C100148,2025-11-22,Debit,10502.92,Net Banking,Utilities,Successful
T303485,C100262,2026-04-21,Credit,8794.64,NEFT,Healthcare,Successful
T303486,C100329,2026-06-23,Credit,1875.77,Card,Restaurants,Successful
T303487,C100579,2025-09-10,Debit,1238.4,UPI,Travel,Successful
T303488,C100579,2025-12-23,Credit,5563.48,Card,Restaurants,Successful
T303489,C100569,2025-12-02,Debit,5840.68,IMPS,Shopping,Successful
T303490,C100141,2026-05-22,Debit,4834.8,Card,Shopping,Failed
T303491,C100446,2025-12-14,Credit,659.42,Net Banking,Shopping,Successful
T303492,C100169,2025-11-03,Credit,573.51,UPI,Education,Successful
T303493,C100719,2026-05-05,Credit,1032.65,NEFT,Groceries,Successful
T303494,C100205,2026-04-02,Credit,3811.87,IMPS,Utilities,Successful
T303495,C100311,2025-07-30,Debit,5143.9,Net Banking,Education,Successful
T303496,C100134,2026-05-25,Credit,8773.54,IMPS,Utilities,Successful
T303497,C100566,2026-04-12,Debit,1039.63,IMPS,Restaurants,Successful
T303498,C100570,2025-07-27,Credit,4201.81,IMPS,Healthcare,Successful
T303499,C100316,2026-03-15,Debit,1944.64,UPI,Healthcare,Successful
T303500,C100299,2026-03-14,Credit,3202.4,Net Banking,Groceries,Failed
T303501,C100352,2025-08-20,Debit,2886.94,IMPS,Groceries,Successful
T303502,C100162,2025-08-25,Debit,1174.19,UPI,Utilities,Successful
T303503,C100734,2025-07-17,Debit,4473.94,Net Banking,Travel,Successful
T303504,C100007,2026-04-06,Credit,6673.16,NEFT,Utilities,Successful
T303505,C100262,2026-04-16,Credit,12080.66,NEFT,Groceries,Successful
T303506,C100421,2026-06-21,Debit,1384.15,UPI,Utilities,Successful
T303507,C100770,2026-03-10,Debit,2114.44,Net Banking,Shopping,Successful
T303508,C100461,2025-10-17,Debit,37520.4,NEFT,Education,Successful
T303509,C100279,2026-03-05,Debit,1211.99,Net Banking,Education,Successful
T303510,C100741,2025-08-01,Debit,8884.83,NEFT,Travel,Successful
T303511,C100778,2026-05-04,Debit,4493.57,IMPS,Shopping,Successful
T303512,C100452,2026-04-06,Debit,1971.37,Card,Travel,Successful
T303513,C100524,2025-10-19,Debit,9900.24,NEFT,Education,Successful
T303514,C100677,2026-05-27,Debit,12096.29,NEFT,Utilities,Successful
T303515,C100232,2026-06-26,Debit,4871.69,NEFT,Utilities,Successful
T303516,C100464,2025-12-19,Credit,2601.62,NEFT,Education,Successful
T303517,C100564,2025-10-18,Debit,916.75,NEFT,Shopping,Successful
T303518,C100390,2026-05-01,Debit,1755.94,NEFT,Travel,Successful
T303519,C100547,2025-12-09,Debit,1100.96,Net Banking,Shopping,Successful
T303520,C100624,2025-12-20,Debit,3572.08,NEFT,Education,Failed
T303521,C100624,2026-04-11,Debit,2386.54,NEFT,Shopping,Successful
T303522,C100097,2026-01-23,Debit,9131.82,NEFT,Groceries,Successful
T303523,C100359,2026-03-05,Credit,1774.98,Net Banking,Shopping,Successful
T303524,C100202,2025-11-10,Credit,8117.13,UPI,Education,Successful
T303525,C100075,2026-06-10,Debit,3961.43,Card,Education,Successful
T303526,C100305,2025-07-21,Credit,6641.58,IMPS,Travel,Successful
T303527,C100467,2026-04-15,Credit,232.1,UPI,Utilities,Successful
T303528,C100051,2025-07-22,Debit,1270.32,IMPS,Shopping,Successful
T303529,C100636,2026-05-24,Debit,728.72,Card,Education,Successful
T303530,C100292,2026-03-10,Debit,2666.43,Card,Groceries,Successful
T303531,C100769,2025-10-20,Credit,4257.58,UPI,Shopping,Successful
T303532,C100156,2025-07-27,Debit,12007.38,Net Banking,Shopping,Successful
T303533,C100513,2025-11-17,Debit,,Card,Groceries,Successful
T303534,C100482,2025-12-03,Debit,3313.65,UPI,Shopping,Failed
T303535,C100102,2025-12-18,Credit,6149.63,UPI,Restaurants,Successful
T303536,C100049,2026-05-09,Credit,1626.02,NEFT,Healthcare,Successful
T303537,C100338,2025-07-14,Debit,911.9,Net Banking,Healthcare,Successful
T303538,C100221,2026-03-12,Debit,1784.28,IMPS,Restaurants,Successful
T303539,C100392,2025-12-14,Debit,471.86,NEFT,Restaurants,Successful
T303540,C100079,2026-03-23,Debit,221.25,UPI,Education,Successful
T303541,C100778,2026-05-28,Debit,5079.66,UPI,Travel,Successful
T303542,C100355,2025-12-08,Debit,440.06,Net Banking,Utilities,Successful
T303543,C100485,2026-01-16,Credit,2240.67,Card,Healthcare,Successful
T303544,C100471,2025-10-26,Debit,4169.26,IMPS,Groceries,Successful
T303545,C100149,2025-08-05,Debit,9436.45,Net Banking,Education,Successful
T303546,C100516,2025-10-06,Debit,5781.29,Card,Shopping,Successful
T303547,C100010,2025-10-28,Debit,300.92,Card,Healthcare,Successful
T303548,C100070,2025-09-24,Credit,1423.5,Card,Shopping,Successful
T303549,C100562,2025-08-17,Debit,689.8,Card,Restaurants,Successful
T303550,C100385,2025-07-09,Debit,3043.59,NEFT,Shopping,Successful
T303551,C100720,2026-01-24,Credit,1898.76,Net Banking,Travel,Successful
T303552,C100620,2026-06-08,Debit,497.01,Card,Travel,Successful
T303553,C100756,2026-03-04,Debit,1572.79,UPI,Groceries,Successful
T303554,C100078,2025-11-29,Credit,2686.56,UPI,Healthcare,Successful
T303555,C100144,2025-11-25,Debit,893.98,UPI,Shopping,Successful
T303556,C100680,2026-06-11,Debit,1485.5,IMPS,Groceries,Successful
T303557,C100702,2025-12-06,Credit,500.98,NEFT,Utilities,Successful
T303558,C100024,2026-03-31,Debit,9946.88,IMPS,Healthcare,Successful
T303559,C100221,2026-04-23,Debit,9695.97,NEFT,Groceries,Successful
T303560,C100140,2025-11-05,Debit,2753.97,Net Banking,Healthcare,Successful
T303561,C100531,2026-01-24,Debit,275.47,Net Banking,Shopping,Successful
T303562,C100718,2025-07-05,Debit,13272.48,Card,Travel,Successful
T303563,C100490,2026-03-21,Debit,28716.14,Net Banking,Utilities,Successful
T303564,C100730,2026-03-31,Debit,2634.56,Net Banking,Travel,Successful
T303565,C100224,2026-01-13,Debit,1687.05,UPI,Healthcare,Successful
T303566,C100565,2025-11-27,Debit,1763.06,Net Banking,Education,Successful
T303567,C100771,2026-03-30,Debit,1185.1,UPI,Shopping,Successful
T303568,C100337,2025-10-28,Debit,11842.45,Card,Utilities,Successful
T303569,C100124,2026-03-03,Debit,1477.11,NEFT,Groceries,Successful
T303570,C100403,2026-04-23,Debit,3038.54,IMPS,Healthcare,Failed
T303571,C100682,2025-08-28,Debit,1657.63,Net Banking,Shopping,Successful
T303572,C100503,2025-10-01,Debit,4705.73,NEFT,Education,Successful
T303573,C100735,2026-05-13,Debit,1969.34,UPI,Restaurants,Successful
T303574,C100675,2026-06-26,Credit,6811.19,NEFT,Restaurants,Successful
T303575,C100189,2026-06-17,Credit,2853.79,UPI,Restaurants,Failed
T303576,C100705,2025-12-09,Debit,530.35,NEFT,Travel,Successful
T303577,C100139,2025-12-22,Credit,13765.75,Card,Utilities,Successful
T303578,C100505,2025-10-06,Debit,3816.18,Card,Shopping,Successful
T303579,C100782,2026-01-02,Debit,5814.15,NEFT,Shopping,Successful
T303580,C100491,2025-11-05,Debit,13516.32,UPI,Shopping,Successful
T303581,C100534,2025-09-12,Credit,1179.23,Card,Travel,Successful
T303582,C100166,2026-04-09,Debit,5556.98,Net Banking,Groceries,Successful
T303583,C100206,2025-08-13,Debit,1166.0,Net Banking,Shopping,Successful
T303584,C100317,2025-10-18,Debit,2296.67,IMPS,Utilities,Successful
T303585,C100187,2026-06-09,Debit,2174.55,Card,Shopping,Reversed
T303586,C100290,2026-04-29,Debit,2184.45,Card,Healthcare,Successful
T303587,C100534,2025-10-20,Credit,2667.86,Net Banking,Utilities,Successful
T303588,C100015,2026-02-06,Debit,5046.93,Net Banking,Groceries,Successful
T303589,C100534,2025-10-06,Credit,1514.83,Net Banking,Shopping,Successful
T303590,C100768,2026-05-01,Debit,322.12,IMPS,Healthcare,Successful
T303591,C100576,2025-10-21,Credit,515.62,IMPS,Travel,Successful
T303592,C100563,2025-09-22,Debit,683.86,NEFT,Education,Successful
T303593,C100153,2026-02-24,Debit,20201.63,IMPS,Restaurants,Successful
T303594,C100003,2026-05-04,Debit,2286.01,Net Banking,Restaurants,Successful
T303595,C100693,2026-02-22,Debit,3314.46,UPI,Shopping,Successful
T303596,C100549,2025-09-30,Debit,1463.07,NEFT,Restaurants,Successful
T303597,C100649,2025-10-01,Credit,6781.78,IMPS,Travel,Successful
T303598,C100170,2025-10-30,Debit,1076.07,Card,Utilities,Successful
T303599,C100739,2026-02-22,Debit,1060.62,NEFT,Groceries,Successful
T303600,C100780,2025-07-09,Debit,5687.07,IMPS,Education,Successful
T303601,C100033,2025-12-31,Credit,1990.11,Net Banking,Healthcare,Successful
T303602,C100619,2026-01-17,Debit,2901.73,NEFT,Education,Successful
T303603,C100497,2026-02-27,Debit,18392.14,IMPS,Groceries,Successful
T303604,C100175,2025-12-23,Credit,7503.3,Net Banking,Healthcare,Successful
T303605,C100094,2025-10-12,Debit,5094.27,IMPS,Education,Successful
T303606,C100116,2025-08-27,Debit,955.3,Net Banking,Utilities,Successful
T303607,C100123,2026-03-25,Credit,6689.03,UPI,Restaurants,Successful
T303608,C100042,2026-01-11,Debit,2492.58,Net Banking,Utilities,Successful
T303609,C100046,2025-09-05,Debit,6408.61,Net Banking,Restaurants,Successful
T303610,C100287,2025-10-10,Debit,4074.63,UPI,Travel,Successful
T303611,C100533,2025-09-10,Debit,8300.61,UPI,Education,Successful
T303612,C100353,2025-10-04,Debit,4136.43,Net Banking,Shopping,Successful
T303613,C100648,2026-03-15,Credit,7254.99,Card,Utilities,Successful
T303614,C100170,2026-03-01,Credit,962.27,IMPS,Healthcare,Successful
T303615,C100559,2025-11-29,Credit,3317.96,UPI,Utilities,Successful
T303616,C100519,2025-12-02,Debit,2358.24,IMPS,Healthcare,Successful
T303617,C100062,2026-05-06,Debit,5066.6,NEFT,Utilities,Successful
T303618,C100468,2025-08-10,Debit,9662.32,UPI,Travel,Successful
T303619,C100190,2025-11-18,Debit,6627.39,Net Banking,Education,Successful
T303620,C100156,2025-12-31,Debit,15444.16,IMPS,Restaurants,Successful
T303621,C100214,2025-07-28,Credit,1398.1,NEFT,Utilities,Successful
T303622,C100217,2026-06-10,Debit,520.79,NEFT,Restaurants,Successful
T303623,C100335,2026-04-16,Debit,874.38,IMPS,Restaurants,Successful
T303624,C100449,2025-08-30,Credit,1372.79,Card,Groceries,Successful
T303625,C100605,2025-08-02,Debit,10026.53,NEFT,Education,Successful
T303626,C100304,2026-03-08,Debit,1205.46,Card,Healthcare,Successful
T303627,C100688,2025-07-15,Debit,7423.34,Card,Restaurants,Successful
T303628,C100530,2026-03-08,Debit,2470.73,Net Banking,Education,Successful
T303629,C100082,2025-07-25,Debit,3107.33,UPI,Utilities,Successful
T303630,C100498,2026-02-09,Credit,803.55,UPI,Healthcare,Failed
T303631,C100134,2026-05-20,Debit,1918.26,UPI,Travel,Failed
T303632,C100513,2025-12-04,Debit,9328.3,NEFT,Education,Successful
T303633,C100078,2025-10-27,Debit,1579.41,IMPS,Utilities,Successful
T303634,C100054,2025-12-10,Credit,9471.38,NEFT,Utilities,Successful
T303635,C100792,2025-12-16,Debit,5140.24,IMPS,Restaurants,Successful
T303636,C100171,2026-01-08,Credit,3859.19,Card,Restaurants,Failed
T303637,C100445,2026-06-10,Debit,2498.43,Net Banking,Education,Successful
T303638,C100097,2026-04-26,Credit,5512.29,UPI,Education,Successful
T303639,C100571,2026-06-12,Debit,4366.44,Card,Groceries,Successful
T303640,C100093,2025-07-07,Credit,7212.59,Card,Healthcare,Successful
T303641,C100619,2025-12-12,Debit,6370.65,NEFT,Utilities,Successful
T303642,C100602,2025-10-23,Debit,273.74,Card,Restaurants,Reversed
T303643,C100236,2026-05-27,Credit,1251.95,Net Banking,Shopping,Reversed
T303644,C100632,2026-03-18,Debit,320.32,UPI,Groceries,Successful
T303645,C100506,2025-09-09,Debit,3464.61,IMPS,Groceries,Successful
T303646,C100119,2025-09-21,Debit,2313.72,UPI,Groceries,Successful
T303647,C100586,2026-04-06,Debit,1369.23,IMPS,Groceries,Successful
T303648,C100316,2025-09-20,Debit,18617.99,IMPS,Shopping,Successful
T303649,C100002,2026-06-24,Credit,2963.39,IMPS,Shopping,Reversed
T303650,C100379,2025-11-15,Debit,7219.12,NEFT,Travel,Successful
T303651,C100217,2025-07-19,Debit,999.31,IMPS,Education,Successful
T303652,C100324,2025-11-11,Credit,8605.52,UPI,Utilities,Successful
T303653,C100311,2025-11-03,Credit,453.02,NEFT,Restaurants,Successful
T303654,C100308,2025-09-10,Credit,943.83,Net Banking,Education,Successful
T303655,C100026,2025-10-17,Credit,3333.1,Card,Restaurants,Successful
T303656,C100491,2025-09-01,Credit,1056.37,IMPS,Shopping,Successful
T303657,C100060,2025-08-12,Credit,8348.57,NEFT,Shopping,Successful
T303658,C100159,2026-06-27,Debit,8451.67,IMPS,Groceries,Successful
T303659,C100297,2026-04-02,Debit,1177.02,IMPS,Shopping,Successful
T303660,C100659,2025-08-06,Debit,5688.04,UPI,Education,Successful
T303661,C100580,2026-03-18,Credit,3628.41,Net Banking,Travel,Successful
T303662,C100166,2026-04-07,Debit,273.6,IMPS,Education,Successful
T303663,C100161,2025-09-07,Credit,468.88,NEFT,Utilities,Successful
T303664,C100423,2025-07-25,Credit,569.85,Card,Healthcare,Successful
T303665,C100775,2025-10-09,Debit,607.67,Net Banking,Travel,Failed
T303666,C100328,2025-10-19,Debit,738.43,Card,Restaurants,Successful
T303667,C100234,2026-04-15,Debit,5695.98,NEFT,Education,Failed
T303668,C100674,2026-03-03,Debit,308.77,Net Banking,Shopping,Reversed
T303669,C100213,2026-03-06,Debit,10034.04,Net Banking,Healthcare,Successful
T303670,C100122,2025-09-19,Debit,1403.01,UPI,Restaurants,Successful
T303671,C100621,2026-02-25,Debit,332.95,Card,Healthcare,Successful
T303672,C100418,2026-04-24,Debit,2716.19,NEFT,Travel,Successful
T303673,C100795,2025-09-17,Debit,4225.42,IMPS,Groceries,Successful
T303674,C100476,2026-06-05,Debit,1031.72,IMPS,Healthcare,Failed
T303675,C100720,2025-11-11,Debit,715.03,Card,Groceries,Successful
T303676,C100369,2025-11-01,Debit,5158.17,Net Banking,Travel,Successful
T303677,C100157,2026-03-09,Debit,906.3,Card,Restaurants,Successful
T303678,C100718,2026-04-19,Debit,1803.84,IMPS,Healthcare,Successful
T303679,C100476,2026-02-25,Debit,718.34,UPI,Healthcare,Successful
T303680,C100185,2026-03-29,Debit,5452.13,NEFT,Travel,Successful
T303681,C100039,2025-10-20,Debit,1201.72,IMPS,Shopping,Successful
T303682,C100638,2026-02-26,Credit,894.69,NEFT,Travel,Successful
T303683,C100417,2025-12-31,Credit,2273.1,UPI,Groceries,Successful
T303684,C100135,2025-10-03,Credit,1963.5,Card,Utilities,Successful
T303685,C100213,2026-04-01,Credit,1095.07,IMPS,Shopping,Successful
T303686,C100183,2026-01-06,Debit,1182.48,Card,Restaurants,Successful
T303687,C100298,2025-08-25,Debit,821.58,UPI,Healthcare,Reversed
T303688,C100642,2026-01-02,Credit,1462.42,Net Banking,Restaurants,Failed
T303689,C100441,2025-12-09,Credit,1027.85,Card,Restaurants,Successful
T303690,C100074,2025-09-09,Credit,257.45,Net Banking,Restaurants,Successful
T303691,C100535,2026-04-16,Credit,867.29,IMPS,Groceries,Successful
T303692,C100005,2026-01-10,Debit,4597.6,Card,Healthcare,Successful
T303693,C100048,2026-05-19,Credit,804.23,IMPS,Restaurants,Successful
T303694,C100315,2025-11-09,Credit,1180.34,Card,Groceries,Successful
T303695,C100035,2026-03-01,Debit,1673.62,Net Banking,Groceries,Successful
T303696,C100214,2025-09-07,Debit,4374.93,UPI,Healthcare,Successful
T303697,C100243,2025-08-26,Debit,751.45,Net Banking,Restaurants,Successful
T303698,C100479,2025-09-29,Debit,1365.51,UPI,Healthcare,Successful
T303699,C100110,2025-11-17,Debit,836.95,UPI,Healthcare,Successful
T303700,C100414,2026-01-27,Debit,2251.6,Card,Travel,Reversed
T303701,C100093,2025-07-30,Debit,1470.69,IMPS,Utilities,Successful
T303702,C100567,2026-02-18,Debit,282.95,Card,Travel,Successful
T303703,C100629,2025-10-14,Debit,2945.51,UPI,Healthcare,Reversed
T303704,C100256,2026-02-17,Debit,4213.95,UPI,Travel,Successful
T303705,C100340,2025-08-24,Debit,3501.19,UPI,Shopping,Successful
T303706,C100102,2025-08-01,Debit,1907.44,Card,Healthcare,Successful
T303707,C100489,2026-03-10,Debit,2109.0,NEFT,Utilities,Successful
T303708,C100203,2026-03-23,Debit,462.37,UPI,Travel,Successful
T303709,C100055,2026-02-12,Debit,666.78,Net Banking,Restaurants,Successful
T303710,C100055,2025-12-11,Credit,4281.0,UPI,Groceries,Failed
T303711,C100371,2026-04-14,Debit,2433.6,UPI,Utilities,Successful
T303712,C100115,2025-08-20,Debit,1487.66,NEFT,Healthcare,Successful
T303713,C100034,2025-10-05,Credit,1620.2,NEFT,Groceries,Successful
T303714,C100627,2026-03-20,Debit,5124.77,IMPS,Groceries,Successful
T303715,C100131,2026-03-03,Debit,1595.82,NEFT,Utilities,Successful
T303716,C100743,2026-06-14,Debit,2143.73,NEFT,Travel,Successful
T303717,C100630,2025-09-22,Credit,3211.95,NEFT,Shopping,Successful
T303718,C100679,2025-12-23,Credit,473.44,NEFT,Healthcare,Successful
T303719,C100007,2026-01-06,Credit,3173.9,IMPS,Utilities,Successful
T303720,C100421,2025-11-03,Debit,1676.67,NEFT,Utilities,Successful
T303721,C100446,2025-11-19,Debit,1104.3,Card,Healthcare,Successful
T303722,C100417,2025-07-22,Debit,2278.49,UPI,Restaurants,Successful
T303723,C100085,2026-01-28,Debit,5601.8,Net Banking,Shopping,Successful
T303724,C100156,2026-01-14,Debit,4476.78,Net Banking,Groceries,Successful
T303725,C100708,2026-03-21,Debit,2387.55,UPI,Shopping,Successful
T303726,C100134,2026-05-07,Debit,1159.78,Card,Education,Successful
T303727,C100327,2025-11-14,Credit,17482.79,Card,Healthcare,Successful
T303728,C100151,2025-10-01,Debit,4461.53,UPI,Healthcare,Successful
T303729,C100550,2025-07-22,Debit,4190.43,Card,Shopping,Successful
T303730,C100759,2026-04-18,Debit,435.6,Net Banking,Travel,Successful
T303731,C100525,2026-03-30,Debit,3109.35,Card,Restaurants,Successful
T303732,C100394,2026-05-15,Debit,2538.94,Net Banking,Utilities,Successful
T303733,C100150,2026-06-25,Debit,2857.7,NEFT,Shopping,Successful
T303734,C100690,2026-05-02,Credit,2615.71,IMPS,Education,Successful
T303735,C100553,2026-04-09,Debit,4872.65,UPI,Groceries,Successful
T303736,C100442,2026-01-14,Debit,6551.87,Net Banking,Groceries,Successful
T303737,C100258,2026-04-13,Debit,2628.39,Net Banking,Education,Successful
T303738,C100395,2026-04-15,Debit,2426.13,Card,Restaurants,Successful
T303739,C100552,2026-01-29,Debit,364.02,NEFT,Shopping,Successful
T303740,C100064,2026-04-11,Credit,4194.03,UPI,Travel,Successful
T303741,C100573,2025-11-11,Debit,1997.66,NEFT,Healthcare,Failed
T303742,C100064,2026-06-17,Credit,9938.85,IMPS,Education,Successful
T303743,C100373,2025-07-09,Debit,7217.23,IMPS,Travel,Successful
T303744,C100667,2025-12-23,Debit,4452.58,UPI,Education,Successful
T303745,C100015,2025-07-18,Debit,420.15,UPI,Restaurants,Successful
T303746,C100525,2025-08-22,Debit,1657.11,UPI,Travel,Failed
T303747,C100689,2025-08-29,Debit,374.11,IMPS,Utilities,Successful
T303748,C100508,2025-07-08,Debit,2542.32,IMPS,Utilities,Successful
T303749,C100616,2026-03-10,Debit,986.74,Card,Shopping,Successful
T303750,C100277,2025-10-25,Credit,2532.86,UPI,Groceries,Successful
T303751,C100130,2025-09-08,Debit,176.07,IMPS,Shopping,Successful
T303752,C100500,2026-04-07,Credit,361.02,Card,Education,Successful
T303753,C100578,2026-01-05,Credit,378.1,Card,Restaurants,Successful
T303754,C100795,2026-03-21,Debit,1411.42,Card,Utilities,Successful
T303755,C100207,2025-10-03,Debit,3165.13,IMPS,Education,Successful
T303756,C100395,2026-01-30,Credit,6907.04,UPI,Groceries,Failed
T303757,C100675,2025-11-09,Debit,689.59,IMPS,Utilities,Successful
T303758,C100382,2026-04-05,Credit,3120.24,UPI,Travel,Successful
T303759,C100038,2025-09-17,Credit,3252.29,NEFT,Groceries,Successful
T303760,C100789,2026-02-11,Credit,1576.99,Net Banking,Shopping,Successful
T303761,C100119,2025-09-18,Debit,1657.51,NEFT,Restaurants,Successful
T303762,C100330,2026-03-12,Credit,766.62,NEFT,Healthcare,Successful
T303763,C100412,2025-09-22,Debit,3475.78,NEFT,Restaurants,Successful
T303764,C100743,2026-01-19,Debit,3484.95,UPI,Shopping,Successful
T303765,C100198,2025-09-07,Debit,1453.56,IMPS,Restaurants,Successful
T303766,C100478,2026-05-18,Debit,939.75,Net Banking,Utilities,Successful
T303767,C100497,2025-09-29,Credit,671.86,NEFT,Utilities,Successful
T303768,C100272,2026-04-09,Debit,2115.92,Net Banking,Restaurants,Successful
T303769,C100701,2025-10-11,Credit,1146.55,UPI,Education,Successful
T303770,C100311,2025-08-26,Debit,1781.07,Card,Education,Successful
T303771,C100193,2026-03-21,Debit,6376.91,NEFT,Utilities,Successful
T303772,C100643,2025-07-23,Debit,2652.18,NEFT,Restaurants,Successful
T303773,C100626,2026-04-02,Debit,3916.81,IMPS,Education,Successful
T303774,C100558,2025-08-28,Credit,6669.06,NEFT,Healthcare,Successful
T303775,C100048,2026-01-18,Debit,5335.96,IMPS,Groceries,Successful
T303776,C100060,2025-10-10,Debit,2795.32,NEFT,Travel,Successful
T303777,C100164,2025-12-13,Debit,186.05,IMPS,Utilities,Successful
T303778,C100559,2026-05-03,Debit,1725.3,NEFT,Groceries,Successful
T303779,C100786,2026-02-28,Debit,2677.35,UPI,Shopping,Successful
T303780,C100163,2025-08-23,Debit,475.26,IMPS,Healthcare,Successful
T303781,C100307,2025-07-08,Debit,1578.11,IMPS,Healthcare,Successful
T303782,C100664,2026-05-30,Debit,6896.59,Card,Utilities,Failed
T303783,C100006,2025-12-10,Debit,28252.88,Card,Travel,Successful
T303784,C100609,2025-09-04,Debit,5332.5,Card,Shopping,Successful
T303785,C100210,2026-04-12,Debit,11223.14,IMPS,Shopping,Failed
T303786,C100599,2025-10-15,Credit,788.35,Card,Groceries,Successful
T303787,C100151,2026-04-18,Debit,4185.58,NEFT,Shopping,Successful
T303788,C100036,2026-03-24,Credit,8486.19,UPI,Shopping,Successful
T303789,C100104,2026-01-14,Debit,1818.4,Card,Utilities,Successful
T303790,C100559,2026-02-24,Credit,1610.25,UPI,Travel,Successful
T303791,C100536,2025-12-02,Debit,537.76,Card,Shopping,Successful
T303792,C100372,2026-01-24,Debit,8154.73,Card,Shopping,Successful
T303793,C100631,2025-09-11,Credit,880.6,Net Banking,Travel,Successful
T303794,C100660,2026-04-14,Debit,1576.51,UPI,Utilities,Successful
T303795,C100148,2025-07-12,Credit,1737.6,IMPS,Travel,Successful
T303796,C100720,2026-04-07,Debit,263.15,Net Banking,Groceries,Successful
T303797,C100335,2025-09-22,Credit,2143.85,Net Banking,Travel,Failed
T303798,C100351,2025-09-22,Credit,2609.96,NEFT,Groceries,Successful
T303799,C100107,2025-11-17,Debit,677.3,UPI,Healthcare,Successful
T303800,C100252,2025-08-18,Debit,2418.95,UPI,Healthcare,Successful
T303801,C100752,2025-08-28,Debit,3213.76,IMPS,Healthcare,Failed
T303802,C100219,2025-12-12,Debit,13226.49,Card,Groceries,Successful
T303803,C100707,2026-05-22,Debit,1109.57,UPI,Education,Successful
T303804,C100627,2026-05-01,Debit,8521.12,NEFT,Education,Reversed
T303805,C100415,2025-11-06,Debit,4523.08,Card,Restaurants,Successful
T303806,C100456,2026-04-15,Debit,3108.64,IMPS,Restaurants,Successful
T303807,C100328,2025-09-08,Debit,2560.31,IMPS,Healthcare,Successful
T303808,C100701,2025-09-24,Debit,8695.0,Net Banking,Travel,Successful
T303809,C100000,2026-06-04,Credit,2933.3,IMPS,Groceries,Successful
T303810,C100709,2026-06-23,Debit,1510.18,UPI,Restaurants,Successful
T303811,C100750,2026-02-21,Credit,2331.16,Net Banking,Travel,Successful
T303812,C100180,2026-04-25,Credit,3561.53,Net Banking,Education,Successful
T303813,C100306,2026-06-24,Credit,202.55,Card,Healthcare,Successful
T303814,C100158,2026-02-17,Credit,7448.06,Card,Groceries,Successful
T303815,C100477,2026-05-27,Debit,3521.15,UPI,Education,Successful
T303816,C100680,2026-06-30,Debit,7691.85,Card,Travel,Successful
T303817,C100718,2025-11-06,Debit,2191.53,Card,Restaurants,Successful
T303818,C100740,2026-04-24,Debit,1744.18,Card,Shopping,Successful
T303819,C100118,2026-06-09,Credit,1234.97,Card,Utilities,Successful
T303820,C100599,2026-03-07,Debit,5426.55,UPI,Groceries,Failed
T303821,C100374,2025-12-20,Credit,3207.99,UPI,Utilities,Successful
T303822,C100545,2026-04-03,Debit,1568.36,UPI,Shopping,Successful
T303823,C100049,2025-10-25,Credit,970.59,IMPS,Groceries,Successful
T303824,C100441,2025-08-31,Debit,8994.68,Card,Restaurants,Successful
T303825,C100426,2025-12-15,Debit,428.18,IMPS,Groceries,Successful
T303826,C100379,2026-05-11,Debit,1887.62,Net Banking,Utilities,Successful
T303827,C100183,2025-07-27,Debit,7586.06,Card,Healthcare,Successful
T303828,C100149,2026-02-21,Debit,1661.5,NEFT,Shopping,Failed
T303829,C100075,2025-08-13,Debit,3418.04,NEFT,Education,Failed
T303830,C100101,2026-04-04,Debit,1651.33,Card,Restaurants,Successful
T303831,C100171,2025-11-24,Debit,12242.05,IMPS,Utilities,Successful
T303832,C100728,2025-10-08,Debit,897.51,Card,Restaurants,Successful
T303833,C100210,2026-04-09,Debit,1835.0,Net Banking,Shopping,Successful
T303834,C100799,2026-03-23,Debit,1331.9,Card,Travel,Successful
T303835,C100463,2026-02-17,Debit,990.93,UPI,Restaurants,Successful
T303836,C100714,2025-12-10,Debit,351.01,UPI,Shopping,Successful
T303837,C100580,2026-03-14,Debit,14014.02,Card,Groceries,Successful
T303838,C100097,2026-03-31,Debit,1274.18,IMPS,Shopping,Successful
T303839,C100771,2025-12-10,Debit,3857.95,Card,Shopping,Successful
T303840,C100619,2026-06-21,Debit,1139.77,Net Banking,Healthcare,Successful
T303841,C100648,2025-07-19,Credit,1954.98,IMPS,Restaurants,Successful
T303842,C100777,2026-03-26,Debit,6908.73,Net Banking,Healthcare,Successful
T303843,C100246,2026-01-24,Debit,4796.65,NEFT,Education,Successful
T303844,C100542,2025-11-13,Debit,264.88,UPI,Restaurants,Successful
T303845,C100254,2026-01-21,Debit,638.38,Card,Shopping,Successful
T303846,C100187,2026-04-14,Debit,1176.51,IMPS,Healthcare,Successful
T303847,C100597,2026-05-17,Credit,915.55,Card,Groceries,Successful
T303848,C100123,2026-03-04,Debit,349.41,UPI,Healthcare,Successful
T303849,C100420,2026-05-03,Credit,315.7,IMPS,Utilities,Successful
T303850,C100730,2025-12-19,Debit,2096.97,NEFT,Groceries,Successful
T303851,C100590,2026-04-18,Debit,17931.51,IMPS,Restaurants,Successful
T303852,C100660,2025-08-20,Debit,441.81,UPI,Restaurants,Successful
T303853,C100584,2026-02-22,Debit,2414.1,IMPS,Utilities,Successful
T303854,C100370,2026-06-22,Debit,288.19,IMPS,Utilities,Successful
T303855,C100518,2025-12-09,Debit,677.07,Net Banking,Education,Successful
T303856,C100380,2026-01-28,Debit,4000.86,NEFT,Education,Successful
T303857,C100607,2025-09-20,Debit,2180.78,Net Banking,Travel,Successful
T303858,C100351,2026-05-16,Credit,1097.87,Card,Restaurants,Reversed
T303859,C100055,2026-06-11,Debit,3878.32,NEFT,Shopping,Successful
T303860,C100127,2025-11-26,Debit,5338.47,NEFT,Travel,Failed
T303861,C100481,2026-06-22,Debit,4077.75,Card,Shopping,Successful
T303862,C100008,2026-04-21,Debit,794.79,UPI,Healthcare,Successful
T303863,C100389,2026-04-01,Debit,3705.65,NEFT,Restaurants,Successful
T303864,C100346,2026-03-21,Debit,7068.04,Net Banking,Travel,Failed
T303865,C100494,2026-05-04,Debit,7539.91,NEFT,Education,Successful
T303866,C100630,2026-04-04,Debit,21188.36,Net Banking,Groceries,Successful
T303867,C100618,2025-08-05,Debit,1737.21,IMPS,Shopping,Successful
T303868,C100572,2026-03-31,Debit,5347.56,Net Banking,Utilities,Successful
T303869,C100694,2026-06-06,Debit,6787.7,IMPS,Restaurants,Successful
T303870,C100447,2026-06-11,Debit,10237.06,UPI,Restaurants,Failed
T303871,C100288,2026-01-23,Debit,511.36,NEFT,Utilities,Successful
T303872,C100406,2025-09-29,Debit,578.68,IMPS,Shopping,Successful
T303873,C100173,2025-07-23,Credit,3878.32,IMPS,Utilities,Successful
T303874,C100679,2026-02-20,Debit,9812.16,IMPS,Shopping,Successful
T303875,C100776,2026-06-29,Debit,857.32,UPI,Groceries,Successful
T303876,C100430,2026-04-13,Debit,1772.32,UPI,Travel,Successful
T303877,C100446,2025-09-13,Credit,1179.93,IMPS,Education,Successful
T303878,C100663,2025-09-06,Debit,6013.24,UPI,Utilities,Failed
T303879,C100430,2025-10-02,Debit,6086.64,NEFT,Education,Successful
T303880,C100056,2026-03-08,Debit,3168.97,Net Banking,Education,Successful
T303881,C100065,2026-04-10,Debit,5323.74,Card,Restaurants,Successful
T303882,C100300,2025-07-24,Credit,9304.24,Net Banking,Shopping,Successful
T303883,C100213,2025-11-21,Debit,25031.35,UPI,Utilities,Successful
T303884,C100624,2026-02-15,Debit,2308.84,IMPS,Shopping,Successful
T303885,C100173,2025-07-19,Debit,1142.82,NEFT,Shopping,Successful
T303886,C100322,2026-04-25,Debit,2466.31,IMPS,Utilities,Successful
T303887,C100424,2026-06-18,Debit,3862.56,Card,Restaurants,Successful
T303888,C100662,2026-06-01,Debit,1780.57,Net Banking,Education,Successful
T303889,C100459,2025-08-16,Debit,1753.68,Net Banking,Restaurants,Successful
T303890,C100668,2026-02-25,Debit,3010.12,Net Banking,Utilities,Successful
T303891,C100315,2026-02-27,Debit,1522.39,NEFT,Travel,Successful
T303892,C100795,2025-09-27,Debit,5848.32,Card,Restaurants,Successful
T303893,C100471,2026-03-21,Debit,1423.05,IMPS,Groceries,Successful
T303894,C100323,2025-12-16,Debit,475.58,IMPS,Restaurants,Failed
T303895,C100626,2026-02-08,Debit,2051.55,IMPS,Travel,Successful
T303896,C100081,2026-06-17,Credit,1066.77,IMPS,Utilities,Failed
T303897,C100360,2025-09-07,Debit,2127.56,UPI,Shopping,Successful
T303898,C100613,2026-03-25,Credit,3530.32,NEFT,Utilities,Successful
T303899,C100082,2025-09-26,Credit,5794.89,Net Banking,Healthcare,Successful
T303900,C100432,2026-02-27,Debit,4830.21,UPI,Restaurants,Successful
T303901,C100513,2025-12-15,Debit,4295.5,IMPS,Travel,Failed
T303902,C100016,2026-01-25,Debit,2052.66,NEFT,Education,Successful
T303903,C100210,2026-02-06,Debit,2910.45,UPI,Education,Successful
T303904,C100572,2025-11-14,Debit,1038.78,Net Banking,Travel,Successful
T303905,C100685,2025-12-25,Debit,4490.38,NEFT,Utilities,Successful
T303906,C100719,2025-11-27,Debit,4265.38,NEFT,Groceries,Successful
T303907,C100620,2025-08-30,Credit,1200.55,NEFT,Education,Successful
T303908,C100267,2026-02-21,Debit,2183.3,Net Banking,Groceries,Successful
T303909,C100663,2026-01-29,Debit,2318.36,IMPS,Restaurants,Successful
T303910,C100670,2025-11-14,Credit,917.93,UPI,Education,Successful
T303911,C100613,2025-12-16,Debit,30924.15,Card,Education,Successful
T303912,C100601,2025-11-11,Credit,4339.69,UPI,Groceries,Successful
T303913,C100585,2026-03-31,Debit,885.03,UPI,Restaurants,Successful
T303914,C100685,2026-04-29,Debit,762.58,Card,Groceries,Successful
T303915,C100127,2025-07-04,Debit,11949.88,IMPS,Utilities,Successful
T303916,C100525,2025-10-11,Credit,872.92,Card,Travel,Successful
T303917,C100584,2025-11-30,Credit,4492.15,IMPS,Shopping,Successful
T303918,C100132,2026-01-18,Debit,2444.54,Net Banking,Restaurants,Successful
T303919,C100182,2025-12-15,Debit,2350.33,NEFT,Travel,Successful
T303920,C100321,2025-10-03,Debit,11355.39,Net Banking,Healthcare,Successful
T303921,C100341,2025-07-11,Debit,164.0,Net Banking,Groceries,Successful
T303922,C100537,2025-08-02,Credit,1033.72,Card,Education,Successful
T303923,C100096,2025-09-22,Debit,3334.88,Card,Education,Successful
T303924,C100199,2026-02-27,Credit,5227.68,UPI,Utilities,Successful
T303925,C100192,2025-09-23,Debit,1972.88,IMPS,Healthcare,Successful
T303926,C100694,2026-05-13,Credit,2274.57,NEFT,Travel,Successful
T303927,C100561,2025-08-02,Debit,1029.9,Card,Education,Successful
T303928,C100399,2026-06-23,Debit,18696.26,UPI,Utilities,Successful
T303929,C100689,2026-01-12,Debit,6699.3,UPI,Healthcare,Successful
T303930,C100705,2025-09-11,Debit,17488.5,IMPS,Healthcare,Successful
T303931,C100360,2026-03-31,Debit,1138.63,Card,Travel,Reversed
T303932,C100009,2025-08-14,Credit,4141.62,NEFT,Education,Successful
T303933,C100259,2025-11-01,Credit,2175.64,IMPS,Travel,Successful
T303934,C100605,2025-08-27,Credit,7557.24,IMPS,Travel,Successful
T303935,C100635,2025-08-07,Debit,1350.09,Net Banking,Travel,Successful
T303936,C100489,2026-05-15,Debit,3339.95,UPI,Education,Successful
T303937,C100725,2026-03-26,Debit,2682.87,IMPS,Travel,Successful
T303938,C100111,2026-03-08,Debit,18492.97,Net Banking,Healthcare,Successful
T303939,C100228,2026-06-09,Debit,3905.93,UPI,Shopping,Successful
T303940,C100783,2026-04-27,Debit,3288.69,NEFT,Healthcare,Successful
T303941,C100467,2026-01-22,Debit,5426.84,Card,Travel,Successful
T303942,C100739,2025-10-23,Credit,43141.53,NEFT,Utilities,Successful
T303943,C100307,2026-04-04,Debit,3319.9,Net Banking,Education,Successful
T303944,C100189,2025-08-26,Credit,980.35,Card,Restaurants,Successful
T303945,C100737,2026-05-10,Credit,5375.67,NEFT,Healthcare,Successful
T303946,C100569,2026-05-28,Debit,766.09,IMPS,Healthcare,Successful
T303947,C100150,2026-05-15,Debit,1700.81,UPI,Utilities,Successful
T303948,C100493,2025-09-20,Debit,712.53,UPI,Utilities,Successful
T303949,C100354,2025-10-09,Debit,3658.08,IMPS,Restaurants,Successful
T303950,C100747,2025-08-09,Debit,2927.04,NEFT,Education,Successful
T303951,C100459,2026-03-08,Credit,1491.39,Net Banking,Shopping,Successful
T303952,C100269,2025-12-21,Debit,7937.93,Net Banking,Groceries,Successful
T303953,C100374,2025-11-25,Credit,3554.98,NEFT,Shopping,Successful
T303954,C100282,2025-11-03,Credit,4884.87,Net Banking,Utilities,Successful
T303955,C100491,2026-04-15,Debit,1898.86,IMPS,Groceries,Successful
T303956,C100352,2025-07-15,Debit,2199.97,NEFT,Education,Failed
T303957,C100485,2026-04-28,Debit,430.72,Card,Healthcare,Successful
T303958,C100394,2026-06-30,Credit,1588.63,Card,Groceries,Successful
T303959,C100496,2026-04-10,Debit,12357.69,Net Banking,Travel,Successful
T303960,C100356,2026-03-06,Credit,1138.56,Card,Healthcare,Successful
T303961,C100090,2025-07-14,Debit,1878.42,Net Banking,Groceries,Successful
T303962,C100260,2026-04-10,Debit,1056.83,IMPS,Utilities,Successful
T303963,C100643,2026-03-19,Debit,4368.56,UPI,Healthcare,Successful
T303964,C100184,2026-05-30,Debit,4507.6,Net Banking,Healthcare,Successful
T303965,C100467,2025-11-01,Debit,1290.4,NEFT,Restaurants,Successful
T303966,C100569,2026-01-25,Debit,653.45,IMPS,Shopping,Successful
T303967,C100194,2026-02-02,Debit,8778.65,IMPS,Travel,Successful
T303968,C100643,2025-11-30,Credit,2586.64,IMPS,Restaurants,Successful
T303969,C100531,2025-10-05,Debit,27277.96,IMPS,Healthcare,Successful
T303970,C100668,2026-01-10,Debit,7186.05,Card,Travel,Successful
T303971,C100729,2025-07-27,Debit,5027.56,Net Banking,Groceries,Successful
T303972,C100654,2026-01-02,Debit,2829.73,IMPS,Groceries,Successful
T303973,C100410,2026-01-20,Debit,1382.81,Card,Healthcare,Successful
T303974,C100295,2026-02-18,Debit,2237.38,IMPS,Travel,Successful
T303975,C100063,2026-03-24,Debit,993.66,NEFT,Travel,Successful
T303976,C100532,2025-07-05,Debit,787.66,NEFT,Restaurants,Successful
T303977,C100498,2026-03-18,Debit,599.23,NEFT,Utilities,Successful
T303978,C100614,2026-05-08,Debit,3288.62,NEFT,Restaurants,Successful
T303979,C100585,2025-08-19,Debit,802.86,Net Banking,Shopping,Successful
T303980,C100488,2025-07-12,Credit,8402.5,Card,Utilities,Successful
T303981,C100148,2025-08-07,Credit,3953.9,NEFT,Restaurants,Successful
T303982,C100779,2025-09-20,Debit,752.39,UPI,Education,Successful
T303983,C100014,2025-11-04,Debit,10957.58,UPI,Restaurants,Successful
T303984,C100116,2025-10-16,Debit,1733.97,IMPS,Travel,Successful
T303985,C100385,2025-10-29,Credit,15567.04,Net Banking,Shopping,Successful
T303986,C100174,2025-09-11,Debit,3900.84,UPI,Healthcare,Successful
T303987,C100603,2026-03-17,Debit,9742.5,IMPS,Shopping,Successful
T303988,C100434,2025-08-18,Debit,375.13,Net Banking,Shopping,Successful
T303989,C100221,2026-01-17,Debit,2051.28,Net Banking,Restaurants,Successful
T303990,C100708,2026-05-03,Credit,13194.21,Net Banking,Healthcare,Successful
T303991,C100293,2026-02-06,Credit,5490.57,Net Banking,Utilities,Failed
T303992,C100145,2025-09-15,Debit,3309.21,Card,Groceries,Successful
T303993,C100129,2025-09-24,Credit,2551.65,Card,Restaurants,Successful
T303994,C100466,2026-02-11,Credit,14764.58,Net Banking,Utilities,Successful
T303995,C100382,2026-02-04,Debit,1581.48,IMPS,Groceries,Successful
T303996,C100149,2026-03-14,Debit,7134.26,IMPS,Education,Successful
T303997,C100124,2025-09-26,Debit,1778.28,NEFT,Travel,Successful
T303998,C100474,2026-06-07,Debit,5599.47,Net Banking,Utilities,Successful
T303999,C100339,2025-12-14,Credit,5548.72,IMPS,Restaurants,Successful
T304000,C100205,2025-10-19,Credit,1109.48,UPI,Shopping,Successful
T304001,C100244,2026-02-12,Debit,810.56,IMPS,Groceries,Successful
T304002,C100306,2025-08-27,Debit,697.55,Net Banking,Restaurants,Reversed
T304003,C100338,2025-09-29,Debit,1263.69,Card,Shopping,Successful
T304004,C100218,2026-03-31,Credit,8835.29,Card,Education,Successful
T304005,C100538,2025-12-24,Debit,2433.62,Net Banking,Healthcare,Successful
T304006,C100207,2026-02-15,Debit,688.4,Net Banking,Education,Failed
T304007,C100270,2026-05-11,Debit,3056.81,Card,Travel,Successful
T304008,C100753,2026-02-08,Credit,670.69,Net Banking,Shopping,Successful
T304009,C100729,2026-02-13,Debit,2541.21,Net Banking,Education,Successful
T304010,C100369,2026-02-14,Credit,1465.49,NEFT,Education,Successful
T304011,C100479,2025-09-17,Debit,,Card,Education,Successful
T304012,C100382,2026-05-03,Debit,2549.9,NEFT,Utilities,Failed
T304013,C100099,2026-02-10,Credit,6772.49,NEFT,Restaurants,Successful
T304014,C100216,2025-10-17,Debit,1415.28,UPI,Groceries,Successful
T304015,C100680,2026-01-15,Debit,5997.49,NEFT,Healthcare,Successful
T304016,C100346,2026-04-29,Debit,2108.05,Net Banking,Shopping,Successful
T304017,C100219,2026-02-12,Debit,5436.45,NEFT,Groceries,Successful
T304018,C100087,2026-01-29,Debit,7229.47,UPI,Restaurants,Successful
T304019,C100757,2025-12-27,Debit,3268.43,Net Banking,Shopping,Successful
T304020,C100218,2025-10-10,Debit,998.54,NEFT,Healthcare,Successful
T304021,C100311,2025-10-08,Debit,3310.48,Net Banking,Utilities,Successful
T304022,C100732,2025-09-28,Credit,4436.48,NEFT,Restaurants,Successful
T304023,C100254,2025-12-23,Debit,670.63,UPI,Travel,Successful
T304024,C100734,2025-09-14,Credit,5177.51,Net Banking,Groceries,Successful
T304025,C100537,2025-12-28,Credit,268.92,Net Banking,Groceries,Successful
T304026,C100773,2025-11-13,Debit,348.05,IMPS,Utilities,Successful
T304027,C100741,2025-12-12,Credit,839.02,UPI,Education,Successful
T304028,C100505,2025-12-11,Debit,1775.02,UPI,Healthcare,Successful
T304029,C100749,2025-11-16,Debit,925.55,UPI,Utilities,Successful
T304030,C100757,2026-02-12,Debit,3200.09,UPI,Healthcare,Successful
T304031,C100000,2026-05-22,Debit,1011.06,IMPS,Education,Successful
T304032,C100795,2025-08-27,Debit,2231.27,Net Banking,Restaurants,Successful
T304033,C100665,2026-06-29,Debit,9439.89,Card,Education,Successful
T304034,C100772,2025-08-26,Debit,451.84,NEFT,Travel,Successful
T304035,C100735,2026-02-14,Debit,1485.85,UPI,Restaurants,Successful
T304036,C100242,2026-06-18,Credit,1209.98,IMPS,Healthcare,Successful
T304037,C100248,2025-07-29,Debit,3640.52,IMPS,Restaurants,Successful
T304038,C100162,2026-04-29,Debit,2804.42,IMPS,Healthcare,Successful
T304039,C100234,2025-11-26,Credit,4657.7,NEFT,Groceries,Successful
T304040,C100733,2026-05-01,Debit,3398.98,IMPS,Healthcare,Successful
T304041,C100183,2026-01-18,Credit,888.57,Net Banking,Restaurants,Successful
T304042,C100241,2025-12-12,Debit,7736.88,UPI,Utilities,Successful
T304043,C100207,2025-07-31,Debit,2424.45,IMPS,Education,Successful
T304044,C100291,2025-08-17,Credit,2865.87,UPI,Shopping,Successful
T304045,C100391,2025-09-05,Debit,8008.4,IMPS,Education,Successful
T304046,C100467,2026-05-10,Debit,1834.08,UPI,Travel,Successful
T304047,C100118,2026-04-24,Debit,2280.43,Card,Restaurants,Failed
T304048,C100149,2025-10-01,Credit,6861.02,NEFT,Shopping,Reversed
T304049,C100463,2025-11-30,Debit,515.47,Card,Utilities,Successful
T304050,C100484,2026-01-16,Debit,5568.61,UPI,Travel,Successful
T304051,C100465,2026-05-02,Debit,3774.66,UPI,Healthcare,Successful
T304052,C100021,2026-05-08,Debit,6483.75,UPI,Education,Successful
T304053,C100185,2025-08-14,Debit,3974.95,IMPS,Shopping,Successful
T304054,C100364,2026-01-14,Debit,2600.61,IMPS,Utilities,Successful
T304055,C100028,2025-07-31,Debit,2110.13,IMPS,Education,Successful
T304056,C100235,2025-12-07,Debit,1611.65,Net Banking,Utilities,Successful
T304057,C100057,2025-12-19,Credit,1175.61,UPI,Education,Successful
T304058,C100414,2025-10-11,Debit,494.86,NEFT,Groceries,Successful
T304059,C100753,2025-09-02,Debit,2845.16,Net Banking,Travel,Successful
T304060,C100693,2025-10-11,Credit,8036.8,UPI,Healthcare,Successful
T304061,C100787,2025-10-24,Debit,2016.66,UPI,Shopping,Successful
T304062,C100099,2025-07-24,Debit,2985.82,Card,Shopping,Successful
T304063,C100173,2026-06-22,Debit,1787.63,NEFT,Shopping,Successful
T304064,C100149,2025-10-05,Debit,9208.8,Net Banking,Healthcare,Successful
T304065,C100059,2025-09-11,Debit,968.15,UPI,Groceries,Successful
T304066,C100204,2025-12-09,Debit,713.07,Net Banking,Restaurants,Successful
T304067,C100137,2026-03-18,Debit,475.96,IMPS,Healthcare,Successful
T304068,C100709,2026-02-16,Debit,4404.38,IMPS,Groceries,Successful
T304069,C100340,2026-02-16,Debit,8247.16,UPI,Education,Successful
T304070,C100435,2026-01-21,Debit,1841.05,UPI,Travel,Successful
T304071,C100501,2025-08-19,Debit,5574.12,Net Banking,Utilities,Successful
T304072,C100273,2026-01-12,Credit,15499.82,IMPS,Groceries,Successful
T304073,C100481,2026-04-12,Credit,2156.1,NEFT,Travel,Successful
T304074,C100637,2026-01-06,Debit,15189.54,NEFT,Travel,Successful
T304075,C100742,2025-10-24,Credit,1839.91,Card,Shopping,Failed
T304076,C100296,2025-07-07,Debit,670.45,NEFT,Groceries,Successful
T304077,C100496,2025-08-27,Debit,443.23,IMPS,Groceries,Successful
T304078,C100015,2025-11-25,Credit,4785.63,NEFT,Travel,Reversed
T304079,C100685,2025-11-04,Debit,3241.63,Card,Shopping,Reversed
T304080,C100301,2025-08-28,Debit,11873.63,NEFT,Education,Successful
T304081,C100201,2025-09-19,Debit,18345.51,Net Banking,Shopping,Successful
T304082,C100487,2026-06-22,Debit,12371.54,Card,Shopping,Reversed
T304083,C100324,2026-01-29,Debit,469.73,Card,Utilities,Successful
T304084,C100135,2026-03-12,Debit,614.86,Net Banking,Travel,Successful
T304085,C100403,2025-07-22,Debit,1645.47,IMPS,Groceries,Successful
T304086,C100342,2026-01-30,Credit,6816.56,IMPS,Healthcare,Successful
T304087,C100124,2026-01-22,Debit,4639.98,UPI,Travel,Successful
T304088,C100503,2025-12-24,Debit,3249.2,Card,Healthcare,Successful
T304089,C100565,2026-04-20,Debit,2078.36,Card,Shopping,Successful
T304090,C100572,2025-09-27,Debit,1205.44,Net Banking,Healthcare,Successful
T304091,C100169,2026-02-22,Debit,14577.52,NEFT,Shopping,Successful
T304092,C100312,2025-07-19,Credit,1919.39,UPI,Utilities,Failed
T304093,C100600,2026-02-11,Debit,781.61,NEFT,Groceries,Successful
T304094,C100245,2025-09-10,Credit,462.45,NEFT,Education,Successful
T304095,C100249,2025-10-29,Debit,3643.61,Card,Groceries,Successful
T304096,C100105,2025-07-19,Debit,475.15,IMPS,Restaurants,Successful
T304097,C100674,2025-08-27,Debit,783.06,UPI,Groceries,Successful
T304098,C100062,2026-01-12,Credit,13106.97,Card,Healthcare,Successful
T304099,C100251,2026-03-02,Debit,3444.3,UPI,Travel,Successful
T304100,C100130,2026-02-26,Debit,102.17,Net Banking,Healthcare,Successful
T304101,C100730,2026-02-22,Credit,3691.86,NEFT,Education,Successful
T304102,C100784,2026-01-01,Credit,2114.0,Net Banking,Restaurants,Successful
T304103,C100514,2026-01-08,Debit,2766.95,Card,Groceries,Successful
T304104,C100786,2026-06-23,Credit,5046.87,Card,Groceries,Successful
T304105,C100791,2025-12-02,Debit,828.95,IMPS,Utilities,Successful
T304106,C100535,2026-06-08,Debit,3657.43,IMPS,Healthcare,Successful
T304107,C100362,2026-01-15,Credit,20245.59,Card,Shopping,Successful
T304108,C100147,2025-10-15,Credit,7740.08,Net Banking,Shopping,Successful
T304109,C100487,2025-10-30,Debit,4901.0,IMPS,Travel,Successful
T304110,C100676,2026-03-25,Credit,3693.8,Card,Travel,Successful
T304111,C100385,2025-08-21,Credit,1531.07,IMPS,Travel,Successful
T304112,C100057,2026-05-01,Debit,26636.48,Card,Groceries,Successful
T304113,C100303,2026-03-05,Debit,17381.05,Net Banking,Healthcare,Successful
T304114,C100609,2025-09-06,Debit,1756.54,UPI,Utilities,Successful
T304115,C100218,2026-03-08,Debit,2461.35,IMPS,Healthcare,Successful
T304116,C100112,2025-08-27,Debit,950.75,IMPS,Utilities,Successful
T304117,C100270,2026-03-02,Debit,9149.14,UPI,Utilities,Reversed
T304118,C100745,2025-10-26,Debit,1349.68,Net Banking,Travel,Successful
T304119,C100516,2026-03-14,Credit,11539.23,IMPS,Groceries,Successful
T304120,C100166,2025-07-09,Debit,1031.87,UPI,Shopping,Successful
T304121,C100684,2025-08-06,Debit,7272.13,Net Banking,Restaurants,Successful
T304122,C100732,2026-04-24,Credit,3572.21,UPI,Shopping,Successful
T304123,C100289,2026-01-13,Debit,618.85,Net Banking,Healthcare,Successful
T304124,C100633,2026-04-01,Debit,8852.48,Net Banking,Shopping,Successful
T304125,C100162,2025-08-30,Credit,1981.06,UPI,Education,Successful
T304126,C100716,2026-01-24,Debit,396.38,IMPS,Education,Successful
T304127,C100543,2025-11-21,Credit,6798.5,UPI,Travel,Successful
T304128,C100384,2026-06-08,Debit,1002.16,Card,Groceries,Successful
T304129,C100018,2026-04-20,Debit,2691.1,Net Banking,Education,Successful
T304130,C100410,2026-06-29,Debit,3170.34,IMPS,Healthcare,Successful
T304131,C100565,2026-03-13,Debit,5773.74,UPI,Shopping,Successful
T304132,C100322,2025-08-07,Debit,1940.31,UPI,Education,Successful
T304133,C100640,2025-09-26,Debit,5844.93,NEFT,Travel,Successful
T304134,C100526,2026-05-11,Debit,559.53,NEFT,Travel,Successful
T304135,C100768,2026-04-06,Debit,974.17,Card,Restaurants,Successful
T304136,C100267,2025-08-04,Debit,1802.81,NEFT,Education,Successful
T304137,C100089,2026-06-04,Debit,4627.43,Card,Utilities,Successful
T304138,C100572,2025-09-28,Debit,884.25,UPI,Restaurants,Successful
T304139,C100673,2026-03-10,Credit,8748.58,IMPS,Education,Failed
T304140,C100728,2025-10-21,Debit,8397.17,IMPS,Restaurants,Successful
T304141,C100222,2025-11-09,Credit,2320.46,UPI,Travel,Successful
T304142,C100747,2026-02-28,Debit,1436.36,UPI,Travel,Successful
T304143,C100091,2026-06-16,Debit,1876.24,IMPS,Utilities,Successful
T304144,C100300,2026-04-06,Debit,435.65,Card,Groceries,Successful
T304145,C100778,2025-09-30,Debit,1337.41,Net Banking,Healthcare,Successful
T304146,C100592,2026-06-27,Debit,3034.3,Card,Shopping,Successful
T304147,C100022,2026-01-15,Debit,1554.83,Card,Shopping,Reversed
T304148,C100130,2026-05-10,Debit,3884.99,Card,Restaurants,Successful
T304149,C100027,2026-03-14,Debit,2556.15,UPI,Restaurants,Successful
T304150,C100769,2025-10-29,Credit,482.43,NEFT,Healthcare,Successful
T304151,C100525,2026-01-17,Debit,2547.11,UPI,Healthcare,Failed
T304152,C100493,2026-05-30,Debit,467.98,Card,Travel,Successful
T304153,C100647,2025-10-14,Debit,686.93,IMPS,Healthcare,Successful
T304154,C100391,2026-05-23,Debit,2129.78,Net Banking,Healthcare,Successful
T304155,C100588,2026-03-24,Credit,937.64,UPI,Travel,Successful
T304156,C100191,2026-06-29,Debit,3899.5,Net Banking,Education,Successful
T304157,C100042,2026-05-09,Credit,1300.69,Card,Utilities,Successful
T304158,C100342,2026-02-23,Credit,1191.7,Card,Healthcare,Successful
T304159,C100660,2026-05-13,Debit,574.9,NEFT,Utilities,Successful
T304160,C100021,2026-06-01,Credit,2304.91,Net Banking,Healthcare,Successful
T304161,C100101,2026-01-13,Credit,2186.56,Card,Groceries,Successful
T304162,C100476,2026-02-07,Credit,203.71,IMPS,Restaurants,Successful
T304163,C100219,2025-11-11,Credit,8262.35,Net Banking,Travel,Successful
T304164,C100182,2026-04-21,Credit,3143.17,NEFT,Restaurants,Successful
T304165,C100022,2026-03-21,Debit,184.49,NEFT,Shopping,Successful
T304166,C100016,2026-06-14,Credit,2980.61,Net Banking,Shopping,Failed
T304167,C100780,2025-11-25,Debit,2132.42,NEFT,Healthcare,Successful
T304168,C100365,2026-03-31,Credit,14986.2,Card,Travel,Successful
T304169,C100511,2025-07-30,Debit,3432.34,IMPS,Education,Successful
T304170,C100388,2026-05-10,Debit,4650.91,Card,Groceries,Successful
T304171,C100315,2025-07-25,Debit,2311.32,NEFT,Shopping,Successful
T304172,C100385,2025-10-29,Debit,3254.37,IMPS,Groceries,Successful
T304173,C100781,2026-06-29,Credit,3002.72,Card,Healthcare,Successful
T304174,C100271,2025-08-28,Credit,1026.24,Net Banking,Healthcare,Successful
T304175,C100323,2025-08-18,Debit,1101.28,UPI,Shopping,Successful
T304176,C100112,2026-01-14,Debit,612.18,NEFT,Travel,Successful
T304177,C100477,2026-02-08,Debit,4283.74,UPI,Healthcare,Successful
T304178,C100483,2025-07-23,Debit,3382.96,Net Banking,Groceries,Successful
T304179,C100018,2026-01-08,Credit,1397.4,Card,Groceries,Successful
T304180,C100132,2025-11-07,Credit,5220.18,Card,Restaurants,Successful
T304181,C100599,2025-07-28,Credit,2525.11,NEFT,Groceries,Successful
T304182,C100273,2025-07-16,Credit,3578.67,IMPS,Restaurants,Successful
T304183,C100046,2025-10-22,Debit,4447.74,Net Banking,Restaurants,Successful
T304184,C100546,2025-12-13,Debit,399.79,Card,Healthcare,Successful
T304185,C100703,2026-02-01,Debit,646.71,Net Banking,Groceries,Successful
T304186,C100572,2026-02-25,Debit,3362.57,UPI,Education,Successful
T304187,C100406,2026-01-16,Debit,2110.65,Net Banking,Restaurants,Successful
T304188,C100521,2025-11-12,Debit,2770.39,NEFT,Shopping,Successful
T304189,C100060,2026-03-29,Credit,10236.42,IMPS,Shopping,Successful
T304190,C100492,2026-02-13,Debit,5421.36,UPI,Restaurants,Successful
T304191,C100691,2025-11-13,Debit,2281.64,IMPS,Restaurants,Successful
T304192,C100750,2025-07-28,Debit,1469.38,Card,Shopping,Successful
T304193,C100560,2026-03-21,Debit,13228.45,IMPS,Travel,Successful
T304194,C100456,2026-01-12,Debit,1984.15,NEFT,Healthcare,Successful
T304195,C100665,2025-08-08,Debit,,Net Banking,Utilities,Successful
T304196,C100115,2026-03-03,Credit,1442.44,IMPS,Shopping,Successful
T304197,C100272,2025-12-20,Debit,4442.36,UPI,Shopping,Successful
T304198,C100705,2025-07-10,Credit,904.91,Card,Healthcare,Successful
T304199,C100508,2026-05-21,Debit,2401.95,UPI,Utilities,Successful
